order_id,customer_id,order_date,product_id,quantity,discount_pct,sales,cost,status
510056,14466,2023-01-01,10,1,0.15,93.5,54,Completed
510213,13792,2023-01-01,1,1,0.0,145.0,79,Cancelled
515097,10127,2023-01-01,3,1,0.05,45.6,21,Completed
517006,13321,2023-01-01,6,3,0.1,94.5,39,Completed
517256,15530,2023-01-01,8,1,0.0,88.0,39,Completed
510063,12248,2023-01-01,5,1,0.15,80.75,43,Completed
502392,18181,2023-01-01,9,1,0.0,62.0,28,Completed
516356,10120,2023-01-01,1,1,0.05,137.75,79,Completed
502885,16233,2023-01-01,2,1,0.15,61.2,34,Returned
512350,13061,2023-01-01,1,1,0.0,145.0,79,Completed
502626,16686,2023-01-01,8,1,0.0,88.0,39,Completed
501281,15625,2023-01-01,6,1,0.0,35.0,13,Completed
509459,17353,2023-01-01,10,1,0.2,88.0,54,Completed
513591,10315,2023-01-01,9,2,0.15,105.4,56,Returned
508844,12982,2023-01-02,1,1,0.0,145.0,79,Completed
502075,12556,2023-01-02,1,1,0.0,145.0,79,Completed
507523,17089,2023-01-02,2,2,0.0,144.0,68,Completed
515142,14299,2023-01-02,3,1,0.1,43.2,21,Completed
508005,11491,2023-01-02,2,1,0.1,64.8,34,Completed
500366,11745,2023-01-02,7,2,0.0,54.0,16,Completed
507905,13454,2023-01-02,1,2,0.1,261.0,158,Completed
509762,12549,2023-01-02,3,1,0.1,43.2,21,Completed
515343,13776,2023-01-02,3,2,0.15,81.6,42,Completed
514959,12955,2023-01-02,2,1,0.0,72.0,34,Completed
504182,11425,2023-01-02,6,2,0.0,70.0,26,Completed
509261,13583,2023-01-02,2,1,0.0,72.0,34,Completed
503148,10045,2023-01-02,6,3,0.0,105.0,39,Completed
514139,10765,2023-01-02,5,3,0.1,256.5,129,Completed
503974,11322,2023-01-02,7,1,0.05,25.65,8,Completed
500247,14101,2023-01-03,5,2,0.2,152.0,86,Completed
511572,11738,2023-01-03,1,1,0.05,137.75,79,Completed
514212,10811,2023-01-03,7,3,0.0,81.0,24,Completed
516660,10262,2023-01-03,9,2,0.0,124.0,56,Completed
513957,10632,2023-01-03,10,2,0.0,220.0,108,Completed
503888,15429,2023-01-03,1,3,0.1,391.5,237,Completed
503666,13788,2023-01-03,7,1,0.0,27.0,8,Completed
504005,11947,2023-01-03,1,2,0.1,261.0,158,Completed
507958,12130,2023-01-03,8,1,0.1,79.2,39,Completed
503820,11031,2023-01-03,3,1,0.1,43.2,21,Completed
513237,12461,2023-01-03,3,4,0.05,182.4,84,Completed
508772,11288,2023-01-04,3,2,0.05,91.2,42,Completed
505170,10267,2023-01-04,10,1,0.0,110.0,54,Completed
515415,14236,2023-01-04,9,1,0.05,58.9,28,Completed
517291,16815,2023-01-04,4,1,0.0,280.0,155,Completed
500747,12104,2023-01-04,2,1,0.0,72.0,34,Completed
500322,12556,2023-01-04,8,1,0.1,79.2,39,Completed
502383,18394,2023-01-04,3,3,0.15,122.4,63,Completed
510081,12644,2023-01-04,6,4,0.05,133.0,52,Completed
517119,10939,2023-01-04,3,1,0.05,45.6,21,Completed
502492,16445,2023-01-04,7,2,0.05,51.3,16,Cancelled
510396,11506,2023-01-04,7,1,0.05,25.65,8,Completed
511650,10876,2023-01-04,2,1,0.2,57.6,34,Completed
510184,10216,2023-01-04,3,1,0.0,48.0,21,Completed
511736,12203,2023-01-04,5,2,0.1,171.0,86,Completed
512962,10088,2023-01-05,10,1,0.2,88.0,54,Completed
516685,13566,2023-01-05,10,2,0.2,176.0,108,Completed
503881,11351,2023-01-05,9,1,0.1,55.8,28,Completed
511959,18299,2023-01-05,8,3,0.15,224.4,117,Completed
500498,15829,2023-01-05,5,1,0.0,95.0,43,Completed
513679,12474,2023-01-05,10,3,0.1,297.0,162,Completed
515666,12685,2023-01-05,10,1,0.0,110.0,54,Completed
513910,18028,2023-01-05,10,1,0.0,110.0,54,Completed
503709,14269,2023-01-05,5,2,0.0,190.0,86,Completed
517486,17046,2023-01-06,6,1,0.05,33.25,13,Completed
516175,11927,2023-01-06,7,3,0.05,76.95,24,Completed
501132,11566,2023-01-06,10,2,0.05,209.0,108,Completed
509003,10818,2023-01-06,2,2,0.0,144.0,68,Completed
512685,13320,2023-01-06,2,2,0.1,129.6,68,Completed
504529,16750,2023-01-06,7,1,0.05,25.65,8,Completed
514040,11907,2023-01-06,10,1,0.05,104.5,54,Completed
505738,15707,2023-01-06,1,1,0.1,130.5,79,Completed
515103,13952,2023-01-06,1,1,0.0,145.0,79,Completed
515609,10285,2023-01-06,8,2,0.0,176.0,78,Completed
514684,10768,2023-01-07,6,1,0.15,29.75,13,Completed
504860,11240,2023-01-07,2,1,0.2,57.6,34,Completed
501677,10546,2023-01-07,1,3,0.15,369.75,237,Returned
501503,12030,2023-01-07,7,1,0.0,27.0,8,Returned
501508,16789,2023-01-07,8,3,0.0,264.0,117,Cancelled
509726,13319,2023-01-07,8,1,0.0,88.0,39,Completed
512699,11265,2023-01-07,5,1,0.0,95.0,43,Completed
507728,10138,2023-01-07,3,1,0.15,40.8,21,Completed
501890,10748,2023-01-07,5,1,0.0,95.0,43,Completed
508820,12220,2023-01-07,7,2,0.1,48.6,16,Returned
507191,15125,2023-01-07,9,3,0.05,176.7,84,Completed
506859,13762,2023-01-07,9,2,0.05,117.8,56,Completed
505437,14485,2023-01-07,5,1,0.0,95.0,43,Completed
513660,10912,2023-01-08,7,1,0.0,27.0,8,Completed
507390,10282,2023-01-08,5,3,0.0,285.0,129,Completed
513024,16762,2023-01-08,2,1,0.0,72.0,34,Completed
513686,15734,2023-01-08,5,1,0.15,80.75,43,Completed
506540,13397,2023-01-08,8,1,0.05,83.6,39,Completed
501052,10526,2023-01-08,2,1,0.0,72.0,34,Completed
509502,13272,2023-01-08,1,1,0.0,145.0,79,Completed
511942,11124,2023-01-08,1,1,0.0,145.0,79,Completed
506872,13286,2023-01-08,5,1,0.0,95.0,43,Completed
508576,10045,2023-01-08,10,1,0.05,104.5,54,Completed
512505,15625,2023-01-08,8,1,0.2,70.4,39,Completed
510627,18118,2023-01-09,5,1,0.05,90.25,43,Completed
507560,11526,2023-01-09,7,1,0.15,22.95,8,Completed
504835,17485,2023-01-09,4,3,0.0,840.0,465,Returned
507200,14112,2023-01-09,9,2,0.2,99.2,56,Completed
502483,15929,2023-01-09,5,1,0.1,85.5,43,Completed
503174,14957,2023-01-09,4,2,0.1,504.0,310,Completed
514804,14059,2023-01-09,1,1,0.0,145.0,79,Completed
505163,16931,2023-01-09,1,1,0.1,130.5,79,Returned
517173,15926,2023-01-09,5,2,0.05,180.5,86,Completed
500727,10998,2023-01-09,1,2,0.0,290.0,158,Completed
509086,18142,2023-01-09,2,1,0.1,64.8,34,Completed
516721,18286,2023-01-10,1,1,0.2,116.0,79,Completed
503052,10467,2023-01-10,8,1,0.2,70.4,39,Completed
515205,12811,2023-01-10,3,3,0.2,115.2,63,Returned
506408,11178,2023-01-10,5,1,0.15,80.75,43,Completed
502260,16430,2023-01-10,8,1,0.05,83.6,39,Completed
513057,10588,2023-01-10,5,1,0.1,85.5,43,Completed
504177,14428,2023-01-10,10,3,0.0,330.0,162,Completed
514188,10400,2023-01-10,3,1,0.0,48.0,21,Completed
514710,14842,2023-01-10,6,1,0.2,28.0,13,Cancelled
509690,10707,2023-01-10,5,3,0.0,285.0,129,Completed
501286,12830,2023-01-11,5,1,0.0,95.0,43,Completed
514839,11261,2023-01-11,8,2,0.0,176.0,78,Completed
500250,13460,2023-01-11,3,2,0.0,96.0,42,Completed
501143,13698,2023-01-11,5,1,0.05,90.25,43,Completed
516705,16664,2023-01-11,3,4,0.0,192.0,84,Completed
500578,10047,2023-01-11,1,1,0.0,145.0,79,Completed
506400,13737,2023-01-11,10,1,0.05,104.5,54,Completed
516426,15139,2023-01-11,7,1,0.15,22.95,8,Completed
508280,14145,2023-01-11,1,1,0.0,145.0,79,Completed
510718,14203,2023-01-11,9,1,0.1,55.8,28,Completed
507413,13893,2023-01-11,2,1,0.15,61.2,34,Completed
506468,15340,2023-01-11,6,1,0.0,35.0,13,Completed
516367,11891,2023-01-11,5,2,0.0,190.0,86,Completed
504463,12515,2023-01-12,6,2,0.2,56.0,26,Completed
514278,10568,2023-01-12,9,3,0.05,176.7,84,Completed
515966,14046,2023-01-12,6,1,0.0,35.0,13,Completed
504687,12554,2023-01-12,10,2,0.0,220.0,108,Returned
516171,13049,2023-01-12,9,1,0.15,52.7,28,Completed
501499,12350,2023-01-12,1,1,0.05,137.75,79,Completed
515162,17411,2023-01-13,4,3,0.0,840.0,465,Completed
513761,10420,2023-01-13,10,1,0.1,99.0,54,Completed
508168,16351,2023-01-13,2,2,0.0,144.0,68,Completed
503923,13241,2023-01-13,1,2,0.0,290.0,158,Completed
512358,13807,2023-01-13,10,1,0.05,104.5,54,Cancelled
506984,16299,2023-01-13,3,2,0.0,96.0,42,Completed
513357,12327,2023-01-13,6,3,0.15,89.25,39,Completed
512543,18142,2023-01-13,7,2,0.0,54.0,16,Completed
506387,11238,2023-01-13,4,2,0.1,504.0,310,Completed
511453,13971,2023-01-13,8,2,0.05,167.2,78,Completed
505158,13919,2023-01-13,3,1,0.05,45.6,21,Completed
514328,11372,2023-01-13,4,1,0.05,266.0,155,Completed
516376,12639,2023-01-13,5,1,0.0,95.0,43,Completed
511471,11802,2023-01-13,1,2,0.1,261.0,158,Completed
516976,13780,2023-01-14,3,1,0.0,48.0,21,Completed
504639,10674,2023-01-14,7,1,0.15,22.95,8,Completed
506231,17244,2023-01-14,2,1,0.15,61.2,34,Completed
504784,14338,2023-01-14,6,1,0.0,35.0,13,Completed
509652,15412,2023-01-14,10,2,0.15,187.0,108,Completed
506200,14957,2023-01-14,1,1,0.0,145.0,79,Completed
502621,13460,2023-01-14,9,2,0.1,111.6,56,Completed
500620,13277,2023-01-14,1,1,0.05,137.75,79,Completed
507325,12253,2023-01-14,1,1,0.0,145.0,79,Completed
501133,13069,2023-01-14,6,2,0.0,70.0,26,Completed
511018,10385,2023-01-14,4,1,0.0,280.0,155,Completed
516054,11240,2023-01-14,3,1,0.0,48.0,21,Completed
509685,18053,2023-01-14,5,2,0.05,180.5,86,Completed
511397,10392,2023-01-14,7,4,0.0,108.0,32,Completed
517899,11466,2023-01-14,5,1,0.1,85.5,43,Returned
502703,12479,2023-01-14,1,1,0.05,137.75,79,Completed
517415,13938,2023-01-14,5,1,0.05,90.25,43,Completed
502527,10870,2023-01-14,3,2,0.0,96.0,42,Completed
505278,14950,2023-01-14,7,3,0.05,76.95,24,Returned
502588,15782,2023-01-14,7,1,0.15,22.95,8,Cancelled
505896,12425,2023-01-14,5,2,0.05,180.5,86,Completed
502201,14947,2023-01-14,6,2,0.1,63.0,26,Completed
517447,12041,2023-01-15,8,3,0.0,264.0,117,Completed
509570,16640,2023-01-15,7,2,0.05,51.3,16,Completed
516227,17755,2023-01-15,9,2,0.0,124.0,56,Completed
503192,11399,2023-01-15,10,3,0.05,313.5,162,Completed
512089,12686,2023-01-15,2,1,0.0,72.0,34,Completed
507794,12479,2023-01-15,3,2,0.0,96.0,42,Completed
511258,14403,2023-01-15,7,2,0.1,48.6,16,Completed
500233,11579,2023-01-15,7,1,0.05,25.65,8,Completed
510585,13465,2023-01-15,1,3,0.2,348.0,237,Completed
508631,14605,2023-01-15,9,4,0.1,223.2,112,Completed
502306,18062,2023-01-16,3,2,0.0,96.0,42,Completed
516767,11584,2023-01-16,5,4,0.1,342.0,172,Completed
501519,12964,2023-01-16,9,2,0.0,124.0,56,Completed
517292,16027,2023-01-16,10,1,0.0,110.0,54,Completed
506168,12441,2023-01-16,10,2,0.0,220.0,108,Completed
517223,13240,2023-01-16,1,2,0.0,290.0,158,Completed
517860,15620,2023-01-16,10,1,0.15,93.5,54,Returned
509340,16788,2023-01-16,3,3,0.15,122.4,63,Completed
501147,15153,2023-01-16,8,1,0.05,83.6,39,Completed
508740,15623,2023-01-16,2,3,0.15,183.6,102,Cancelled
501141,11697,2023-01-16,3,1,0.0,48.0,21,Completed
504080,15034,2023-01-16,8,2,0.0,176.0,78,Completed
509307,10072,2023-01-16,1,1,0.15,123.25,79,Completed
508945,11136,2023-01-16,5,1,0.1,85.5,43,Completed
513699,10576,2023-01-16,4,2,0.0,560.0,310,Completed
505390,12856,2023-01-17,2,1,0.0,72.0,34,Completed
504572,12661,2023-01-17,8,1,0.05,83.6,39,Completed
517566,16414,2023-01-17,7,2,0.1,48.6,16,Cancelled
501208,11529,2023-01-17,7,1,0.0,27.0,8,Cancelled
510300,12618,2023-01-17,3,1,0.15,40.8,21,Completed
501367,13063,2023-01-17,1,1,0.0,145.0,79,Completed
510261,11687,2023-01-17,5,1,0.1,85.5,43,Completed
511321,12460,2023-01-17,5,2,0.0,190.0,86,Completed
511890,12527,2023-01-17,3,2,0.0,96.0,42,Completed
516658,12944,2023-01-17,2,1,0.1,64.8,34,Completed
514700,13706,2023-01-17,3,2,0.0,96.0,42,Completed
502612,12519,2023-01-17,9,1,0.2,49.6,28,Completed
506911,10547,2023-01-17,2,2,0.15,122.4,68,Completed
513634,11107,2023-01-17,1,2,0.1,261.0,158,Completed
500939,11373,2023-01-17,5,1,0.2,76.0,43,Completed
505747,14578,2023-01-17,9,1,0.2,49.6,28,Returned
502704,17958,2023-01-17,2,2,0.05,136.8,68,Completed
510586,11055,2023-01-17,10,2,0.0,220.0,108,Completed
508783,15055,2023-01-17,7,2,0.05,51.3,16,Completed
513183,11942,2023-01-18,1,1,0.05,137.75,79,Completed
500426,16710,2023-01-18,6,1,0.2,28.0,13,Completed
514751,15970,2023-01-18,3,1,0.1,43.2,21,Completed
501915,11859,2023-01-18,4,1,0.0,280.0,155,Completed
506048,10450,2023-01-18,9,3,0.05,176.7,84,Completed
517912,16095,2023-01-18,7,2,0.0,54.0,16,Completed
507427,18004,2023-01-18,5,1,0.05,90.25,43,Completed
509595,17919,2023-01-18,1,1,0.0,145.0,79,Completed
513665,10689,2023-01-18,2,2,0.0,144.0,68,Completed
503300,17184,2023-01-18,10,1,0.0,110.0,54,Completed
509775,11527,2023-01-18,8,1,0.0,88.0,39,Completed
516330,10230,2023-01-18,4,1,0.1,252.0,155,Completed
511174,14071,2023-01-18,1,2,0.0,290.0,158,Returned
508457,17511,2023-01-18,10,1,0.05,104.5,54,Completed
511955,10647,2023-01-18,7,1,0.15,22.95,8,Completed
506696,17101,2023-01-18,8,1,0.2,70.4,39,Completed
509992,11030,2023-01-19,7,1,0.0,27.0,8,Completed
509368,11403,2023-01-19,2,2,0.05,136.8,68,Returned
500496,17389,2023-01-19,2,1,0.0,72.0,34,Completed
507653,13603,2023-01-19,5,4,0.1,342.0,172,Completed
515283,14509,2023-01-19,1,1,0.0,145.0,79,Cancelled
504923,17786,2023-01-19,2,1,0.15,61.2,34,Completed
512561,12071,2023-01-19,1,1,0.0,145.0,79,Completed
514674,17525,2023-01-19,9,1,0.0,62.0,28,Completed
505509,15696,2023-01-19,8,1,0.05,83.6,39,Cancelled
515933,12008,2023-01-19,2,1,0.1,64.8,34,Completed
505722,15603,2023-01-19,2,2,0.0,144.0,68,Completed
507384,14794,2023-01-19,5,1,0.0,95.0,43,Completed
507108,10164,2023-01-19,4,1,0.2,224.0,155,Completed
505482,14969,2023-01-20,9,1,0.1,55.8,28,Completed
514731,14019,2023-01-20,2,2,0.1,129.6,68,Completed
506682,10971,2023-01-20,2,2,0.2,115.2,68,Completed
511006,11351,2023-01-20,2,1,0.0,72.0,34,Completed
509781,16667,2023-01-20,2,1,0.0,72.0,34,Completed
500155,10100,2023-01-20,2,1,0.05,68.4,34,Completed
507740,16233,2023-01-20,1,1,0.0,145.0,79,Completed
511505,11483,2023-01-20,1,1,0.05,137.75,79,Cancelled
505991,13848,2023-01-20,2,1,0.0,72.0,34,Completed
516879,10445,2023-01-21,9,1,0.0,62.0,28,Completed
500192,14348,2023-01-21,1,1,0.0,145.0,79,Completed
503231,17369,2023-01-21,5,2,0.1,171.0,86,Completed
517142,12425,2023-01-21,7,1,0.0,27.0,8,Completed
509864,14634,2023-01-21,9,1,0.2,49.6,28,Completed
510792,16157,2023-01-21,9,1,0.1,55.8,28,Completed
513843,12317,2023-01-21,5,1,0.0,95.0,43,Completed
516224,11888,2023-01-21,1,1,0.1,130.5,79,Completed
506730,17433,2023-01-21,9,1,0.05,58.9,28,Completed
507222,13889,2023-01-21,8,1,0.1,79.2,39,Returned
506206,16738,2023-01-21,10,2,0.05,209.0,108,Completed
502029,16299,2023-01-22,1,1,0.0,145.0,79,Completed
503019,12767,2023-01-22,10,1,0.0,110.0,54,Completed
503328,11909,2023-01-22,1,1,0.0,145.0,79,Completed
507326,14748,2023-01-22,8,1,0.05,83.6,39,Completed
504053,15083,2023-01-22,1,2,0.1,261.0,158,Completed
500829,18398,2023-01-22,1,2,0.15,246.5,158,Completed
512200,12951,2023-01-22,5,2,0.0,190.0,86,Completed
506022,11145,2023-01-22,1,3,0.05,413.25,237,Completed
504299,10787,2023-01-22,5,1,0.2,76.0,43,Completed
517479,11622,2023-01-22,7,1,0.15,22.95,8,Completed
501825,10974,2023-01-22,1,2,0.1,261.0,158,Completed
501405,16224,2023-01-22,5,1,0.0,95.0,43,Returned
507454,14448,2023-01-22,7,2,0.0,54.0,16,Completed
508704,16060,2023-01-22,7,1,0.1,24.3,8,Returned
512804,17041,2023-01-22,6,3,0.05,99.75,39,Completed
507502,15216,2023-01-22,7,2,0.05,51.3,16,Completed
513747,16573,2023-01-22,4,1,0.0,280.0,155,Completed
501096,16528,2023-01-22,9,1,0.15,52.7,28,Completed
517044,15230,2023-01-22,3,1,0.05,45.6,21,Completed
512967,16980,2023-01-22,4,1,0.05,266.0,155,Completed
508393,12421,2023-01-23,6,1,0.0,35.0,13,Completed
504579,17093,2023-01-23,2,1,0.15,61.2,34,Returned
501954,13529,2023-01-23,2,1,0.0,72.0,34,Returned
500211,10454,2023-01-23,6,1,0.15,29.75,13,Completed
506518,13965,2023-01-23,1,1,0.0,145.0,79,Completed
508798,17994,2023-01-23,1,2,0.0,290.0,158,Completed
516582,16508,2023-01-23,9,2,0.0,124.0,56,Completed
507113,11268,2023-01-23,10,1,0.0,110.0,54,Returned
517496,15212,2023-01-23,10,1,0.15,93.5,54,Completed
500332,16071,2023-01-23,9,1,0.0,62.0,28,Completed
504381,10945,2023-01-23,2,1,0.05,68.4,34,Completed
504742,14378,2023-01-23,7,2,0.1,48.6,16,Completed
502208,15115,2023-01-23,3,1,0.0,48.0,21,Returned
503577,11147,2023-01-23,2,2,0.0,144.0,68,Completed
506919,11404,2023-01-23,8,1,0.0,88.0,39,Completed
516197,13197,2023-01-23,2,2,0.1,129.6,68,Completed
505527,13421,2023-01-24,3,1,0.0,48.0,21,Completed
510341,16345,2023-01-24,6,3,0.05,99.75,39,Completed
507630,14461,2023-01-24,5,1,0.0,95.0,43,Completed
506040,10267,2023-01-24,9,1,0.0,62.0,28,Completed
506585,12841,2023-01-24,7,1,0.05,25.65,8,Completed
503044,11918,2023-01-25,6,1,0.15,29.75,13,Completed
517070,16057,2023-01-25,6,3,0.0,105.0,39,Completed
510211,12416,2023-01-25,5,4,0.0,380.0,172,Completed
505400,11622,2023-01-25,7,2,0.0,54.0,16,Cancelled
510356,14041,2023-01-25,9,1,0.0,62.0,28,Completed
511047,13498,2023-01-25,1,1,0.0,145.0,79,Completed
510889,15428,2023-01-25,10,2,0.15,187.0,108,Completed
513409,10552,2023-01-25,5,3,0.0,285.0,129,Completed
503304,10881,2023-01-25,3,1,0.05,45.6,21,Completed
501986,10180,2023-01-25,3,1,0.1,43.2,21,Completed
505103,10604,2023-01-26,2,2,0.05,136.8,68,Completed
500066,15162,2023-01-26,9,1,0.05,58.9,28,Completed
513113,16240,2023-01-26,3,1,0.0,48.0,21,Cancelled
514490,14685,2023-01-26,5,1,0.0,95.0,43,Completed
512265,12889,2023-01-26,7,1,0.0,27.0,8,Completed
502890,16818,2023-01-26,9,2,0.2,99.2,56,Completed
510338,12078,2023-01-26,7,2,0.1,48.6,16,Completed
517618,10572,2023-01-26,6,1,0.05,33.25,13,Completed
507054,10241,2023-01-26,3,3,0.0,144.0,63,Completed
501452,12504,2023-01-26,1,2,0.0,290.0,158,Completed
515390,17604,2023-01-26,4,2,0.0,560.0,310,Completed
514795,16302,2023-01-26,6,2,0.0,70.0,26,Completed
517125,11855,2023-01-26,1,1,0.15,123.25,79,Completed
508642,17965,2023-01-26,9,1,0.0,62.0,28,Completed
501763,16204,2023-01-26,1,1,0.05,137.75,79,Completed
515776,15747,2023-01-26,3,1,0.0,48.0,21,Completed
510629,15614,2023-01-26,6,1,0.05,33.25,13,Completed
504774,12833,2023-01-26,2,1,0.0,72.0,34,Completed
503205,15216,2023-01-26,3,2,0.15,81.6,42,Completed
503041,13652,2023-01-26,5,2,0.2,152.0,86,Completed
507881,13687,2023-01-27,9,1,0.05,58.9,28,Completed
505180,13676,2023-01-27,8,1,0.05,83.6,39,Returned
514630,15413,2023-01-27,8,1,0.0,88.0,39,Completed
508284,11075,2023-01-27,2,1,0.1,64.8,34,Completed
510077,15161,2023-01-27,7,1,0.0,27.0,8,Completed
502042,14736,2023-01-27,3,2,0.1,86.4,42,Completed
514832,11178,2023-01-27,6,2,0.05,66.5,26,Completed
503967,14116,2023-01-27,9,1,0.0,62.0,28,Completed
514386,14878,2023-01-27,9,1,0.1,55.8,28,Completed
512612,12959,2023-01-28,9,1,0.0,62.0,28,Completed
515452,12056,2023-01-28,9,1,0.1,55.8,28,Completed
512261,15442,2023-01-28,7,2,0.0,54.0,16,Completed
503616,14596,2023-01-28,9,2,0.0,124.0,56,Completed
506500,17716,2023-01-28,3,1,0.0,48.0,21,Completed
507545,13142,2023-01-28,5,2,0.15,161.5,86,Completed
512381,16384,2023-01-28,9,1,0.0,62.0,28,Completed
506101,14284,2023-01-28,9,1,0.05,58.9,28,Completed
505277,11395,2023-01-28,9,1,0.05,58.9,28,Completed
512550,16818,2023-01-28,7,1,0.05,25.65,8,Completed
500219,16690,2023-01-28,6,1,0.05,33.25,13,Completed
512223,12850,2023-01-28,8,3,0.0,264.0,117,Completed
515564,10826,2023-01-29,10,1,0.1,99.0,54,Completed
510365,11673,2023-01-29,8,2,0.1,158.4,78,Completed
506362,11322,2023-01-29,7,1,0.0,27.0,8,Completed
508028,11413,2023-01-29,4,2,0.0,560.0,310,Completed
500666,10299,2023-01-29,8,2,0.0,176.0,78,Completed
507848,12479,2023-01-29,6,1,0.0,35.0,13,Completed
509444,10899,2023-01-29,6,2,0.2,56.0,26,Completed
503912,15576,2023-01-29,9,1,0.15,52.7,28,Completed
517517,11922,2023-01-29,5,1,0.15,80.75,43,Completed
515859,15351,2023-01-29,7,1,0.05,25.65,8,Completed
512586,12962,2023-01-29,6,2,0.1,63.0,26,Completed
509998,12264,2023-01-29,6,1,0.05,33.25,13,Completed
516221,11456,2023-01-30,7,1,0.05,25.65,8,Returned
516424,15910,2023-01-30,4,2,0.05,532.0,310,Completed
514049,17569,2023-01-30,5,2,0.05,180.5,86,Completed
508621,14378,2023-01-30,10,1,0.0,110.0,54,Completed
506141,15876,2023-01-30,10,3,0.05,313.5,162,Completed
508431,11114,2023-01-30,10,3,0.1,297.0,162,Completed
512545,11646,2023-01-30,10,1,0.0,110.0,54,Completed
511682,16409,2023-01-30,2,1,0.0,72.0,34,Completed
504981,11220,2023-01-30,10,1,0.0,110.0,54,Completed
515602,14724,2023-01-30,5,1,0.2,76.0,43,Completed
517975,11889,2023-01-30,8,3,0.0,264.0,117,Completed
514910,11520,2023-01-30,1,2,0.05,275.5,158,Returned
500058,11800,2023-01-30,5,1,0.2,76.0,43,Completed
508967,13262,2023-01-30,6,1,0.0,35.0,13,Completed
508745,17668,2023-01-30,10,2,0.0,220.0,108,Completed
511567,11871,2023-01-30,1,1,0.0,145.0,79,Completed
513133,10881,2023-01-30,6,2,0.0,70.0,26,Completed
502105,16230,2023-01-30,10,2,0.0,220.0,108,Completed
514420,10152,2023-01-30,3,1,0.0,48.0,21,Completed
517930,14048,2023-01-31,5,1,0.15,80.75,43,Completed
507918,17036,2023-01-31,10,1,0.05,104.5,54,Completed
515634,10253,2023-01-31,3,1,0.15,40.8,21,Completed
513399,16993,2023-01-31,10,1,0.05,104.5,54,Completed
516047,14017,2023-01-31,9,3,0.0,186.0,84,Completed
504970,17591,2023-01-31,2,1,0.0,72.0,34,Completed
515060,12374,2023-01-31,7,2,0.0,54.0,16,Cancelled
512322,14968,2023-01-31,8,2,0.05,167.2,78,Completed
515912,10902,2023-01-31,8,1,0.15,74.8,39,Completed
506613,14320,2023-01-31,5,2,0.2,152.0,86,Returned
501744,10044,2023-01-31,5,1,0.0,95.0,43,Completed
504060,17939,2023-01-31,5,2,0.0,190.0,86,Cancelled
506075,18460,2023-02-01,5,1,0.05,90.25,43,Completed
509507,10838,2023-02-01,7,1,0.0,27.0,8,Completed
507654,13061,2023-02-01,5,1,0.0,95.0,43,Completed
511634,12618,2023-02-01,9,1,0.05,58.9,28,Completed
503928,10133,2023-02-01,1,2,0.0,290.0,158,Completed
506356,10140,2023-02-01,4,1,0.05,266.0,155,Completed
507864,10138,2023-02-01,3,1,0.0,48.0,21,Completed
504922,14578,2023-02-01,1,1,0.0,145.0,79,Completed
503023,10884,2023-02-01,5,1,0.0,95.0,43,Completed
503950,10831,2023-02-01,3,1,0.1,43.2,21,Completed
517034,10410,2023-02-01,9,4,0.05,235.6,112,Completed
504776,13777,2023-02-01,5,1,0.0,95.0,43,Completed
503701,11682,2023-02-02,8,2,0.0,176.0,78,Completed
507231,11900,2023-02-02,7,2,0.0,54.0,16,Completed
515388,17298,2023-02-02,8,3,0.05,250.8,117,Completed
509939,14075,2023-02-02,8,1,0.05,83.6,39,Completed
505776,17298,2023-02-02,1,1,0.0,145.0,79,Completed
500421,12239,2023-02-02,10,1,0.0,110.0,54,Completed
507827,10222,2023-02-02,1,1,0.05,137.75,79,Completed
508663,11520,2023-02-02,9,2,0.05,117.8,56,Completed
512649,10509,2023-02-02,8,1,0.0,88.0,39,Completed
517423,16582,2023-02-03,8,1,0.1,79.2,39,Completed
502003,10139,2023-02-03,3,1,0.1,43.2,21,Completed
515367,14939,2023-02-03,3,2,0.15,81.6,42,Completed
517638,10032,2023-02-03,3,1,0.0,48.0,21,Completed
515979,16124,2023-02-03,2,1,0.05,68.4,34,Cancelled
500738,10821,2023-02-03,6,2,0.0,70.0,26,Completed
507558,15465,2023-02-03,1,1,0.2,116.0,79,Completed
504552,14673,2023-02-03,2,1,0.0,72.0,34,Completed
504474,14473,2023-02-03,8,1,0.0,88.0,39,Completed
510504,14343,2023-02-03,4,1,0.0,280.0,155,Completed
500287,12090,2023-02-03,2,1,0.05,68.4,34,Completed
515649,16674,2023-02-03,1,1,0.1,130.5,79,Completed
516612,16193,2023-02-03,10,3,0.05,313.5,162,Returned
517134,11821,2023-02-04,5,1,0.0,95.0,43,Completed
501706,14045,2023-02-04,5,1,0.05,90.25,43,Cancelled
506134,17027,2023-02-04,3,2,0.2,76.8,42,Completed
500728,10486,2023-02-04,4,1,0.0,280.0,155,Completed
506597,14342,2023-02-04,9,1,0.1,55.8,28,Completed
511373,12696,2023-02-04,2,1,0.0,72.0,34,Completed
516297,16642,2023-02-04,10,2,0.05,209.0,108,Completed
506270,16261,2023-02-04,3,2,0.05,91.2,42,Completed
513852,10381,2023-02-04,6,1,0.0,35.0,13,Completed
504933,14939,2023-02-04,1,1,0.05,137.75,79,Completed
517010,12220,2023-02-04,1,2,0.05,275.5,158,Completed
508990,12076,2023-02-04,1,2,0.15,246.5,158,Completed
506763,14945,2023-02-04,1,3,0.15,369.75,237,Completed
517068,10407,2023-02-04,4,1,0.05,266.0,155,Completed
513315,11778,2023-02-04,3,1,0.1,43.2,21,Completed
506666,15576,2023-02-04,8,1,0.05,83.6,39,Cancelled
515840,16327,2023-02-05,1,1,0.1,130.5,79,Completed
515423,11683,2023-02-05,9,1,0.2,49.6,28,Completed
515345,16475,2023-02-05,1,1,0.05,137.75,79,Completed
512065,16189,2023-02-05,7,2,0.0,54.0,16,Completed
511611,16619,2023-02-05,2,1,0.2,57.6,34,Completed
517855,17153,2023-02-05,1,1,0.0,145.0,79,Completed
511836,16418,2023-02-05,3,2,0.15,81.6,42,Completed
507569,15634,2023-02-05,8,3,0.0,264.0,117,Completed
517909,14573,2023-02-05,4,1,0.0,280.0,155,Completed
515284,11031,2023-02-05,5,1,0.0,95.0,43,Cancelled
503918,14218,2023-02-05,7,3,0.0,81.0,24,Completed
508993,12463,2023-02-05,5,1,0.15,80.75,43,Completed
512193,14068,2023-02-05,6,1,0.0,35.0,13,Completed
516894,14180,2023-02-05,7,1,0.0,27.0,8,Completed
513415,12565,2023-02-06,8,1,0.15,74.8,39,Completed
506407,12697,2023-02-06,8,1,0.0,88.0,39,Completed
507442,11996,2023-02-06,10,1,0.15,93.5,54,Completed
508909,13547,2023-02-06,3,1,0.15,40.8,21,Completed
513659,12759,2023-02-06,5,1,0.0,95.0,43,Cancelled
513176,14383,2023-02-06,1,1,0.1,130.5,79,Completed
513044,10150,2023-02-06,8,2,0.15,149.6,78,Completed
508948,15768,2023-02-06,5,1,0.05,90.25,43,Cancelled
517514,11138,2023-02-06,8,3,0.0,264.0,117,Completed
508988,18303,2023-02-06,3,1,0.15,40.8,21,Completed
510532,15885,2023-02-06,2,1,0.1,64.8,34,Completed
501629,18378,2023-02-06,10,2,0.0,220.0,108,Completed
504119,12423,2023-02-06,2,1,0.1,64.8,34,Completed
504566,11145,2023-02-06,4,2,0.05,532.0,310,Completed
513500,12059,2023-02-06,9,2,0.0,124.0,56,Completed
506277,13478,2023-02-06,5,3,0.1,256.5,129,Returned
513275,15642,2023-02-06,9,1,0.0,62.0,28,Completed
502093,15367,2023-02-06,7,2,0.0,54.0,16,Completed
505690,15210,2023-02-06,7,1,0.2,21.6,8,Completed
508291,15758,2023-02-06,5,2,0.0,190.0,86,Completed
501870,11005,2023-02-06,3,1,0.0,48.0,21,Completed
516042,15830,2023-02-06,7,2,0.05,51.3,16,Completed
513926,13595,2023-02-06,3,1,0.05,45.6,21,Completed
513520,14966,2023-02-07,6,2,0.05,66.5,26,Completed
501909,11588,2023-02-07,2,2,0.0,144.0,68,Completed
512621,10884,2023-02-07,2,2,0.0,144.0,68,Completed
500481,13628,2023-02-07,5,1,0.1,85.5,43,Completed
505062,10575,2023-02-07,3,4,0.0,192.0,84,Returned
504520,11660,2023-02-07,10,1,0.05,104.5,54,Completed
505247,16510,2023-02-07,3,1,0.0,48.0,21,Completed
503259,16334,2023-02-07,3,4,0.05,182.4,84,Completed
505605,10436,2023-02-07,10,1,0.2,88.0,54,Completed
508112,15365,2023-02-07,5,1,0.0,95.0,43,Completed
500206,16311,2023-02-07,3,2,0.05,91.2,42,Completed
514915,17919,2023-02-07,2,1,0.15,61.2,34,Completed
512732,12251,2023-02-07,10,2,0.0,220.0,108,Completed
511916,11105,2023-02-07,3,1,0.1,43.2,21,Completed
510698,13098,2023-02-07,10,1,0.0,110.0,54,Completed
504295,10425,2023-02-08,1,1,0.0,145.0,79,Completed
501816,14241,2023-02-08,2,1,0.2,57.6,34,Completed
506856,10425,2023-02-08,10,3,0.0,330.0,162,Completed
503862,12000,2023-02-08,2,2,0.15,122.4,68,Completed
501857,10139,2023-02-08,9,3,0.2,148.8,84,Completed
504718,12975,2023-02-08,1,2,0.0,290.0,158,Completed
506756,16636,2023-02-08,6,1,0.05,33.25,13,Completed
517729,10909,2023-02-08,3,1,0.0,48.0,21,Completed
507749,13777,2023-02-09,6,1,0.0,35.0,13,Completed
514175,12116,2023-02-09,1,1,0.15,123.25,79,Completed
502743,16268,2023-02-09,3,2,0.0,96.0,42,Completed
509811,14978,2023-02-09,7,1,0.05,25.65,8,Completed
517829,16414,2023-02-09,10,2,0.1,198.0,108,Completed
515685,17724,2023-02-09,5,2,0.15,161.5,86,Completed
502062,15136,2023-02-09,1,1,0.0,145.0,79,Completed
511495,14345,2023-02-09,7,1,0.1,24.3,8,Completed
517993,15012,2023-02-09,1,2,0.05,275.5,158,Completed
505751,13505,2023-02-09,2,1,0.05,68.4,34,Completed
506081,12706,2023-02-09,8,1,0.1,79.2,39,Completed
510082,16262,2023-02-09,9,2,0.1,111.6,56,Completed
501654,15972,2023-02-09,2,1,0.1,64.8,34,Completed
511277,10436,2023-02-09,2,1,0.1,64.8,34,Completed
504749,13143,2023-02-09,2,2,0.1,129.6,68,Completed
500418,15158,2023-02-09,8,1,0.15,74.8,39,Completed
509037,10701,2023-02-09,3,1,0.0,48.0,21,Returned
515672,16505,2023-02-09,3,1,0.05,45.6,21,Completed
507716,17041,2023-02-09,2,2,0.1,129.6,68,Completed
504636,11445,2023-02-10,3,1,0.0,48.0,21,Completed
514376,15093,2023-02-10,10,2,0.2,176.0,108,Completed
508236,15139,2023-02-10,10,2,0.1,198.0,108,Completed
505004,13559,2023-02-10,8,1,0.15,74.8,39,Completed
512702,13357,2023-02-10,5,3,0.1,256.5,129,Completed
500879,14175,2023-02-10,5,1,0.0,95.0,43,Completed
504456,18231,2023-02-10,8,2,0.1,158.4,78,Completed
505044,11590,2023-02-10,3,2,0.1,86.4,42,Completed
500751,13182,2023-02-10,1,1,0.1,130.5,79,Completed
502777,12162,2023-02-10,3,4,0.0,192.0,84,Completed
504377,12665,2023-02-10,3,1,0.0,48.0,21,Completed
501710,17247,2023-02-10,6,1,0.05,33.25,13,Completed
503186,17169,2023-02-10,9,1,0.2,49.6,28,Completed
515488,11367,2023-02-10,4,1,0.0,280.0,155,Completed
505671,12875,2023-02-10,4,1,0.0,280.0,155,Completed
503374,14152,2023-02-10,3,2,0.0,96.0,42,Completed
508127,13150,2023-02-10,10,1,0.1,99.0,54,Completed
512888,10653,2023-02-11,8,1,0.0,88.0,39,Returned
508784,13234,2023-02-11,6,1,0.0,35.0,13,Completed
502982,12644,2023-02-11,5,2,0.05,180.5,86,Completed
507216,12163,2023-02-11,8,2,0.0,176.0,78,Completed
511957,12351,2023-02-11,5,2,0.15,161.5,86,Completed
517850,14480,2023-02-11,1,2,0.05,275.5,158,Completed
503496,15634,2023-02-11,4,4,0.05,1064.0,620,Completed
517078,10363,2023-02-11,10,1,0.2,88.0,54,Completed
516007,14572,2023-02-11,3,1,0.15,40.8,21,Completed
516796,15307,2023-02-11,2,1,0.15,61.2,34,Completed
512576,12957,2023-02-11,2,1,0.0,72.0,34,Completed
514740,11078,2023-02-11,5,1,0.0,95.0,43,Completed
500475,11474,2023-02-11,2,2,0.0,144.0,68,Completed
507335,15273,2023-02-11,6,1,0.0,35.0,13,Completed
507681,10322,2023-02-12,2,1,0.15,61.2,34,Cancelled
501058,18004,2023-02-12,5,2,0.1,171.0,86,Completed
515464,16466,2023-02-12,7,1,0.15,22.95,8,Completed
504574,16884,2023-02-12,7,2,0.0,54.0,16,Completed
517439,10942,2023-02-12,8,2,0.15,149.6,78,Completed
508977,12766,2023-02-12,7,1,0.1,24.3,8,Cancelled
503611,14494,2023-02-12,8,2,0.05,167.2,78,Completed
515366,15850,2023-02-12,5,1,0.15,80.75,43,Completed
515176,11630,2023-02-12,10,3,0.0,330.0,162,Completed
506305,11946,2023-02-12,1,1,0.1,130.5,79,Completed
506426,12546,2023-02-12,8,1,0.05,83.6,39,Completed
513944,11931,2023-02-12,6,1,0.1,31.5,13,Completed
502309,10354,2023-02-12,4,1,0.0,280.0,155,Completed
509709,14164,2023-02-12,3,2,0.0,96.0,42,Completed
507889,12030,2023-02-12,9,3,0.15,158.1,84,Completed
501436,16807,2023-02-12,7,1,0.0,27.0,8,Completed
505141,16913,2023-02-12,6,2,0.15,59.5,26,Completed
508773,11078,2023-02-13,10,2,0.05,209.0,108,Completed
512438,15305,2023-02-13,1,1,0.0,145.0,79,Completed
503990,17846,2023-02-13,10,1,0.0,110.0,54,Completed
503470,11688,2023-02-13,3,1,0.0,48.0,21,Completed
509158,16401,2023-02-13,4,1,0.0,280.0,155,Completed
504116,14432,2023-02-13,3,1,0.0,48.0,21,Completed
515592,14716,2023-02-13,10,1,0.0,110.0,54,Completed
509705,11368,2023-02-13,1,2,0.0,290.0,158,Completed
511500,16345,2023-02-13,10,1,0.0,110.0,54,Completed
514573,14093,2023-02-13,9,3,0.2,148.8,84,Completed
502997,13527,2023-02-13,9,1,0.0,62.0,28,Completed
502994,10638,2023-02-13,8,2,0.1,158.4,78,Completed
508185,13325,2023-02-13,1,1,0.2,116.0,79,Completed
512995,15916,2023-02-13,7,2,0.15,45.9,16,Completed
509679,13061,2023-02-13,8,3,0.0,264.0,117,Completed
502221,11527,2023-02-13,6,2,0.2,56.0,26,Completed
511998,17409,2023-02-13,9,2,0.0,124.0,56,Completed
505398,15490,2023-02-13,10,2,0.05,209.0,108,Completed
510109,11238,2023-02-14,8,3,0.15,224.4,117,Cancelled
505331,17322,2023-02-14,7,1,0.0,27.0,8,Cancelled
515405,15642,2023-02-14,3,1,0.0,48.0,21,Completed
507788,11072,2023-02-14,9,2,0.0,124.0,56,Completed
516619,11551,2023-02-14,9,1,0.0,62.0,28,Completed
510620,14394,2023-02-14,8,1,0.1,79.2,39,Cancelled
508540,12667,2023-02-14,1,2,0.05,275.5,158,Completed
505298,15076,2023-02-14,2,1,0.1,64.8,34,Completed
502187,10526,2023-02-14,9,1,0.05,58.9,28,Completed
510079,15347,2023-02-14,1,2,0.0,290.0,158,Completed
511181,14748,2023-02-14,8,1,0.0,88.0,39,Completed
504192,11240,2023-02-14,2,1,0.0,72.0,34,Completed
515863,12428,2023-02-14,7,3,0.0,81.0,24,Returned
512412,11529,2023-02-14,1,1,0.2,116.0,79,Completed
516313,12421,2023-02-14,1,2,0.0,290.0,158,Completed
512719,14066,2023-02-15,6,1,0.15,29.75,13,Completed
513778,18253,2023-02-15,5,1,0.05,90.25,43,Completed
515435,17120,2023-02-15,9,1,0.0,62.0,28,Completed
504324,16513,2023-02-15,7,1,0.05,25.65,8,Completed
508518,15500,2023-02-15,7,1,0.15,22.95,8,Completed
516790,15827,2023-02-15,9,2,0.0,124.0,56,Completed
507705,10814,2023-02-15,3,1,0.05,45.6,21,Completed
516487,18429,2023-02-15,5,1,0.1,85.5,43,Completed
511717,12683,2023-02-15,8,1,0.1,79.2,39,Completed
516209,12705,2023-02-15,1,2,0.1,261.0,158,Completed
517589,13269,2023-02-15,5,1,0.0,95.0,43,Completed
502450,12309,2023-02-15,5,2,0.0,190.0,86,Completed
504724,13539,2023-02-15,4,1,0.0,280.0,155,Completed
503674,10495,2023-02-15,10,2,0.2,176.0,108,Completed
509339,11323,2023-02-16,6,3,0.05,99.75,39,Completed
508795,10554,2023-02-16,6,1,0.1,31.5,13,Completed
514783,10405,2023-02-16,5,2,0.0,190.0,86,Completed
516616,12854,2023-02-16,7,1,0.1,24.3,8,Completed
507763,15770,2023-02-16,2,1,0.1,64.8,34,Completed
500353,16675,2023-02-16,1,1,0.0,145.0,79,Completed
505294,11806,2023-02-16,7,1,0.15,22.95,8,Completed
517749,13430,2023-02-16,8,2,0.2,140.8,78,Completed
507174,13687,2023-02-16,10,1,0.0,110.0,54,Completed
507392,11123,2023-02-16,7,3,0.0,81.0,24,Completed
505578,17502,2023-02-16,3,1,0.0,48.0,21,Cancelled
516214,16919,2023-02-16,3,1,0.0,48.0,21,Completed
509858,10287,2023-02-16,7,2,0.05,51.3,16,Completed
506974,13782,2023-02-16,4,1,0.0,280.0,155,Completed
502541,16118,2023-02-16,4,2,0.05,532.0,310,Completed
504304,10327,2023-02-16,8,1,0.0,88.0,39,Completed
504685,17260,2023-02-17,5,1,0.0,95.0,43,Completed
516646,10330,2023-02-17,5,2,0.0,190.0,86,Cancelled
514639,12340,2023-02-17,2,1,0.05,68.4,34,Completed
508336,12306,2023-02-17,5,4,0.1,342.0,172,Completed
502078,10660,2023-02-17,7,1,0.2,21.6,8,Completed
515513,11075,2023-02-17,6,1,0.1,31.5,13,Completed
502193,18207,2023-02-17,5,1,0.05,90.25,43,Completed
515175,11588,2023-02-17,3,1,0.05,45.6,21,Completed
507107,10001,2023-02-17,1,2,0.05,275.5,158,Completed
509619,11268,2023-02-18,3,1,0.0,48.0,21,Completed
512884,13391,2023-02-18,10,3,0.05,313.5,162,Completed
500139,16326,2023-02-18,6,2,0.05,66.5,26,Completed
506971,14003,2023-02-18,5,1,0.05,90.25,43,Completed
507403,10917,2023-02-18,9,2,0.05,117.8,56,Completed
504598,16009,2023-02-18,8,1,0.0,88.0,39,Completed
507581,18266,2023-02-18,4,2,0.0,560.0,310,Completed
516674,11019,2023-02-18,4,3,0.0,840.0,465,Completed
510208,16603,2023-02-18,4,1,0.1,252.0,155,Completed
509875,14217,2023-02-18,5,3,0.0,285.0,129,Completed
516545,14034,2023-02-18,9,3,0.1,167.4,84,Completed
513913,14263,2023-02-18,7,1,0.0,27.0,8,Completed
516029,15290,2023-02-18,3,3,0.05,136.8,63,Completed
511315,17559,2023-02-18,9,1,0.1,55.8,28,Completed
506279,10134,2023-02-19,9,1,0.2,49.6,28,Completed
501998,16680,2023-02-19,9,1,0.0,62.0,28,Completed
511498,13780,2023-02-19,5,1,0.1,85.5,43,Completed
510121,12360,2023-02-19,7,1,0.05,25.65,8,Returned
516891,12210,2023-02-19,3,1,0.05,45.6,21,Completed
515299,15666,2023-02-19,2,1,0.05,68.4,34,Completed
515652,10933,2023-02-19,9,4,0.05,235.6,112,Completed
503806,17622,2023-02-19,7,1,0.0,27.0,8,Completed
515621,10532,2023-02-19,9,2,0.0,124.0,56,Completed
516919,11227,2023-02-19,5,1,0.0,95.0,43,Completed
502847,16948,2023-02-19,9,2,0.2,99.2,56,Completed
507441,14739,2023-02-19,3,1,0.1,43.2,21,Returned
507904,11866,2023-02-19,8,1,0.05,83.6,39,Completed
501146,10938,2023-02-19,5,1,0.0,95.0,43,Completed
508142,18364,2023-02-19,1,2,0.0,290.0,158,Completed
500183,10646,2023-02-20,3,1,0.0,48.0,21,Completed
502820,15315,2023-02-20,3,1,0.0,48.0,21,Completed
517333,11442,2023-02-20,3,1,0.0,48.0,21,Completed
506212,10635,2023-02-20,1,1,0.1,130.5,79,Completed
510265,12118,2023-02-20,9,2,0.0,124.0,56,Completed
507672,12370,2023-02-20,3,1,0.0,48.0,21,Completed
517094,12368,2023-02-20,5,1,0.1,85.5,43,Completed
502380,11003,2023-02-20,2,1,0.0,72.0,34,Completed
507533,14657,2023-02-20,9,1,0.2,49.6,28,Completed
501957,13152,2023-02-20,7,2,0.0,54.0,16,Completed
503702,16269,2023-02-20,1,2,0.05,275.5,158,Completed
512779,17361,2023-02-20,8,2,0.1,158.4,78,Completed
515802,11527,2023-02-20,3,1,0.05,45.6,21,Completed
509670,17552,2023-02-20,7,1,0.0,27.0,8,Cancelled
506847,13504,2023-02-20,4,1,0.0,280.0,155,Completed
506994,14097,2023-02-20,3,1,0.05,45.6,21,Completed
509500,12708,2023-02-20,2,2,0.0,144.0,68,Completed
515093,14502,2023-02-20,5,3,0.0,285.0,129,Completed
513455,15593,2023-02-20,8,1,0.05,83.6,39,Completed
504902,11395,2023-02-21,4,1,0.15,238.0,155,Completed
500596,15485,2023-02-21,8,2,0.1,158.4,78,Completed
510170,11768,2023-02-21,4,1,0.0,280.0,155,Completed
513642,14545,2023-02-21,2,1,0.15,61.2,34,Completed
517560,16520,2023-02-21,3,2,0.05,91.2,42,Completed
513749,11687,2023-02-21,7,2,0.0,54.0,16,Completed
517163,12135,2023-02-21,1,1,0.0,145.0,79,Completed
514688,14409,2023-02-21,2,1,0.0,72.0,34,Completed
516734,11155,2023-02-21,7,2,0.05,51.3,16,Completed
513814,17813,2023-02-21,2,1,0.0,72.0,34,Cancelled
509594,11655,2023-02-21,7,1,0.0,27.0,8,Completed
510370,15115,2023-02-21,1,2,0.0,290.0,158,Completed
502000,16393,2023-02-22,3,1,0.05,45.6,21,Completed
507844,10916,2023-02-22,8,1,0.0,88.0,39,Completed
511324,17781,2023-02-22,1,1,0.1,130.5,79,Completed
512336,11207,2023-02-22,1,2,0.1,261.0,158,Completed
515391,13662,2023-02-22,10,1,0.1,99.0,54,Completed
510529,15825,2023-02-22,3,3,0.2,115.2,63,Completed
509680,15353,2023-02-22,7,2,0.0,54.0,16,Completed
506442,17084,2023-02-22,8,2,0.05,167.2,78,Completed
502850,17259,2023-02-22,6,1,0.0,35.0,13,Completed
509538,16580,2023-02-22,7,1,0.0,27.0,8,Completed
515014,10939,2023-02-22,6,1,0.0,35.0,13,Completed
503232,12223,2023-02-22,1,1,0.05,137.75,79,Completed
507829,11473,2023-02-22,1,1,0.0,145.0,79,Completed
512372,15229,2023-02-22,5,2,0.1,171.0,86,Completed
509699,17150,2023-02-22,4,2,0.1,504.0,310,Completed
507550,18045,2023-02-22,7,1,0.1,24.3,8,Completed
514807,12433,2023-02-22,3,1,0.05,45.6,21,Completed
514872,16250,2023-02-22,5,2,0.2,152.0,86,Completed
510940,11601,2023-02-22,9,1,0.15,52.7,28,Completed
505505,10623,2023-02-23,7,1,0.05,25.65,8,Completed
513419,10678,2023-02-23,3,1,0.0,48.0,21,Cancelled
504629,14182,2023-02-23,1,1,0.1,130.5,79,Completed
510192,17722,2023-02-23,1,1,0.0,145.0,79,Completed
502543,13770,2023-02-23,6,1,0.05,33.25,13,Completed
515571,13045,2023-02-23,1,3,0.0,435.0,237,Cancelled
504946,12220,2023-02-23,5,2,0.05,180.5,86,Completed
515077,13940,2023-02-23,5,2,0.15,161.5,86,Completed
500487,10187,2023-02-23,3,1,0.05,45.6,21,Completed
500118,12006,2023-02-23,3,1,0.0,48.0,21,Completed
504879,10074,2023-02-24,6,2,0.0,70.0,26,Completed
505925,10124,2023-02-24,3,2,0.05,91.2,42,Completed
505749,10510,2023-02-24,7,1,0.2,21.6,8,Completed
516229,12715,2023-02-24,7,1,0.1,24.3,8,Completed
510919,14969,2023-02-24,9,2,0.0,124.0,56,Completed
517568,10703,2023-02-24,6,4,0.1,126.0,52,Completed
512679,12432,2023-02-24,4,1,0.0,280.0,155,Completed
504089,17218,2023-02-24,7,1,0.05,25.65,8,Completed
502991,16461,2023-02-24,7,1,0.05,25.65,8,Completed
516247,11748,2023-02-24,1,1,0.0,145.0,79,Completed
500273,12967,2023-02-24,2,1,0.05,68.4,34,Completed
516449,14152,2023-02-24,6,1,0.05,33.25,13,Completed
513092,12428,2023-02-24,10,3,0.0,330.0,162,Completed
504079,10811,2023-02-24,9,1,0.1,55.8,28,Completed
512975,17598,2023-02-24,7,4,0.1,97.2,32,Completed
517457,10661,2023-02-24,8,1,0.1,79.2,39,Completed
511238,18027,2023-02-24,3,3,0.1,129.6,63,Completed
507463,14218,2023-02-24,1,3,0.0,435.0,237,Completed
514933,10621,2023-02-24,4,1,0.0,280.0,155,Completed
506599,17304,2023-02-25,7,1,0.05,25.65,8,Completed
503265,16209,2023-02-25,6,3,0.1,94.5,39,Completed
510227,11960,2023-02-25,8,1,0.0,88.0,39,Completed
507773,14531,2023-02-25,2,2,0.05,136.8,68,Completed
512172,12426,2023-02-25,3,1,0.05,45.6,21,Completed
505449,11795,2023-02-25,4,1,0.05,266.0,155,Completed
508878,16630,2023-02-25,3,2,0.1,86.4,42,Completed
515006,10811,2023-02-25,7,1,0.0,27.0,8,Completed
515716,10927,2023-02-25,2,2,0.15,122.4,68,Completed
511297,10948,2023-02-25,7,1,0.15,22.95,8,Completed
512096,11518,2023-02-25,5,1,0.0,95.0,43,Completed
502431,17512,2023-02-25,6,1,0.0,35.0,13,Completed
500084,17724,2023-02-25,7,2,0.05,51.3,16,Completed
508691,10076,2023-02-25,6,3,0.15,89.25,39,Completed
500737,10154,2023-02-25,9,1,0.1,55.8,28,Completed
511601,12734,2023-02-25,6,1,0.05,33.25,13,Completed
506219,13039,2023-02-26,6,2,0.05,66.5,26,Completed
510343,10756,2023-02-26,5,1,0.05,90.25,43,Completed
515763,12070,2023-02-26,9,1,0.0,62.0,28,Completed
505700,13102,2023-02-26,5,1,0.0,95.0,43,Completed
517382,10933,2023-02-26,1,2,0.05,275.5,158,Completed
513529,12546,2023-02-26,10,2,0.05,209.0,108,Completed
509657,10942,2023-02-26,10,1,0.0,110.0,54,Completed
501844,12510,2023-02-26,6,2,0.1,63.0,26,Completed
507534,12893,2023-02-26,8,2,0.0,176.0,78,Completed
504538,10230,2023-02-26,6,3,0.0,105.0,39,Completed
510154,11000,2023-02-26,4,1,0.0,280.0,155,Completed
502560,17919,2023-02-26,3,1,0.0,48.0,21,Completed
510906,14186,2023-02-26,6,1,0.05,33.25,13,Completed
501477,11444,2023-02-26,7,1,0.1,24.3,8,Completed
515861,17882,2023-02-26,5,1,0.0,95.0,43,Completed
504488,13144,2023-02-26,3,2,0.0,96.0,42,Completed
515833,17880,2023-02-27,3,1,0.05,45.6,21,Completed
508683,16104,2023-02-27,6,1,0.05,33.25,13,Completed
506494,16060,2023-02-27,2,1,0.05,68.4,34,Completed
514209,12151,2023-02-27,6,1,0.0,35.0,13,Completed
505845,13144,2023-02-27,8,1,0.0,88.0,39,Completed
512771,11772,2023-02-27,9,1,0.0,62.0,28,Completed
515063,17200,2023-02-27,6,1,0.0,35.0,13,Completed
500886,10604,2023-02-27,7,2,0.05,51.3,16,Cancelled
506417,14557,2023-02-27,7,2,0.0,54.0,16,Completed
501535,12140,2023-02-27,4,1,0.1,252.0,155,Completed
504092,11363,2023-02-27,7,1,0.05,25.65,8,Completed
510552,14528,2023-02-27,10,2,0.05,209.0,108,Completed
510821,12815,2023-02-27,10,3,0.05,313.5,162,Completed
513005,10410,2023-02-27,5,1,0.15,80.75,43,Completed
511584,14648,2023-02-27,7,1,0.1,24.3,8,Completed
506220,14580,2023-02-28,9,1,0.2,49.6,28,Completed
506793,14446,2023-02-28,5,2,0.0,190.0,86,Completed
508327,17894,2023-02-28,5,1,0.05,90.25,43,Completed
510443,13594,2023-02-28,2,3,0.0,216.0,102,Completed
510308,12243,2023-02-28,10,1,0.05,104.5,54,Completed
514937,17282,2023-02-28,5,2,0.0,190.0,86,Completed
513405,13437,2023-02-28,3,1,0.05,45.6,21,Completed
517487,10729,2023-02-28,1,1,0.1,130.5,79,Completed
512395,12845,2023-02-28,6,2,0.15,59.5,26,Completed
503860,12934,2023-02-28,9,2,0.2,99.2,56,Completed
500023,16384,2023-02-28,5,2,0.1,171.0,86,Completed
512297,13619,2023-02-28,10,4,0.1,396.0,216,Completed
506132,16599,2023-02-28,5,1,0.15,80.75,43,Completed
510399,14871,2023-02-28,9,2,0.0,124.0,56,Completed
506190,10617,2023-02-28,8,2,0.2,140.8,78,Cancelled
506570,12340,2023-02-28,6,2,0.15,59.5,26,Completed
501572,14657,2023-02-28,2,2,0.2,115.2,68,Completed
503822,12020,2023-02-28,6,2,0.0,70.0,26,Completed
512753,11444,2023-02-28,6,2,0.05,66.5,26,Completed
507619,10516,2023-02-28,9,2,0.0,124.0,56,Completed
507214,14301,2023-02-28,2,1,0.1,64.8,34,Completed
505800,11968,2023-02-28,9,1,0.0,62.0,28,Completed
514157,15153,2023-02-28,2,1,0.1,64.8,34,Completed
505822,18322,2023-03-01,1,1,0.2,116.0,79,Completed
516997,11594,2023-03-01,8,1,0.0,88.0,39,Completed
511440,14786,2023-03-01,4,1,0.15,238.0,155,Completed
503858,18386,2023-03-01,2,1,0.0,72.0,34,Completed
510244,12059,2023-03-01,10,1,0.1,99.0,54,Completed
512122,12252,2023-03-01,8,2,0.0,176.0,78,Completed
505387,15947,2023-03-01,7,2,0.1,48.6,16,Completed
504573,14096,2023-03-01,9,2,0.0,124.0,56,Completed
516805,16076,2023-03-01,8,1,0.05,83.6,39,Completed
502278,12416,2023-03-01,5,2,0.05,180.5,86,Completed
512002,12489,2023-03-01,6,1,0.2,28.0,13,Completed
501008,11624,2023-03-01,9,1,0.05,58.9,28,Completed
513152,11660,2023-03-01,4,1,0.05,266.0,155,Completed
512571,13686,2023-03-01,2,1,0.2,57.6,34,Completed
516064,15163,2023-03-01,10,1,0.0,110.0,54,Completed
502348,12893,2023-03-01,2,1,0.0,72.0,34,Completed
508675,16030,2023-03-01,10,4,0.0,440.0,216,Completed
517695,10656,2023-03-01,2,1,0.0,72.0,34,Completed
517856,10893,2023-03-01,1,1,0.0,145.0,79,Completed
503954,14293,2023-03-01,7,2,0.05,51.3,16,Completed
508886,12261,2023-03-01,1,1,0.0,145.0,79,Completed
509082,10501,2023-03-01,3,1,0.05,45.6,21,Completed
504081,17124,2023-03-02,3,1,0.0,48.0,21,Completed
509567,15458,2023-03-02,10,4,0.15,374.0,216,Completed
501004,16064,2023-03-02,4,1,0.05,266.0,155,Completed
509857,15778,2023-03-02,9,1,0.15,52.7,28,Completed
509710,14759,2023-03-02,9,1,0.15,52.7,28,Completed
500048,11480,2023-03-02,7,2,0.05,51.3,16,Completed
517277,10119,2023-03-02,10,1,0.05,104.5,54,Completed
502539,10858,2023-03-02,10,2,0.05,209.0,108,Completed
516316,14884,2023-03-02,8,2,0.15,149.6,78,Completed
509326,15245,2023-03-02,9,2,0.0,124.0,56,Completed
512792,17081,2023-03-03,2,1,0.0,72.0,34,Completed
509213,10230,2023-03-03,1,2,0.05,275.5,158,Completed
516875,12248,2023-03-03,3,2,0.05,91.2,42,Completed
507043,14650,2023-03-03,5,1,0.0,95.0,43,Completed
509862,10628,2023-03-03,4,1,0.1,252.0,155,Completed
514928,15258,2023-03-03,5,1,0.05,90.25,43,Completed
515668,13898,2023-03-03,10,2,0.05,209.0,108,Completed
516476,15941,2023-03-03,5,1,0.0,95.0,43,Completed
503327,12366,2023-03-03,9,1,0.0,62.0,28,Completed
515725,15374,2023-03-03,9,1,0.05,58.9,28,Returned
514238,18195,2023-03-03,6,1,0.2,28.0,13,Completed
510619,14442,2023-03-03,5,2,0.0,190.0,86,Completed
501242,10020,2023-03-03,3,3,0.1,129.6,63,Completed
509886,11814,2023-03-03,5,3,0.0,285.0,129,Completed
510641,12433,2023-03-03,5,1,0.0,95.0,43,Completed
503215,10543,2023-03-03,3,3,0.2,115.2,63,Completed
513456,13123,2023-03-04,6,1,0.0,35.0,13,Returned
514920,10188,2023-03-04,7,1,0.0,27.0,8,Completed
509072,16640,2023-03-04,1,1,0.0,145.0,79,Completed
503542,15796,2023-03-04,9,1,0.15,52.7,28,Completed
502663,15359,2023-03-04,5,1,0.0,95.0,43,Completed
515491,14907,2023-03-04,1,1,0.05,137.75,79,Completed
515007,11897,2023-03-04,7,1,0.05,25.65,8,Completed
515787,11091,2023-03-04,2,3,0.0,216.0,102,Completed
517101,14401,2023-03-04,4,1,0.0,280.0,155,Completed
500361,10250,2023-03-04,8,2,0.05,167.2,78,Completed
513165,18129,2023-03-04,6,2,0.0,70.0,26,Completed
508831,11788,2023-03-05,3,1,0.0,48.0,21,Completed
515748,13668,2023-03-05,1,1,0.05,137.75,79,Completed
517383,13281,2023-03-05,3,4,0.05,182.4,84,Completed
517652,12604,2023-03-05,6,1,0.1,31.5,13,Completed
504816,11178,2023-03-05,7,3,0.15,68.85,24,Completed
502656,11400,2023-03-05,6,2,0.1,63.0,26,Returned
506410,14651,2023-03-05,3,1,0.1,43.2,21,Completed
509183,14311,2023-03-05,9,1,0.05,58.9,28,Completed
512081,13360,2023-03-05,8,2,0.05,167.2,78,Completed
504809,17129,2023-03-05,1,2,0.05,275.5,158,Completed
503750,14425,2023-03-05,6,1,0.0,35.0,13,Completed
517433,14303,2023-03-05,5,1,0.0,95.0,43,Completed
506973,14750,2023-03-05,7,2,0.1,48.6,16,Completed
517951,10622,2023-03-05,5,1,0.1,85.5,43,Returned
502315,16723,2023-03-05,2,1,0.0,72.0,34,Completed
504161,12810,2023-03-05,7,1,0.0,27.0,8,Completed
507830,15915,2023-03-05,5,2,0.15,161.5,86,Completed
516921,15078,2023-03-05,6,1,0.05,33.25,13,Completed
512163,13780,2023-03-06,5,4,0.1,342.0,172,Completed
517642,11034,2023-03-06,2,3,0.05,205.2,102,Completed
514826,15116,2023-03-06,3,1,0.0,48.0,21,Completed
512361,15331,2023-03-06,8,1,0.05,83.6,39,Completed
516966,10939,2023-03-06,6,2,0.0,70.0,26,Completed
505461,11185,2023-03-06,8,2,0.05,167.2,78,Completed
504550,12339,2023-03-06,10,2,0.0,220.0,108,Cancelled
502649,11817,2023-03-06,1,1,0.0,145.0,79,Completed
503413,13142,2023-03-06,10,2,0.05,209.0,108,Completed
513166,15560,2023-03-06,2,1,0.1,64.8,34,Completed
503777,16415,2023-03-06,10,3,0.0,330.0,162,Completed
505814,17514,2023-03-06,3,1,0.15,40.8,21,Completed
508838,14338,2023-03-06,3,1,0.0,48.0,21,Completed
515828,11268,2023-03-06,4,2,0.05,532.0,310,Completed
502763,18038,2023-03-06,3,1,0.2,38.4,21,Completed
516832,11869,2023-03-06,4,1,0.2,224.0,155,Completed
515018,12302,2023-03-06,9,2,0.0,124.0,56,Cancelled
503298,11779,2023-03-06,10,1,0.0,110.0,54,Completed
514123,14725,2023-03-07,1,3,0.0,435.0,237,Completed
510035,17175,2023-03-07,3,1,0.0,48.0,21,Completed
508670,12700,2023-03-07,1,1,0.0,145.0,79,Completed
516080,11577,2023-03-07,4,2,0.1,504.0,310,Completed
513309,11904,2023-03-07,7,3,0.0,81.0,24,Completed
515839,10197,2023-03-07,5,1,0.1,85.5,43,Completed
513805,10747,2023-03-07,8,2,0.05,167.2,78,Completed
515361,13205,2023-03-07,6,2,0.0,70.0,26,Completed
516801,13903,2023-03-07,3,1,0.0,48.0,21,Completed
514233,12269,2023-03-07,10,1,0.05,104.5,54,Completed
500626,17131,2023-03-07,7,2,0.2,43.2,16,Completed
508900,13691,2023-03-07,8,2,0.0,176.0,78,Completed
517677,16162,2023-03-07,6,1,0.0,35.0,13,Completed
513880,15976,2023-03-07,1,1,0.0,145.0,79,Completed
516364,10747,2023-03-07,3,1,0.0,48.0,21,Cancelled
504551,18105,2023-03-08,9,1,0.1,55.8,28,Completed
500992,14222,2023-03-08,6,1,0.0,35.0,13,Completed
507096,11418,2023-03-08,2,1,0.05,68.4,34,Completed
510310,10689,2023-03-08,9,1,0.2,49.6,28,Completed
500659,14448,2023-03-08,9,4,0.0,248.0,112,Completed
516507,10655,2023-03-08,4,1,0.0,280.0,155,Completed
507515,11395,2023-03-08,5,2,0.1,171.0,86,Completed
508176,10100,2023-03-08,1,2,0.2,232.0,158,Cancelled
511789,12178,2023-03-09,8,1,0.05,83.6,39,Returned
514533,15852,2023-03-09,10,1,0.2,88.0,54,Completed
508437,10870,2023-03-09,9,1,0.0,62.0,28,Completed
509647,11372,2023-03-09,7,2,0.15,45.9,16,Completed
517027,11988,2023-03-09,6,1,0.05,33.25,13,Completed
510312,16268,2023-03-09,5,1,0.15,80.75,43,Completed
502715,14026,2023-03-09,2,1,0.05,68.4,34,Completed
512900,15159,2023-03-09,2,1,0.0,72.0,34,Completed
516889,12585,2023-03-09,5,1,0.0,95.0,43,Completed
505137,15188,2023-03-09,1,2,0.0,290.0,158,Completed
510023,17704,2023-03-09,7,1,0.0,27.0,8,Returned
510700,17808,2023-03-10,1,1,0.05,137.75,79,Completed
516074,14274,2023-03-10,2,2,0.1,129.6,68,Completed
508491,14536,2023-03-10,9,2,0.0,124.0,56,Completed
516270,10288,2023-03-10,6,1,0.05,33.25,13,Completed
516202,16495,2023-03-10,5,1,0.05,90.25,43,Completed
500231,14828,2023-03-10,2,1,0.0,72.0,34,Completed
515686,12277,2023-03-10,3,2,0.0,96.0,42,Completed
502227,10630,2023-03-10,7,2,0.1,48.6,16,Completed
508410,15946,2023-03-10,2,2,0.0,144.0,68,Completed
512167,15932,2023-03-10,5,1,0.1,85.5,43,Completed
513061,13448,2023-03-10,9,1,0.05,58.9,28,Completed
514294,13447,2023-03-10,9,1,0.0,62.0,28,Completed
507637,12656,2023-03-10,6,2,0.0,70.0,26,Returned
503037,11975,2023-03-10,1,2,0.2,232.0,158,Completed
513780,10562,2023-03-10,6,4,0.2,112.0,52,Completed
509748,13061,2023-03-10,2,1,0.0,72.0,34,Completed
510602,11351,2023-03-11,8,1,0.0,88.0,39,Completed
509052,15118,2023-03-11,6,1,0.05,33.25,13,Completed
513536,15089,2023-03-11,7,3,0.05,76.95,24,Completed
511200,10449,2023-03-11,5,3,0.1,256.5,129,Completed
511823,14303,2023-03-11,3,1,0.1,43.2,21,Completed
508919,15082,2023-03-11,1,1,0.1,130.5,79,Completed
507136,13981,2023-03-11,10,1,0.05,104.5,54,Completed
509604,12883,2023-03-11,8,1,0.0,88.0,39,Completed
512098,13592,2023-03-11,8,1,0.1,79.2,39,Completed
516248,11326,2023-03-11,8,1,0.15,74.8,39,Completed
509703,16830,2023-03-11,10,1,0.0,110.0,54,Completed
501192,16849,2023-03-11,10,1,0.0,110.0,54,Completed
506770,14425,2023-03-11,3,1,0.1,43.2,21,Completed
511454,14886,2023-03-11,9,1,0.0,62.0,28,Completed
514230,10746,2023-03-11,7,1,0.05,25.65,8,Completed
512255,15653,2023-03-11,7,1,0.15,22.95,8,Completed
508746,15304,2023-03-11,1,1,0.0,145.0,79,Completed
502561,10773,2023-03-11,2,1,0.0,72.0,34,Completed
510878,13155,2023-03-12,3,1,0.0,48.0,21,Completed
505263,12277,2023-03-12,10,1,0.15,93.5,54,Completed
503510,14819,2023-03-12,1,1,0.05,137.75,79,Completed
508143,18024,2023-03-12,7,1,0.1,24.3,8,Completed
516676,11767,2023-03-12,5,2,0.0,190.0,86,Completed
505513,16832,2023-03-12,2,3,0.1,194.4,102,Completed
508979,12552,2023-03-12,3,2,0.05,91.2,42,Completed
511020,10290,2023-03-12,1,1,0.1,130.5,79,Completed
510242,16577,2023-03-12,6,1,0.0,35.0,13,Completed
505901,12171,2023-03-12,3,3,0.0,144.0,63,Completed
504663,14596,2023-03-12,8,1,0.1,79.2,39,Completed
517252,18471,2023-03-12,5,1,0.0,95.0,43,Completed
504190,14197,2023-03-12,9,3,0.0,186.0,84,Completed
510390,15446,2023-03-12,10,1,0.0,110.0,54,Completed
514825,11241,2023-03-12,6,1,0.0,35.0,13,Completed
512351,15612,2023-03-12,9,1,0.05,58.9,28,Completed
502112,17845,2023-03-12,6,2,0.1,63.0,26,Completed
508686,14814,2023-03-12,4,1,0.0,280.0,155,Completed
506576,10434,2023-03-12,3,1,0.0,48.0,21,Completed
514543,13220,2023-03-12,2,2,0.0,144.0,68,Completed
517832,10700,2023-03-12,1,2,0.0,290.0,158,Completed
509892,10572,2023-03-12,8,1,0.0,88.0,39,Completed
514952,10520,2023-03-12,9,1,0.15,52.7,28,Completed
509909,12876,2023-03-13,3,2,0.05,91.2,42,Completed
517138,11015,2023-03-13,4,3,0.05,798.0,465,Completed
508929,10803,2023-03-13,8,2,0.15,149.6,78,Completed
506460,16025,2023-03-13,2,1,0.1,64.8,34,Completed
512974,11849,2023-03-13,2,1,0.1,64.8,34,Completed
504022,11855,2023-03-13,7,1,0.15,22.95,8,Completed
505428,15373,2023-03-13,4,4,0.0,1120.0,620,Completed
505491,13265,2023-03-13,9,1,0.05,58.9,28,Completed
517765,10453,2023-03-13,9,2,0.2,99.2,56,Completed
500467,11345,2023-03-13,9,4,0.0,248.0,112,Returned
516499,16244,2023-03-13,8,3,0.1,237.6,117,Completed
507060,16304,2023-03-13,9,1,0.15,52.7,28,Completed
515519,12354,2023-03-13,7,2,0.0,54.0,16,Completed
507410,15656,2023-03-13,8,1,0.1,79.2,39,Completed
514441,13808,2023-03-14,3,4,0.05,182.4,84,Completed
510324,13290,2023-03-14,9,1,0.15,52.7,28,Completed
506170,11146,2023-03-14,7,1,0.05,25.65,8,Completed
507405,15564,2023-03-14,9,1,0.0,62.0,28,Completed
514898,16943,2023-03-14,6,1,0.2,28.0,13,Completed
509608,14031,2023-03-14,7,1,0.2,21.6,8,Completed
500312,16194,2023-03-14,6,1,0.05,33.25,13,Completed
508049,17146,2023-03-14,4,2,0.0,560.0,310,Completed
500044,10330,2023-03-14,4,2,0.0,560.0,310,Completed
512910,12566,2023-03-14,8,1,0.0,88.0,39,Returned
517803,12851,2023-03-14,1,1,0.05,137.75,79,Completed
506119,13733,2023-03-14,1,2,0.15,246.5,158,Completed
514963,11316,2023-03-14,9,1,0.05,58.9,28,Completed
508867,11161,2023-03-14,8,1,0.1,79.2,39,Completed
508352,11760,2023-03-14,1,3,0.05,413.25,237,Completed
505545,11621,2023-03-14,3,2,0.15,81.6,42,Completed
506697,14935,2023-03-14,6,2,0.0,70.0,26,Completed
511991,15368,2023-03-14,8,2,0.1,158.4,78,Completed
510866,16987,2023-03-14,9,2,0.15,105.4,56,Completed
505781,15671,2023-03-14,9,1,0.0,62.0,28,Completed
504540,14554,2023-03-15,8,1,0.05,83.6,39,Completed
511883,11271,2023-03-15,6,1,0.05,33.25,13,Completed
509786,10970,2023-03-15,3,1,0.05,45.6,21,Cancelled
512875,14791,2023-03-15,9,1,0.1,55.8,28,Cancelled
513163,16053,2023-03-15,1,1,0.0,145.0,79,Completed
507714,16049,2023-03-15,7,2,0.0,54.0,16,Completed
507611,11572,2023-03-15,7,1,0.0,27.0,8,Completed
508664,10992,2023-03-15,5,1,0.0,95.0,43,Completed
512215,10165,2023-03-15,2,2,0.05,136.8,68,Completed
512183,14579,2023-03-15,8,1,0.05,83.6,39,Completed
511218,10440,2023-03-15,9,1,0.1,55.8,28,Completed
515972,12329,2023-03-15,3,1,0.1,43.2,21,Completed
515570,11989,2023-03-16,6,1,0.0,35.0,13,Completed
514526,14605,2023-03-16,4,1,0.05,266.0,155,Completed
516594,10374,2023-03-16,9,1,0.2,49.6,28,Completed
510868,17840,2023-03-16,2,2,0.05,136.8,68,Completed
506029,11840,2023-03-16,3,2,0.0,96.0,42,Completed
505284,12539,2023-03-16,4,2,0.0,560.0,310,Completed
517507,13257,2023-03-16,7,1,0.15,22.95,8,Completed
511568,10439,2023-03-16,4,3,0.05,798.0,465,Completed
514651,11176,2023-03-16,7,1,0.05,25.65,8,Completed
502096,16991,2023-03-16,7,2,0.0,54.0,16,Completed
507691,12552,2023-03-16,7,3,0.05,76.95,24,Completed
511702,12706,2023-03-16,1,2,0.2,232.0,158,Completed
501366,14994,2023-03-16,7,3,0.0,81.0,24,Completed
502725,16530,2023-03-16,2,1,0.1,64.8,34,Completed
508476,13499,2023-03-16,9,4,0.0,248.0,112,Completed
512042,14912,2023-03-16,9,2,0.1,111.6,56,Completed
503668,10526,2023-03-16,8,1,0.0,88.0,39,Completed
515851,16413,2023-03-16,10,1,0.1,99.0,54,Completed
514870,17586,2023-03-16,5,2,0.05,180.5,86,Completed
503938,14481,2023-03-16,3,1,0.0,48.0,21,Completed
515779,15257,2023-03-16,3,2,0.2,76.8,42,Completed
507825,16313,2023-03-16,1,1,0.15,123.25,79,Completed
505258,12577,2023-03-16,6,2,0.15,59.5,26,Completed
502149,12415,2023-03-16,7,1,0.05,25.65,8,Completed
508489,12529,2023-03-16,1,1,0.15,123.25,79,Completed
509883,13194,2023-03-16,7,1,0.1,24.3,8,Completed
505123,15001,2023-03-16,2,1,0.0,72.0,34,Completed
502812,15199,2023-03-16,8,3,0.0,264.0,117,Completed
505873,15096,2023-03-16,1,2,0.1,261.0,158,Completed
503565,15938,2023-03-17,10,2,0.05,209.0,108,Completed
507047,10948,2023-03-17,1,1,0.0,145.0,79,Completed
510977,15568,2023-03-17,1,1,0.0,145.0,79,Completed
513623,13471,2023-03-17,3,3,0.1,129.6,63,Completed
511677,11562,2023-03-17,1,1,0.05,137.75,79,Completed
512028,17169,2023-03-17,6,2,0.0,70.0,26,Completed
512176,16601,2023-03-17,5,1,0.1,85.5,43,Completed
502047,12485,2023-03-17,6,1,0.15,29.75,13,Completed
503299,15666,2023-03-17,5,1,0.0,95.0,43,Completed
502098,17900,2023-03-17,5,3,0.15,242.25,129,Completed
506679,12351,2023-03-17,9,1,0.1,55.8,28,Completed
507757,16881,2023-03-17,4,1,0.2,224.0,155,Completed
507820,11795,2023-03-17,8,1,0.0,88.0,39,Completed
510325,10346,2023-03-17,9,1,0.2,49.6,28,Completed
509669,17943,2023-03-17,10,1,0.05,104.5,54,Completed
510360,12705,2023-03-17,3,1,0.1,43.2,21,Cancelled
513354,10620,2023-03-17,5,1,0.0,95.0,43,Completed
510572,10147,2023-03-17,8,1,0.0,88.0,39,Completed
514787,11099,2023-03-17,6,1,0.0,35.0,13,Completed
511447,16149,2023-03-18,10,1,0.05,104.5,54,Completed
506508,17846,2023-03-18,3,1,0.0,48.0,21,Completed
506109,11229,2023-03-18,3,1,0.05,45.6,21,Returned
516700,17403,2023-03-18,9,2,0.1,111.6,56,Completed
507378,17334,2023-03-18,7,1,0.0,27.0,8,Completed
514422,12968,2023-03-18,2,1,0.05,68.4,34,Completed
504423,10331,2023-03-18,2,1,0.0,72.0,34,Completed
515220,17510,2023-03-18,9,2,0.0,124.0,56,Completed
511719,10922,2023-03-18,8,2,0.15,149.6,78,Completed
500205,17468,2023-03-18,10,1,0.0,110.0,54,Completed
517210,10118,2023-03-18,3,2,0.1,86.4,42,Completed
507810,10803,2023-03-18,2,1,0.0,72.0,34,Completed
513127,14070,2023-03-18,8,1,0.0,88.0,39,Completed
503266,11997,2023-03-18,7,1,0.2,21.6,8,Returned
506825,13522,2023-03-18,3,2,0.0,96.0,42,Completed
501663,10811,2023-03-18,10,1,0.05,104.5,54,Completed
513314,10299,2023-03-18,2,1,0.15,61.2,34,Completed
503667,14581,2023-03-18,2,3,0.0,216.0,102,Completed
502935,10393,2023-03-19,8,1,0.1,79.2,39,Completed
505394,12802,2023-03-19,2,1,0.0,72.0,34,Completed
506327,12462,2023-03-19,6,1,0.15,29.75,13,Completed
505288,14890,2023-03-19,10,2,0.15,187.0,108,Completed
502989,14708,2023-03-19,6,1,0.15,29.75,13,Completed
512461,10688,2023-03-19,9,1,0.0,62.0,28,Completed
517521,11151,2023-03-19,3,3,0.05,136.8,63,Completed
513416,13351,2023-03-19,7,1,0.15,22.95,8,Completed
511653,14203,2023-03-19,2,1,0.1,64.8,34,Completed
501851,10919,2023-03-19,5,1,0.0,95.0,43,Completed
506172,13062,2023-03-19,3,1,0.05,45.6,21,Completed
515129,14103,2023-03-19,7,3,0.0,81.0,24,Completed
511932,11003,2023-03-19,7,2,0.05,51.3,16,Returned
506191,13981,2023-03-19,1,1,0.15,123.25,79,Completed
511265,11646,2023-03-19,10,1,0.15,93.5,54,Returned
503590,11506,2023-03-20,9,1,0.05,58.9,28,Completed
506501,15528,2023-03-20,1,1,0.15,123.25,79,Completed
504102,10520,2023-03-20,4,1,0.0,280.0,155,Completed
514698,12059,2023-03-20,5,2,0.0,190.0,86,Returned
505423,17002,2023-03-20,2,2,0.0,144.0,68,Completed
517892,12883,2023-03-20,5,1,0.0,95.0,43,Returned
516557,11720,2023-03-20,7,1,0.2,21.6,8,Completed
501592,16833,2023-03-20,1,1,0.1,130.5,79,Completed
516585,10182,2023-03-20,9,1,0.05,58.9,28,Completed
500971,11834,2023-03-20,10,1,0.05,104.5,54,Completed
500530,12815,2023-03-20,3,2,0.0,96.0,42,Completed
501506,13781,2023-03-20,3,3,0.0,144.0,63,Completed
506742,15664,2023-03-20,1,1,0.0,145.0,79,Completed
517667,10809,2023-03-20,4,1,0.1,252.0,155,Completed
505615,13356,2023-03-20,1,1,0.05,137.75,79,Completed
502845,11859,2023-03-21,7,1,0.0,27.0,8,Completed
500839,11202,2023-03-21,9,1,0.2,49.6,28,Completed
502480,10405,2023-03-21,7,1,0.1,24.3,8,Completed
516307,11477,2023-03-21,5,1,0.2,76.0,43,Completed
502737,16088,2023-03-21,9,1,0.0,62.0,28,Completed
507870,17085,2023-03-21,10,3,0.05,313.5,162,Returned
508194,10972,2023-03-21,2,2,0.15,122.4,68,Completed
505689,13855,2023-03-21,1,3,0.1,391.5,237,Completed
513425,10344,2023-03-21,5,1,0.0,95.0,43,Completed
516327,16122,2023-03-21,5,1,0.0,95.0,43,Completed
505847,14233,2023-03-21,9,1,0.15,52.7,28,Completed
511129,10967,2023-03-21,2,1,0.05,68.4,34,Completed
517725,15161,2023-03-21,1,2,0.1,261.0,158,Completed
507592,13303,2023-03-21,7,1,0.05,25.65,8,Completed
504582,15038,2023-03-21,9,1,0.15,52.7,28,Completed
517427,11344,2023-03-21,9,1,0.05,58.9,28,Completed
508187,12955,2023-03-21,3,1,0.05,45.6,21,Completed
511980,10335,2023-03-22,5,1,0.0,95.0,43,Completed
513611,10546,2023-03-22,6,2,0.15,59.5,26,Completed
510562,15380,2023-03-22,1,1,0.15,123.25,79,Completed
510860,11579,2023-03-22,8,2,0.0,176.0,78,Completed
502756,11877,2023-03-22,3,2,0.1,86.4,42,Completed
508447,10534,2023-03-22,9,2,0.05,117.8,56,Completed
516723,11181,2023-03-22,6,1,0.0,35.0,13,Completed
505620,14738,2023-03-22,10,4,0.05,418.0,216,Completed
504160,17727,2023-03-22,5,1,0.2,76.0,43,Completed
506875,10419,2023-03-22,9,1,0.0,62.0,28,Completed
510525,11493,2023-03-22,6,1,0.0,35.0,13,Completed
511995,13686,2023-03-22,9,2,0.0,124.0,56,Completed
501765,10957,2023-03-22,6,1,0.05,33.25,13,Completed
508080,11072,2023-03-22,3,1,0.0,48.0,21,Completed
505225,13690,2023-03-22,3,1,0.05,45.6,21,Completed
514059,11494,2023-03-22,9,1,0.05,58.9,28,Completed
512669,15831,2023-03-22,9,3,0.05,176.7,84,Completed
505554,15609,2023-03-22,3,2,0.0,96.0,42,Completed
501158,14929,2023-03-22,7,1,0.05,25.65,8,Completed
501623,17137,2023-03-23,10,1,0.1,99.0,54,Completed
509074,10447,2023-03-23,4,1,0.0,280.0,155,Completed
506785,10685,2023-03-23,9,1,0.15,52.7,28,Completed
506087,13846,2023-03-23,3,2,0.0,96.0,42,Completed
500905,12016,2023-03-23,3,3,0.0,144.0,63,Cancelled
509408,10784,2023-03-23,8,3,0.1,237.6,117,Cancelled
511749,10562,2023-03-23,4,1,0.0,280.0,155,Completed
507512,13993,2023-03-23,8,1,0.0,88.0,39,Completed
502631,12251,2023-03-23,5,2,0.15,161.5,86,Completed
515033,10405,2023-03-23,8,1,0.05,83.6,39,Completed
510280,18030,2023-03-23,8,2,0.05,167.2,78,Completed
515729,11240,2023-03-23,3,1,0.2,38.4,21,Completed
507692,10164,2023-03-23,10,1,0.05,104.5,54,Completed
514552,13290,2023-03-23,3,2,0.05,91.2,42,Returned
516472,15601,2023-03-23,2,4,0.0,288.0,136,Completed
503941,10762,2023-03-23,8,1,0.1,79.2,39,Completed
517414,13864,2023-03-23,5,1,0.05,90.25,43,Completed
509071,13372,2023-03-23,7,1,0.05,25.65,8,Completed
500374,17539,2023-03-23,7,3,0.1,72.9,24,Completed
512661,10960,2023-03-23,5,1,0.05,90.25,43,Completed
514729,11266,2023-03-23,6,1,0.1,31.5,13,Completed
511322,12418,2023-03-23,2,2,0.0,144.0,68,Completed
506779,13299,2023-03-23,3,4,0.0,192.0,84,Completed
502990,11555,2023-03-24,9,1,0.0,62.0,28,Returned
508570,16061,2023-03-24,10,2,0.2,176.0,108,Completed
505880,11561,2023-03-24,1,2,0.0,290.0,158,Completed
511968,14066,2023-03-24,1,2,0.15,246.5,158,Completed
506154,15061,2023-03-24,6,1,0.05,33.25,13,Completed
503122,11488,2023-03-24,5,1,0.0,95.0,43,Completed
507382,14168,2023-03-24,1,2,0.0,290.0,158,Completed
501023,11758,2023-03-24,6,1,0.1,31.5,13,Completed
516564,14657,2023-03-24,9,1,0.05,58.9,28,Cancelled
500277,12780,2023-03-24,5,1,0.05,90.25,43,Completed
512018,11525,2023-03-24,8,1,0.1,79.2,39,Completed
502124,12823,2023-03-24,9,2,0.0,124.0,56,Completed
500146,11120,2023-03-24,10,1,0.0,110.0,54,Completed
503600,11114,2023-03-25,5,2,0.1,171.0,86,Completed
513511,15486,2023-03-25,8,1,0.2,70.4,39,Completed
505162,11808,2023-03-25,7,1,0.0,27.0,8,Completed
509615,11630,2023-03-25,7,1,0.0,27.0,8,Completed
512097,13277,2023-03-25,2,3,0.0,216.0,102,Returned
516629,15331,2023-03-25,2,1,0.0,72.0,34,Completed
501319,17836,2023-03-25,8,1,0.0,88.0,39,Completed
511154,12167,2023-03-25,5,1,0.0,95.0,43,Completed
511301,13514,2023-03-25,1,2,0.05,275.5,158,Returned
503412,14925,2023-03-25,2,1,0.0,72.0,34,Completed
513013,14032,2023-03-25,6,2,0.0,70.0,26,Completed
513598,13637,2023-03-25,3,3,0.1,129.6,63,Completed
510609,14787,2023-03-25,5,3,0.0,285.0,129,Completed
515212,11488,2023-03-25,3,1,0.0,48.0,21,Completed
516506,15196,2023-03-25,5,1,0.0,95.0,43,Completed
506841,15810,2023-03-25,6,2,0.0,70.0,26,Completed
505236,10053,2023-03-25,1,3,0.1,391.5,237,Completed
504739,12499,2023-03-25,9,1,0.0,62.0,28,Completed
501834,10483,2023-03-25,3,1,0.0,48.0,21,Completed
506245,13982,2023-03-26,4,1,0.05,266.0,155,Completed
505708,14021,2023-03-26,2,1,0.0,72.0,34,Completed
502657,15525,2023-03-26,4,1,0.0,280.0,155,Completed
511484,10183,2023-03-26,6,2,0.0,70.0,26,Completed
501085,13628,2023-03-26,3,4,0.1,172.8,84,Completed
516063,17081,2023-03-26,1,1,0.15,123.25,79,Completed
510062,16048,2023-03-26,8,1,0.0,88.0,39,Completed
516928,11300,2023-03-26,7,1,0.0,27.0,8,Completed
505717,12530,2023-03-26,8,1,0.0,88.0,39,Completed
517041,13538,2023-03-26,3,2,0.05,91.2,42,Completed
509017,11873,2023-03-26,4,1,0.0,280.0,155,Completed
515200,16319,2023-03-26,7,3,0.1,72.9,24,Completed
505562,13751,2023-03-26,7,1,0.1,24.3,8,Completed
502759,11741,2023-03-26,1,1,0.1,130.5,79,Completed
514598,12025,2023-03-26,9,1,0.2,49.6,28,Completed
515083,12666,2023-03-26,1,1,0.1,130.5,79,Completed
505923,16875,2023-03-26,8,3,0.0,264.0,117,Completed
515826,18203,2023-03-27,2,1,0.05,68.4,34,Completed
501511,15435,2023-03-27,7,1,0.15,22.95,8,Completed
508120,10520,2023-03-27,8,1,0.2,70.4,39,Completed
508643,14925,2023-03-27,1,2,0.0,290.0,158,Completed
517838,15085,2023-03-27,6,1,0.0,35.0,13,Completed
503195,15147,2023-03-27,5,1,0.1,85.5,43,Completed
514074,13166,2023-03-27,6,2,0.0,70.0,26,Completed
500172,13979,2023-03-27,9,2,0.0,124.0,56,Completed
515337,10351,2023-03-27,6,1,0.05,33.25,13,Completed
506484,11920,2023-03-27,1,1,0.1,130.5,79,Returned
512398,13435,2023-03-27,3,1,0.05,45.6,21,Completed
505875,11660,2023-03-27,8,2,0.0,176.0,78,Completed
506870,14590,2023-03-27,8,2,0.1,158.4,78,Completed
514873,16711,2023-03-27,5,1,0.05,90.25,43,Completed
512085,16647,2023-03-28,10,2,0.05,209.0,108,Completed
505315,14698,2023-03-28,1,3,0.0,435.0,237,Completed
503214,10197,2023-03-28,10,1,0.0,110.0,54,Returned
503855,12269,2023-03-28,2,2,0.1,129.6,68,Completed
515757,14702,2023-03-28,3,1,0.15,40.8,21,Completed
517188,17866,2023-03-28,5,2,0.1,171.0,86,Completed
515321,16443,2023-03-28,1,1,0.0,145.0,79,Completed
500819,10929,2023-03-28,8,1,0.1,79.2,39,Completed
505051,13249,2023-03-28,5,1,0.0,95.0,43,Completed
508677,10250,2023-03-28,9,1,0.1,55.8,28,Completed
509514,10189,2023-03-28,5,2,0.2,152.0,86,Completed
506737,14570,2023-03-28,8,1,0.1,79.2,39,Returned
516471,10366,2023-03-28,6,2,0.0,70.0,26,Completed
505355,10132,2023-03-28,8,4,0.15,299.2,156,Completed
514084,18300,2023-03-28,7,1,0.1,24.3,8,Completed
507589,11021,2023-03-28,8,1,0.05,83.6,39,Cancelled
512546,14816,2023-03-28,1,1,0.0,145.0,79,Completed
502229,11791,2023-03-28,10,1,0.1,99.0,54,Completed
506629,12700,2023-03-28,10,1,0.1,99.0,54,Completed
505597,11175,2023-03-28,1,1,0.1,130.5,79,Completed
505544,12402,2023-03-28,1,2,0.0,290.0,158,Completed
509258,11173,2023-03-29,9,1,0.0,62.0,28,Completed
512917,16187,2023-03-29,5,1,0.0,95.0,43,Completed
502385,11631,2023-03-29,2,2,0.05,136.8,68,Completed
510611,10526,2023-03-29,1,1,0.0,145.0,79,Completed
503322,10056,2023-03-29,5,1,0.15,80.75,43,Completed
511008,14183,2023-03-29,3,3,0.05,136.8,63,Completed
512709,13861,2023-03-29,2,1,0.0,72.0,34,Completed
512012,15702,2023-03-29,3,1,0.05,45.6,21,Completed
506175,11834,2023-03-29,10,1,0.1,99.0,54,Completed
510387,11328,2023-03-29,1,2,0.0,290.0,158,Completed
505785,12926,2023-03-29,7,1,0.0,27.0,8,Completed
515554,13309,2023-03-29,9,3,0.05,176.7,84,Completed
511814,13823,2023-03-29,9,1,0.15,52.7,28,Completed
507312,14662,2023-03-30,6,2,0.15,59.5,26,Completed
502921,12486,2023-03-30,6,1,0.0,35.0,13,Completed
505181,14311,2023-03-30,8,1,0.1,79.2,39,Completed
511727,15535,2023-03-30,3,1,0.05,45.6,21,Returned
506659,12594,2023-03-30,7,1,0.0,27.0,8,Completed
502966,10233,2023-03-30,5,1,0.0,95.0,43,Completed
503809,10253,2023-03-30,8,2,0.05,167.2,78,Completed
513408,17160,2023-03-30,1,1,0.0,145.0,79,Completed
516850,12378,2023-03-30,4,1,0.05,266.0,155,Completed
512470,12183,2023-03-30,1,1,0.0,145.0,79,Completed
500284,11999,2023-03-30,9,1,0.05,58.9,28,Cancelled
502638,12252,2023-03-30,2,2,0.15,122.4,68,Completed
501504,12883,2023-03-30,6,1,0.2,28.0,13,Completed
501418,16035,2023-03-30,1,1,0.1,130.5,79,Completed
508743,12947,2023-03-30,8,3,0.05,250.8,117,Cancelled
510089,14545,2023-03-30,9,2,0.1,111.6,56,Completed
503848,12703,2023-03-30,3,1,0.0,48.0,21,Completed
505621,10935,2023-03-30,10,1,0.0,110.0,54,Completed
509341,17857,2023-03-30,3,4,0.05,182.4,84,Completed
506956,12679,2023-03-30,10,1,0.1,99.0,54,Completed
503260,13146,2023-03-30,3,1,0.0,48.0,21,Completed
508040,13303,2023-03-30,5,1,0.15,80.75,43,Completed
507148,17404,2023-03-31,1,1,0.05,137.75,79,Completed
509678,13737,2023-03-31,4,4,0.0,1120.0,620,Completed
506980,11697,2023-03-31,6,1,0.05,33.25,13,Completed
500609,12666,2023-03-31,6,1,0.05,33.25,13,Completed
502593,13416,2023-03-31,6,1,0.1,31.5,13,Completed
501122,10783,2023-03-31,5,1,0.0,95.0,43,Completed
500392,11744,2023-03-31,7,1,0.2,21.6,8,Returned
507211,13225,2023-03-31,5,2,0.0,190.0,86,Completed
510903,14277,2023-03-31,5,1,0.0,95.0,43,Completed
505894,12786,2023-03-31,2,3,0.05,205.2,102,Completed
500236,14344,2023-03-31,5,2,0.1,171.0,86,Completed
507017,10414,2023-03-31,4,1,0.15,238.0,155,Completed
507318,16906,2023-03-31,9,1,0.0,62.0,28,Returned
516905,16279,2023-03-31,5,2,0.0,190.0,86,Returned
511850,10381,2023-03-31,10,1,0.05,104.5,54,Cancelled
501894,13106,2023-04-01,9,2,0.0,124.0,56,Completed
514480,15209,2023-04-01,7,1,0.0,27.0,8,Completed
515458,11432,2023-04-01,2,1,0.0,72.0,34,Returned
503892,12290,2023-04-01,7,1,0.15,22.95,8,Returned
511402,13256,2023-04-01,7,2,0.05,51.3,16,Completed
502625,12752,2023-04-01,7,3,0.0,81.0,24,Completed
515378,13898,2023-04-01,4,1,0.2,224.0,155,Completed
507817,11435,2023-04-01,1,1,0.1,130.5,79,Completed
501658,12522,2023-04-01,2,1,0.05,68.4,34,Completed
503744,10102,2023-04-01,7,1,0.0,27.0,8,Returned
501638,10379,2023-04-01,6,3,0.0,105.0,39,Completed
507641,14376,2023-04-01,8,2,0.05,167.2,78,Completed
508277,16397,2023-04-01,7,2,0.1,48.6,16,Completed
509421,16949,2023-04-01,10,1,0.0,110.0,54,Completed
507102,12810,2023-04-01,5,1,0.0,95.0,43,Completed
514662,18431,2023-04-01,10,3,0.0,330.0,162,Completed
512865,17284,2023-04-02,3,1,0.05,45.6,21,Completed
511274,12450,2023-04-02,3,1,0.05,45.6,21,Completed
516429,12587,2023-04-02,7,1,0.1,24.3,8,Completed
509078,13538,2023-04-02,9,1,0.0,62.0,28,Completed
515880,11840,2023-04-02,8,1,0.0,88.0,39,Completed
509406,16361,2023-04-02,4,3,0.0,840.0,465,Completed
516181,17151,2023-04-02,8,1,0.0,88.0,39,Completed
510017,12507,2023-04-02,7,1,0.0,27.0,8,Completed
509719,12483,2023-04-02,2,1,0.0,72.0,34,Completed
504055,10809,2023-04-02,1,1,0.0,145.0,79,Completed
512585,10405,2023-04-02,1,2,0.2,232.0,158,Completed
503369,11181,2023-04-02,2,1,0.05,68.4,34,Completed
512501,14210,2023-04-02,7,1,0.05,25.65,8,Completed
503755,13657,2023-04-02,7,1,0.0,27.0,8,Completed
508262,13161,2023-04-02,7,1,0.15,22.95,8,Completed
514444,13376,2023-04-02,8,1,0.05,83.6,39,Completed
510319,10930,2023-04-03,7,1,0.15,22.95,8,Returned
516369,14547,2023-04-03,8,3,0.0,264.0,117,Completed
506784,17466,2023-04-03,6,2,0.0,70.0,26,Completed
512148,16490,2023-04-03,4,1,0.0,280.0,155,Completed
517977,12882,2023-04-03,8,2,0.0,176.0,78,Completed
513271,11744,2023-04-03,2,1,0.0,72.0,34,Completed
504757,17545,2023-04-03,7,3,0.0,81.0,24,Completed
507440,14928,2023-04-03,9,1,0.0,62.0,28,Completed
504493,10720,2023-04-03,1,1,0.0,145.0,79,Completed
511806,10778,2023-04-03,1,1,0.0,145.0,79,Completed
504046,13413,2023-04-03,10,2,0.1,198.0,108,Completed
503850,16240,2023-04-03,10,2,0.0,220.0,108,Returned
513876,14021,2023-04-03,8,2,0.2,140.8,78,Completed
505035,10519,2023-04-03,6,1,0.05,33.25,13,Completed
517048,16443,2023-04-03,9,1,0.0,62.0,28,Completed
515468,17755,2023-04-03,1,1,0.1,130.5,79,Completed
503592,11608,2023-04-03,5,4,0.0,380.0,172,Completed
507562,10798,2023-04-03,4,2,0.05,532.0,310,Completed
501840,11425,2023-04-03,2,2,0.1,129.6,68,Completed
512266,13021,2023-04-04,8,1,0.1,79.2,39,Completed
505885,14614,2023-04-04,7,1,0.2,21.6,8,Completed
511390,16990,2023-04-04,1,2,0.0,290.0,158,Completed
503856,14952,2023-04-04,4,1,0.05,266.0,155,Returned
509759,17117,2023-04-04,6,1,0.15,29.75,13,Completed
515073,10522,2023-04-04,3,1,0.0,48.0,21,Completed
508454,13822,2023-04-04,9,3,0.15,158.1,84,Completed
516962,14106,2023-04-04,8,2,0.1,158.4,78,Completed
504973,12856,2023-04-04,5,1,0.15,80.75,43,Completed
512638,12426,2023-04-04,9,1,0.15,52.7,28,Completed
512423,10443,2023-04-04,4,1,0.0,280.0,155,Completed
506651,15083,2023-04-04,8,2,0.0,176.0,78,Completed
510318,12062,2023-04-04,8,1,0.0,88.0,39,Completed
506879,11651,2023-04-04,1,1,0.0,145.0,79,Completed
509192,13205,2023-04-04,1,1,0.05,137.75,79,Completed
502271,14051,2023-04-04,8,2,0.05,167.2,78,Completed
503477,11155,2023-04-04,2,1,0.0,72.0,34,Completed
515524,10651,2023-04-05,3,2,0.1,86.4,42,Completed
503462,17527,2023-04-05,10,1,0.0,110.0,54,Returned
500012,12367,2023-04-05,7,1,0.15,22.95,8,Completed
517617,13258,2023-04-05,5,1,0.1,85.5,43,Completed
517734,18338,2023-04-05,8,1,0.0,88.0,39,Completed
507137,10612,2023-04-05,7,2,0.15,45.9,16,Completed
508851,14252,2023-04-05,9,1,0.15,52.7,28,Completed
506165,17616,2023-04-05,2,1,0.0,72.0,34,Completed
506287,11283,2023-04-05,8,2,0.15,149.6,78,Completed
501159,11672,2023-04-05,3,1,0.2,38.4,21,Completed
503175,11791,2023-04-05,7,2,0.15,45.9,16,Completed
500516,12581,2023-04-05,1,2,0.1,261.0,158,Completed
515066,15621,2023-04-05,1,1,0.1,130.5,79,Cancelled
506094,17106,2023-04-06,4,1,0.15,238.0,155,Completed
502117,17950,2023-04-06,6,2,0.05,66.5,26,Completed
515855,14927,2023-04-06,5,1,0.2,76.0,43,Completed
511180,17994,2023-04-06,9,1,0.05,58.9,28,Completed
516526,11259,2023-04-06,10,1,0.15,93.5,54,Completed
504327,15450,2023-04-06,6,4,0.2,112.0,52,Completed
508069,16121,2023-04-06,7,1,0.0,27.0,8,Completed
503940,11030,2023-04-06,4,1,0.0,280.0,155,Completed
514877,10147,2023-04-06,8,1,0.05,83.6,39,Completed
502874,17502,2023-04-06,10,1,0.0,110.0,54,Completed
507583,10327,2023-04-06,4,1,0.2,224.0,155,Completed
501380,11202,2023-04-06,8,3,0.0,264.0,117,Completed
503503,15268,2023-04-06,5,1,0.05,90.25,43,Completed
514897,15084,2023-04-06,9,1,0.05,58.9,28,Completed
516814,12626,2023-04-07,8,2,0.05,167.2,78,Completed
512635,13097,2023-04-07,2,3,0.0,216.0,102,Completed
506472,14238,2023-04-07,2,1,0.0,72.0,34,Completed
510628,18042,2023-04-07,3,2,0.0,96.0,42,Completed
511412,11326,2023-04-07,6,2,0.0,70.0,26,Completed
500684,11502,2023-04-07,2,1,0.1,64.8,34,Returned
500165,17061,2023-04-07,3,1,0.1,43.2,21,Completed
514098,15469,2023-04-07,6,2,0.1,63.0,26,Completed
500455,11138,2023-04-07,2,1,0.0,72.0,34,Completed
512890,10488,2023-04-07,8,1,0.05,83.6,39,Completed
512583,11502,2023-04-07,4,2,0.2,448.0,310,Completed
507044,13648,2023-04-07,5,1,0.15,80.75,43,Completed
507991,10525,2023-04-07,3,1,0.0,48.0,21,Completed
511868,14409,2023-04-07,9,2,0.1,111.6,56,Completed
514503,16320,2023-04-07,9,2,0.05,117.8,56,Completed
516014,11195,2023-04-07,3,3,0.15,122.4,63,Completed
502981,10143,2023-04-07,3,1,0.0,48.0,21,Completed
501108,12116,2023-04-08,1,2,0.0,290.0,158,Completed
510241,14711,2023-04-08,7,2,0.2,43.2,16,Completed
503154,15076,2023-04-08,6,2,0.05,66.5,26,Completed
506178,11665,2023-04-08,4,1,0.05,266.0,155,Completed
503911,17161,2023-04-08,5,1,0.0,95.0,43,Completed
516522,12327,2023-04-08,6,2,0.0,70.0,26,Completed
507694,12495,2023-04-08,9,1,0.05,58.9,28,Completed
511899,10779,2023-04-08,8,1,0.0,88.0,39,Completed
514269,18115,2023-04-08,8,1,0.0,88.0,39,Completed
503518,18077,2023-04-08,10,1,0.0,110.0,54,Completed
503053,12160,2023-04-08,7,2,0.0,54.0,16,Completed
506259,12973,2023-04-08,6,2,0.1,63.0,26,Returned
516177,11207,2023-04-08,5,1,0.0,95.0,43,Completed
507307,14827,2023-04-08,10,1,0.2,88.0,54,Completed
507839,13616,2023-04-08,5,3,0.05,270.75,129,Completed
502011,16051,2023-04-08,3,1,0.0,48.0,21,Completed
515275,15000,2023-04-08,2,3,0.1,194.4,102,Completed
505204,10159,2023-04-08,3,2,0.15,81.6,42,Completed
506708,11222,2023-04-09,9,1,0.15,52.7,28,Completed
517444,13035,2023-04-09,2,1,0.0,72.0,34,Cancelled
513891,11770,2023-04-09,1,3,0.0,435.0,237,Completed
502311,11808,2023-04-09,5,1,0.05,90.25,43,Completed
504499,11181,2023-04-09,1,1,0.0,145.0,79,Completed
506411,16205,2023-04-09,7,1,0.05,25.65,8,Completed
510942,17310,2023-04-09,2,1,0.0,72.0,34,Completed
507608,12244,2023-04-09,9,3,0.1,167.4,84,Completed
516521,17912,2023-04-09,2,3,0.2,172.8,102,Completed
507247,14680,2023-04-09,1,1,0.0,145.0,79,Completed
516419,15419,2023-04-09,8,1,0.0,88.0,39,Completed
516416,10007,2023-04-09,2,1,0.0,72.0,34,Completed
517299,13294,2023-04-09,3,2,0.05,91.2,42,Completed
513622,14767,2023-04-09,7,1,0.0,27.0,8,Returned
517747,16988,2023-04-09,2,1,0.05,68.4,34,Completed
516359,11047,2023-04-09,6,2,0.0,70.0,26,Completed
503089,16497,2023-04-09,2,2,0.1,129.6,68,Completed
515567,17523,2023-04-09,1,1,0.1,130.5,79,Completed
503095,10930,2023-04-09,9,2,0.0,124.0,56,Completed
507992,16730,2023-04-10,5,1,0.15,80.75,43,Completed
514525,10720,2023-04-10,6,1,0.0,35.0,13,Completed
517093,13891,2023-04-10,9,3,0.0,186.0,84,Completed
506917,12959,2023-04-10,1,1,0.1,130.5,79,Completed
517088,14435,2023-04-10,7,1,0.0,27.0,8,Completed
507507,16333,2023-04-10,2,1,0.1,64.8,34,Completed
516603,12910,2023-04-10,8,2,0.0,176.0,78,Completed
501029,10376,2023-04-10,5,3,0.05,270.75,129,Completed
517894,18197,2023-04-10,7,1,0.0,27.0,8,Completed
516915,15341,2023-04-10,10,1,0.0,110.0,54,Returned
501872,12238,2023-04-10,2,2,0.0,144.0,68,Completed
500940,14634,2023-04-10,1,1,0.0,145.0,79,Completed
500692,13527,2023-04-10,1,1,0.0,145.0,79,Completed
516188,10677,2023-04-10,1,1,0.0,145.0,79,Completed
501688,10400,2023-04-10,1,2,0.05,275.5,158,Completed
512249,15001,2023-04-10,3,1,0.15,40.8,21,Completed
515835,14347,2023-04-10,3,3,0.0,144.0,63,Returned
502493,13099,2023-04-10,4,1,0.0,280.0,155,Completed
511925,11956,2023-04-10,7,2,0.1,48.6,16,Completed
512413,14283,2023-04-10,2,1,0.1,64.8,34,Completed
515293,18464,2023-04-10,4,2,0.0,560.0,310,Completed
500871,13893,2023-04-10,10,1,0.0,110.0,54,Completed
511638,13079,2023-04-11,4,1,0.0,280.0,155,Completed
500315,15330,2023-04-11,7,2,0.0,54.0,16,Completed
504025,10927,2023-04-11,8,2,0.0,176.0,78,Completed
501613,16569,2023-04-11,5,3,0.2,228.0,129,Completed
510911,17034,2023-04-11,8,1,0.05,83.6,39,Completed
509822,14654,2023-04-11,2,3,0.15,183.6,102,Completed
512735,15055,2023-04-11,4,1,0.1,252.0,155,Completed
515527,18425,2023-04-11,8,1,0.0,88.0,39,Completed
516793,10660,2023-04-11,6,2,0.05,66.5,26,Completed
508311,12674,2023-04-11,3,1,0.1,43.2,21,Completed
509475,14564,2023-04-11,3,1,0.0,48.0,21,Completed
501747,10030,2023-04-11,5,1,0.0,95.0,43,Completed
501758,12299,2023-04-11,2,1,0.0,72.0,34,Completed
506272,12895,2023-04-11,10,1,0.1,99.0,54,Completed
509718,10410,2023-04-11,3,3,0.2,115.2,63,Completed
503948,16017,2023-04-11,7,3,0.05,76.95,24,Completed
501330,16231,2023-04-11,2,2,0.1,129.6,68,Completed
513849,11610,2023-04-11,3,4,0.0,192.0,84,Completed
502292,11806,2023-04-11,5,1,0.05,90.25,43,Completed
513242,12745,2023-04-11,1,2,0.15,246.5,158,Completed
504265,11172,2023-04-11,9,3,0.05,176.7,84,Completed
517249,11847,2023-04-11,5,1,0.0,95.0,43,Completed
504417,14957,2023-04-12,8,1,0.15,74.8,39,Completed
517161,14874,2023-04-12,2,2,0.1,129.6,68,Completed
508502,10392,2023-04-12,1,1,0.0,145.0,79,Completed
513406,10777,2023-04-12,9,1,0.05,58.9,28,Returned
514994,16688,2023-04-12,3,2,0.15,81.6,42,Completed
515822,13988,2023-04-12,7,1,0.0,27.0,8,Completed
504719,11584,2023-04-12,3,2,0.1,86.4,42,Returned
512741,13850,2023-04-12,2,2,0.0,144.0,68,Cancelled
515810,15968,2023-04-12,8,1,0.0,88.0,39,Completed
517957,11188,2023-04-12,9,1,0.1,55.8,28,Completed
502070,11907,2023-04-12,4,1,0.05,266.0,155,Completed
502632,10687,2023-04-12,9,1,0.05,58.9,28,Completed
510827,15435,2023-04-12,9,1,0.15,52.7,28,Completed
510404,10405,2023-04-12,3,1,0.2,38.4,21,Completed
504464,15286,2023-04-12,10,1,0.0,110.0,54,Completed
501305,10187,2023-04-12,2,1,0.0,72.0,34,Completed
510515,17184,2023-04-12,1,1,0.1,130.5,79,Completed
515929,11142,2023-04-12,7,1,0.0,27.0,8,Completed
506090,10339,2023-04-12,6,2,0.0,70.0,26,Completed
509140,10620,2023-04-12,7,1,0.15,22.95,8,Completed
507891,18078,2023-04-12,3,2,0.1,86.4,42,Completed
509711,10675,2023-04-13,5,2,0.05,180.5,86,Completed
515076,11807,2023-04-13,6,1,0.05,33.25,13,Completed
505096,16933,2023-04-13,7,2,0.0,54.0,16,Completed
514154,12209,2023-04-13,8,1,0.0,88.0,39,Completed
502025,13479,2023-04-13,7,1,0.15,22.95,8,Completed
508914,13027,2023-04-13,4,1,0.05,266.0,155,Completed
510071,14412,2023-04-13,3,1,0.1,43.2,21,Completed
507306,11873,2023-04-13,8,1,0.1,79.2,39,Completed
500265,13755,2023-04-13,8,3,0.0,264.0,117,Cancelled
501620,15609,2023-04-13,10,2,0.05,209.0,108,Completed
502232,16867,2023-04-13,6,1,0.15,29.75,13,Completed
512541,11764,2023-04-13,8,2,0.05,167.2,78,Completed
505446,17644,2023-04-13,6,1,0.0,35.0,13,Completed
516954,13136,2023-04-13,7,1,0.15,22.95,8,Completed
505073,12758,2023-04-13,7,4,0.1,97.2,32,Completed
511153,17887,2023-04-13,5,1,0.0,95.0,43,Completed
509160,11048,2023-04-13,5,3,0.05,270.75,129,Completed
501228,13091,2023-04-13,8,2,0.1,158.4,78,Completed
500715,13821,2023-04-14,8,1,0.15,74.8,39,Completed
505348,12116,2023-04-14,2,2,0.2,115.2,68,Completed
506637,13556,2023-04-14,3,1,0.0,48.0,21,Completed
505450,16126,2023-04-14,2,1,0.0,72.0,34,Returned
517052,11710,2023-04-14,10,1,0.0,110.0,54,Completed
510744,13500,2023-04-14,7,1,0.0,27.0,8,Returned
500111,10967,2023-04-14,10,1,0.05,104.5,54,Returned
506786,10933,2023-04-14,4,1,0.15,238.0,155,Completed
515617,11358,2023-04-14,7,1,0.05,25.65,8,Completed
508334,16802,2023-04-14,1,1,0.0,145.0,79,Completed
512143,12644,2023-04-14,1,1,0.0,145.0,79,Returned
505728,14434,2023-04-14,8,2,0.0,176.0,78,Completed
517739,12139,2023-04-14,2,1,0.0,72.0,34,Completed
516613,11470,2023-04-14,6,1,0.0,35.0,13,Completed
501081,14755,2023-04-14,5,1,0.0,95.0,43,Completed
511157,16035,2023-04-14,2,1,0.0,72.0,34,Completed
512004,11831,2023-04-14,10,1,0.05,104.5,54,Cancelled
513539,10903,2023-04-14,7,1,0.05,25.65,8,Completed
507376,11135,2023-04-14,1,1,0.05,137.75,79,Completed
511038,15245,2023-04-14,7,1,0.0,27.0,8,Completed
501672,11341,2023-04-14,3,1,0.15,40.8,21,Completed
512567,17099,2023-04-14,8,2,0.0,176.0,78,Completed
514954,11549,2023-04-15,8,1,0.1,79.2,39,Completed
514296,12868,2023-04-15,3,1,0.15,40.8,21,Completed
506614,13613,2023-04-15,5,1,0.0,95.0,43,Completed
513966,10157,2023-04-15,1,2,0.05,275.5,158,Completed
502471,13555,2023-04-15,9,1,0.0,62.0,28,Completed
508679,13670,2023-04-15,7,1,0.15,22.95,8,Completed
502116,16257,2023-04-15,7,2,0.1,48.6,16,Completed
507311,13188,2023-04-15,7,1,0.0,27.0,8,Completed
500669,11636,2023-04-15,9,1,0.1,55.8,28,Completed
514263,10374,2023-04-15,7,2,0.1,48.6,16,Completed
512531,10616,2023-04-15,4,2,0.2,448.0,310,Completed
507295,13347,2023-04-15,9,1,0.0,62.0,28,Completed
511772,10300,2023-04-15,7,1,0.1,24.3,8,Completed
503969,11425,2023-04-15,4,1,0.05,266.0,155,Completed
500916,11915,2023-04-15,1,1,0.0,145.0,79,Completed
513826,14936,2023-04-15,1,1,0.0,145.0,79,Completed
509771,13878,2023-04-15,2,1,0.15,61.2,34,Completed
500152,13782,2023-04-16,10,1,0.05,104.5,54,Completed
501665,15268,2023-04-16,6,1,0.0,35.0,13,Completed
515890,10133,2023-04-16,8,2,0.0,176.0,78,Completed
509813,15068,2023-04-16,7,2,0.1,48.6,16,Completed
503811,16569,2023-04-16,9,2,0.15,105.4,56,Completed
510498,14925,2023-04-16,2,2,0.1,129.6,68,Completed
513186,13450,2023-04-16,6,1,0.0,35.0,13,Completed
504047,10930,2023-04-16,1,1,0.1,130.5,79,Completed
515312,12154,2023-04-16,1,2,0.15,246.5,158,Completed
514152,12779,2023-04-16,1,2,0.1,261.0,158,Completed
513322,11800,2023-04-16,2,2,0.1,129.6,68,Cancelled
513655,10374,2023-04-16,8,4,0.05,334.4,156,Completed
510514,15439,2023-04-16,3,1,0.1,43.2,21,Completed
513429,10057,2023-04-16,6,3,0.05,99.75,39,Completed
503823,10823,2023-04-16,6,3,0.0,105.0,39,Completed
510165,13684,2023-04-16,2,1,0.0,72.0,34,Completed
511338,12082,2023-04-16,6,1,0.0,35.0,13,Completed
508357,11730,2023-04-16,6,1,0.1,31.5,13,Completed
515552,10240,2023-04-16,5,2,0.0,190.0,86,Completed
507874,11237,2023-04-17,9,1,0.0,62.0,28,Returned
517468,12031,2023-04-17,7,2,0.05,51.3,16,Completed
517204,17617,2023-04-17,3,1,0.15,40.8,21,Returned
510987,15220,2023-04-17,9,2,0.05,117.8,56,Completed
506335,18292,2023-04-17,5,1,0.1,85.5,43,Completed
512607,12224,2023-04-17,7,4,0.05,102.6,32,Completed
512105,14375,2023-04-17,10,1,0.0,110.0,54,Completed
501490,11688,2023-04-17,7,1,0.05,25.65,8,Completed
509488,14707,2023-04-17,10,2,0.05,209.0,108,Completed
505972,14564,2023-04-17,10,2,0.2,176.0,108,Completed
509298,14439,2023-04-17,7,2,0.2,43.2,16,Completed
511872,13302,2023-04-17,3,1,0.0,48.0,21,Completed
502908,11337,2023-04-17,6,1,0.0,35.0,13,Cancelled
514964,13292,2023-04-17,10,2,0.0,220.0,108,Completed
514060,15820,2023-04-17,1,1,0.0,145.0,79,Completed
506905,12654,2023-04-17,10,1,0.0,110.0,54,Completed
505921,15275,2023-04-17,1,1,0.0,145.0,79,Completed
516445,16233,2023-04-17,6,1,0.0,35.0,13,Completed
500438,15263,2023-04-17,8,3,0.1,237.6,117,Completed
511444,13547,2023-04-18,1,2,0.0,290.0,158,Completed
500274,18300,2023-04-18,2,2,0.0,144.0,68,Completed
504337,10022,2023-04-18,2,1,0.0,72.0,34,Completed
511051,10142,2023-04-18,1,1,0.0,145.0,79,Completed
509723,16749,2023-04-18,7,2,0.0,54.0,16,Completed
511580,11968,2023-04-18,10,2,0.0,220.0,108,Completed
511235,13209,2023-04-18,7,2,0.0,54.0,16,Cancelled
504616,17273,2023-04-18,1,1,0.05,137.75,79,Completed
517257,16633,2023-04-18,10,1,0.2,88.0,54,Completed
513912,16640,2023-04-18,10,2,0.1,198.0,108,Completed
505458,13543,2023-04-18,3,1,0.2,38.4,21,Completed
508460,16593,2023-04-18,7,1,0.05,25.65,8,Completed
511773,12508,2023-04-18,9,2,0.0,124.0,56,Completed
511551,15849,2023-04-19,4,2,0.0,560.0,310,Completed
503746,10057,2023-04-19,8,1,0.05,83.6,39,Completed
506536,15434,2023-04-19,10,1,0.2,88.0,54,Completed
508902,11297,2023-04-19,4,3,0.1,756.0,465,Completed
513394,15338,2023-04-19,2,2,0.0,144.0,68,Completed
501079,14783,2023-04-19,2,1,0.1,64.8,34,Completed
505732,11625,2023-04-19,8,1,0.1,79.2,39,Completed
501241,14906,2023-04-19,3,1,0.05,45.6,21,Returned
509702,16505,2023-04-19,6,1,0.05,33.25,13,Completed
516277,14490,2023-04-19,1,1,0.1,130.5,79,Completed
500635,12177,2023-04-19,2,1,0.1,64.8,34,Completed
509400,12077,2023-04-19,8,1,0.05,83.6,39,Completed
515630,10408,2023-04-19,7,1,0.0,27.0,8,Completed
512014,10294,2023-04-19,1,3,0.0,435.0,237,Completed
509080,15765,2023-04-19,8,4,0.1,316.8,156,Completed
501923,15552,2023-04-19,6,1,0.0,35.0,13,Completed
516492,11482,2023-04-19,1,1,0.15,123.25,79,Completed
508229,11165,2023-04-19,2,3,0.05,205.2,102,Completed
501219,10787,2023-04-19,10,1,0.05,104.5,54,Completed
509472,10399,2023-04-19,8,1,0.0,88.0,39,Completed
510181,11763,2023-04-19,8,1,0.05,83.6,39,Completed
504164,15561,2023-04-19,1,1,0.05,137.75,79,Cancelled
517144,10494,2023-04-19,3,1,0.05,45.6,21,Completed
508138,11540,2023-04-19,8,1,0.2,70.4,39,Completed
513696,15201,2023-04-19,10,1,0.0,110.0,54,Completed
515327,13029,2023-04-19,7,2,0.0,54.0,16,Completed
500179,17876,2023-04-19,5,1,0.05,90.25,43,Completed
506662,13449,2023-04-19,7,1,0.1,24.3,8,Completed
516743,17141,2023-04-19,5,1,0.15,80.75,43,Completed
514806,11712,2023-04-19,8,3,0.1,237.6,117,Completed
501309,12502,2023-04-19,7,2,0.0,54.0,16,Completed
511768,14742,2023-04-19,7,1,0.2,21.6,8,Completed
501196,11358,2023-04-20,5,1,0.1,85.5,43,Completed
504006,10920,2023-04-20,6,3,0.15,89.25,39,Completed
506643,13307,2023-04-20,10,2,0.05,209.0,108,Completed
505121,13609,2023-04-20,3,1,0.05,45.6,21,Completed
509197,11216,2023-04-20,1,1,0.0,145.0,79,Completed
509436,11519,2023-04-20,9,1,0.05,58.9,28,Completed
509405,14506,2023-04-20,6,1,0.1,31.5,13,Completed
513844,15404,2023-04-20,10,1,0.05,104.5,54,Completed
509007,17607,2023-04-20,3,1,0.0,48.0,21,Completed
513725,13654,2023-04-20,6,1,0.0,35.0,13,Completed
501876,11468,2023-04-20,7,1,0.05,25.65,8,Completed
513187,10485,2023-04-20,4,3,0.1,756.0,465,Completed
511256,16037,2023-04-20,9,3,0.05,176.7,84,Completed
516542,10475,2023-04-20,10,1,0.0,110.0,54,Completed
506665,13389,2023-04-20,3,1,0.05,45.6,21,Completed
511511,11192,2023-04-20,2,1,0.15,61.2,34,Completed
502021,10079,2023-04-20,4,1,0.05,266.0,155,Completed
504008,10244,2023-04-20,9,1,0.05,58.9,28,Completed
503508,11211,2023-04-20,6,2,0.0,70.0,26,Completed
501392,12568,2023-04-20,8,1,0.0,88.0,39,Completed
511295,14418,2023-04-20,1,2,0.2,232.0,158,Completed
516481,16829,2023-04-21,8,2,0.0,176.0,78,Completed
510659,11644,2023-04-21,1,1,0.1,130.5,79,Returned
503607,15171,2023-04-21,8,2,0.1,158.4,78,Completed
511236,14708,2023-04-21,8,1,0.0,88.0,39,Completed
503752,18347,2023-04-21,8,1,0.15,74.8,39,Returned
510795,16244,2023-04-21,5,1,0.0,95.0,43,Completed
513663,12836,2023-04-21,2,1,0.15,61.2,34,Completed
508096,14995,2023-04-21,5,1,0.0,95.0,43,Completed
503724,12425,2023-04-21,7,2,0.05,51.3,16,Completed
507956,10898,2023-04-21,1,3,0.0,435.0,237,Completed
506017,11385,2023-04-21,9,1,0.0,62.0,28,Returned
502007,12291,2023-04-21,2,1,0.1,64.8,34,Completed
513006,13365,2023-04-21,3,2,0.05,91.2,42,Returned
507627,14040,2023-04-21,10,2,0.0,220.0,108,Completed
509523,10457,2023-04-22,7,3,0.05,76.95,24,Cancelled
501390,16140,2023-04-22,6,3,0.05,99.75,39,Completed
507834,16959,2023-04-22,5,2,0.1,171.0,86,Returned
517226,11271,2023-04-22,10,1,0.05,104.5,54,Completed
510696,12982,2023-04-22,4,1,0.0,280.0,155,Completed
504920,15310,2023-04-22,6,2,0.0,70.0,26,Completed
505713,12292,2023-04-22,10,2,0.05,209.0,108,Completed
503111,14439,2023-04-22,8,3,0.0,264.0,117,Completed
500654,17262,2023-04-22,1,1,0.0,145.0,79,Completed
502953,13136,2023-04-22,9,1,0.05,58.9,28,Completed
516573,12925,2023-04-22,3,3,0.1,129.6,63,Completed
504516,11368,2023-04-22,8,2,0.0,176.0,78,Completed
511214,12658,2023-04-23,8,1,0.1,79.2,39,Completed
510296,11191,2023-04-23,3,1,0.1,43.2,21,Completed
512535,11935,2023-04-23,1,1,0.0,145.0,79,Completed
514081,11055,2023-04-23,7,3,0.05,76.95,24,Completed
500805,17394,2023-04-23,5,1,0.2,76.0,43,Completed
507099,12156,2023-04-23,4,1,0.0,280.0,155,Completed
511430,11270,2023-04-23,10,3,0.0,330.0,162,Completed
502393,17951,2023-04-23,9,3,0.0,186.0,84,Returned
505502,16043,2023-04-23,1,1,0.1,130.5,79,Completed
516984,15739,2023-04-23,8,2,0.05,167.2,78,Completed
517357,16480,2023-04-23,10,4,0.2,352.0,216,Completed
513507,11975,2023-04-23,2,2,0.1,129.6,68,Returned
506839,13194,2023-04-23,4,1,0.0,280.0,155,Completed
516373,14146,2023-04-23,3,1,0.0,48.0,21,Completed
510907,10496,2023-04-23,8,1,0.0,88.0,39,Completed
506641,12895,2023-04-23,6,1,0.0,35.0,13,Completed
507783,15671,2023-04-23,7,1,0.0,27.0,8,Completed
504759,13407,2023-04-23,2,3,0.0,216.0,102,Completed
509530,10123,2023-04-23,9,1,0.05,58.9,28,Completed
503829,16754,2023-04-23,6,1,0.0,35.0,13,Completed
515632,18113,2023-04-24,4,1,0.0,280.0,155,Completed
514791,15086,2023-04-24,6,4,0.0,140.0,52,Completed
510340,11818,2023-04-24,1,1,0.05,137.75,79,Returned
517089,16003,2023-04-24,1,1,0.0,145.0,79,Completed
506166,16845,2023-04-24,7,3,0.0,81.0,24,Completed
513730,13825,2023-04-24,2,4,0.0,288.0,136,Completed
511830,11388,2023-04-24,9,1,0.0,62.0,28,Completed
504385,15186,2023-04-24,1,1,0.15,123.25,79,Completed
505948,13686,2023-04-24,4,1,0.0,280.0,155,Completed
516023,10193,2023-04-24,2,1,0.0,72.0,34,Completed
506127,12841,2023-04-24,5,1,0.0,95.0,43,Cancelled
509863,17383,2023-04-24,3,1,0.05,45.6,21,Completed
509425,12220,2023-04-24,9,1,0.15,52.7,28,Completed
513771,14900,2023-04-24,8,2,0.05,167.2,78,Completed
505114,12714,2023-04-24,3,1,0.0,48.0,21,Completed
511281,13994,2023-04-24,2,1,0.05,68.4,34,Completed
501673,15810,2023-04-24,6,2,0.05,66.5,26,Completed
516377,13640,2023-04-25,2,1,0.2,57.6,34,Completed
509310,10896,2023-04-25,6,1,0.1,31.5,13,Completed
501082,11999,2023-04-25,5,4,0.05,361.0,172,Completed
511407,16209,2023-04-25,3,3,0.0,144.0,63,Completed
508640,16642,2023-04-25,2,2,0.0,144.0,68,Completed
502519,12613,2023-04-25,3,1,0.05,45.6,21,Completed
509105,13177,2023-04-25,1,2,0.0,290.0,158,Completed
511696,10785,2023-04-25,7,2,0.0,54.0,16,Completed
517796,11924,2023-04-25,10,3,0.1,297.0,162,Completed
516809,14923,2023-04-25,9,1,0.0,62.0,28,Completed
515659,11852,2023-04-25,7,2,0.0,54.0,16,Completed
517079,10116,2023-04-25,3,1,0.0,48.0,21,Completed
515756,10720,2023-04-25,9,2,0.1,111.6,56,Completed
512091,16872,2023-04-25,6,1,0.05,33.25,13,Completed
507251,10814,2023-04-25,7,1,0.1,24.3,8,Completed
511353,15188,2023-04-25,7,1,0.0,27.0,8,Completed
512497,17555,2023-04-25,2,1,0.05,68.4,34,Completed
500189,11568,2023-04-25,9,1,0.1,55.8,28,Completed
514550,16162,2023-04-26,6,2,0.0,70.0,26,Completed
505459,18115,2023-04-26,7,4,0.0,108.0,32,Completed
507525,12973,2023-04-26,6,1,0.05,33.25,13,Completed
510550,13828,2023-04-26,3,1,0.0,48.0,21,Completed
515163,12551,2023-04-26,5,2,0.15,161.5,86,Completed
512958,13137,2023-04-26,1,3,0.1,391.5,237,Completed
502805,18220,2023-04-26,7,4,0.0,108.0,32,Completed
516049,16845,2023-04-26,4,1,0.0,280.0,155,Completed
509562,13762,2023-04-26,8,3,0.1,237.6,117,Completed
515613,13721,2023-04-26,9,1,0.0,62.0,28,Completed
517178,16430,2023-04-26,1,1,0.05,137.75,79,Completed
512197,13759,2023-04-26,2,1,0.0,72.0,34,Completed
509698,11760,2023-04-26,7,1,0.0,27.0,8,Completed
501014,15692,2023-04-26,3,3,0.05,136.8,63,Completed
503851,13341,2023-04-26,8,1,0.0,88.0,39,Completed
506901,13638,2023-04-26,10,1,0.0,110.0,54,Completed
509328,11637,2023-04-26,9,2,0.05,117.8,56,Completed
510988,17692,2023-04-27,9,1,0.1,55.8,28,Completed
500326,11723,2023-04-27,9,3,0.1,167.4,84,Cancelled
511800,14564,2023-04-27,10,2,0.05,209.0,108,Returned
517812,13653,2023-04-27,5,1,0.0,95.0,43,Completed
505769,16511,2023-04-27,6,2,0.0,70.0,26,Completed
514899,14452,2023-04-27,7,1,0.05,25.65,8,Completed
500260,16838,2023-04-27,6,2,0.05,66.5,26,Completed
514623,10977,2023-04-27,6,2,0.1,63.0,26,Completed
501235,14263,2023-04-27,6,1,0.0,35.0,13,Completed
516909,14326,2023-04-27,1,1,0.05,137.75,79,Completed
507199,13696,2023-04-27,3,1,0.1,43.2,21,Completed
516931,10842,2023-04-27,1,3,0.0,435.0,237,Returned
505729,13147,2023-04-27,5,1,0.0,95.0,43,Completed
500774,17842,2023-04-27,6,1,0.0,35.0,13,Completed
503079,12955,2023-04-27,7,1,0.0,27.0,8,Completed
506329,14155,2023-04-27,2,2,0.0,144.0,68,Completed
505055,10985,2023-04-27,10,3,0.05,313.5,162,Completed
501355,11543,2023-04-27,6,1,0.15,29.75,13,Completed
501247,12765,2023-04-27,8,1,0.05,83.6,39,Completed
507821,17488,2023-04-28,6,1,0.0,35.0,13,Completed
512713,12639,2023-04-28,1,1,0.1,130.5,79,Completed
517858,12559,2023-04-28,8,2,0.15,149.6,78,Cancelled
509130,16729,2023-04-28,9,1,0.15,52.7,28,Completed
500417,13893,2023-04-28,9,1,0.05,58.9,28,Completed
508800,16632,2023-04-28,1,1,0.0,145.0,79,Completed
510405,16638,2023-04-28,10,2,0.0,220.0,108,Completed
501660,12423,2023-04-28,7,1,0.2,21.6,8,Completed
507432,13241,2023-04-28,6,1,0.0,35.0,13,Completed
509559,17838,2023-04-28,2,2,0.0,144.0,68,Completed
510442,17447,2023-04-28,6,2,0.15,59.5,26,Completed
516460,16696,2023-04-28,6,1,0.05,33.25,13,Completed
508544,14940,2023-04-28,1,2,0.15,246.5,158,Completed
509174,10956,2023-04-28,8,2,0.1,158.4,78,Completed
500047,12560,2023-04-28,3,1,0.15,40.8,21,Returned
505848,13897,2023-04-28,9,1,0.1,55.8,28,Completed
511508,12772,2023-04-29,10,3,0.0,330.0,162,Completed
502808,10140,2023-04-29,7,2,0.0,54.0,16,Completed
508496,13209,2023-04-29,2,1,0.05,68.4,34,Completed
506052,14570,2023-04-29,8,1,0.2,70.4,39,Completed
510754,17467,2023-04-29,3,1,0.15,40.8,21,Completed
501425,11725,2023-04-29,9,1,0.1,55.8,28,Completed
513384,16299,2023-04-29,4,1,0.1,252.0,155,Cancelled
506693,11048,2023-04-29,4,1,0.15,238.0,155,Completed
500595,15321,2023-04-29,3,1,0.0,48.0,21,Completed
501588,10900,2023-04-29,1,1,0.1,130.5,79,Completed
501274,11039,2023-04-29,9,1,0.1,55.8,28,Cancelled
509053,13733,2023-04-29,2,1,0.0,72.0,34,Completed
505187,10158,2023-04-29,10,3,0.2,264.0,162,Completed
502091,15018,2023-04-29,10,1,0.05,104.5,54,Completed
509118,15395,2023-04-29,9,1,0.0,62.0,28,Completed
515691,12629,2023-04-29,5,1,0.0,95.0,43,Completed
501475,17876,2023-04-29,10,1,0.05,104.5,54,Completed
502517,12548,2023-04-29,8,1,0.0,88.0,39,Completed
516150,10575,2023-04-29,10,1,0.05,104.5,54,Completed
501044,12309,2023-04-29,7,1,0.1,24.3,8,Completed
511093,11343,2023-04-30,4,2,0.2,448.0,310,Completed
511259,11479,2023-04-30,8,1,0.0,88.0,39,Completed
514800,14259,2023-04-30,6,1,0.0,35.0,13,Completed
506454,12473,2023-04-30,3,1,0.0,48.0,21,Completed
509022,16500,2023-04-30,5,1,0.0,95.0,43,Completed
512750,10768,2023-04-30,9,3,0.0,186.0,84,Completed
515692,10497,2023-04-30,9,1,0.1,55.8,28,Completed
502151,12187,2023-04-30,9,1,0.0,62.0,28,Completed
501020,12578,2023-04-30,3,1,0.15,40.8,21,Completed
516322,12877,2023-04-30,7,3,0.05,76.95,24,Completed
501162,16124,2023-04-30,5,2,0.1,171.0,86,Completed
512706,15346,2023-04-30,3,1,0.0,48.0,21,Completed
507882,13551,2023-04-30,6,1,0.0,35.0,13,Completed
516667,17744,2023-04-30,5,3,0.0,285.0,129,Completed
514035,13343,2023-04-30,2,1,0.1,64.8,34,Completed
502230,16353,2023-04-30,8,1,0.0,88.0,39,Completed
511526,15725,2023-04-30,6,2,0.1,63.0,26,Completed
511037,11213,2023-04-30,9,2,0.0,124.0,56,Completed
508588,13696,2023-04-30,2,1,0.15,61.2,34,Completed
510817,15923,2023-04-30,8,2,0.0,176.0,78,Completed
509533,13528,2023-04-30,2,1,0.05,68.4,34,Returned
512940,14682,2023-04-30,3,2,0.05,91.2,42,Completed
510282,10614,2023-05-01,10,1,0.0,110.0,54,Completed
517077,13929,2023-05-01,6,1,0.1,31.5,13,Completed
503525,16228,2023-05-01,8,2,0.05,167.2,78,Completed
503040,10824,2023-05-01,8,3,0.0,264.0,117,Completed
510705,18298,2023-05-01,1,1,0.0,145.0,79,Completed
508532,12231,2023-05-01,10,1,0.1,99.0,54,Completed
514544,11596,2023-05-01,4,1,0.15,238.0,155,Completed
501955,16460,2023-05-01,5,1,0.0,95.0,43,Completed
515000,15992,2023-05-01,10,2,0.15,187.0,108,Completed
510123,14464,2023-05-01,1,3,0.05,413.25,237,Completed
516810,12891,2023-05-01,9,1,0.0,62.0,28,Completed
516926,11013,2023-05-01,9,1,0.05,58.9,28,Completed
512104,14272,2023-05-01,3,3,0.05,136.8,63,Completed
517386,11107,2023-05-01,8,1,0.1,79.2,39,Completed
510311,13254,2023-05-01,1,1,0.0,145.0,79,Completed
505221,10593,2023-05-01,1,4,0.05,551.0,316,Completed
504294,11123,2023-05-02,6,1,0.15,29.75,13,Completed
517537,12279,2023-05-02,5,1,0.05,90.25,43,Completed
503338,10341,2023-05-02,9,1,0.05,58.9,28,Completed
508074,11479,2023-05-02,1,1,0.05,137.75,79,Completed
517691,17644,2023-05-02,10,1,0.15,93.5,54,Completed
505405,16262,2023-05-02,5,1,0.2,76.0,43,Completed
516265,16000,2023-05-02,6,1,0.2,28.0,13,Returned
517192,13695,2023-05-02,1,1,0.0,145.0,79,Completed
513976,15732,2023-05-02,10,2,0.0,220.0,108,Completed
512088,17259,2023-05-02,4,2,0.05,532.0,310,Completed
512660,13970,2023-05-02,8,1,0.0,88.0,39,Completed
505152,16800,2023-05-02,8,4,0.1,316.8,156,Completed
504482,15879,2023-05-02,4,2,0.05,532.0,310,Completed
515580,12628,2023-05-02,6,1,0.2,28.0,13,Completed
515803,13771,2023-05-02,10,1,0.1,99.0,54,Completed
513716,13136,2023-05-02,3,1,0.0,48.0,21,Completed
516520,15297,2023-05-02,3,1,0.0,48.0,21,Returned
502793,14818,2023-05-02,10,2,0.05,209.0,108,Completed
514034,15233,2023-05-02,10,2,0.05,209.0,108,Completed
512079,16030,2023-05-02,2,2,0.0,144.0,68,Completed
506495,16398,2023-05-02,1,1,0.05,137.75,79,Completed
501310,18114,2023-05-02,6,2,0.1,63.0,26,Completed
502163,15118,2023-05-02,5,1,0.05,90.25,43,Completed
514723,15438,2023-05-02,10,1,0.15,93.5,54,Completed
505789,11517,2023-05-02,5,1,0.0,95.0,43,Completed
514809,14361,2023-05-02,3,1,0.1,43.2,21,Completed
500182,16616,2023-05-03,10,1,0.0,110.0,54,Completed
510006,11609,2023-05-03,8,1,0.0,88.0,39,Completed
509737,13423,2023-05-03,1,2,0.0,290.0,158,Completed
511963,15750,2023-05-03,9,1,0.0,62.0,28,Completed
501823,12231,2023-05-03,6,3,0.05,99.75,39,Completed
500614,11267,2023-05-03,8,4,0.1,316.8,156,Completed
506788,12128,2023-05-03,8,1,0.05,83.6,39,Completed
512820,16252,2023-05-03,5,1,0.1,85.5,43,Returned
500224,11455,2023-05-03,8,1,0.0,88.0,39,Completed
515429,15293,2023-05-03,7,1,0.0,27.0,8,Completed
506142,11889,2023-05-03,3,2,0.0,96.0,42,Completed
507073,10178,2023-05-03,4,1,0.0,280.0,155,Completed
507753,12140,2023-05-03,6,1,0.0,35.0,13,Completed
509620,14818,2023-05-03,10,1,0.0,110.0,54,Completed
502753,11128,2023-05-03,8,2,0.1,158.4,78,Completed
508179,17808,2023-05-03,4,2,0.0,560.0,310,Completed
504959,13121,2023-05-03,8,2,0.15,149.6,78,Completed
505980,11491,2023-05-03,1,2,0.2,232.0,158,Cancelled
509910,11153,2023-05-03,7,2,0.1,48.6,16,Completed
512716,16521,2023-05-04,1,2,0.0,290.0,158,Completed
514115,13834,2023-05-04,8,2,0.0,176.0,78,Completed
506772,13289,2023-05-04,1,1,0.15,123.25,79,Completed
503397,11140,2023-05-04,10,1,0.05,104.5,54,Completed
516627,11068,2023-05-04,6,1,0.0,35.0,13,Completed
509180,12333,2023-05-04,5,2,0.05,180.5,86,Completed
510654,13141,2023-05-04,2,1,0.0,72.0,34,Completed
502036,11043,2023-05-04,9,1,0.0,62.0,28,Completed
504511,14405,2023-05-04,10,1,0.2,88.0,54,Completed
512418,14906,2023-05-04,9,1,0.1,55.8,28,Completed
512045,14868,2023-05-04,8,1,0.1,79.2,39,Completed
509167,13637,2023-05-04,3,3,0.05,136.8,63,Returned
516210,10379,2023-05-04,1,1,0.1,130.5,79,Completed
501322,12374,2023-05-04,8,1,0.0,88.0,39,Completed
516237,15097,2023-05-04,1,1,0.05,137.75,79,Completed
517799,17541,2023-05-04,1,2,0.0,290.0,158,Completed
514756,16229,2023-05-04,7,1,0.2,21.6,8,Completed
508605,11227,2023-05-04,2,1,0.1,64.8,34,Completed
508706,13476,2023-05-04,7,3,0.1,72.9,24,Completed
517174,17255,2023-05-04,6,2,0.1,63.0,26,Completed
506264,14233,2023-05-04,6,1,0.1,31.5,13,Cancelled
511048,11588,2023-05-04,2,2,0.05,136.8,68,Completed
516662,14659,2023-05-04,2,1,0.05,68.4,34,Completed
515947,10415,2023-05-05,7,1,0.0,27.0,8,Completed
513356,11224,2023-05-05,6,1,0.0,35.0,13,Completed
506848,12066,2023-05-05,8,1,0.05,83.6,39,Completed
517346,10091,2023-05-05,3,1,0.2,38.4,21,Cancelled
510092,13777,2023-05-05,9,2,0.1,111.6,56,Completed
502366,15346,2023-05-05,2,2,0.05,136.8,68,Completed
516537,15655,2023-05-05,4,1,0.1,252.0,155,Completed
508659,10520,2023-05-05,2,1,0.2,57.6,34,Completed
517448,10170,2023-05-05,6,1,0.1,31.5,13,Completed
507913,15042,2023-05-05,6,1,0.15,29.75,13,Completed
515591,10675,2023-05-05,5,1,0.1,85.5,43,Returned
511960,13254,2023-05-05,7,3,0.1,72.9,24,Completed
511487,15724,2023-05-05,5,2,0.15,161.5,86,Completed
505312,11652,2023-05-05,2,2,0.2,115.2,68,Completed
512689,12920,2023-05-05,6,1,0.0,35.0,13,Completed
512460,12815,2023-05-05,8,2,0.2,140.8,78,Completed
511884,16556,2023-05-06,5,1,0.0,95.0,43,Completed
502909,14131,2023-05-06,1,3,0.0,435.0,237,Returned
512965,12358,2023-05-06,8,2,0.05,167.2,78,Completed
516834,16497,2023-05-06,2,1,0.1,64.8,34,Completed
516149,16057,2023-05-06,7,3,0.0,81.0,24,Completed
504343,12897,2023-05-06,2,1,0.1,64.8,34,Completed
512527,11361,2023-05-06,4,1,0.15,238.0,155,Completed
510183,17986,2023-05-06,5,1,0.15,80.75,43,Completed
508962,11985,2023-05-06,10,2,0.15,187.0,108,Completed
505636,16720,2023-05-06,10,3,0.15,280.5,162,Completed
510374,12825,2023-05-06,2,1,0.0,72.0,34,Completed
505190,10311,2023-05-06,2,1,0.0,72.0,34,Cancelled
506169,10818,2023-05-06,2,1,0.15,61.2,34,Completed
511763,11814,2023-05-06,6,3,0.0,105.0,39,Completed
510031,15579,2023-05-06,1,2,0.0,290.0,158,Completed
506639,10980,2023-05-06,7,1,0.1,24.3,8,Completed
512670,13524,2023-05-06,6,1,0.0,35.0,13,Completed
508114,17584,2023-05-06,3,1,0.05,45.6,21,Completed
512444,14658,2023-05-06,10,1,0.05,104.5,54,Completed
509431,10354,2023-05-06,7,1,0.1,24.3,8,Completed
514522,14150,2023-05-06,1,2,0.2,232.0,158,Completed
505537,10192,2023-05-06,2,1,0.0,72.0,34,Completed
503349,13242,2023-05-06,1,1,0.05,137.75,79,Completed
514950,15592,2023-05-06,10,1,0.0,110.0,54,Completed
501349,13728,2023-05-07,8,1,0.1,79.2,39,Completed
513319,11588,2023-05-07,2,1,0.1,64.8,34,Completed
502421,11340,2023-05-07,10,1,0.05,104.5,54,Completed
510020,12907,2023-05-07,3,1,0.0,48.0,21,Completed
510499,14305,2023-05-07,8,1,0.0,88.0,39,Cancelled
510162,11018,2023-05-07,5,1,0.1,85.5,43,Completed
511807,17605,2023-05-07,10,2,0.0,220.0,108,Completed
501198,16546,2023-05-07,7,1,0.0,27.0,8,Completed
517199,11829,2023-05-07,4,1,0.2,224.0,155,Completed
512857,10023,2023-05-07,1,1,0.05,137.75,79,Completed
516697,10460,2023-05-07,5,2,0.0,190.0,86,Completed
501682,15697,2023-05-07,3,1,0.1,43.2,21,Completed
500885,11173,2023-05-07,6,1,0.0,35.0,13,Completed
505499,10390,2023-05-07,6,1,0.1,31.5,13,Completed
517776,15314,2023-05-07,7,1,0.15,22.95,8,Completed
504770,11188,2023-05-07,9,2,0.1,111.6,56,Completed
511469,13309,2023-05-07,6,2,0.2,56.0,26,Completed
513362,13442,2023-05-07,9,1,0.1,55.8,28,Completed
511847,12223,2023-05-07,6,1,0.2,28.0,13,Completed
503897,11216,2023-05-07,1,3,0.1,391.5,237,Completed
508768,10289,2023-05-07,3,1,0.05,45.6,21,Completed
516182,11505,2023-05-07,5,1,0.05,90.25,43,Completed
514304,11638,2023-05-07,6,1,0.0,35.0,13,Completed
509352,15716,2023-05-07,8,1,0.2,70.4,39,Completed
509736,10486,2023-05-08,2,2,0.0,144.0,68,Completed
501539,15175,2023-05-08,1,3,0.05,413.25,237,Completed
507352,15360,2023-05-08,7,2,0.0,54.0,16,Completed
516813,11021,2023-05-08,5,1,0.0,95.0,43,Completed
511529,16870,2023-05-08,7,1,0.1,24.3,8,Cancelled
507435,14725,2023-05-08,3,1,0.0,48.0,21,Completed
502957,13088,2023-05-08,7,1,0.0,27.0,8,Completed
513117,16045,2023-05-08,1,4,0.0,580.0,316,Completed
512453,12786,2023-05-08,2,2,0.05,136.8,68,Completed
503800,14536,2023-05-08,5,1,0.0,95.0,43,Completed
516871,16443,2023-05-08,9,2,0.15,105.4,56,Completed
510685,13000,2023-05-08,7,1,0.05,25.65,8,Completed
516942,10450,2023-05-08,1,2,0.1,261.0,158,Completed
510791,10479,2023-05-08,6,1,0.15,29.75,13,Completed
516623,14532,2023-05-08,10,2,0.05,209.0,108,Completed
500699,12366,2023-05-08,7,1,0.0,27.0,8,Returned
509716,14905,2023-05-08,3,1,0.0,48.0,21,Completed
517744,14052,2023-05-08,1,1,0.05,137.75,79,Returned
506019,17412,2023-05-09,9,2,0.0,124.0,56,Completed
508374,15326,2023-05-09,7,1,0.1,24.3,8,Completed
503441,15405,2023-05-09,6,1,0.0,35.0,13,Completed
506371,12419,2023-05-09,6,1,0.0,35.0,13,Completed
513857,14305,2023-05-09,6,1,0.15,29.75,13,Completed
513528,14797,2023-05-09,1,1,0.1,130.5,79,Completed
500119,12730,2023-05-09,1,3,0.05,413.25,237,Completed
511926,13117,2023-05-09,5,1,0.05,90.25,43,Completed
507240,16157,2023-05-09,2,1,0.05,68.4,34,Completed
503995,10896,2023-05-09,1,2,0.05,275.5,158,Completed
510146,11018,2023-05-09,7,1,0.1,24.3,8,Completed
507300,17990,2023-05-09,8,4,0.15,299.2,156,Completed
513786,11373,2023-05-09,4,2,0.05,532.0,310,Completed
506642,12382,2023-05-09,5,1,0.0,95.0,43,Completed
505648,10082,2023-05-09,10,1,0.0,110.0,54,Completed
503501,11525,2023-05-09,1,1,0.0,145.0,79,Completed
515551,17217,2023-05-10,7,1,0.1,24.3,8,Completed
515820,14200,2023-05-10,2,2,0.0,144.0,68,Completed
510269,13487,2023-05-10,7,1,0.0,27.0,8,Completed
516438,14247,2023-05-10,4,2,0.0,560.0,310,Completed
511492,17124,2023-05-10,5,1,0.15,80.75,43,Completed
516222,11596,2023-05-10,2,2,0.05,136.8,68,Completed
506963,12732,2023-05-10,7,1,0.15,22.95,8,Completed
506568,10057,2023-05-10,2,2,0.0,144.0,68,Completed
508876,11191,2023-05-10,10,3,0.2,264.0,162,Completed
509553,10658,2023-05-10,1,3,0.0,435.0,237,Completed
504747,14900,2023-05-10,10,3,0.05,313.5,162,Completed
514341,16242,2023-05-10,9,1,0.0,62.0,28,Completed
507379,11543,2023-05-10,8,3,0.0,264.0,117,Completed
511077,10169,2023-05-10,10,1,0.0,110.0,54,Completed
505550,18460,2023-05-10,8,1,0.0,88.0,39,Completed
507482,12924,2023-05-10,1,1,0.0,145.0,79,Completed
505366,10705,2023-05-10,5,1,0.05,90.25,43,Completed
514549,10996,2023-05-10,8,1,0.05,83.6,39,Completed
514676,12195,2023-05-10,1,2,0.05,275.5,158,Completed
515207,13337,2023-05-10,10,2,0.0,220.0,108,Completed
511501,12654,2023-05-10,9,1,0.0,62.0,28,Completed
507374,10262,2023-05-11,5,1,0.05,90.25,43,Completed
514029,12038,2023-05-11,8,1,0.0,88.0,39,Returned
516282,11546,2023-05-11,8,1,0.05,83.6,39,Completed
502216,16341,2023-05-11,5,1,0.1,85.5,43,Completed
514312,12398,2023-05-11,5,1,0.0,95.0,43,Completed
517805,15169,2023-05-11,7,1,0.2,21.6,8,Completed
507937,12885,2023-05-11,5,2,0.0,190.0,86,Completed
503115,12926,2023-05-11,3,1,0.1,43.2,21,Completed
517544,10711,2023-05-11,5,1,0.05,90.25,43,Completed
516353,10116,2023-05-11,5,2,0.05,180.5,86,Completed
509630,11213,2023-05-11,1,2,0.1,261.0,158,Completed
504237,15376,2023-05-11,3,1,0.0,48.0,21,Completed
503825,12137,2023-05-11,5,2,0.15,161.5,86,Cancelled
501224,10938,2023-05-11,9,1,0.05,58.9,28,Completed
513004,11594,2023-05-11,8,1,0.0,88.0,39,Completed
508361,11543,2023-05-11,3,2,0.0,96.0,42,Completed
503580,17481,2023-05-11,5,2,0.0,190.0,86,Completed
504216,11821,2023-05-11,7,1,0.1,24.3,8,Completed
513635,14968,2023-05-11,7,2,0.05,51.3,16,Completed
514491,13550,2023-05-11,9,2,0.0,124.0,56,Completed
505067,15787,2023-05-12,2,2,0.2,115.2,68,Completed
509753,17007,2023-05-12,1,1,0.15,123.25,79,Completed
504276,10475,2023-05-12,8,1,0.0,88.0,39,Completed
509204,13171,2023-05-12,8,1,0.0,88.0,39,Completed
504076,14542,2023-05-12,6,1,0.0,35.0,13,Completed
503190,10434,2023-05-12,9,2,0.0,124.0,56,Completed
510467,14140,2023-05-12,3,3,0.05,136.8,63,Cancelled
504405,14765,2023-05-12,4,1,0.0,280.0,155,Completed
505147,15701,2023-05-12,5,2,0.0,190.0,86,Completed
513404,11435,2023-05-12,3,2,0.1,86.4,42,Completed
505488,16132,2023-05-12,5,1,0.2,76.0,43,Completed
512682,12959,2023-05-12,7,1,0.05,25.65,8,Completed
516800,10819,2023-05-12,1,1,0.15,123.25,79,Completed
501902,17697,2023-05-12,5,1,0.1,85.5,43,Completed
517561,11205,2023-05-12,6,1,0.1,31.5,13,Cancelled
513759,15063,2023-05-12,10,1,0.0,110.0,54,Completed
516393,14773,2023-05-12,9,1,0.15,52.7,28,Completed
510915,14304,2023-05-12,5,1,0.0,95.0,43,Completed
506047,14688,2023-05-12,5,1,0.0,95.0,43,Completed
501358,17308,2023-05-12,3,3,0.1,129.6,63,Cancelled
510588,16894,2023-05-12,9,1,0.0,62.0,28,Completed
517384,10238,2023-05-12,2,2,0.1,129.6,68,Completed
500925,10193,2023-05-12,7,3,0.0,81.0,24,Completed
512077,11536,2023-05-12,3,2,0.0,96.0,42,Completed
504777,13444,2023-05-13,9,1,0.05,58.9,28,Completed
517182,18108,2023-05-13,4,1,0.05,266.0,155,Completed
508346,14272,2023-05-13,9,2,0.1,111.6,56,Completed
508657,17242,2023-05-13,7,2,0.05,51.3,16,Completed
501099,16726,2023-05-13,10,1,0.05,104.5,54,Completed
517572,11677,2023-05-13,4,1,0.1,252.0,155,Completed
505830,11979,2023-05-13,7,1,0.0,27.0,8,Completed
503391,11958,2023-05-13,5,1,0.0,95.0,43,Completed
514683,17217,2023-05-13,4,1,0.1,252.0,155,Completed
506523,11412,2023-05-13,9,1,0.05,58.9,28,Completed
517267,10908,2023-05-13,1,1,0.15,123.25,79,Completed
500560,12123,2023-05-13,2,1,0.05,68.4,34,Completed
500011,13322,2023-05-13,4,1,0.0,280.0,155,Completed
512270,14365,2023-05-13,7,2,0.1,48.6,16,Completed
517851,17042,2023-05-13,2,3,0.05,205.2,102,Completed
514439,10372,2023-05-13,8,2,0.1,158.4,78,Completed
510150,12469,2023-05-13,6,1,0.1,31.5,13,Completed
511939,10923,2023-05-13,4,1,0.0,280.0,155,Completed
514956,10597,2023-05-14,1,1,0.05,137.75,79,Completed
514565,14798,2023-05-14,1,2,0.15,246.5,158,Completed
511590,15232,2023-05-14,4,4,0.05,1064.0,620,Returned
509021,10673,2023-05-14,5,2,0.15,161.5,86,Completed
502225,10822,2023-05-14,1,3,0.1,391.5,237,Completed
505988,10171,2023-05-14,6,1,0.05,33.25,13,Completed
510022,13624,2023-05-14,3,2,0.05,91.2,42,Completed
512269,13919,2023-05-14,2,3,0.0,216.0,102,Completed
503669,12197,2023-05-14,9,1,0.0,62.0,28,Completed
512290,10193,2023-05-14,7,1,0.15,22.95,8,Completed
500534,15694,2023-05-14,7,1,0.05,25.65,8,Completed
508033,12184,2023-05-14,1,2,0.0,290.0,158,Returned
504962,10773,2023-05-14,10,1,0.1,99.0,54,Completed
505455,14796,2023-05-14,9,1,0.0,62.0,28,Completed
512165,17517,2023-05-14,7,1,0.05,25.65,8,Completed
506381,11952,2023-05-14,2,1,0.0,72.0,34,Completed
502324,14697,2023-05-14,2,1,0.05,68.4,34,Completed
513617,16058,2023-05-14,3,1,0.05,45.6,21,Completed
503720,11664,2023-05-14,5,1,0.1,85.5,43,Completed
502398,18152,2023-05-14,7,1,0.05,25.65,8,Completed
502284,15511,2023-05-14,1,1,0.1,130.5,79,Completed
506018,10122,2023-05-14,2,2,0.2,115.2,68,Completed
514946,11610,2023-05-14,4,1,0.1,252.0,155,Completed
516312,16497,2023-05-14,8,1,0.05,83.6,39,Completed
504271,10416,2023-05-14,5,2,0.0,190.0,86,Completed
513712,17966,2023-05-14,2,1,0.0,72.0,34,Completed
501087,12216,2023-05-14,7,1,0.1,24.3,8,Completed
512594,13791,2023-05-14,1,1,0.2,116.0,79,Completed
514237,12463,2023-05-14,10,3,0.05,313.5,162,Returned
509845,16509,2023-05-15,2,1,0.0,72.0,34,Completed
514037,10608,2023-05-15,2,2,0.1,129.6,68,Completed
509276,13365,2023-05-15,3,1,0.1,43.2,21,Completed
505440,15018,2023-05-15,9,2,0.1,111.6,56,Completed
503490,11801,2023-05-15,6,1,0.0,35.0,13,Completed
500599,11383,2023-05-15,5,2,0.05,180.5,86,Completed
501687,12144,2023-05-15,9,1,0.0,62.0,28,Completed
506320,11490,2023-05-15,10,1,0.0,110.0,54,Completed
514798,16802,2023-05-15,3,1,0.0,48.0,21,Completed
511692,16979,2023-05-15,8,1,0.0,88.0,39,Completed
516873,14552,2023-05-15,10,1,0.15,93.5,54,Completed
503900,11796,2023-05-15,8,1,0.05,83.6,39,Cancelled
513454,11946,2023-05-15,2,1,0.1,64.8,34,Completed
505178,12184,2023-05-15,8,1,0.0,88.0,39,Completed
510029,15888,2023-05-15,10,1,0.0,110.0,54,Completed
508223,10735,2023-05-15,1,2,0.0,290.0,158,Completed
500218,16463,2023-05-15,10,1,0.1,99.0,54,Completed
514470,11451,2023-05-15,10,1,0.0,110.0,54,Completed
507617,17967,2023-05-15,8,3,0.0,264.0,117,Completed
512048,11424,2023-05-15,8,2,0.2,140.8,78,Completed
502811,10098,2023-05-15,3,2,0.15,81.6,42,Completed
512062,16166,2023-05-15,10,2,0.0,220.0,108,Completed
517761,13113,2023-05-15,8,4,0.05,334.4,156,Completed
508094,11680,2023-05-15,2,1,0.1,64.8,34,Completed
506384,18180,2023-05-15,8,1,0.0,88.0,39,Completed
506024,11174,2023-05-15,7,1,0.05,25.65,8,Completed
510883,10531,2023-05-15,9,1,0.0,62.0,28,Completed
509728,10353,2023-05-15,5,3,0.1,256.5,129,Completed
514621,17541,2023-05-15,1,2,0.0,290.0,158,Completed
504021,18150,2023-05-16,1,1,0.0,145.0,79,Completed
516454,16292,2023-05-16,2,2,0.0,144.0,68,Returned
510760,15941,2023-05-16,8,1,0.0,88.0,39,Returned
506781,12830,2023-05-16,5,2,0.0,190.0,86,Completed
515004,10082,2023-05-16,6,2,0.1,63.0,26,Completed
510246,14162,2023-05-16,9,3,0.15,158.1,84,Completed
517806,14892,2023-05-16,3,1,0.0,48.0,21,Returned
503216,13606,2023-05-16,5,4,0.0,380.0,172,Completed
505427,10784,2023-05-16,1,1,0.05,137.75,79,Completed
516412,14351,2023-05-16,2,2,0.0,144.0,68,Completed
509157,10330,2023-05-16,8,1,0.0,88.0,39,Completed
503261,15048,2023-05-16,2,2,0.0,144.0,68,Completed
516115,15786,2023-05-16,7,3,0.05,76.95,24,Completed
516878,13185,2023-05-16,9,2,0.05,117.8,56,Completed
512785,12302,2023-05-16,7,2,0.0,54.0,16,Returned
513054,12438,2023-05-16,5,1,0.0,95.0,43,Returned
500815,15403,2023-05-16,10,2,0.05,209.0,108,Completed
500027,10505,2023-05-16,4,2,0.05,532.0,310,Completed
517882,10260,2023-05-16,1,2,0.15,246.5,158,Completed
502545,12184,2023-05-16,5,1,0.0,95.0,43,Completed
512723,10419,2023-05-16,10,1,0.2,88.0,54,Completed
510021,14100,2023-05-16,3,4,0.1,172.8,84,Completed
505290,11444,2023-05-16,2,1,0.0,72.0,34,Completed
508210,10960,2023-05-17,10,1,0.05,104.5,54,Completed
515477,14831,2023-05-17,4,1,0.0,280.0,155,Completed
507574,17638,2023-05-17,9,1,0.2,49.6,28,Completed
514383,10636,2023-05-17,1,2,0.05,275.5,158,Completed
512177,11069,2023-05-17,6,4,0.05,133.0,52,Completed
502851,11946,2023-05-17,5,2,0.05,180.5,86,Returned
515020,18400,2023-05-17,10,1,0.0,110.0,54,Completed
511917,11661,2023-05-17,2,1,0.1,64.8,34,Completed
508202,15341,2023-05-17,3,1,0.0,48.0,21,Completed
513233,13929,2023-05-17,7,1,0.1,24.3,8,Completed
505805,12231,2023-05-17,10,2,0.05,209.0,108,Completed
507793,14222,2023-05-17,3,1,0.15,40.8,21,Completed
517112,12998,2023-05-17,4,3,0.0,840.0,465,Completed
512036,12723,2023-05-17,2,1,0.15,61.2,34,Completed
509554,13124,2023-05-17,9,1,0.05,58.9,28,Completed
507235,11761,2023-05-17,10,1,0.0,110.0,54,Completed
508425,15637,2023-05-17,8,1,0.0,88.0,39,Completed
511276,10984,2023-05-17,1,2,0.0,290.0,158,Completed
506811,12957,2023-05-17,2,1,0.0,72.0,34,Completed
511724,13411,2023-05-17,8,3,0.0,264.0,117,Completed
514343,12924,2023-05-17,5,3,0.05,270.75,129,Completed
506349,12592,2023-05-17,4,1,0.0,280.0,155,Completed
511516,15555,2023-05-18,7,1,0.05,25.65,8,Completed
508200,15766,2023-05-18,5,3,0.0,285.0,129,Returned
516030,11427,2023-05-18,7,2,0.15,45.9,16,Completed
506864,13577,2023-05-18,5,1,0.0,95.0,43,Completed
508086,16004,2023-05-18,6,3,0.05,99.75,39,Completed
513830,12564,2023-05-18,6,3,0.15,89.25,39,Completed
514589,17664,2023-05-18,9,2,0.0,124.0,56,Completed
510571,13647,2023-05-18,6,1,0.15,29.75,13,Completed
505868,16196,2023-05-18,2,1,0.1,64.8,34,Completed
504935,11627,2023-05-18,7,1,0.05,25.65,8,Completed
501542,16918,2023-05-18,2,2,0.05,136.8,68,Completed
515616,14409,2023-05-18,2,1,0.2,57.6,34,Completed
500110,10437,2023-05-18,3,2,0.0,96.0,42,Completed
500545,12734,2023-05-18,9,2,0.1,111.6,56,Completed
504258,17287,2023-05-18,9,1,0.15,52.7,28,Completed
515618,10296,2023-05-18,10,2,0.2,176.0,108,Completed
510859,14304,2023-05-18,6,2,0.0,70.0,26,Completed
514455,17416,2023-05-18,10,3,0.1,297.0,162,Completed
502458,10985,2023-05-18,10,1,0.1,99.0,54,Completed
504146,13604,2023-05-18,5,1,0.05,90.25,43,Completed
510637,11425,2023-05-18,7,1,0.0,27.0,8,Completed
517989,10738,2023-05-18,6,1,0.0,35.0,13,Completed
503679,10060,2023-05-18,5,1,0.0,95.0,43,Completed
505097,12890,2023-05-18,10,1,0.0,110.0,54,Completed
503507,16845,2023-05-18,1,1,0.0,145.0,79,Completed
516083,10322,2023-05-18,5,2,0.05,180.5,86,Completed
511540,16794,2023-05-19,5,2,0.0,190.0,86,Completed
517096,14111,2023-05-19,7,1,0.0,27.0,8,Completed
517872,16539,2023-05-19,5,1,0.05,90.25,43,Completed
506056,14367,2023-05-19,1,3,0.15,369.75,237,Completed
514805,14220,2023-05-19,1,2,0.0,290.0,158,Completed
514402,10201,2023-05-19,8,2,0.05,167.2,78,Completed
512906,16199,2023-05-19,6,1,0.1,31.5,13,Completed
500303,18029,2023-05-19,3,1,0.15,40.8,21,Completed
509100,12133,2023-05-19,9,1,0.0,62.0,28,Completed
510455,12459,2023-05-19,8,3,0.0,264.0,117,Cancelled
505755,10974,2023-05-19,5,1,0.2,76.0,43,Returned
501505,11368,2023-05-19,9,3,0.0,186.0,84,Completed
506603,13596,2023-05-19,6,3,0.2,84.0,39,Completed
500640,16839,2023-05-19,5,4,0.05,361.0,172,Completed
501779,14443,2023-05-19,7,1,0.0,27.0,8,Completed
501485,17971,2023-05-19,6,1,0.15,29.75,13,Completed
514532,14191,2023-05-19,1,2,0.0,290.0,158,Completed
516953,10056,2023-05-19,7,2,0.2,43.2,16,Completed
506723,17638,2023-05-19,10,2,0.0,220.0,108,Completed
502559,10468,2023-05-19,2,1,0.1,64.8,34,Completed
510624,10066,2023-05-19,4,3,0.0,840.0,465,Completed
511901,12591,2023-05-19,7,1,0.05,25.65,8,Completed
508417,16951,2023-05-19,5,1,0.0,95.0,43,Completed
501478,17552,2023-05-19,9,2,0.15,105.4,56,Completed
512558,13695,2023-05-19,6,1,0.05,33.25,13,Completed
515744,14900,2023-05-20,1,3,0.0,435.0,237,Completed
505994,11166,2023-05-20,3,1,0.0,48.0,21,Completed
516326,17948,2023-05-20,3,2,0.0,96.0,42,Completed
513207,12438,2023-05-20,6,2,0.05,66.5,26,Completed
502875,16258,2023-05-20,7,1,0.1,24.3,8,Completed
510937,13796,2023-05-20,1,1,0.0,145.0,79,Completed
506728,14892,2023-05-20,6,2,0.1,63.0,26,Completed
500656,12990,2023-05-20,5,2,0.0,190.0,86,Completed
512057,10623,2023-05-20,7,1,0.05,25.65,8,Completed
507074,15629,2023-05-20,5,2,0.0,190.0,86,Completed
516824,17616,2023-05-20,3,1,0.05,45.6,21,Completed
500331,12885,2023-05-20,7,4,0.0,108.0,32,Completed
501388,12928,2023-05-20,6,2,0.2,56.0,26,Completed
515645,14553,2023-05-20,5,2,0.0,190.0,86,Completed
505049,11464,2023-05-20,1,2,0.05,275.5,158,Completed
515380,17630,2023-05-20,7,1,0.0,27.0,8,Completed
506284,10487,2023-05-20,7,4,0.0,108.0,32,Cancelled
516170,15396,2023-05-20,9,1,0.05,58.9,28,Completed
515011,15470,2023-05-20,10,1,0.0,110.0,54,Completed
503463,12568,2023-05-20,7,1,0.15,22.95,8,Completed
500832,10730,2023-05-21,7,2,0.2,43.2,16,Completed
516788,13287,2023-05-21,4,1,0.15,238.0,155,Completed
516833,16522,2023-05-21,4,1,0.2,224.0,155,Completed
505111,12267,2023-05-21,7,1,0.1,24.3,8,Completed
503810,10874,2023-05-21,6,2,0.0,70.0,26,Completed
505447,10633,2023-05-21,7,1,0.1,24.3,8,Completed
515335,14247,2023-05-21,1,1,0.0,145.0,79,Completed
515818,15628,2023-05-21,8,1,0.05,83.6,39,Completed
500625,11171,2023-05-21,10,1,0.2,88.0,54,Returned
503198,17308,2023-05-21,10,3,0.0,330.0,162,Completed
504124,11320,2023-05-21,1,3,0.0,435.0,237,Completed
511431,14017,2023-05-21,5,1,0.15,80.75,43,Completed
517426,12011,2023-05-21,5,1,0.0,95.0,43,Completed
517512,11285,2023-05-21,9,2,0.0,124.0,56,Completed
501136,10245,2023-05-21,3,2,0.0,96.0,42,Completed
500436,18036,2023-05-21,5,2,0.05,180.5,86,Completed
515399,16905,2023-05-21,5,1,0.05,90.25,43,Completed
513234,18485,2023-05-21,3,1,0.0,48.0,21,Completed
505864,15117,2023-05-21,3,2,0.0,96.0,42,Returned
500293,10123,2023-05-21,7,3,0.0,81.0,24,Completed
514993,10537,2023-05-22,5,1,0.2,76.0,43,Completed
506367,15196,2023-05-22,10,1,0.0,110.0,54,Completed
507935,14228,2023-05-22,5,2,0.0,190.0,86,Completed
512811,17184,2023-05-22,6,1,0.0,35.0,13,Completed
509485,10765,2023-05-22,1,2,0.05,275.5,158,Completed
502926,10891,2023-05-22,2,1,0.05,68.4,34,Completed
508045,18131,2023-05-22,9,1,0.0,62.0,28,Completed
500124,11068,2023-05-22,3,2,0.0,96.0,42,Completed
504999,11155,2023-05-22,2,1,0.1,64.8,34,Completed
502627,16358,2023-05-22,2,1,0.15,61.2,34,Completed
512538,10004,2023-05-22,7,1,0.05,25.65,8,Completed
516136,12186,2023-05-22,10,1,0.15,93.5,54,Completed
513711,12111,2023-05-22,2,1,0.05,68.4,34,Completed
506638,10481,2023-05-22,2,2,0.05,136.8,68,Completed
516647,17370,2023-05-22,9,1,0.0,62.0,28,Completed
517230,18351,2023-05-22,8,2,0.2,140.8,78,Completed
511776,12259,2023-05-22,1,1,0.0,145.0,79,Returned
515988,10130,2023-05-22,10,1,0.0,110.0,54,Completed
500615,14883,2023-05-22,5,3,0.0,285.0,129,Completed
504605,13319,2023-05-23,2,2,0.0,144.0,68,Completed
514297,15702,2023-05-23,8,1,0.1,79.2,39,Completed
514947,17682,2023-05-23,9,1,0.1,55.8,28,Completed
505064,10044,2023-05-23,1,1,0.1,130.5,79,Completed
507722,17612,2023-05-23,3,1,0.0,48.0,21,Returned
510844,11852,2023-05-23,5,3,0.0,285.0,129,Completed
512795,15114,2023-05-23,8,2,0.05,167.2,78,Completed
502525,10439,2023-05-23,5,3,0.05,270.75,129,Completed
504086,15674,2023-05-23,6,3,0.2,84.0,39,Completed
506181,12563,2023-05-23,1,2,0.0,290.0,158,Returned
514786,14393,2023-05-23,5,1,0.15,80.75,43,Completed
511325,11018,2023-05-23,4,3,0.1,756.0,465,Completed
501636,13461,2023-05-23,6,2,0.1,63.0,26,Completed
507860,11468,2023-05-23,8,2,0.0,176.0,78,Completed
503332,10789,2023-05-23,5,1,0.1,85.5,43,Completed
507230,15178,2023-05-23,6,2,0.1,63.0,26,Completed
515512,10670,2023-05-23,8,1,0.0,88.0,39,Completed
504331,14910,2023-05-23,7,1,0.0,27.0,8,Returned
508446,13453,2023-05-23,4,4,0.05,1064.0,620,Completed
511585,12854,2023-05-23,9,2,0.0,124.0,56,Completed
511556,11880,2023-05-23,8,1,0.05,83.6,39,Completed
513143,16686,2023-05-23,2,1,0.0,72.0,34,Completed
513279,16686,2023-05-23,6,1,0.0,35.0,13,Completed
517472,11015,2023-05-24,5,1,0.05,90.25,43,Completed
516126,12037,2023-05-24,2,1,0.0,72.0,34,Completed
503562,11399,2023-05-24,10,1,0.0,110.0,54,Completed
508337,13295,2023-05-24,10,2,0.1,198.0,108,Returned
501432,12718,2023-05-24,6,1,0.0,35.0,13,Completed
509011,13018,2023-05-24,5,1,0.0,95.0,43,Cancelled
511866,13707,2023-05-24,2,1,0.0,72.0,34,Completed
517820,10544,2023-05-24,2,2,0.0,144.0,68,Completed
503286,11391,2023-05-24,10,1,0.05,104.5,54,Completed
500776,11111,2023-05-24,6,1,0.1,31.5,13,Completed
509951,15944,2023-05-24,2,1,0.1,64.8,34,Completed
506363,10788,2023-05-24,8,1,0.0,88.0,39,Completed
508226,13212,2023-05-24,9,2,0.0,124.0,56,Completed
512050,11360,2023-05-24,1,3,0.05,413.25,237,Completed
504301,10075,2023-05-24,2,1,0.0,72.0,34,Completed
501733,15735,2023-05-24,6,2,0.1,63.0,26,Completed
508538,15287,2023-05-24,10,1,0.2,88.0,54,Completed
502824,15556,2023-05-24,4,3,0.0,840.0,465,Completed
512928,11366,2023-05-24,9,1,0.1,55.8,28,Completed
514752,11022,2023-05-24,5,1,0.0,95.0,43,Completed
502514,11648,2023-05-24,6,1,0.0,35.0,13,Completed
504066,12773,2023-05-25,3,1,0.05,45.6,21,Completed
505774,16251,2023-05-25,7,1,0.0,27.0,8,Completed
509899,12771,2023-05-25,1,1,0.0,145.0,79,Completed
503323,17755,2023-05-25,1,1,0.2,116.0,79,Completed
503863,13602,2023-05-25,6,2,0.1,63.0,26,Completed
504671,13862,2023-05-25,2,1,0.15,61.2,34,Completed
504621,17812,2023-05-25,9,2,0.0,124.0,56,Completed
511388,13925,2023-05-25,1,1,0.1,130.5,79,Completed
510810,12694,2023-05-25,4,1,0.1,252.0,155,Completed
506573,16583,2023-05-25,5,1,0.1,85.5,43,Completed
502247,11446,2023-05-25,3,1,0.0,48.0,21,Completed
513835,10875,2023-05-25,9,1,0.0,62.0,28,Completed
507296,14890,2023-05-25,2,2,0.05,136.8,68,Completed
513055,15369,2023-05-25,9,3,0.1,167.4,84,Completed
513603,14173,2023-05-26,7,3,0.0,81.0,24,Completed
500984,14238,2023-05-26,5,1,0.05,90.25,43,Completed
510095,10384,2023-05-26,6,2,0.05,66.5,26,Completed
517536,10670,2023-05-26,10,2,0.2,176.0,108,Completed
514605,12924,2023-05-26,5,1,0.0,95.0,43,Completed
504093,10176,2023-05-26,8,4,0.0,352.0,156,Completed
504895,10108,2023-05-26,3,1,0.0,48.0,21,Cancelled
504145,12786,2023-05-26,3,2,0.0,96.0,42,Completed
502158,12464,2023-05-26,7,1,0.15,22.95,8,Completed
509732,15162,2023-05-26,3,1,0.05,45.6,21,Completed
509823,10408,2023-05-26,5,1,0.1,85.5,43,Completed
510065,13303,2023-05-26,6,1,0.05,33.25,13,Completed
500907,10009,2023-05-26,6,1,0.0,35.0,13,Completed
502607,13062,2023-05-26,9,1,0.0,62.0,28,Completed
514869,12478,2023-05-26,8,1,0.0,88.0,39,Returned
507758,18329,2023-05-26,9,1,0.05,58.9,28,Completed
500919,18366,2023-05-26,1,1,0.05,137.75,79,Completed
510508,12699,2023-05-26,6,1,0.0,35.0,13,Completed
505796,12518,2023-05-27,4,1,0.05,266.0,155,Completed
517752,15095,2023-05-27,3,1,0.05,45.6,21,Completed
515383,18207,2023-05-27,1,3,0.0,435.0,237,Completed
517059,10736,2023-05-27,7,1,0.0,27.0,8,Completed
505898,13730,2023-05-27,8,1,0.1,79.2,39,Completed
505217,15535,2023-05-27,3,1,0.1,43.2,21,Returned
515344,13105,2023-05-27,6,1,0.0,35.0,13,Completed
502690,12225,2023-05-27,5,1,0.0,95.0,43,Completed
515797,14977,2023-05-27,5,2,0.1,171.0,86,Completed
507514,16424,2023-05-27,6,1,0.1,31.5,13,Completed
504236,11070,2023-05-27,5,2,0.0,190.0,86,Completed
514411,13592,2023-05-27,5,1,0.0,95.0,43,Completed
500440,13061,2023-05-27,4,2,0.1,504.0,310,Completed
511123,11981,2023-05-27,5,1,0.0,95.0,43,Cancelled
507607,12607,2023-05-27,7,1,0.0,27.0,8,Completed
507963,11936,2023-05-27,3,2,0.05,91.2,42,Completed
512651,10842,2023-05-27,5,1,0.0,95.0,43,Completed
504476,10440,2023-05-27,8,1,0.2,70.4,39,Completed
514949,12923,2023-05-27,8,1,0.0,88.0,39,Completed
515136,14355,2023-05-27,1,1,0.0,145.0,79,Completed
515455,10779,2023-05-27,8,1,0.1,79.2,39,Completed
501678,15062,2023-05-27,3,4,0.0,192.0,84,Completed
502369,14082,2023-05-27,1,1,0.1,130.5,79,Completed
500213,12271,2023-05-27,1,1,0.0,145.0,79,Completed
516205,14888,2023-05-27,8,1,0.0,88.0,39,Completed
506866,10663,2023-05-28,1,2,0.0,290.0,158,Completed
512687,15279,2023-05-28,3,1,0.0,48.0,21,Completed
509884,15995,2023-05-28,10,2,0.05,209.0,108,Completed
511290,18232,2023-05-28,8,1,0.15,74.8,39,Completed
506625,12851,2023-05-28,2,1,0.0,72.0,34,Completed
510610,17653,2023-05-28,7,1,0.2,21.6,8,Completed
517718,14903,2023-05-28,6,2,0.15,59.5,26,Completed
505320,11348,2023-05-28,7,2,0.0,54.0,16,Completed
510757,18377,2023-05-28,7,2,0.0,54.0,16,Completed
509020,14186,2023-05-28,5,2,0.15,161.5,86,Completed
507595,11286,2023-05-28,4,1,0.0,280.0,155,Completed
513775,10636,2023-05-28,6,1,0.0,35.0,13,Completed
508715,12473,2023-05-28,6,2,0.2,56.0,26,Completed
509609,12442,2023-05-28,5,1,0.0,95.0,43,Completed
508307,16741,2023-05-28,10,1,0.05,104.5,54,Completed
512849,10243,2023-05-28,9,4,0.1,223.2,112,Completed
504569,10641,2023-05-28,8,2,0.1,158.4,78,Completed
506173,12350,2023-05-28,9,1,0.15,52.7,28,Completed
506433,16331,2023-05-28,8,1,0.05,83.6,39,Completed
501476,13533,2023-05-28,8,1,0.05,83.6,39,Completed
504312,11467,2023-05-29,1,1,0.05,137.75,79,Completed
516137,17005,2023-05-29,1,1,0.0,145.0,79,Completed
503729,14305,2023-05-29,4,1,0.0,280.0,155,Completed
505973,14189,2023-05-29,3,2,0.05,91.2,42,Completed
503319,11211,2023-05-29,5,2,0.0,190.0,86,Completed
515970,12088,2023-05-29,1,2,0.1,261.0,158,Completed
504256,10673,2023-05-29,5,2,0.05,180.5,86,Completed
513658,15941,2023-05-29,8,3,0.0,264.0,117,Completed
510465,10944,2023-05-29,8,1,0.0,88.0,39,Completed
506668,10339,2023-05-29,1,1,0.05,137.75,79,Completed
503293,12844,2023-05-29,5,1,0.0,95.0,43,Completed
514685,15774,2023-05-29,7,1,0.05,25.65,8,Returned
510173,15519,2023-05-29,1,1,0.0,145.0,79,Completed
509249,14562,2023-05-29,5,3,0.0,285.0,129,Completed
517266,15153,2023-05-29,3,1,0.0,48.0,21,Returned
515537,16430,2023-05-29,1,2,0.0,290.0,158,Completed
517065,14980,2023-05-29,4,1,0.0,280.0,155,Completed
505442,11536,2023-05-29,3,1,0.0,48.0,21,Completed
503334,15183,2023-05-29,1,1,0.1,130.5,79,Completed
501045,11813,2023-05-29,2,1,0.1,64.8,34,Completed
501165,11405,2023-05-29,8,2,0.1,158.4,78,Returned
501575,12211,2023-05-29,1,1,0.1,130.5,79,Completed
514929,10223,2023-05-30,3,1,0.15,40.8,21,Completed
502705,13644,2023-05-30,1,1,0.15,123.25,79,Completed
512155,10034,2023-05-30,8,3,0.1,237.6,117,Completed
502785,13357,2023-05-30,8,1,0.15,74.8,39,Completed
515151,12829,2023-05-30,6,3,0.1,94.5,39,Completed
514223,10341,2023-05-30,5,2,0.0,190.0,86,Completed
517450,12239,2023-05-30,3,1,0.0,48.0,21,Completed
500444,16601,2023-05-30,3,1,0.0,48.0,21,Completed
510454,10237,2023-05-30,1,1,0.0,145.0,79,Completed
510350,17941,2023-05-30,3,3,0.0,144.0,63,Completed
508793,10437,2023-05-30,9,2,0.0,124.0,56,Completed
508254,12804,2023-05-30,5,2,0.2,152.0,86,Completed
516123,11488,2023-05-30,10,2,0.15,187.0,108,Completed
517531,15870,2023-05-30,10,1,0.1,99.0,54,Completed
509636,13879,2023-05-30,5,2,0.05,180.5,86,Completed
502516,16251,2023-05-30,6,2,0.0,70.0,26,Completed
501185,12771,2023-05-30,3,1,0.0,48.0,21,Completed
501489,10040,2023-05-30,2,3,0.1,194.4,102,Completed
502611,10162,2023-05-31,2,1,0.2,57.6,34,Completed
509190,17674,2023-05-31,3,1,0.15,40.8,21,Completed
510905,14956,2023-05-31,10,3,0.0,330.0,162,Completed
505153,14393,2023-05-31,1,3,0.05,413.25,237,Completed
506233,10134,2023-05-31,7,1,0.0,27.0,8,Completed
510149,15195,2023-05-31,5,1,0.0,95.0,43,Completed
512427,17384,2023-05-31,3,1,0.1,43.2,21,Completed
511771,13692,2023-05-31,5,1,0.15,80.75,43,Completed
511908,13058,2023-05-31,9,1,0.0,62.0,28,Completed
506184,17027,2023-05-31,9,1,0.0,62.0,28,Completed
512471,13328,2023-05-31,4,2,0.1,504.0,310,Completed
512169,11779,2023-05-31,5,1,0.05,90.25,43,Completed
500592,18317,2023-05-31,5,1,0.0,95.0,43,Returned
510349,10410,2023-05-31,7,2,0.15,45.9,16,Completed
502661,18319,2023-05-31,4,2,0.0,560.0,310,Completed
503754,12865,2023-05-31,4,1,0.0,280.0,155,Completed
502679,16396,2023-05-31,6,1,0.0,35.0,13,Completed
516795,11068,2023-05-31,10,2,0.0,220.0,108,Completed
508594,17382,2023-05-31,6,1,0.1,31.5,13,Completed
517012,13349,2023-05-31,1,2,0.05,275.5,158,Completed
511114,17547,2023-05-31,5,3,0.0,285.0,129,Completed
511361,14126,2023-05-31,9,1,0.05,58.9,28,Completed
503105,18082,2023-05-31,8,3,0.1,237.6,117,Completed
505230,17189,2023-05-31,3,1,0.0,48.0,21,Completed
509958,10859,2023-05-31,9,1,0.05,58.9,28,Completed
500407,10736,2023-05-31,10,1,0.0,110.0,54,Completed
502533,11263,2023-05-31,9,1,0.2,49.6,28,Completed
510371,10245,2023-06-01,6,2,0.05,66.5,26,Completed
502220,13970,2023-06-01,1,1,0.0,145.0,79,Completed
508211,16223,2023-06-01,10,1,0.15,93.5,54,Completed
516982,14452,2023-06-01,10,1,0.0,110.0,54,Completed
511628,15565,2023-06-01,7,1,0.05,25.65,8,Completed
501401,16011,2023-06-01,7,1,0.05,25.65,8,Returned
515470,10730,2023-06-01,1,1,0.05,137.75,79,Completed
516841,10422,2023-06-01,9,1,0.2,49.6,28,Completed
513901,12821,2023-06-01,1,1,0.05,137.75,79,Completed
514273,17580,2023-06-01,8,1,0.2,70.4,39,Completed
500117,12083,2023-06-01,3,1,0.0,48.0,21,Returned
516888,18029,2023-06-01,10,3,0.0,330.0,162,Completed
511894,14106,2023-06-01,1,3,0.05,413.25,237,Completed
511958,10416,2023-06-01,5,1,0.1,85.5,43,Completed
511441,10085,2023-06-01,8,2,0.05,167.2,78,Completed
514236,11000,2023-06-01,2,1,0.0,72.0,34,Completed
507988,16412,2023-06-01,8,2,0.1,158.4,78,Completed
502010,12322,2023-06-01,8,1,0.05,83.6,39,Completed
504555,13570,2023-06-01,5,1,0.05,90.25,43,Completed
506105,15298,2023-06-02,3,2,0.05,91.2,42,Completed
515562,12642,2023-06-02,8,1,0.0,88.0,39,Completed
504930,14759,2023-06-02,3,3,0.05,136.8,63,Completed
514428,14634,2023-06-02,5,1,0.15,80.75,43,Completed
517184,12242,2023-06-02,6,1,0.15,29.75,13,Completed
500941,14769,2023-06-02,3,1,0.15,40.8,21,Completed
506532,15354,2023-06-02,6,1,0.15,29.75,13,Completed
513985,11403,2023-06-02,2,4,0.2,230.4,136,Completed
513692,10934,2023-06-02,7,2,0.0,54.0,16,Completed
514382,17606,2023-06-02,4,2,0.2,448.0,310,Completed
502958,15805,2023-06-02,1,2,0.0,290.0,158,Completed
511336,11256,2023-06-02,1,1,0.2,116.0,79,Completed
508209,11994,2023-06-02,3,1,0.0,48.0,21,Completed
507877,13273,2023-06-02,10,1,0.0,110.0,54,Completed
506997,15819,2023-06-02,4,2,0.0,560.0,310,Returned
513753,11892,2023-06-02,3,2,0.05,91.2,42,Completed
516329,14859,2023-06-02,5,2,0.05,180.5,86,Returned
500286,12120,2023-06-02,5,1,0.05,90.25,43,Completed
511596,16728,2023-06-02,4,1,0.1,252.0,155,Completed
509534,16238,2023-06-02,1,2,0.1,261.0,158,Completed
515563,16565,2023-06-02,6,1,0.05,33.25,13,Completed
506412,11974,2023-06-02,6,4,0.0,140.0,52,Completed
510538,10952,2023-06-02,7,1,0.0,27.0,8,Cancelled
503536,15525,2023-06-02,7,1,0.1,24.3,8,Returned
506255,14015,2023-06-02,10,2,0.05,209.0,108,Completed
501264,15874,2023-06-02,3,2,0.15,81.6,42,Completed
514005,10443,2023-06-02,5,3,0.0,285.0,129,Completed
517243,16199,2023-06-03,9,2,0.0,124.0,56,Completed
516843,12517,2023-06-03,2,2,0.0,144.0,68,Completed
502813,11595,2023-06-03,1,2,0.1,261.0,158,Completed
511367,12426,2023-06-03,8,1,0.05,83.6,39,Completed
513268,14654,2023-06-03,10,2,0.1,198.0,108,Completed
507059,10018,2023-06-03,6,2,0.05,66.5,26,Completed
512693,15317,2023-06-03,3,1,0.05,45.6,21,Completed
501543,10638,2023-06-03,1,3,0.0,435.0,237,Completed
516720,10049,2023-06-03,2,1,0.15,61.2,34,Completed
504340,10901,2023-06-03,8,1,0.05,83.6,39,Completed
509584,14889,2023-06-03,1,1,0.1,130.5,79,Cancelled
515714,15954,2023-06-03,2,2,0.0,144.0,68,Completed
517355,16558,2023-06-03,8,1,0.0,88.0,39,Completed
508822,10134,2023-06-03,5,1,0.0,95.0,43,Completed
504329,17682,2023-06-03,3,2,0.05,91.2,42,Completed
501995,11648,2023-06-03,7,2,0.0,54.0,16,Completed
509808,17106,2023-06-03,3,2,0.05,91.2,42,Completed
511082,13730,2023-06-03,1,1,0.0,145.0,79,Completed
508717,13273,2023-06-03,10,1,0.15,93.5,54,Completed
516431,11128,2023-06-03,5,3,0.2,228.0,129,Completed
512049,14481,2023-06-04,6,3,0.15,89.25,39,Completed
505786,10771,2023-06-04,2,2,0.0,144.0,68,Completed
504442,12191,2023-06-04,10,1,0.0,110.0,54,Completed
508813,15912,2023-06-04,6,2,0.0,70.0,26,Completed
504871,16895,2023-06-04,6,2,0.05,66.5,26,Completed
508095,14697,2023-06-04,7,2,0.0,54.0,16,Completed
508214,10822,2023-06-04,3,1,0.1,43.2,21,Completed
516604,14583,2023-06-04,7,3,0.05,76.95,24,Completed
500244,17251,2023-06-04,7,2,0.0,54.0,16,Completed
505731,10150,2023-06-04,8,3,0.05,250.8,117,Completed
517584,12923,2023-06-04,4,1,0.05,266.0,155,Returned
506551,11537,2023-06-04,7,1,0.05,25.65,8,Completed
515328,10537,2023-06-04,1,1,0.1,130.5,79,Completed
510539,13796,2023-06-04,7,4,0.05,102.6,32,Completed
514026,12384,2023-06-04,2,4,0.15,244.8,136,Completed
501666,10387,2023-06-04,7,1,0.1,24.3,8,Completed
517374,14048,2023-06-04,7,4,0.2,86.4,32,Completed
517218,16689,2023-06-04,2,1,0.05,68.4,34,Completed
500430,13232,2023-06-04,9,4,0.2,198.4,112,Completed
506692,12086,2023-06-04,7,2,0.0,54.0,16,Completed
511820,10960,2023-06-04,3,1,0.2,38.4,21,Completed
515203,12256,2023-06-04,2,3,0.0,216.0,102,Completed
515325,13136,2023-06-04,7,1,0.0,27.0,8,Cancelled
517804,15395,2023-06-04,7,2,0.15,45.9,16,Completed
511034,12437,2023-06-04,5,2,0.2,152.0,86,Completed
514359,10184,2023-06-04,5,1,0.1,85.5,43,Completed
517315,11704,2023-06-04,5,1,0.1,85.5,43,Completed
504880,12817,2023-06-04,8,1,0.1,79.2,39,Completed
503386,10462,2023-06-04,3,1,0.1,43.2,21,Completed
509404,11887,2023-06-05,5,2,0.0,190.0,86,Completed
503137,12242,2023-06-05,1,1,0.05,137.75,79,Completed
507577,14235,2023-06-05,7,1,0.05,25.65,8,Completed
512399,15724,2023-06-05,8,1,0.0,88.0,39,Completed
510511,14870,2023-06-05,7,2,0.0,54.0,16,Completed
515927,10991,2023-06-05,10,1,0.0,110.0,54,Completed
501250,12110,2023-06-05,7,1,0.05,25.65,8,Completed
504963,15672,2023-06-05,1,1,0.0,145.0,79,Completed
504729,17967,2023-06-05,7,3,0.05,76.95,24,Completed
517755,14584,2023-06-05,3,2,0.05,91.2,42,Completed
502142,10859,2023-06-05,7,1,0.05,25.65,8,Completed
501134,15154,2023-06-05,5,1,0.0,95.0,43,Completed
502050,18033,2023-06-05,2,1,0.0,72.0,34,Completed
510672,11085,2023-06-06,7,2,0.1,48.6,16,Completed
504714,11149,2023-06-06,1,1,0.2,116.0,79,Completed
508270,17684,2023-06-06,10,3,0.1,297.0,162,Completed
506957,17012,2023-06-06,8,1,0.15,74.8,39,Completed
510027,14055,2023-06-06,1,4,0.05,551.0,316,Completed
508968,10108,2023-06-06,6,1,0.15,29.75,13,Completed
514410,13337,2023-06-06,2,1,0.0,72.0,34,Completed
512747,14961,2023-06-06,1,1,0.0,145.0,79,Completed
503371,12552,2023-06-06,7,2,0.0,54.0,16,Completed
501523,11547,2023-06-06,1,1,0.0,145.0,79,Completed
515689,13960,2023-06-06,2,2,0.0,144.0,68,Completed
515798,11197,2023-06-06,10,1,0.0,110.0,54,Completed
506122,10239,2023-06-06,9,1,0.05,58.9,28,Completed
517945,12112,2023-06-06,9,2,0.0,124.0,56,Completed
507700,15780,2023-06-06,6,2,0.05,66.5,26,Completed
504750,11156,2023-06-07,8,1,0.0,88.0,39,Completed
514287,16096,2023-06-07,7,2,0.0,54.0,16,Completed
503589,13780,2023-06-07,3,2,0.0,96.0,42,Completed
502841,11404,2023-06-07,8,4,0.0,352.0,156,Completed
509893,11018,2023-06-07,1,1,0.0,145.0,79,Completed
510813,14833,2023-06-07,7,1,0.2,21.6,8,Completed
512948,10956,2023-06-07,1,1,0.0,145.0,79,Completed
514988,14188,2023-06-07,8,1,0.0,88.0,39,Completed
501061,14797,2023-06-07,5,1,0.05,90.25,43,Completed
506764,12192,2023-06-07,5,2,0.1,171.0,86,Completed
516707,16476,2023-06-07,1,2,0.05,275.5,158,Completed
501936,11761,2023-06-07,2,1,0.0,72.0,34,Completed
513433,10188,2023-06-07,7,2,0.2,43.2,16,Completed
500389,16913,2023-06-07,2,1,0.05,68.4,34,Completed
510450,11128,2023-06-08,3,1,0.0,48.0,21,Completed
508344,16755,2023-06-08,8,1,0.0,88.0,39,Completed
509221,11121,2023-06-08,2,3,0.0,216.0,102,Completed
506621,10269,2023-06-08,6,1,0.05,33.25,13,Completed
509041,11741,2023-06-08,1,1,0.0,145.0,79,Completed
503541,15811,2023-06-08,6,1,0.0,35.0,13,Completed
500697,18197,2023-06-08,5,1,0.0,95.0,43,Completed
508921,11259,2023-06-08,5,1,0.0,95.0,43,Completed
517545,13751,2023-06-08,10,2,0.0,220.0,108,Completed
515376,10223,2023-06-08,6,1,0.2,28.0,13,Completed
516005,16011,2023-06-08,8,1,0.05,83.6,39,Completed
511483,13117,2023-06-08,1,1,0.1,130.5,79,Cancelled
505085,16066,2023-06-08,1,3,0.15,369.75,237,Completed
515064,14950,2023-06-08,4,3,0.0,840.0,465,Completed
517392,10656,2023-06-08,2,1,0.0,72.0,34,Completed
507781,12285,2023-06-08,1,3,0.05,413.25,237,Completed
500246,11453,2023-06-08,8,1,0.0,88.0,39,Completed
508829,14673,2023-06-08,10,1,0.0,110.0,54,Returned
516157,10719,2023-06-08,3,1,0.05,45.6,21,Completed
517981,17647,2023-06-08,2,1,0.0,72.0,34,Completed
504314,12145,2023-06-09,5,2,0.05,180.5,86,Completed
508521,16027,2023-06-09,5,1,0.0,95.0,43,Cancelled
506885,17010,2023-06-09,10,1,0.0,110.0,54,Completed
506831,11265,2023-06-09,3,2,0.0,96.0,42,Completed
509927,13899,2023-06-09,1,1,0.0,145.0,79,Returned
516727,13667,2023-06-09,9,1,0.15,52.7,28,Completed
514769,13257,2023-06-09,8,1,0.15,74.8,39,Completed
516108,14055,2023-06-09,8,3,0.0,264.0,117,Cancelled
510011,12258,2023-06-09,2,2,0.2,115.2,68,Completed
512198,14205,2023-06-09,2,3,0.0,216.0,102,Completed
505525,12992,2023-06-09,8,1,0.1,79.2,39,Completed
502963,11780,2023-06-09,9,1,0.0,62.0,28,Completed
515506,10925,2023-06-09,5,2,0.0,190.0,86,Completed
512354,11768,2023-06-09,1,1,0.0,145.0,79,Completed
506873,10789,2023-06-09,9,2,0.0,124.0,56,Completed
508531,15040,2023-06-09,2,2,0.0,144.0,68,Completed
503104,13758,2023-06-09,3,2,0.1,86.4,42,Completed
506775,11277,2023-06-09,8,1,0.0,88.0,39,Completed
506355,15129,2023-06-09,2,2,0.0,144.0,68,Completed
506669,14021,2023-06-10,9,1,0.1,55.8,28,Completed
512015,10785,2023-06-10,6,1,0.15,29.75,13,Completed
507189,18073,2023-06-10,2,1,0.1,64.8,34,Completed
500732,12546,2023-06-10,6,1,0.05,33.25,13,Returned
517653,12195,2023-06-10,7,1,0.0,27.0,8,Completed
508260,12395,2023-06-10,2,1,0.05,68.4,34,Completed
510721,15273,2023-06-10,5,1,0.1,85.5,43,Completed
503029,18296,2023-06-10,6,1,0.0,35.0,13,Completed
511194,11256,2023-06-10,6,1,0.05,33.25,13,Returned
500579,15143,2023-06-10,5,2,0.0,190.0,86,Completed
513293,17608,2023-06-10,5,1,0.0,95.0,43,Completed
517884,15459,2023-06-10,1,2,0.2,232.0,158,Completed
505794,13025,2023-06-10,6,1,0.05,33.25,13,Completed
515446,13500,2023-06-10,5,3,0.1,256.5,129,Completed
511510,16618,2023-06-10,7,2,0.15,45.9,16,Cancelled
503422,16485,2023-06-10,4,1,0.05,266.0,155,Completed
500323,15598,2023-06-10,3,1,0.2,38.4,21,Completed
504847,16440,2023-06-10,6,4,0.0,140.0,52,Completed
514195,13292,2023-06-10,6,2,0.0,70.0,26,Completed
508387,12687,2023-06-10,7,1,0.0,27.0,8,Completed
506186,15170,2023-06-10,9,1,0.0,62.0,28,Completed
515278,11302,2023-06-10,9,1,0.0,62.0,28,Completed
512726,16039,2023-06-11,1,1,0.05,137.75,79,Completed
507993,10060,2023-06-11,3,1,0.15,40.8,21,Completed
507343,14769,2023-06-11,5,2,0.15,161.5,86,Completed
501640,12050,2023-06-11,2,3,0.05,205.2,102,Completed
501653,10985,2023-06-11,3,1,0.1,43.2,21,Completed
511635,13471,2023-06-11,5,1,0.1,85.5,43,Completed
506502,12788,2023-06-11,6,1,0.0,35.0,13,Completed
512037,11230,2023-06-11,1,2,0.0,290.0,158,Completed
513745,13196,2023-06-11,6,1,0.0,35.0,13,Completed
501772,13086,2023-06-11,6,1,0.2,28.0,13,Completed
513249,10299,2023-06-11,5,1,0.0,95.0,43,Completed
513037,15367,2023-06-11,1,2,0.1,261.0,158,Returned
515623,14446,2023-06-11,1,1,0.0,145.0,79,Completed
512883,12343,2023-06-11,3,2,0.1,86.4,42,Completed
513418,13212,2023-06-11,9,1,0.1,55.8,28,Completed
501810,16403,2023-06-11,8,1,0.1,79.2,39,Completed
512977,15247,2023-06-11,2,2,0.1,129.6,68,Completed
506680,13492,2023-06-11,4,2,0.1,504.0,310,Completed
514247,11563,2023-06-11,9,1,0.1,55.8,28,Completed
517656,11740,2023-06-11,4,1,0.0,280.0,155,Completed
510581,14455,2023-06-11,5,2,0.0,190.0,86,Completed
509122,10581,2023-06-12,1,2,0.1,261.0,158,Completed
504624,17299,2023-06-12,6,4,0.15,119.0,52,Completed
511035,11841,2023-06-12,8,4,0.05,334.4,156,Completed
501802,18278,2023-06-12,3,1,0.0,48.0,21,Returned
505205,12754,2023-06-12,8,4,0.0,352.0,156,Completed
510874,18240,2023-06-12,7,1,0.0,27.0,8,Completed
512763,13610,2023-06-12,3,2,0.15,81.6,42,Completed
503309,18144,2023-06-12,7,1,0.05,25.65,8,Completed
511209,13517,2023-06-12,10,1,0.1,99.0,54,Completed
508161,10132,2023-06-12,7,1,0.15,22.95,8,Completed
506439,17104,2023-06-12,1,2,0.0,290.0,158,Completed
513848,15383,2023-06-12,8,2,0.0,176.0,78,Completed
508369,16458,2023-06-12,3,1,0.1,43.2,21,Completed
513432,13044,2023-06-12,2,1,0.0,72.0,34,Completed
505115,13926,2023-06-12,6,2,0.05,66.5,26,Completed
509779,10169,2023-06-12,6,2,0.0,70.0,26,Returned
509681,12349,2023-06-12,1,1,0.05,137.75,79,Completed
511459,17255,2023-06-13,2,3,0.0,216.0,102,Completed
517337,13163,2023-06-13,7,1,0.0,27.0,8,Completed
503552,12285,2023-06-13,3,2,0.0,96.0,42,Completed
515319,12969,2023-06-13,9,1,0.1,55.8,28,Completed
515106,12718,2023-06-13,9,3,0.0,186.0,84,Completed
508685,10585,2023-06-13,7,1,0.15,22.95,8,Completed
500761,12866,2023-06-13,2,1,0.2,57.6,34,Completed
512417,10866,2023-06-13,6,1,0.0,35.0,13,Completed
514678,14800,2023-06-13,1,1,0.05,137.75,79,Completed
507837,14854,2023-06-13,2,2,0.1,129.6,68,Completed
507426,17199,2023-06-13,3,1,0.0,48.0,21,Completed
512489,15723,2023-06-13,10,1,0.0,110.0,54,Completed
514183,12064,2023-06-13,1,1,0.1,130.5,79,Cancelled
507262,10986,2023-06-13,5,1,0.0,95.0,43,Completed
515916,12079,2023-06-13,3,1,0.0,48.0,21,Completed
512986,12524,2023-06-13,1,2,0.2,232.0,158,Returned
515914,15218,2023-06-13,1,1,0.0,145.0,79,Completed
514980,11149,2023-06-13,1,1,0.0,145.0,79,Completed
517628,17220,2023-06-13,2,1,0.15,61.2,34,Cancelled
511737,17466,2023-06-13,1,1,0.1,130.5,79,Completed
517916,15018,2023-06-13,4,1,0.2,224.0,155,Completed
514828,15095,2023-06-13,6,2,0.1,63.0,26,Completed
508913,10060,2023-06-13,2,2,0.1,129.6,68,Completed
513305,12951,2023-06-13,1,1,0.15,123.25,79,Completed
516480,14255,2023-06-13,9,1,0.05,58.9,28,Completed
512072,10416,2023-06-14,5,2,0.05,180.5,86,Completed
510901,15323,2023-06-14,10,1,0.1,99.0,54,Completed
504231,12524,2023-06-14,7,1,0.1,24.3,8,Completed
501721,10168,2023-06-14,1,1,0.0,145.0,79,Completed
514071,12519,2023-06-14,1,1,0.1,130.5,79,Completed
509581,13164,2023-06-14,5,1,0.15,80.75,43,Completed
508343,14966,2023-06-14,7,3,0.0,81.0,24,Completed
503891,12494,2023-06-14,1,2,0.2,232.0,158,Completed
516693,10235,2023-06-14,2,1,0.0,72.0,34,Completed
511392,16877,2023-06-14,2,1,0.0,72.0,34,Completed
507336,13098,2023-06-14,9,1,0.0,62.0,28,Completed
512971,18056,2023-06-14,3,2,0.0,96.0,42,Completed
517852,17761,2023-06-14,3,1,0.05,45.6,21,Completed
507682,16938,2023-06-14,1,1,0.0,145.0,79,Completed
515918,16176,2023-06-14,5,1,0.1,85.5,43,Completed
504945,15526,2023-06-14,7,1,0.0,27.0,8,Completed
504101,11248,2023-06-14,9,2,0.1,111.6,56,Completed
513345,11744,2023-06-14,3,3,0.15,122.4,63,Completed
512430,14029,2023-06-14,5,2,0.1,171.0,86,Completed
504483,11335,2023-06-14,6,1,0.0,35.0,13,Completed
513939,11992,2023-06-14,7,1,0.1,24.3,8,Completed
510410,10519,2023-06-14,9,1,0.0,62.0,28,Completed
501176,16558,2023-06-15,1,1,0.0,145.0,79,Completed
503574,10768,2023-06-15,4,2,0.05,532.0,310,Completed
510382,10398,2023-06-15,7,1,0.05,25.65,8,Completed
500808,16091,2023-06-15,6,3,0.0,105.0,39,Completed
501528,14214,2023-06-15,8,2,0.1,158.4,78,Completed
513676,10497,2023-06-15,5,1,0.1,85.5,43,Completed
511716,10469,2023-06-15,5,1,0.05,90.25,43,Completed
502190,13883,2023-06-15,6,3,0.2,84.0,39,Completed
509496,12313,2023-06-15,7,4,0.0,108.0,32,Completed
515502,13482,2023-06-15,6,1,0.05,33.25,13,Completed
503910,16096,2023-06-15,5,2,0.2,152.0,86,Completed
516011,10769,2023-06-15,1,1,0.0,145.0,79,Completed
511987,10446,2023-06-15,9,1,0.0,62.0,28,Completed
514126,13392,2023-06-15,2,1,0.15,61.2,34,Completed
512978,10119,2023-06-15,3,2,0.0,96.0,42,Completed
506563,13612,2023-06-15,4,2,0.0,560.0,310,Completed
510477,11595,2023-06-15,3,1,0.05,45.6,21,Completed
517816,10546,2023-06-16,6,2,0.0,70.0,26,Completed
506736,18140,2023-06-16,6,4,0.15,119.0,52,Completed
502911,11673,2023-06-16,9,1,0.15,52.7,28,Completed
513355,10818,2023-06-16,6,4,0.1,126.0,52,Completed
517157,11905,2023-06-16,5,1,0.1,85.5,43,Completed
512976,11740,2023-06-16,9,1,0.15,52.7,28,Completed
515974,13655,2023-06-16,8,3,0.0,264.0,117,Completed
507765,13897,2023-06-16,2,1,0.05,68.4,34,Completed
511543,12361,2023-06-16,2,3,0.0,216.0,102,Completed
512987,15252,2023-06-16,1,2,0.15,246.5,158,Completed
517767,12977,2023-06-16,9,1,0.0,62.0,28,Completed
515201,13490,2023-06-16,5,1,0.0,95.0,43,Completed
517780,17681,2023-06-16,6,2,0.05,66.5,26,Completed
515543,16258,2023-06-16,10,1,0.0,110.0,54,Completed
517440,12026,2023-06-16,5,1,0.2,76.0,43,Completed
510210,13513,2023-06-16,6,2,0.15,59.5,26,Completed
501762,10082,2023-06-16,10,1,0.0,110.0,54,Completed
508313,17547,2023-06-17,1,2,0.05,275.5,158,Completed
515610,15465,2023-06-17,6,1,0.05,33.25,13,Completed
512644,17413,2023-06-17,5,1,0.0,95.0,43,Completed
515922,11328,2023-06-17,1,1,0.2,116.0,79,Completed
505538,12812,2023-06-17,1,1,0.1,130.5,79,Completed
505431,17650,2023-06-17,3,1,0.0,48.0,21,Completed
513235,11699,2023-06-17,1,2,0.2,232.0,158,Completed
507591,18175,2023-06-17,1,1,0.0,145.0,79,Completed
509168,10811,2023-06-17,6,1,0.05,33.25,13,Completed
500222,14481,2023-06-17,9,2,0.15,105.4,56,Completed
502322,16428,2023-06-17,1,2,0.05,275.5,158,Completed
508091,12070,2023-06-17,2,1,0.15,61.2,34,Completed
513645,10214,2023-06-17,1,1,0.0,145.0,79,Completed
509665,18415,2023-06-17,2,2,0.0,144.0,68,Returned
507613,12583,2023-06-17,9,1,0.0,62.0,28,Completed
512760,12681,2023-06-17,3,1,0.1,43.2,21,Completed
506179,15770,2023-06-17,7,1,0.0,27.0,8,Completed
510151,16374,2023-06-17,1,3,0.15,369.75,237,Completed
513978,12064,2023-06-18,8,1,0.1,79.2,39,Completed
510457,13375,2023-06-18,5,1,0.05,90.25,43,Completed
509655,13562,2023-06-18,7,1,0.0,27.0,8,Completed
516189,12479,2023-06-18,2,2,0.15,122.4,68,Completed
514892,16600,2023-06-18,4,1,0.0,280.0,155,Completed
514305,17624,2023-06-18,6,1,0.0,35.0,13,Completed
504553,16832,2023-06-18,6,1,0.1,31.5,13,Completed
506423,13206,2023-06-18,3,1,0.2,38.4,21,Completed
505036,10875,2023-06-18,2,3,0.2,172.8,102,Returned
502708,13829,2023-06-18,9,1,0.15,52.7,28,Completed
511422,12064,2023-06-18,7,2,0.05,51.3,16,Completed
517675,16636,2023-06-18,9,1,0.15,52.7,28,Completed
506663,16416,2023-06-18,1,2,0.05,275.5,158,Completed
502854,12607,2023-06-18,8,1,0.15,74.8,39,Completed
511651,11476,2023-06-18,9,2,0.0,124.0,56,Cancelled
502640,10913,2023-06-18,7,1,0.1,24.3,8,Completed
501055,15843,2023-06-18,5,2,0.0,190.0,86,Completed
508652,15274,2023-06-18,4,2,0.1,504.0,310,Completed
512180,10711,2023-06-18,6,2,0.1,63.0,26,Completed
510435,12207,2023-06-18,7,3,0.1,72.9,24,Completed
502933,11745,2023-06-19,6,1,0.0,35.0,13,Returned
506372,13644,2023-06-19,8,1,0.0,88.0,39,Completed
505506,16067,2023-06-19,3,1,0.05,45.6,21,Returned
500598,10755,2023-06-19,8,1,0.0,88.0,39,Returned
516384,17131,2023-06-19,7,1,0.0,27.0,8,Completed
504462,10701,2023-06-19,2,2,0.05,136.8,68,Completed
515195,12561,2023-06-19,5,1,0.0,95.0,43,Completed
517869,14887,2023-06-19,9,2,0.2,99.2,56,Completed
505591,11641,2023-06-19,2,2,0.0,144.0,68,Completed
512234,17721,2023-06-19,10,1,0.15,93.5,54,Completed
513069,12659,2023-06-19,10,2,0.05,209.0,108,Completed
513530,10049,2023-06-19,8,3,0.05,250.8,117,Completed
507836,16265,2023-06-19,6,1,0.0,35.0,13,Completed
513094,15112,2023-06-19,4,2,0.05,532.0,310,Completed
512950,10547,2023-06-19,8,1,0.2,70.4,39,Completed
507238,15403,2023-06-19,2,4,0.05,273.6,136,Completed
514579,12537,2023-06-19,10,2,0.05,209.0,108,Completed
517825,13963,2023-06-19,9,1,0.0,62.0,28,Completed
516661,18434,2023-06-19,9,2,0.05,117.8,56,Completed
506369,10236,2023-06-19,2,2,0.0,144.0,68,Completed
512171,16841,2023-06-19,5,1,0.0,95.0,43,Completed
510534,14287,2023-06-19,3,1,0.0,48.0,21,Completed
505773,17105,2023-06-19,3,1,0.2,38.4,21,Completed
510669,12959,2023-06-19,2,3,0.0,216.0,102,Completed
506156,13641,2023-06-19,10,2,0.0,220.0,108,Completed
503529,14183,2023-06-20,7,1,0.0,27.0,8,Completed
502599,12817,2023-06-20,10,1,0.0,110.0,54,Completed
516575,15905,2023-06-20,3,1,0.05,45.6,21,Completed
505059,12428,2023-06-20,10,1,0.05,104.5,54,Returned
513397,12776,2023-06-20,5,1,0.05,90.25,43,Completed
509114,14802,2023-06-20,9,1,0.2,49.6,28,Completed
502964,12051,2023-06-20,7,1,0.0,27.0,8,Completed
514216,11261,2023-06-20,7,1,0.05,25.65,8,Completed
502610,18361,2023-06-20,6,1,0.2,28.0,13,Completed
507026,12997,2023-06-20,6,3,0.2,84.0,39,Completed
508969,10998,2023-06-20,3,1,0.0,48.0,21,Completed
505804,16141,2023-06-20,9,2,0.05,117.8,56,Completed
504450,15344,2023-06-20,1,1,0.0,145.0,79,Cancelled
500646,15719,2023-06-20,2,1,0.15,61.2,34,Cancelled
506102,10898,2023-06-20,1,1,0.1,130.5,79,Completed
503978,14945,2023-06-20,10,2,0.2,176.0,108,Completed
507355,11600,2023-06-20,6,3,0.0,105.0,39,Returned
511858,11869,2023-06-20,10,2,0.0,220.0,108,Completed
505642,10413,2023-06-20,10,1,0.0,110.0,54,Completed
501595,14719,2023-06-20,6,1,0.05,33.25,13,Completed
517819,14894,2023-06-20,5,1,0.05,90.25,43,Returned
517503,16304,2023-06-21,5,2,0.05,180.5,86,Completed
504733,16850,2023-06-21,5,2,0.0,190.0,86,Completed
501684,13514,2023-06-21,3,1,0.0,48.0,21,Completed
508760,16449,2023-06-21,1,1,0.05,137.75,79,Completed
510303,17297,2023-06-21,2,2,0.0,144.0,68,Completed
504985,11641,2023-06-21,10,1,0.1,99.0,54,Completed
514352,11153,2023-06-21,5,1,0.0,95.0,43,Completed
513306,10250,2023-06-21,5,3,0.0,285.0,129,Completed
507942,10277,2023-06-21,1,2,0.0,290.0,158,Completed
514771,12018,2023-06-21,1,1,0.05,137.75,79,Completed
517570,12155,2023-06-21,3,1,0.05,45.6,21,Completed
511775,16467,2023-06-21,8,2,0.0,176.0,78,Completed
505214,18423,2023-06-21,9,2,0.0,124.0,56,Completed
500221,12418,2023-06-21,7,1,0.05,25.65,8,Returned
516403,15124,2023-06-21,2,1,0.2,57.6,34,Completed
506188,12793,2023-06-21,1,1,0.0,145.0,79,Completed
515976,11349,2023-06-22,5,1,0.0,95.0,43,Returned
505448,13603,2023-06-22,5,1,0.15,80.75,43,Completed
511267,17189,2023-06-22,10,1,0.1,99.0,54,Completed
501943,11795,2023-06-22,3,2,0.05,91.2,42,Completed
517100,16010,2023-06-22,3,1,0.0,48.0,21,Completed
500188,10813,2023-06-22,3,2,0.0,96.0,42,Completed
511146,13646,2023-06-22,10,1,0.0,110.0,54,Completed
500935,17266,2023-06-22,1,1,0.0,145.0,79,Completed
508786,18485,2023-06-22,5,1,0.1,85.5,43,Completed
508495,12496,2023-06-22,2,3,0.0,216.0,102,Completed
506176,12724,2023-06-22,5,1,0.15,80.75,43,Completed
509448,16032,2023-06-22,4,1,0.0,280.0,155,Completed
508316,17861,2023-06-22,3,1,0.05,45.6,21,Completed
513130,11194,2023-06-22,6,2,0.05,66.5,26,Completed
500127,18309,2023-06-22,1,1,0.0,145.0,79,Completed
502731,11573,2023-06-22,1,2,0.1,261.0,158,Completed
508610,11982,2023-06-22,1,1,0.0,145.0,79,Completed
504979,10307,2023-06-22,5,2,0.0,190.0,86,Completed
504876,11175,2023-06-22,6,1,0.2,28.0,13,Completed
512955,10928,2023-06-22,4,2,0.05,532.0,310,Returned
516771,11208,2023-06-22,3,2,0.0,96.0,42,Completed
502244,18214,2023-06-22,2,1,0.15,61.2,34,Completed
514694,13617,2023-06-23,4,1,0.05,266.0,155,Completed
517222,12965,2023-06-23,3,2,0.1,86.4,42,Completed
500630,15188,2023-06-23,4,1,0.0,280.0,155,Completed
516773,13676,2023-06-23,10,1,0.0,110.0,54,Completed
517874,11503,2023-06-23,2,3,0.0,216.0,102,Completed
512601,18415,2023-06-23,5,1,0.0,95.0,43,Completed
516535,14454,2023-06-23,2,2,0.2,115.2,68,Completed
506498,11541,2023-06-23,3,1,0.1,43.2,21,Completed
515490,18321,2023-06-23,3,2,0.0,96.0,42,Completed
501473,11027,2023-06-23,6,1,0.05,33.25,13,Completed
513480,11311,2023-06-23,2,1,0.0,72.0,34,Completed
500892,16755,2023-06-23,7,1,0.05,25.65,8,Completed
501180,16346,2023-06-23,3,1,0.15,40.8,21,Completed
513846,10316,2023-06-23,4,2,0.1,504.0,310,Completed
505821,12087,2023-06-23,5,2,0.0,190.0,86,Completed
513000,11973,2023-06-23,9,1,0.0,62.0,28,Completed
509246,12985,2023-06-23,9,3,0.0,186.0,84,Returned
502924,10638,2023-06-23,1,1,0.0,145.0,79,Completed
508020,16928,2023-06-23,4,2,0.0,560.0,310,Completed
500007,10326,2023-06-23,9,2,0.2,99.2,56,Completed
509773,15574,2023-06-23,1,1,0.05,137.75,79,Cancelled
508997,13193,2023-06-23,4,4,0.1,1008.0,620,Completed
500459,11062,2023-06-23,2,1,0.1,64.8,34,Completed
506120,18063,2023-06-23,8,1,0.0,88.0,39,Completed
505007,15859,2023-06-23,1,2,0.05,275.5,158,Cancelled
514779,12484,2023-06-24,10,2,0.2,176.0,108,Cancelled
513084,12910,2023-06-24,8,2,0.15,149.6,78,Completed
507220,10507,2023-06-24,3,2,0.1,86.4,42,Cancelled
514524,18058,2023-06-24,10,4,0.0,440.0,216,Completed
511712,10615,2023-06-24,10,3,0.05,313.5,162,Completed
515941,17270,2023-06-24,5,2,0.1,171.0,86,Completed
503880,15272,2023-06-24,1,1,0.2,116.0,79,Completed
508013,16845,2023-06-24,5,1,0.1,85.5,43,Completed
500607,17313,2023-06-24,7,3,0.05,76.95,24,Completed
515169,17358,2023-06-24,9,1,0.0,62.0,28,Completed
515711,12244,2023-06-24,6,1,0.0,35.0,13,Completed
507331,17120,2023-06-24,3,1,0.0,48.0,21,Completed
507330,13152,2023-06-24,7,1,0.0,27.0,8,Completed
508055,10082,2023-06-24,7,1,0.0,27.0,8,Returned
503732,13496,2023-06-24,10,2,0.0,220.0,108,Completed
516374,12813,2023-06-24,1,1,0.0,145.0,79,Completed
517594,10485,2023-06-24,9,1,0.0,62.0,28,Completed
503436,13588,2023-06-24,6,2,0.0,70.0,26,Completed
511109,11180,2023-06-24,5,2,0.1,171.0,86,Completed
500129,12925,2023-06-24,1,1,0.0,145.0,79,Completed
509902,10564,2023-06-24,4,1,0.0,280.0,155,Completed
510245,13586,2023-06-24,8,2,0.0,176.0,78,Completed
507144,13058,2023-06-24,2,2,0.05,136.8,68,Completed
516831,13245,2023-06-24,1,1,0.0,145.0,79,Completed
510830,16573,2023-06-24,4,1,0.1,252.0,155,Completed
506726,14594,2023-06-24,8,2,0.2,140.8,78,Completed
504618,16950,2023-06-24,3,2,0.0,96.0,42,Completed
511703,14528,2023-06-24,6,2,0.0,70.0,26,Completed
513934,10449,2023-06-24,5,2,0.05,180.5,86,Completed
515186,10131,2023-06-25,2,2,0.1,129.6,68,Completed
512067,18168,2023-06-25,2,1,0.1,64.8,34,Completed
516085,11213,2023-06-25,2,1,0.0,72.0,34,Completed
502137,14780,2023-06-25,4,1,0.15,238.0,155,Completed
500541,13622,2023-06-25,1,2,0.05,275.5,158,Completed
506929,10957,2023-06-25,2,1,0.2,57.6,34,Completed
511642,17336,2023-06-25,8,1,0.2,70.4,39,Completed
513600,13860,2023-06-25,6,4,0.0,140.0,52,Returned
502455,10712,2023-06-25,9,1,0.15,52.7,28,Completed
516598,13554,2023-06-25,7,1,0.15,22.95,8,Completed
516163,15520,2023-06-25,9,2,0.0,124.0,56,Completed
513866,18433,2023-06-25,9,1,0.1,55.8,28,Returned
500846,13891,2023-06-25,9,1,0.05,58.9,28,Cancelled
505536,14898,2023-06-25,2,3,0.0,216.0,102,Completed
516143,12268,2023-06-25,1,1,0.0,145.0,79,Completed
508302,10121,2023-06-25,3,2,0.0,96.0,42,Completed
512818,14010,2023-06-25,3,3,0.0,144.0,63,Completed
500933,15270,2023-06-25,10,1,0.0,110.0,54,Cancelled
501312,13171,2023-06-26,9,1,0.05,58.9,28,Completed
516651,10866,2023-06-26,4,1,0.0,280.0,155,Completed
500469,12967,2023-06-26,2,2,0.15,122.4,68,Completed
511148,10175,2023-06-26,1,1,0.1,130.5,79,Completed
512392,13609,2023-06-26,7,2,0.15,45.9,16,Completed
506740,15282,2023-06-26,9,2,0.0,124.0,56,Completed
512404,10318,2023-06-26,5,1,0.1,85.5,43,Completed
507094,15391,2023-06-26,1,1,0.05,137.75,79,Completed
516559,15716,2023-06-26,10,1,0.1,99.0,54,Completed
509557,13970,2023-06-26,6,1,0.15,29.75,13,Completed
513868,10443,2023-06-26,5,1,0.0,95.0,43,Completed
510991,10826,2023-06-26,5,1,0.05,90.25,43,Completed
509265,14109,2023-06-26,5,1,0.05,90.25,43,Completed
507748,16601,2023-06-26,8,1,0.0,88.0,39,Completed
503050,15374,2023-06-26,5,2,0.05,180.5,86,Cancelled
503033,15812,2023-06-26,8,2,0.1,158.4,78,Completed
503745,10995,2023-06-26,9,2,0.0,124.0,56,Completed
504325,12426,2023-06-26,8,1,0.05,83.6,39,Completed
500013,10573,2023-06-26,8,1,0.1,79.2,39,Completed
516272,15644,2023-06-26,9,1,0.0,62.0,28,Completed
503847,14218,2023-06-26,5,2,0.0,190.0,86,Completed
502988,17383,2023-06-26,7,3,0.05,76.95,24,Completed
510835,15857,2023-06-27,3,1,0.05,45.6,21,Completed
510437,18189,2023-06-27,7,2,0.0,54.0,16,Completed
501556,12195,2023-06-27,9,1,0.05,58.9,28,Completed
503112,16380,2023-06-27,8,1,0.05,83.6,39,Completed
508573,16130,2023-06-27,8,2,0.0,176.0,78,Completed
504760,15847,2023-06-27,7,1,0.05,25.65,8,Completed
506152,10392,2023-06-27,3,2,0.0,96.0,42,Completed
514161,14887,2023-06-27,3,1,0.05,45.6,21,Completed
516699,11110,2023-06-27,3,1,0.15,40.8,21,Completed
504849,14171,2023-06-27,3,1,0.0,48.0,21,Completed
503394,14447,2023-06-27,7,2,0.0,54.0,16,Completed
500836,13005,2023-06-27,9,3,0.0,186.0,84,Completed
502748,15769,2023-06-27,5,2,0.15,161.5,86,Completed
516870,15477,2023-06-27,6,1,0.0,35.0,13,Completed
512135,13999,2023-06-27,5,1,0.1,85.5,43,Completed
505224,12317,2023-06-27,10,1,0.05,104.5,54,Completed
517737,17552,2023-06-27,2,1,0.05,68.4,34,Completed
514582,12268,2023-06-27,2,2,0.0,144.0,68,Returned
505609,17812,2023-06-27,8,1,0.05,83.6,39,Completed
506951,13280,2023-06-27,1,2,0.05,275.5,158,Completed
515948,17918,2023-06-27,7,2,0.05,51.3,16,Completed
517839,12241,2023-06-27,3,1,0.0,48.0,21,Completed
500861,13150,2023-06-28,5,1,0.05,90.25,43,Returned
509232,11629,2023-06-28,6,1,0.0,35.0,13,Completed
506421,12481,2023-06-28,1,2,0.0,290.0,158,Completed
502419,14152,2023-06-28,5,1,0.15,80.75,43,Completed
502868,14818,2023-06-28,3,1,0.1,43.2,21,Completed
504351,16433,2023-06-28,6,1,0.0,35.0,13,Completed
516252,14166,2023-06-28,2,2,0.05,136.8,68,Completed
506592,15967,2023-06-28,7,3,0.05,76.95,24,Completed
515409,12764,2023-06-28,8,2,0.0,176.0,78,Completed
508018,18368,2023-06-28,3,1,0.0,48.0,21,Completed
507823,16915,2023-06-28,9,1,0.0,62.0,28,Completed
509751,16528,2023-06-28,5,1,0.0,95.0,43,Completed
506937,13473,2023-06-28,8,3,0.0,264.0,117,Completed
510256,16032,2023-06-28,1,1,0.1,130.5,79,Completed
515197,10783,2023-06-28,9,1,0.0,62.0,28,Completed
505489,18419,2023-06-28,10,1,0.0,110.0,54,Completed
517458,13262,2023-06-28,1,1,0.0,145.0,79,Completed
507761,15918,2023-06-28,6,2,0.15,59.5,26,Returned
502125,13576,2023-06-28,3,1,0.05,45.6,21,Completed
501650,13253,2023-06-28,10,1,0.05,104.5,54,Completed
517520,13192,2023-06-29,6,1,0.05,33.25,13,Completed
504152,17109,2023-06-29,1,1,0.2,116.0,79,Completed
516427,14355,2023-06-29,8,3,0.0,264.0,117,Completed
508232,18383,2023-06-29,8,2,0.0,176.0,78,Completed
500811,12123,2023-06-29,6,1,0.15,29.75,13,Completed
513034,14742,2023-06-29,2,1,0.2,57.6,34,Completed
517766,10436,2023-06-29,9,1,0.0,62.0,28,Completed
505358,14827,2023-06-29,3,2,0.0,96.0,42,Returned
509468,15308,2023-06-29,2,1,0.0,72.0,34,Completed
514692,15652,2023-06-29,2,1,0.0,72.0,34,Completed
510516,14372,2023-06-29,9,1,0.05,58.9,28,Completed
506722,14491,2023-06-29,2,1,0.0,72.0,34,Completed
509345,14235,2023-06-29,5,2,0.05,180.5,86,Completed
502448,15323,2023-06-29,10,3,0.05,313.5,162,Cancelled
508658,11458,2023-06-29,10,2,0.05,209.0,108,Completed
506684,11036,2023-06-29,2,2,0.0,144.0,68,Completed
511016,11699,2023-06-29,1,1,0.05,137.75,79,Cancelled
501430,14805,2023-06-29,2,2,0.2,115.2,68,Completed
507584,10664,2023-06-29,1,1,0.05,137.75,79,Completed
503982,13280,2023-06-29,10,1,0.15,93.5,54,Completed
504808,11276,2023-06-29,3,1,0.05,45.6,21,Completed
507669,16190,2023-06-29,7,4,0.15,91.8,32,Completed
517641,11764,2023-06-29,3,1,0.15,40.8,21,Cancelled
512614,18040,2023-06-29,2,1,0.0,72.0,34,Completed
500914,15004,2023-06-29,8,3,0.1,237.6,117,Completed
513179,14972,2023-06-30,1,2,0.0,290.0,158,Completed
501382,16095,2023-06-30,6,2,0.05,66.5,26,Completed
507161,15000,2023-06-30,8,2,0.0,176.0,78,Completed
516665,12273,2023-06-30,6,1,0.05,33.25,13,Completed
517147,14307,2023-06-30,7,1,0.0,27.0,8,Completed
507724,10982,2023-06-30,2,1,0.05,68.4,34,Completed
501372,10031,2023-06-30,8,1,0.0,88.0,39,Completed
508757,11013,2023-06-30,6,2,0.0,70.0,26,Completed
515511,12764,2023-06-30,7,2,0.0,54.0,16,Completed
517278,12064,2023-06-30,10,2,0.2,176.0,108,Completed
514405,14590,2023-06-30,10,1,0.0,110.0,54,Completed
513291,10087,2023-06-30,9,2,0.1,111.6,56,Completed
503292,13229,2023-06-30,1,1,0.0,145.0,79,Completed
500100,11335,2023-06-30,7,1,0.0,27.0,8,Completed
500088,13271,2023-06-30,2,1,0.05,68.4,34,Completed
515310,16561,2023-06-30,5,3,0.1,256.5,129,Completed
510759,10799,2023-06-30,5,2,0.0,190.0,86,Completed
500611,14575,2023-06-30,9,1,0.05,58.9,28,Completed
514741,10191,2023-06-30,3,1,0.1,43.2,21,Completed
517833,10989,2023-06-30,10,3,0.0,330.0,162,Completed
504207,16118,2023-06-30,5,1,0.1,85.5,43,Completed
514900,11480,2023-06-30,10,3,0.1,297.0,162,Completed
503671,10040,2023-06-30,9,2,0.05,117.8,56,Completed
507280,11248,2023-07-01,6,1,0.1,31.5,13,Completed
509526,13940,2023-07-01,5,1,0.05,90.25,43,Completed
504247,10574,2023-07-01,5,1,0.15,80.75,43,Completed
513997,10634,2023-07-01,10,2,0.15,187.0,108,Completed
511520,11358,2023-07-01,1,1,0.05,137.75,79,Completed
515718,13125,2023-07-01,1,3,0.05,413.25,237,Completed
501474,13257,2023-07-01,6,2,0.0,70.0,26,Completed
507969,16080,2023-07-01,2,2,0.0,144.0,68,Completed
513897,10007,2023-07-01,1,1,0.05,137.75,79,Completed
514418,14178,2023-07-01,10,2,0.1,198.0,108,Completed
511803,11851,2023-07-01,8,1,0.15,74.8,39,Completed
514985,12358,2023-07-01,4,1,0.0,280.0,155,Completed
510524,13362,2023-07-01,7,1,0.05,25.65,8,Completed
515568,16846,2023-07-01,7,2,0.05,51.3,16,Completed
503169,14121,2023-07-01,2,1,0.15,61.2,34,Completed
504852,16779,2023-07-01,2,4,0.0,288.0,136,Completed
500404,16475,2023-07-02,5,1,0.05,90.25,43,Completed
508875,17503,2023-07-02,10,1,0.0,110.0,54,Completed
515651,14902,2023-07-02,10,1,0.0,110.0,54,Completed
513387,11151,2023-07-02,6,2,0.1,63.0,26,Completed
513503,10822,2023-07-02,5,1,0.0,95.0,43,Completed
510373,11755,2023-07-02,8,1,0.05,83.6,39,Completed
510186,14259,2023-07-02,8,1,0.15,74.8,39,Completed
515953,12841,2023-07-02,2,1,0.15,61.2,34,Completed
508785,10456,2023-07-02,6,1,0.15,29.75,13,Completed
500133,11573,2023-07-02,10,2,0.0,220.0,108,Completed
500777,12322,2023-07-02,6,1,0.05,33.25,13,Completed
506715,10587,2023-07-02,5,2,0.0,190.0,86,Completed
515655,10310,2023-07-02,2,2,0.2,115.2,68,Completed
509150,13983,2023-07-02,7,3,0.05,76.95,24,Completed
501513,16131,2023-07-02,4,1,0.0,280.0,155,Returned
504120,18030,2023-07-02,7,1,0.05,25.65,8,Completed
503840,11636,2023-07-02,2,1,0.0,72.0,34,Completed
514119,12417,2023-07-02,2,2,0.1,129.6,68,Completed
505207,16331,2023-07-02,9,2,0.1,111.6,56,Completed
506833,15966,2023-07-02,2,1,0.1,64.8,34,Completed
512025,13497,2023-07-02,8,1,0.1,79.2,39,Completed
511661,14007,2023-07-02,8,2,0.15,149.6,78,Completed
511888,13229,2023-07-02,9,1,0.0,62.0,28,Completed
511464,12967,2023-07-02,10,1,0.05,104.5,54,Completed
515549,11669,2023-07-02,8,1,0.0,88.0,39,Completed
517599,15507,2023-07-02,9,1,0.05,58.9,28,Completed
502802,18414,2023-07-03,9,1,0.05,58.9,28,Completed
516856,16734,2023-07-03,2,2,0.0,144.0,68,Completed
503673,14021,2023-07-03,10,2,0.0,220.0,108,Completed
509207,16818,2023-07-03,6,1,0.0,35.0,13,Completed
504432,10190,2023-07-03,9,2,0.05,117.8,56,Completed
516530,13850,2023-07-03,5,1,0.0,95.0,43,Completed
500884,10913,2023-07-03,3,3,0.15,122.4,63,Completed
512229,12646,2023-07-03,9,1,0.0,62.0,28,Completed
514934,12185,2023-07-03,1,3,0.1,391.5,237,Completed
513972,14262,2023-07-03,9,1,0.15,52.7,28,Completed
504878,11925,2023-07-03,5,2,0.0,190.0,86,Completed
506797,17068,2023-07-03,1,1,0.15,123.25,79,Completed
512540,15219,2023-07-03,7,3,0.15,68.85,24,Completed
513498,12985,2023-07-03,3,1,0.15,40.8,21,Completed
505120,10978,2023-07-03,2,3,0.0,216.0,102,Completed
505057,13867,2023-07-03,3,1,0.0,48.0,21,Completed
507293,17650,2023-07-03,5,1,0.05,90.25,43,Completed
507281,16790,2023-07-03,5,4,0.2,304.0,172,Completed
508782,15167,2023-07-03,2,2,0.15,122.4,68,Completed
516380,10662,2023-07-03,10,2,0.05,209.0,108,Completed
505024,17322,2023-07-03,9,1,0.15,52.7,28,Completed
500559,13646,2023-07-04,9,1,0.05,58.9,28,Completed
503383,13473,2023-07-04,7,1,0.05,25.65,8,Completed
516489,15843,2023-07-04,6,4,0.1,126.0,52,Completed
505692,11305,2023-07-04,9,1,0.05,58.9,28,Completed
514194,15165,2023-07-04,6,2,0.15,59.5,26,Completed
501993,15269,2023-07-04,9,2,0.0,124.0,56,Completed
513817,15178,2023-07-04,3,1,0.0,48.0,21,Completed
512402,17992,2023-07-04,8,3,0.05,250.8,117,Completed
501200,14947,2023-07-04,3,3,0.05,136.8,63,Completed
513334,15851,2023-07-04,5,1,0.05,90.25,43,Completed
503857,16438,2023-07-04,9,1,0.05,58.9,28,Completed
516621,17857,2023-07-04,10,1,0.05,104.5,54,Cancelled
509734,10432,2023-07-04,3,1,0.05,45.6,21,Completed
501287,14904,2023-07-04,6,2,0.0,70.0,26,Completed
517621,17390,2023-07-04,6,1,0.05,33.25,13,Completed
510769,18004,2023-07-04,9,1,0.0,62.0,28,Completed
514560,10039,2023-07-04,5,1,0.1,85.5,43,Completed
500142,15623,2023-07-04,10,2,0.05,209.0,108,Completed
517732,10788,2023-07-04,2,1,0.1,64.8,34,Cancelled
507875,12503,2023-07-04,5,3,0.0,285.0,129,Completed
501244,14124,2023-07-04,7,4,0.0,108.0,32,Completed
507088,14995,2023-07-04,8,2,0.0,176.0,78,Completed
504023,15769,2023-07-04,9,1,0.0,62.0,28,Completed
502959,11333,2023-07-04,7,1,0.1,24.3,8,Completed
511427,13301,2023-07-04,1,2,0.1,261.0,158,Completed
501461,14240,2023-07-04,1,1,0.05,137.75,79,Completed
506394,16492,2023-07-04,2,2,0.0,144.0,68,Completed
515702,16984,2023-07-04,1,2,0.0,290.0,158,Completed
500923,17168,2023-07-04,8,1,0.05,83.6,39,Completed
516689,16422,2023-07-04,5,1,0.1,85.5,43,Completed
513790,13333,2023-07-05,2,2,0.15,122.4,68,Completed
507849,17989,2023-07-05,7,1,0.15,22.95,8,Completed
516215,11119,2023-07-05,5,2,0.05,180.5,86,Completed
514072,17403,2023-07-05,3,1,0.05,45.6,21,Completed
507602,18079,2023-07-05,10,3,0.0,330.0,162,Returned
500708,14062,2023-07-05,6,1,0.0,35.0,13,Completed
517867,12100,2023-07-05,7,3,0.0,81.0,24,Completed
507933,10198,2023-07-05,2,1,0.05,68.4,34,Completed
502122,13213,2023-07-05,3,1,0.1,43.2,21,Completed
512893,14075,2023-07-05,10,3,0.2,264.0,162,Completed
509780,13509,2023-07-05,5,2,0.0,190.0,86,Completed
509264,16891,2023-07-05,4,1,0.2,224.0,155,Completed
506587,17867,2023-07-05,10,2,0.0,220.0,108,Completed
516319,10971,2023-07-05,7,4,0.05,102.6,32,Completed
502224,17413,2023-07-05,8,1,0.05,83.6,39,Completed
500494,15874,2023-07-05,3,1,0.0,48.0,21,Completed
515482,16177,2023-07-05,3,1,0.1,43.2,21,Completed
513540,13883,2023-07-05,3,2,0.05,91.2,42,Completed
502903,18002,2023-07-05,6,1,0.2,28.0,13,Completed
513614,11510,2023-07-05,5,3,0.0,285.0,129,Completed
515963,14703,2023-07-05,10,2,0.15,187.0,108,Completed
509508,12209,2023-07-05,10,2,0.05,209.0,108,Completed
502100,11449,2023-07-05,1,2,0.0,290.0,158,Completed
502893,16289,2023-07-05,6,1,0.1,31.5,13,Returned
514431,10765,2023-07-05,10,1,0.0,110.0,54,Completed
516880,17328,2023-07-05,6,1,0.0,35.0,13,Completed
509149,10993,2023-07-06,8,1,0.15,74.8,39,Completed
509915,10314,2023-07-06,3,1,0.0,48.0,21,Completed
500131,15202,2023-07-06,6,3,0.15,89.25,39,Returned
508152,10256,2023-07-06,1,1,0.05,137.75,79,Completed
502140,16357,2023-07-06,7,3,0.0,81.0,24,Returned
502388,14997,2023-07-06,3,1,0.0,48.0,21,Completed
500864,11978,2023-07-06,10,1,0.1,99.0,54,Returned
509189,15195,2023-07-06,9,3,0.15,158.1,84,Completed
516166,15073,2023-07-06,8,2,0.0,176.0,78,Completed
511169,18272,2023-07-06,4,1,0.05,266.0,155,Completed
502404,14270,2023-07-06,1,2,0.0,290.0,158,Completed
503134,13135,2023-07-06,1,2,0.0,290.0,158,Completed
507990,13206,2023-07-06,2,2,0.1,129.6,68,Completed
503153,10813,2023-07-06,9,2,0.05,117.8,56,Completed
516761,16785,2023-07-06,6,3,0.0,105.0,39,Completed
515647,13354,2023-07-06,1,1,0.0,145.0,79,Completed
508299,10647,2023-07-06,9,1,0.05,58.9,28,Completed
509024,13558,2023-07-06,6,4,0.05,133.0,52,Cancelled
511905,10463,2023-07-06,7,3,0.05,76.95,24,Completed
512798,14214,2023-07-06,3,3,0.0,144.0,63,Completed
513475,16465,2023-07-06,1,2,0.0,290.0,158,Completed
502667,11698,2023-07-06,3,1,0.0,48.0,21,Completed
516502,14773,2023-07-06,4,1,0.0,280.0,155,Completed
513993,11875,2023-07-06,1,3,0.1,391.5,237,Completed
505416,12799,2023-07-06,9,2,0.0,124.0,56,Completed
517069,10878,2023-07-06,2,1,0.1,64.8,34,Completed
514859,13650,2023-07-06,4,1,0.0,280.0,155,Completed
514335,12003,2023-07-06,6,2,0.05,66.5,26,Completed
503377,13865,2023-07-06,7,3,0.2,64.8,24,Completed
507079,17952,2023-07-06,9,1,0.15,52.7,28,Completed
513300,14035,2023-07-07,1,2,0.15,246.5,158,Completed
500825,15162,2023-07-07,1,3,0.0,435.0,237,Completed
510140,14144,2023-07-07,1,1,0.0,145.0,79,Completed
502584,10259,2023-07-07,1,1,0.0,145.0,79,Returned
513827,11510,2023-07-07,1,1,0.0,145.0,79,Completed
504149,12494,2023-07-07,5,1,0.0,95.0,43,Completed
509582,10758,2023-07-07,2,1,0.0,72.0,34,Completed
506183,12972,2023-07-07,3,1,0.0,48.0,21,Completed
509750,15761,2023-07-07,5,1,0.0,95.0,43,Completed
513546,13023,2023-07-07,3,1,0.05,45.6,21,Completed
516728,12226,2023-07-07,9,1,0.0,62.0,28,Completed
507646,13041,2023-07-07,10,3,0.0,330.0,162,Completed
517480,10282,2023-07-07,9,2,0.0,124.0,56,Completed
514885,12237,2023-07-07,9,1,0.05,58.9,28,Completed
510522,10127,2023-07-07,4,1,0.0,280.0,155,Completed
514214,14845,2023-07-07,7,1,0.0,27.0,8,Returned
511507,14255,2023-07-07,3,2,0.05,91.2,42,Completed
514866,16258,2023-07-07,7,1,0.1,24.3,8,Completed
507467,11367,2023-07-07,9,2,0.1,111.6,56,Completed
508897,15570,2023-07-07,10,1,0.0,110.0,54,Cancelled
509166,12481,2023-07-07,5,3,0.1,256.5,129,Cancelled
502013,12739,2023-07-07,1,2,0.05,275.5,158,Completed
515658,10889,2023-07-07,5,1,0.0,95.0,43,Completed
503342,10458,2023-07-07,7,4,0.0,108.0,32,Completed
510528,14967,2023-07-07,5,1,0.05,90.25,43,Completed
509505,10118,2023-07-08,4,1,0.15,238.0,155,Returned
514476,12584,2023-07-08,6,1,0.1,31.5,13,Completed
512080,16360,2023-07-08,7,1,0.15,22.95,8,Completed
502043,15873,2023-07-08,9,3,0.0,186.0,84,Completed
511497,12811,2023-07-08,8,2,0.1,158.4,78,Completed
515811,16584,2023-07-08,3,1,0.2,38.4,21,Completed
510675,14441,2023-07-08,6,1,0.1,31.5,13,Completed
501698,13894,2023-07-08,1,1,0.0,145.0,79,Completed
508418,15107,2023-07-08,6,2,0.0,70.0,26,Completed
516955,14119,2023-07-08,7,2,0.0,54.0,16,Cancelled
508865,13261,2023-07-08,1,2,0.05,275.5,158,Completed
502378,10469,2023-07-08,1,1,0.1,130.5,79,Completed
515869,10463,2023-07-08,6,1,0.05,33.25,13,Returned
501148,16032,2023-07-08,7,1,0.0,27.0,8,Completed
508904,15395,2023-07-08,5,1,0.0,95.0,43,Completed
502055,10938,2023-07-08,4,1,0.0,280.0,155,Completed
513374,13076,2023-07-08,10,2,0.2,176.0,108,Completed
502681,16312,2023-07-08,3,1,0.05,45.6,21,Completed
516053,16360,2023-07-08,3,1,0.0,48.0,21,Completed
514199,12400,2023-07-08,7,1,0.2,21.6,8,Completed
511915,12344,2023-07-08,10,1,0.0,110.0,54,Completed
512929,17420,2023-07-08,5,3,0.1,256.5,129,Completed
514955,15946,2023-07-08,7,1,0.1,24.3,8,Completed
508578,16528,2023-07-08,9,1,0.0,62.0,28,Completed
512126,15186,2023-07-08,2,1,0.15,61.2,34,Returned
504666,10508,2023-07-09,2,1,0.05,68.4,34,Completed
504952,11099,2023-07-09,1,2,0.15,246.5,158,Completed
517022,15852,2023-07-09,9,1,0.0,62.0,28,Completed
512011,16493,2023-07-09,1,1,0.15,123.25,79,Completed
513178,13723,2023-07-09,6,4,0.0,140.0,52,Completed
502947,16930,2023-07-09,1,2,0.05,275.5,158,Returned
504176,11563,2023-07-09,3,1,0.1,43.2,21,Completed
501905,15717,2023-07-09,6,1,0.05,33.25,13,Completed
504773,10030,2023-07-09,8,1,0.15,74.8,39,Completed
504181,12310,2023-07-09,7,1,0.0,27.0,8,Completed
509194,15471,2023-07-09,8,1,0.0,88.0,39,Completed
512667,13299,2023-07-09,3,1,0.0,48.0,21,Completed
504881,11033,2023-07-09,8,1,0.05,83.6,39,Completed
511573,13549,2023-07-09,1,1,0.0,145.0,79,Cancelled
504449,15575,2023-07-09,7,1,0.1,24.3,8,Completed
509645,15815,2023-07-09,5,2,0.05,180.5,86,Completed
510354,11070,2023-07-09,8,2,0.1,158.4,78,Completed
505658,10641,2023-07-09,3,4,0.1,172.8,84,Completed
505078,13081,2023-07-09,7,2,0.05,51.3,16,Returned
513641,10655,2023-07-09,3,1,0.0,48.0,21,Completed
512938,11244,2023-07-09,5,2,0.05,180.5,86,Completed
514820,12040,2023-07-09,1,1,0.0,145.0,79,Completed
506731,10944,2023-07-09,2,1,0.05,68.4,34,Completed
507960,14299,2023-07-09,6,1,0.05,33.25,13,Completed
500204,13268,2023-07-09,6,1,0.0,35.0,13,Completed
511629,15665,2023-07-09,1,3,0.0,435.0,237,Completed
512287,13165,2023-07-09,7,1,0.1,24.3,8,Completed
508445,10186,2023-07-09,1,1,0.05,137.75,79,Completed
500791,12502,2023-07-09,1,1,0.1,130.5,79,Completed
506084,17673,2023-07-09,2,2,0.0,144.0,68,Completed
504681,10606,2023-07-09,6,1,0.2,28.0,13,Completed
512630,14055,2023-07-09,10,2,0.2,176.0,108,Completed
511011,13366,2023-07-10,8,3,0.0,264.0,117,Completed
509178,13409,2023-07-10,10,1,0.05,104.5,54,Completed
507575,17433,2023-07-10,6,2,0.0,70.0,26,Completed
502371,11239,2023-07-10,10,1,0.1,99.0,54,Completed
509950,13576,2023-07-10,1,1,0.15,123.25,79,Completed
511891,13958,2023-07-10,1,2,0.0,290.0,158,Completed
504011,10315,2023-07-10,1,2,0.0,290.0,158,Completed
513858,13963,2023-07-10,7,3,0.0,81.0,24,Completed
517971,17558,2023-07-10,3,3,0.0,144.0,63,Completed
515031,10906,2023-07-10,4,1,0.05,266.0,155,Completed
510719,15281,2023-07-10,8,1,0.15,74.8,39,Completed
503540,15519,2023-07-10,4,1,0.15,238.0,155,Completed
505727,16251,2023-07-10,10,1,0.1,99.0,54,Completed
514453,12375,2023-07-10,7,1,0.2,21.6,8,Completed
505836,14490,2023-07-10,2,1,0.0,72.0,34,Completed
511710,18407,2023-07-10,5,2,0.05,180.5,86,Completed
514556,17871,2023-07-10,8,3,0.1,237.6,117,Completed
513492,12823,2023-07-10,2,2,0.05,136.8,68,Completed
513250,10531,2023-07-10,9,1,0.0,62.0,28,Completed
512064,12041,2023-07-10,2,1,0.0,72.0,34,Completed
511280,11703,2023-07-10,10,2,0.05,209.0,108,Completed
503654,16101,2023-07-10,2,2,0.0,144.0,68,Completed
513196,14663,2023-07-10,5,1,0.0,95.0,43,Completed
508662,13773,2023-07-11,10,1,0.05,104.5,54,Completed
507272,11891,2023-07-11,9,1,0.05,58.9,28,Completed
512472,12345,2023-07-11,1,2,0.2,232.0,158,Completed
507165,13784,2023-07-11,10,1,0.1,99.0,54,Completed
506673,15855,2023-07-11,10,1,0.2,88.0,54,Completed
511654,12697,2023-07-11,5,3,0.05,270.75,129,Completed
511013,15264,2023-07-11,8,1,0.0,88.0,39,Completed
504373,11348,2023-07-11,6,1,0.05,33.25,13,Completed
507425,13497,2023-07-11,1,2,0.2,232.0,158,Completed
510774,15913,2023-07-11,7,2,0.1,48.6,16,Completed
509683,14533,2023-07-11,7,1,0.0,27.0,8,Completed
513074,14301,2023-07-11,7,1,0.05,25.65,8,Completed
511709,12594,2023-07-11,4,1,0.1,252.0,155,Completed
515025,13867,2023-07-11,5,3,0.15,242.25,129,Completed
511861,17803,2023-07-11,1,1,0.15,123.25,79,Completed
510176,11050,2023-07-11,10,1,0.15,93.5,54,Completed
500153,13526,2023-07-11,2,2,0.1,129.6,68,Completed
508850,14912,2023-07-11,5,1,0.0,95.0,43,Completed
500314,12077,2023-07-11,5,2,0.0,190.0,86,Completed
503591,13086,2023-07-11,7,2,0.0,54.0,16,Completed
500170,17793,2023-07-11,5,1,0.1,85.5,43,Completed
516565,18412,2023-07-11,9,1,0.0,62.0,28,Completed
503164,14353,2023-07-11,9,1,0.1,55.8,28,Completed
515214,13854,2023-07-12,8,1,0.05,83.6,39,Completed
507414,11036,2023-07-12,3,3,0.05,136.8,63,Completed
501892,14015,2023-07-12,7,2,0.0,54.0,16,Completed
504185,15402,2023-07-12,7,1,0.05,25.65,8,Completed
513668,12487,2023-07-12,2,2,0.1,129.6,68,Completed
501212,14457,2023-07-12,2,2,0.05,136.8,68,Completed
512377,14365,2023-07-12,2,1,0.05,68.4,34,Completed
515601,14868,2023-07-12,1,1,0.05,137.75,79,Completed
502882,10116,2023-07-12,7,1,0.05,25.65,8,Completed
500037,15272,2023-07-12,1,1,0.0,145.0,79,Completed
500899,13560,2023-07-12,4,1,0.0,280.0,155,Completed
505934,17111,2023-07-12,6,3,0.05,99.75,39,Completed
507750,16061,2023-07-12,7,1,0.1,24.3,8,Completed
508099,11869,2023-07-12,2,2,0.0,144.0,68,Completed
506554,13150,2023-07-12,5,1,0.1,85.5,43,Completed
502109,13373,2023-07-12,7,1,0.2,21.6,8,Completed
515478,16632,2023-07-12,2,2,0.0,144.0,68,Completed
508625,17239,2023-07-12,8,1,0.15,74.8,39,Completed
515615,17947,2023-07-12,8,1,0.1,79.2,39,Completed
517377,10945,2023-07-12,10,1,0.05,104.5,54,Completed
504995,13183,2023-07-12,7,1,0.05,25.65,8,Completed
515541,12211,2023-07-12,5,2,0.1,171.0,86,Completed
503790,10014,2023-07-12,2,2,0.0,144.0,68,Returned
507658,15093,2023-07-12,6,2,0.0,70.0,26,Completed
514554,10485,2023-07-12,10,1,0.15,93.5,54,Completed
502728,10813,2023-07-12,5,3,0.1,256.5,129,Completed
514615,11020,2023-07-13,10,2,0.05,209.0,108,Completed
502108,13939,2023-07-13,1,4,0.05,551.0,316,Completed
508362,11432,2023-07-13,8,2,0.15,149.6,78,Completed
508479,14575,2023-07-13,6,1,0.0,35.0,13,Completed
504454,11520,2023-07-13,8,3,0.05,250.8,117,Completed
506476,13195,2023-07-13,10,1,0.05,104.5,54,Completed
505834,10365,2023-07-13,8,2,0.0,176.0,78,Completed
508044,10537,2023-07-13,3,2,0.1,86.4,42,Completed
511098,13842,2023-07-13,7,1,0.15,22.95,8,Completed
508799,10665,2023-07-13,7,1,0.0,27.0,8,Completed
508848,12596,2023-07-13,6,1,0.0,35.0,13,Completed
502452,11532,2023-07-13,2,1,0.0,72.0,34,Completed
502270,14065,2023-07-13,1,2,0.0,290.0,158,Completed
510728,18241,2023-07-13,5,1,0.2,76.0,43,Completed
512075,12415,2023-07-13,1,1,0.0,145.0,79,Completed
513557,15766,2023-07-13,8,1,0.05,83.6,39,Completed
509004,14649,2023-07-13,8,1,0.0,88.0,39,Completed
505353,18437,2023-07-13,7,1,0.05,25.65,8,Completed
507666,10878,2023-07-13,4,1,0.05,266.0,155,Completed
513509,10317,2023-07-13,6,2,0.05,66.5,26,Completed
513008,10395,2023-07-13,10,1,0.0,110.0,54,Completed
505629,12202,2023-07-13,5,2,0.0,190.0,86,Completed
515241,13163,2023-07-13,8,1,0.0,88.0,39,Completed
500790,17476,2023-07-13,1,1,0.05,137.75,79,Completed
504290,16665,2023-07-13,7,1,0.1,24.3,8,Completed
505425,15832,2023-07-13,5,1,0.0,95.0,43,Completed
509102,13099,2023-07-13,6,1,0.1,31.5,13,Completed
504746,10074,2023-07-13,3,2,0.1,86.4,42,Completed
516387,16734,2023-07-13,9,1,0.0,62.0,28,Completed
500938,12938,2023-07-13,8,2,0.2,140.8,78,Completed
509978,10174,2023-07-13,10,1,0.1,99.0,54,Completed
504419,16430,2023-07-13,5,1,0.15,80.75,43,Completed
502961,13760,2023-07-13,5,4,0.0,380.0,172,Cancelled
504824,13766,2023-07-13,6,1,0.2,28.0,13,Completed
510951,15359,2023-07-13,10,1,0.0,110.0,54,Completed
517528,17861,2023-07-13,2,1,0.05,68.4,34,Completed
502153,10100,2023-07-13,6,2,0.0,70.0,26,Completed
516581,13573,2023-07-14,10,3,0.1,297.0,162,Completed
511834,12634,2023-07-14,9,1,0.15,52.7,28,Completed
509321,17262,2023-07-14,3,1,0.0,48.0,21,Completed
515431,16794,2023-07-14,6,1,0.0,35.0,13,Completed
509692,12478,2023-07-14,2,1,0.0,72.0,34,Completed
501683,14892,2023-07-14,6,1,0.1,31.5,13,Completed
508348,17757,2023-07-14,10,3,0.2,264.0,162,Completed
512761,10676,2023-07-14,1,2,0.05,275.5,158,Completed
510217,12503,2023-07-14,3,1,0.1,43.2,21,Completed
515980,16194,2023-07-14,6,1,0.15,29.75,13,Completed
501345,12479,2023-07-14,7,4,0.1,97.2,32,Completed
511117,16257,2023-07-14,1,1,0.0,145.0,79,Completed
501421,12067,2023-07-14,10,4,0.1,396.0,216,Completed
511473,14692,2023-07-14,6,1,0.0,35.0,13,Completed
500114,14414,2023-07-14,5,1,0.0,95.0,43,Completed
501951,12976,2023-07-14,6,2,0.1,63.0,26,Completed
513245,16671,2023-07-14,8,1,0.1,79.2,39,Completed
514719,12316,2023-07-14,3,1,0.1,43.2,21,Completed
502192,11675,2023-07-14,5,1,0.1,85.5,43,Completed
508552,11345,2023-07-14,6,1,0.05,33.25,13,Completed
515934,11755,2023-07-14,3,1,0.0,48.0,21,Completed
508515,14350,2023-07-14,2,2,0.15,122.4,68,Completed
512321,16739,2023-07-14,1,1,0.0,145.0,79,Completed
508172,12506,2023-07-14,3,2,0.0,96.0,42,Completed
502413,14815,2023-07-14,4,1,0.15,238.0,155,Completed
506718,10798,2023-07-14,5,1,0.2,76.0,43,Completed
505417,10467,2023-07-14,10,1,0.0,110.0,54,Completed
506030,14442,2023-07-14,7,1,0.2,21.6,8,Completed
502416,13588,2023-07-14,9,1,0.15,52.7,28,Completed
517323,16044,2023-07-14,3,2,0.1,86.4,42,Completed
500979,10138,2023-07-14,8,1,0.05,83.6,39,Completed
506534,14498,2023-07-15,8,1,0.05,83.6,39,Completed
512256,12131,2023-07-15,7,2,0.05,51.3,16,Completed
506016,12566,2023-07-15,6,3,0.0,105.0,39,Completed
510948,14737,2023-07-15,8,1,0.05,83.6,39,Completed
505169,15272,2023-07-15,9,2,0.05,117.8,56,Completed
517643,17145,2023-07-15,3,1,0.0,48.0,21,Completed
512853,17399,2023-07-15,2,3,0.05,205.2,102,Completed
512665,12683,2023-07-15,7,2,0.05,51.3,16,Completed
517650,12810,2023-07-15,1,3,0.05,413.25,237,Completed
512905,17271,2023-07-15,8,2,0.15,149.6,78,Completed
512357,16869,2023-07-15,10,2,0.1,198.0,108,Returned
510489,17998,2023-07-15,8,2,0.05,167.2,78,Completed
514186,14314,2023-07-15,7,2,0.2,43.2,16,Returned
503026,15085,2023-07-15,7,1,0.0,27.0,8,Completed
517367,17283,2023-07-15,7,4,0.0,108.0,32,Cancelled
510998,10051,2023-07-15,3,1,0.0,48.0,21,Completed
516417,10510,2023-07-15,7,1,0.0,27.0,8,Completed
515946,15757,2023-07-15,10,3,0.2,264.0,162,Completed
515754,10670,2023-07-15,1,1,0.0,145.0,79,Completed
502049,13064,2023-07-15,1,3,0.05,413.25,237,Completed
503560,10735,2023-07-15,2,2,0.05,136.8,68,Returned
516112,17109,2023-07-15,2,1,0.15,61.2,34,Completed
507997,15876,2023-07-15,6,3,0.15,89.25,39,Completed
501414,12799,2023-07-15,10,1,0.1,99.0,54,Completed
514488,12224,2023-07-15,2,1,0.0,72.0,34,Completed
509365,11616,2023-07-15,2,3,0.0,216.0,102,Completed
508413,10432,2023-07-15,3,1,0.1,43.2,21,Completed
506706,15560,2023-07-15,7,1,0.0,27.0,8,Completed
508534,10520,2023-07-15,10,1,0.05,104.5,54,Completed
507601,10144,2023-07-15,5,3,0.0,285.0,129,Completed
507947,13258,2023-07-15,6,2,0.05,66.5,26,Completed
513116,17448,2023-07-15,2,1,0.1,64.8,34,Completed
510201,14421,2023-07-15,8,1,0.0,88.0,39,Completed
506579,10415,2023-07-16,4,1,0.1,252.0,155,Completed
517279,12282,2023-07-16,3,3,0.0,144.0,63,Completed
506295,10327,2023-07-16,8,1,0.05,83.6,39,Completed
514147,16732,2023-07-16,5,2,0.0,190.0,86,Completed
517361,15964,2023-07-16,9,2,0.0,124.0,56,Completed
514813,18321,2023-07-16,4,1,0.2,224.0,155,Completed
515161,11775,2023-07-16,1,1,0.05,137.75,79,Completed
505933,15029,2023-07-16,3,1,0.0,48.0,21,Completed
501456,17358,2023-07-16,10,2,0.0,220.0,108,Completed
514355,12981,2023-07-16,1,2,0.15,246.5,158,Completed
514378,10584,2023-07-16,3,2,0.15,81.6,42,Completed
500677,12234,2023-07-16,2,2,0.0,144.0,68,Completed
507465,15774,2023-07-16,3,2,0.1,86.4,42,Completed
504468,14039,2023-07-16,5,3,0.0,285.0,129,Completed
511563,11317,2023-07-16,6,3,0.0,105.0,39,Completed
516756,14624,2023-07-16,10,1,0.05,104.5,54,Completed
504910,10942,2023-07-16,8,3,0.0,264.0,117,Completed
516256,18464,2023-07-16,9,1,0.1,55.8,28,Completed
504038,16110,2023-07-16,1,2,0.15,246.5,158,Completed
503163,15625,2023-07-16,2,3,0.1,194.4,102,Completed
502524,10353,2023-07-16,6,1,0.05,33.25,13,Completed
511839,17753,2023-07-16,9,1,0.2,49.6,28,Completed
511355,18447,2023-07-16,10,2,0.0,220.0,108,Completed
508837,11009,2023-07-17,8,1,0.05,83.6,39,Completed
511343,14542,2023-07-17,2,1,0.0,72.0,34,Completed
510486,14278,2023-07-17,2,2,0.2,115.2,68,Completed
512859,12141,2023-07-17,10,2,0.0,220.0,108,Completed
510613,12353,2023-07-17,6,1,0.15,29.75,13,Completed
512326,18040,2023-07-17,6,2,0.05,66.5,26,Completed
517822,12594,2023-07-17,8,3,0.1,237.6,117,Completed
516267,17153,2023-07-17,10,1,0.0,110.0,54,Completed
514064,12087,2023-07-17,10,2,0.0,220.0,108,Completed
512522,18302,2023-07-17,3,4,0.05,182.4,84,Completed
515771,10201,2023-07-17,1,2,0.0,290.0,158,Completed
501596,14770,2023-07-17,4,1,0.0,280.0,155,Completed
500910,14734,2023-07-17,8,1,0.1,79.2,39,Completed
508118,10557,2023-07-17,5,1,0.1,85.5,43,Cancelled
505518,13992,2023-07-17,6,2,0.05,66.5,26,Completed
500378,16504,2023-07-17,4,4,0.15,952.0,620,Completed
501940,17939,2023-07-17,5,2,0.15,161.5,86,Completed
516553,14230,2023-07-17,2,2,0.05,136.8,68,Completed
512856,16374,2023-07-17,5,1,0.0,95.0,43,Completed
517075,12554,2023-07-17,8,2,0.0,176.0,78,Completed
502776,12606,2023-07-17,2,2,0.05,136.8,68,Completed
513588,11775,2023-07-17,1,1,0.05,137.75,79,Completed
501361,14423,2023-07-17,2,1,0.05,68.4,34,Completed
500041,16835,2023-07-17,7,2,0.15,45.9,16,Completed
511764,12559,2023-07-17,3,2,0.1,86.4,42,Completed
502381,12596,2023-07-17,8,1,0.0,88.0,39,Completed
517185,15710,2023-07-17,3,3,0.0,144.0,63,Completed
513563,11693,2023-07-17,5,2,0.0,190.0,86,Completed
515217,13345,2023-07-17,9,2,0.1,111.6,56,Completed
517853,13930,2023-07-17,2,1,0.05,68.4,34,Completed
511859,13537,2023-07-17,4,1,0.05,266.0,155,Completed
514965,15289,2023-07-17,1,2,0.1,261.0,158,Completed
508935,11604,2023-07-18,8,1,0.05,83.6,39,Cancelled
511391,10089,2023-07-18,7,1,0.05,25.65,8,Completed
503929,12058,2023-07-18,8,1,0.05,83.6,39,Completed
501123,13093,2023-07-18,7,1,0.0,27.0,8,Completed
517556,16827,2023-07-18,2,1,0.05,68.4,34,Completed
501668,11020,2023-07-18,5,1,0.05,90.25,43,Completed
515026,17461,2023-07-18,10,1,0.15,93.5,54,Cancelled
517395,10239,2023-07-18,7,2,0.05,51.3,16,Completed
505087,15652,2023-07-18,2,2,0.05,136.8,68,Completed
504807,15660,2023-07-18,3,1,0.05,45.6,21,Completed
511341,12605,2023-07-18,10,1,0.0,110.0,54,Completed
507046,16530,2023-07-18,7,2,0.0,54.0,16,Completed
517227,10696,2023-07-18,4,2,0.0,560.0,310,Completed
517286,13953,2023-07-18,2,3,0.2,172.8,102,Completed
506515,15182,2023-07-18,1,1,0.0,145.0,79,Completed
506195,10544,2023-07-18,1,2,0.05,275.5,158,Completed
511090,10087,2023-07-18,1,1,0.1,130.5,79,Completed
508627,13666,2023-07-18,5,3,0.15,242.25,129,Returned
505270,12898,2023-07-18,2,2,0.05,136.8,68,Completed
503698,13053,2023-07-18,8,1,0.1,79.2,39,Completed
510608,12135,2023-07-18,2,2,0.1,129.6,68,Completed
513208,10615,2023-07-18,5,1,0.1,85.5,43,Completed
504704,11975,2023-07-18,7,1,0.0,27.0,8,Completed
508755,10659,2023-07-18,3,2,0.05,91.2,42,Completed
511903,11317,2023-07-18,2,3,0.0,216.0,102,Completed
510223,10201,2023-07-18,7,1,0.1,24.3,8,Completed
514460,12229,2023-07-18,10,1,0.15,93.5,54,Completed
512581,17941,2023-07-18,2,1,0.0,72.0,34,Completed
500316,14202,2023-07-19,5,1,0.0,95.0,43,Returned
515642,10666,2023-07-19,9,1,0.15,52.7,28,Completed
511689,14428,2023-07-19,8,1,0.05,83.6,39,Completed
509796,10906,2023-07-19,2,1,0.0,72.0,34,Completed
501775,12916,2023-07-19,8,1,0.0,88.0,39,Completed
503059,17010,2023-07-19,5,1,0.0,95.0,43,Completed
500961,11394,2023-07-19,3,1,0.1,43.2,21,Completed
513643,12238,2023-07-19,1,1,0.15,123.25,79,Returned
504654,13098,2023-07-19,2,1,0.0,72.0,34,Completed
507543,13210,2023-07-19,6,1,0.0,35.0,13,Completed
504652,10727,2023-07-19,8,1,0.1,79.2,39,Completed
516514,17414,2023-07-19,5,1,0.0,95.0,43,Completed
514253,11180,2023-07-19,2,2,0.05,136.8,68,Completed
507150,13075,2023-07-19,7,2,0.05,51.3,16,Completed
509256,10398,2023-07-19,7,1,0.0,27.0,8,Completed
517541,13715,2023-07-19,3,3,0.05,136.8,63,Completed
514629,17605,2023-07-19,7,1,0.0,27.0,8,Completed
512568,13569,2023-07-19,7,1,0.0,27.0,8,Completed
500691,14086,2023-07-19,9,1,0.15,52.7,28,Completed
512554,12635,2023-07-19,9,1,0.15,52.7,28,Completed
506572,18300,2023-07-19,1,2,0.0,290.0,158,Completed
514100,11807,2023-07-20,7,1,0.15,22.95,8,Completed
505663,16872,2023-07-20,6,1,0.0,35.0,13,Completed
505001,12352,2023-07-20,7,1,0.1,24.3,8,Completed
512850,11867,2023-07-20,5,2,0.0,190.0,86,Cancelled
506021,12055,2023-07-20,5,2,0.0,190.0,86,Completed
516726,18123,2023-07-20,3,1,0.1,43.2,21,Completed
512831,10622,2023-07-20,8,1,0.0,88.0,39,Completed
516775,15116,2023-07-20,10,1,0.05,104.5,54,Completed
516780,16976,2023-07-20,7,1,0.15,22.95,8,Completed
517555,10062,2023-07-20,8,1,0.0,88.0,39,Completed
502786,11268,2023-07-20,2,1,0.1,64.8,34,Completed
510507,12125,2023-07-20,4,2,0.1,504.0,310,Completed
509904,10109,2023-07-20,1,1,0.0,145.0,79,Completed
511935,12594,2023-07-20,5,2,0.0,190.0,86,Completed
516118,12095,2023-07-20,3,2,0.05,91.2,42,Completed
502623,18398,2023-07-20,9,1,0.2,49.6,28,Completed
510531,16374,2023-07-20,3,2,0.05,91.2,42,Completed
509083,12524,2023-07-20,9,2,0.0,124.0,56,Completed
501048,16789,2023-07-20,6,1,0.05,33.25,13,Completed
517644,15616,2023-07-20,3,2,0.0,96.0,42,Completed
513965,11892,2023-07-20,10,2,0.0,220.0,108,Completed
500835,12683,2023-07-20,2,2,0.05,136.8,68,Completed
511350,18017,2023-07-20,3,2,0.1,86.4,42,Completed
515436,17672,2023-07-20,5,1,0.05,90.25,43,Completed
507045,13155,2023-07-20,10,1,0.15,93.5,54,Completed
517309,11098,2023-07-20,2,1,0.0,72.0,34,Completed
505334,10225,2023-07-21,9,2,0.0,124.0,56,Completed
504267,16784,2023-07-21,7,1,0.1,24.3,8,Completed
511515,12087,2023-07-21,6,1,0.05,33.25,13,Completed
505238,14849,2023-07-21,10,1,0.0,110.0,54,Completed
516766,17319,2023-07-21,2,1,0.05,68.4,34,Completed
500387,10731,2023-07-21,5,2,0.0,190.0,86,Returned
505768,15897,2023-07-21,6,1,0.05,33.25,13,Completed
503042,10519,2023-07-21,5,1,0.1,85.5,43,Completed
501891,15271,2023-07-21,4,2,0.15,476.0,310,Completed
508335,16683,2023-07-21,5,2,0.0,190.0,86,Completed
505889,10463,2023-07-21,5,1,0.0,95.0,43,Completed
503077,10906,2023-07-21,9,1,0.05,58.9,28,Completed
508423,16700,2023-07-21,1,1,0.0,145.0,79,Completed
514206,16335,2023-07-21,1,1,0.0,145.0,79,Completed
517441,11591,2023-07-21,2,1,0.05,68.4,34,Completed
516144,14767,2023-07-21,2,1,0.1,64.8,34,Completed
507193,16391,2023-07-21,1,1,0.0,145.0,79,Completed
506091,15080,2023-07-21,9,2,0.05,117.8,56,Cancelled
512166,13627,2023-07-21,3,2,0.0,96.0,42,Completed
507952,18422,2023-07-21,7,1,0.0,27.0,8,Completed
506204,11033,2023-07-21,5,1,0.1,85.5,43,Completed
506559,15175,2023-07-21,8,4,0.0,352.0,156,Completed
504217,18131,2023-07-21,10,2,0.0,220.0,108,Completed
501005,14576,2023-07-21,3,1,0.15,40.8,21,Completed
502867,10526,2023-07-22,4,4,0.15,952.0,620,Completed
507286,12852,2023-07-22,7,1,0.05,25.65,8,Completed
501230,13228,2023-07-22,5,1,0.1,85.5,43,Completed
511133,12995,2023-07-22,9,1,0.0,62.0,28,Completed
517836,16296,2023-07-22,9,2,0.0,124.0,56,Completed
501353,12641,2023-07-22,9,2,0.0,124.0,56,Completed
508035,13927,2023-07-22,7,1,0.0,27.0,8,Completed
505651,12638,2023-07-22,10,1,0.05,104.5,54,Completed
505380,16944,2023-07-22,7,1,0.1,24.3,8,Completed
507623,16610,2023-07-22,10,2,0.1,198.0,108,Completed
516518,15346,2023-07-22,4,1,0.05,266.0,155,Completed
507650,14685,2023-07-22,10,1,0.1,99.0,54,Completed
511418,12985,2023-07-22,6,1,0.05,33.25,13,Completed
509288,10541,2023-07-22,2,2,0.05,136.8,68,Completed
507101,13028,2023-07-22,4,3,0.05,798.0,465,Completed
509577,12174,2023-07-22,1,1,0.0,145.0,79,Completed
514901,10870,2023-07-22,3,1,0.0,48.0,21,Cancelled
506262,14594,2023-07-22,3,1,0.1,43.2,21,Completed
517639,13951,2023-07-22,1,1,0.05,137.75,79,Returned
516600,13939,2023-07-22,5,1,0.05,90.25,43,Completed
500017,15927,2023-07-22,1,3,0.05,413.25,237,Completed
510921,13640,2023-07-23,1,1,0.0,145.0,79,Completed
515457,11518,2023-07-23,7,2,0.0,54.0,16,Completed
504316,13430,2023-07-23,7,1,0.0,27.0,8,Completed
512694,13480,2023-07-23,7,1,0.05,25.65,8,Completed
502195,10819,2023-07-23,3,1,0.0,48.0,21,Completed
516527,11894,2023-07-23,6,1,0.0,35.0,13,Completed
509887,10097,2023-07-23,10,1,0.0,110.0,54,Returned
508750,10911,2023-07-23,6,1,0.1,31.5,13,Completed
509386,12566,2023-07-23,8,1,0.0,88.0,39,Completed
517387,15212,2023-07-23,7,3,0.0,81.0,24,Completed
510377,18085,2023-07-23,1,2,0.05,275.5,158,Completed
512476,11506,2023-07-23,5,2,0.05,180.5,86,Completed
500929,11058,2023-07-23,10,1,0.05,104.5,54,Completed
515334,11341,2023-07-23,3,2,0.2,76.8,42,Completed
509152,15958,2023-07-23,9,1,0.0,62.0,28,Completed
501648,10645,2023-07-23,8,1,0.0,88.0,39,Completed
507381,11218,2023-07-23,10,1,0.0,110.0,54,Completed
514499,15368,2023-07-23,1,2,0.0,290.0,158,Completed
502391,10194,2023-07-23,3,1,0.15,40.8,21,Completed
508167,15821,2023-07-23,5,2,0.15,161.5,86,Completed
504445,11643,2023-07-23,9,1,0.15,52.7,28,Completed
502397,11554,2023-07-24,6,1,0.1,31.5,13,Completed
513342,17206,2023-07-24,3,1,0.05,45.6,21,Completed
515905,14612,2023-07-24,2,1,0.0,72.0,34,Completed
507603,10059,2023-07-24,1,2,0.2,232.0,158,Completed
503601,16341,2023-07-24,6,1,0.1,31.5,13,Completed
504039,10155,2023-07-24,6,1,0.1,31.5,13,Completed
512921,13129,2023-07-24,4,1,0.1,252.0,155,Returned
505603,12049,2023-07-24,10,1,0.05,104.5,54,Completed
513932,17375,2023-07-24,7,1,0.1,24.3,8,Completed
500234,11558,2023-07-24,10,2,0.05,209.0,108,Completed
500648,17390,2023-07-24,7,1,0.15,22.95,8,Completed
503100,12087,2023-07-24,10,4,0.0,440.0,216,Completed
501551,11372,2023-07-24,9,1,0.1,55.8,28,Completed
513473,12029,2023-07-24,2,1,0.05,68.4,34,Completed
508830,11010,2023-07-24,7,1,0.05,25.65,8,Completed
509588,10480,2023-07-24,7,1,0.0,27.0,8,Returned
515442,17809,2023-07-24,5,2,0.1,171.0,86,Completed
513760,10500,2023-07-24,3,1,0.1,43.2,21,Completed
509139,13012,2023-07-24,3,1,0.0,48.0,21,Completed
514610,17079,2023-07-24,7,2,0.05,51.3,16,Completed
509381,15802,2023-07-24,3,1,0.05,45.6,21,Completed
500364,11124,2023-07-24,9,3,0.1,167.4,84,Cancelled
511545,15671,2023-07-24,3,2,0.15,81.6,42,Completed
517756,10494,2023-07-24,6,1,0.0,35.0,13,Completed
510288,12239,2023-07-24,3,4,0.1,172.8,84,Completed
515306,10719,2023-07-24,6,1,0.0,35.0,13,Completed
500511,12094,2023-07-25,5,3,0.15,242.25,129,Completed
517547,17129,2023-07-25,8,1,0.2,70.4,39,Completed
516058,15575,2023-07-25,6,2,0.15,59.5,26,Completed
508239,12738,2023-07-25,2,1,0.0,72.0,34,Completed
506645,14389,2023-07-25,1,1,0.0,145.0,79,Completed
507122,15417,2023-07-25,1,1,0.15,123.25,79,Completed
506041,12502,2023-07-25,2,1,0.0,72.0,34,Completed
504908,17573,2023-07-25,1,3,0.0,435.0,237,Completed
515008,18298,2023-07-25,2,1,0.1,64.8,34,Completed
514213,10734,2023-07-25,9,1,0.2,49.6,28,Completed
511694,12709,2023-07-25,5,2,0.0,190.0,86,Completed
510695,12981,2023-07-25,4,1,0.0,280.0,155,Completed
514711,10413,2023-07-25,10,1,0.05,104.5,54,Completed
501760,17335,2023-07-25,1,1,0.1,130.5,79,Completed
512509,11512,2023-07-25,1,1,0.05,137.75,79,Completed
514409,17002,2023-07-25,9,2,0.1,111.6,56,Completed
506125,18261,2023-07-25,9,2,0.0,124.0,56,Returned
504142,14729,2023-07-25,3,4,0.0,192.0,84,Completed
506226,15284,2023-07-25,1,1,0.2,116.0,79,Completed
503695,12256,2023-07-25,8,2,0.05,167.2,78,Completed
509625,14974,2023-07-26,3,1,0.1,43.2,21,Completed
504166,15246,2023-07-26,2,1,0.1,64.8,34,Completed
514385,17682,2023-07-26,3,2,0.0,96.0,42,Completed
512866,11394,2023-07-26,3,2,0.0,96.0,42,Completed
510487,12630,2023-07-26,7,1,0.05,25.65,8,Completed
509820,13094,2023-07-26,4,1,0.05,266.0,155,Returned
505630,10096,2023-07-26,2,1,0.0,72.0,34,Completed
505250,13817,2023-07-26,6,1,0.0,35.0,13,Completed
514603,17061,2023-07-26,9,1,0.0,62.0,28,Completed
507634,16363,2023-07-26,6,2,0.0,70.0,26,Completed
512369,13866,2023-07-26,4,1,0.1,252.0,155,Completed
504823,10178,2023-07-26,5,1,0.0,95.0,43,Completed
501495,17404,2023-07-26,10,1,0.1,99.0,54,Completed
515059,10805,2023-07-26,4,2,0.05,532.0,310,Completed
510886,14655,2023-07-26,10,1,0.1,99.0,54,Completed
515289,12706,2023-07-26,2,1,0.05,68.4,34,Completed
501171,14138,2023-07-26,6,3,0.2,84.0,39,Completed
501042,15159,2023-07-26,1,2,0.0,290.0,158,Completed
510927,18245,2023-07-26,6,3,0.05,99.75,39,Completed
506711,11373,2023-07-26,1,1,0.0,145.0,79,Completed
504914,17002,2023-07-26,8,1,0.0,88.0,39,Completed
508687,13489,2023-07-26,7,2,0.05,51.3,16,Completed
508789,12315,2023-07-26,8,1,0.15,74.8,39,Completed
506964,11839,2023-07-26,7,2,0.0,54.0,16,Completed
514085,13582,2023-07-26,1,1,0.05,137.75,79,Returned
516935,11301,2023-07-26,2,2,0.2,115.2,68,Completed
510983,12995,2023-07-26,7,1,0.0,27.0,8,Completed
510174,14454,2023-07-27,9,3,0.1,167.4,84,Completed
511225,15756,2023-07-27,7,1,0.0,27.0,8,Completed
513632,15475,2023-07-27,7,1,0.0,27.0,8,Completed
504600,17503,2023-07-27,9,1,0.0,62.0,28,Completed
509982,16759,2023-07-27,5,2,0.05,180.5,86,Returned
504156,12445,2023-07-27,6,1,0.0,35.0,13,Completed
514799,10419,2023-07-27,1,1,0.0,145.0,79,Completed
517335,16982,2023-07-27,5,1,0.05,90.25,43,Completed
514834,14686,2023-07-27,4,4,0.2,896.0,620,Completed
500116,16593,2023-07-27,1,1,0.05,137.75,79,Completed
504282,10372,2023-07-27,1,1,0.0,145.0,79,Completed
503634,16294,2023-07-27,4,1,0.0,280.0,155,Completed
506480,10206,2023-07-27,4,2,0.0,560.0,310,Completed
500720,11077,2023-07-27,6,1,0.2,28.0,13,Completed
507521,12193,2023-07-27,5,1,0.0,95.0,43,Completed
510767,11677,2023-07-27,1,1,0.05,137.75,79,Completed
506844,12703,2023-07-27,2,1,0.1,64.8,34,Completed
501792,13213,2023-07-27,10,2,0.0,220.0,108,Completed
512626,15448,2023-07-27,4,1,0.05,266.0,155,Completed
510652,13008,2023-07-27,1,1,0.1,130.5,79,Completed
506694,11413,2023-07-27,6,4,0.0,140.0,52,Completed
500045,14362,2023-07-28,10,1,0.2,88.0,54,Completed
516782,15687,2023-07-28,8,1,0.1,79.2,39,Completed
516640,14899,2023-07-28,1,2,0.1,261.0,158,Completed
513049,10468,2023-07-28,8,1,0.1,79.2,39,Completed
500077,14141,2023-07-28,10,1,0.05,104.5,54,Completed
516571,17253,2023-07-28,4,1,0.1,252.0,155,Completed
505420,12107,2023-07-28,1,2,0.0,290.0,158,Completed
505932,14458,2023-07-28,10,2,0.1,198.0,108,Completed
514362,14421,2023-07-28,10,2,0.0,220.0,108,Completed
505840,14022,2023-07-28,6,1,0.05,33.25,13,Completed
503612,11598,2023-07-28,10,2,0.0,220.0,108,Completed
514812,18162,2023-07-28,2,1,0.05,68.4,34,Completed
515654,11234,2023-07-28,3,1,0.0,48.0,21,Completed
508826,17087,2023-07-28,5,2,0.0,190.0,86,Completed
505360,11982,2023-07-28,10,1,0.0,110.0,54,Completed
503655,10905,2023-07-28,5,1,0.05,90.25,43,Completed
501749,12886,2023-07-28,6,2,0.0,70.0,26,Completed
512144,12642,2023-07-28,7,1,0.05,25.65,8,Completed
515844,10252,2023-07-28,8,1,0.1,79.2,39,Completed
512356,13494,2023-07-28,4,1,0.0,280.0,155,Completed
512174,17838,2023-07-28,7,3,0.05,76.95,24,Completed
500926,10437,2023-07-28,9,1,0.0,62.0,28,Completed
513251,14457,2023-07-28,7,1,0.0,27.0,8,Completed
508712,11148,2023-07-29,4,1,0.2,224.0,155,Completed
510267,12883,2023-07-29,1,2,0.0,290.0,158,Completed
505983,18466,2023-07-29,4,1,0.1,252.0,155,Completed
502204,15850,2023-07-29,5,1,0.0,95.0,43,Completed
509688,11773,2023-07-29,3,1,0.0,48.0,21,Completed
517087,15665,2023-07-29,7,2,0.15,45.9,16,Completed
517385,13620,2023-07-29,10,1,0.05,104.5,54,Completed
512499,13768,2023-07-29,6,2,0.0,70.0,26,Completed
511525,13992,2023-07-29,3,2,0.05,91.2,42,Completed
507152,11598,2023-07-29,7,2,0.05,51.3,16,Completed
504696,11645,2023-07-29,3,3,0.0,144.0,63,Completed
516219,10320,2023-07-29,3,1,0.05,45.6,21,Completed
509293,15871,2023-07-29,1,1,0.0,145.0,79,Cancelled
509228,10106,2023-07-29,9,1,0.0,62.0,28,Completed
510226,10970,2023-07-29,6,1,0.1,31.5,13,Completed
511036,10318,2023-07-29,6,2,0.1,63.0,26,Completed
504136,13247,2023-07-29,6,1,0.0,35.0,13,Completed
513607,10444,2023-07-29,6,3,0.2,84.0,39,Completed
507370,11013,2023-07-29,2,1,0.1,64.8,34,Completed
502272,13720,2023-07-29,2,3,0.05,205.2,102,Completed
510359,13203,2023-07-29,8,1,0.0,88.0,39,Completed
504233,10864,2023-07-29,3,1,0.15,40.8,21,Completed
502334,13013,2023-07-29,10,1,0.05,104.5,54,Completed
506976,13038,2023-07-29,5,1,0.05,90.25,43,Completed
511586,17508,2023-07-29,2,1,0.0,72.0,34,Completed
511195,10239,2023-07-29,2,1,0.1,64.8,34,Cancelled
508952,13115,2023-07-29,5,2,0.1,171.0,86,Completed
506471,15723,2023-07-29,3,1,0.0,48.0,21,Completed
508484,17178,2023-07-29,9,1,0.0,62.0,28,Completed
502699,10150,2023-07-29,5,1,0.05,90.25,43,Completed
517985,11852,2023-07-29,1,1,0.05,137.75,79,Completed
511726,12881,2023-07-29,3,1,0.0,48.0,21,Cancelled
505144,13484,2023-07-29,9,2,0.1,111.6,56,Completed
508980,12937,2023-07-29,4,1,0.2,224.0,155,Completed
507605,12642,2023-07-29,1,3,0.0,435.0,237,Completed
512343,10278,2023-07-29,10,1,0.1,99.0,54,Completed
517996,13063,2023-07-29,9,1,0.05,58.9,28,Completed
505025,16296,2023-07-29,2,3,0.05,205.2,102,Completed
505022,12911,2023-07-29,3,2,0.0,96.0,42,Completed
516536,14171,2023-07-29,2,1,0.0,72.0,34,Completed
515398,11633,2023-07-29,2,1,0.0,72.0,34,Completed
508402,16683,2023-07-29,4,1,0.0,280.0,155,Completed
511748,10107,2023-07-30,2,3,0.0,216.0,102,Completed
510682,12859,2023-07-30,5,1,0.05,90.25,43,Completed
503545,18014,2023-07-30,9,2,0.05,117.8,56,Completed
516485,13366,2023-07-30,8,3,0.0,264.0,117,Completed
502490,10648,2023-07-30,9,1,0.0,62.0,28,Completed
516285,15254,2023-07-30,9,2,0.2,99.2,56,Returned
516160,16225,2023-07-30,4,1,0.2,224.0,155,Completed
516203,13666,2023-07-30,10,1,0.05,104.5,54,Completed
502212,18226,2023-07-30,3,2,0.1,86.4,42,Completed
500762,13116,2023-07-30,1,2,0.0,290.0,158,Returned
511897,12664,2023-07-30,10,1,0.0,110.0,54,Completed
509395,10016,2023-07-30,1,1,0.0,145.0,79,Completed
502876,11762,2023-07-30,4,4,0.0,1120.0,620,Completed
500641,10807,2023-07-30,5,2,0.0,190.0,86,Completed
500441,10886,2023-07-30,9,1,0.0,62.0,28,Completed
512026,15017,2023-07-30,4,3,0.0,840.0,465,Completed
502670,13257,2023-07-30,3,1,0.1,43.2,21,Completed
503594,13852,2023-07-30,6,1,0.0,35.0,13,Completed
503786,14858,2023-07-31,9,1,0.0,62.0,28,Completed
516655,11378,2023-07-31,5,1,0.05,90.25,43,Completed
517974,14617,2023-07-31,6,2,0.1,63.0,26,Completed
514581,17175,2023-07-31,3,1,0.2,38.4,21,Completed
510565,14826,2023-07-31,9,2,0.0,124.0,56,Completed
502266,10002,2023-07-31,2,1,0.0,72.0,34,Completed
507931,10222,2023-07-31,6,1,0.05,33.25,13,Completed
517422,18470,2023-07-31,1,1,0.0,145.0,79,Completed
503727,14091,2023-07-31,10,1,0.1,99.0,54,Completed
516013,10919,2023-07-31,4,1,0.0,280.0,155,Completed
503495,11276,2023-07-31,7,1,0.1,24.3,8,Completed
514797,13223,2023-07-31,7,1,0.0,27.0,8,Completed
505647,15627,2023-07-31,8,2,0.15,149.6,78,Completed
508569,11420,2023-07-31,1,1,0.15,123.25,79,Completed
503895,14150,2023-07-31,5,2,0.0,190.0,86,Completed
500424,10836,2023-07-31,9,2,0.0,124.0,56,Completed
512419,14877,2023-07-31,9,1,0.1,55.8,28,Completed
505911,10486,2023-07-31,3,1,0.05,45.6,21,Completed
505780,14220,2023-07-31,5,1,0.0,95.0,43,Completed
509308,13106,2023-07-31,8,1,0.05,83.6,39,Completed
517301,12967,2023-07-31,3,1,0.1,43.2,21,Completed
503865,11437,2023-08-01,2,2,0.0,144.0,68,Completed
516993,15279,2023-08-01,9,2,0.0,124.0,56,Completed
506425,10996,2023-08-01,5,3,0.05,270.75,129,Completed
517401,10929,2023-08-01,7,1,0.0,27.0,8,Completed
509815,11438,2023-08-01,3,2,0.0,96.0,42,Completed
515474,16989,2023-08-01,9,1,0.1,55.8,28,Completed
516392,11328,2023-08-01,1,1,0.0,145.0,79,Completed
506703,16208,2023-08-01,4,1,0.05,266.0,155,Completed
513195,14269,2023-08-01,10,1,0.0,110.0,54,Completed
503913,16666,2023-08-01,10,2,0.05,209.0,108,Completed
502342,14571,2023-08-01,1,1,0.0,145.0,79,Completed
504815,12265,2023-08-01,2,2,0.05,136.8,68,Completed
514881,11039,2023-08-01,8,3,0.15,224.4,117,Completed
513382,11362,2023-08-01,4,1,0.0,280.0,155,Completed
511951,13076,2023-08-01,9,1,0.0,62.0,28,Completed
500817,16912,2023-08-01,5,3,0.1,256.5,129,Completed
509412,11476,2023-08-01,3,1,0.0,48.0,21,Completed
508160,14429,2023-08-01,2,1,0.1,64.8,34,Completed
501095,11470,2023-08-01,1,1,0.05,137.75,79,Completed
510814,11299,2023-08-01,1,1,0.0,145.0,79,Completed
508985,17793,2023-08-01,7,3,0.0,81.0,24,Completed
502439,17420,2023-08-01,9,1,0.2,49.6,28,Completed
513204,11514,2023-08-01,4,4,0.15,952.0,620,Completed
504634,16391,2023-08-01,8,2,0.05,167.2,78,Completed
504581,18132,2023-08-02,5,1,0.0,95.0,43,Completed
516207,16851,2023-08-02,9,1,0.0,62.0,28,Completed
503402,15880,2023-08-02,3,2,0.0,96.0,42,Completed
509840,12447,2023-08-02,10,1,0.0,110.0,54,Completed
517932,15875,2023-08-02,8,1,0.0,88.0,39,Cancelled
510291,14246,2023-08-02,3,1,0.05,45.6,21,Completed
506800,17550,2023-08-02,10,1,0.1,99.0,54,Completed
508121,14316,2023-08-02,5,3,0.05,270.75,129,Completed
506777,13180,2023-08-02,10,2,0.0,220.0,108,Completed
505684,10690,2023-08-02,1,2,0.15,246.5,158,Completed
517443,11862,2023-08-02,9,2,0.05,117.8,56,Completed
500702,11997,2023-08-02,2,2,0.0,144.0,68,Completed
501991,17627,2023-08-02,5,1,0.15,80.75,43,Completed
506817,12008,2023-08-02,7,1,0.0,27.0,8,Completed
507833,10136,2023-08-02,7,1,0.0,27.0,8,Completed
513937,14116,2023-08-02,8,1,0.15,74.8,39,Completed
513885,13326,2023-08-02,5,1,0.2,76.0,43,Completed
515681,16928,2023-08-02,8,1,0.1,79.2,39,Completed
506496,12236,2023-08-02,3,3,0.05,136.8,63,Completed
507996,10774,2023-08-02,5,1,0.0,95.0,43,Completed
504886,11586,2023-08-02,10,1,0.05,104.5,54,Completed
513566,10657,2023-08-02,9,2,0.1,111.6,56,Completed
503964,11984,2023-08-02,7,4,0.05,102.6,32,Completed
511615,14589,2023-08-02,9,2,0.1,111.6,56,Completed
512650,17704,2023-08-02,7,1,0.05,25.65,8,Completed
517305,17719,2023-08-02,10,2,0.05,209.0,108,Completed
514143,16485,2023-08-02,7,2,0.05,51.3,16,Completed
510870,15486,2023-08-02,8,1,0.15,74.8,39,Completed
517314,13958,2023-08-02,4,1,0.1,252.0,155,Completed
514867,14629,2023-08-03,8,2,0.05,167.2,78,Completed
514427,13206,2023-08-03,1,1,0.1,130.5,79,Completed
505944,11152,2023-08-03,2,4,0.0,288.0,136,Completed
500921,17696,2023-08-03,8,1,0.1,79.2,39,Completed
514218,12009,2023-08-03,2,1,0.05,68.4,34,Completed
515894,13089,2023-08-03,10,3,0.0,330.0,162,Completed
517940,12970,2023-08-03,4,1,0.0,280.0,155,Completed
507386,16850,2023-08-03,9,1,0.05,58.9,28,Completed
503297,10850,2023-08-03,2,1,0.05,68.4,34,Completed
517436,11931,2023-08-03,1,2,0.0,290.0,158,Completed
503488,10050,2023-08-03,5,2,0.05,180.5,86,Completed
501071,16121,2023-08-03,6,2,0.0,70.0,26,Completed
508524,14264,2023-08-03,5,2,0.0,190.0,86,Completed
511066,14636,2023-08-03,9,3,0.2,148.8,84,Completed
516366,10752,2023-08-03,7,2,0.05,51.3,16,Completed
507364,11902,2023-08-03,10,1,0.0,110.0,54,Completed
506209,14388,2023-08-03,5,3,0.0,285.0,129,Completed
511679,13388,2023-08-03,1,2,0.1,261.0,158,Completed
517300,11345,2023-08-03,5,1,0.05,90.25,43,Completed
506791,10875,2023-08-03,5,2,0.2,152.0,86,Completed
504308,15015,2023-08-03,6,2,0.0,70.0,26,Completed
506352,15188,2023-08-03,10,1,0.05,104.5,54,Cancelled
512810,10581,2023-08-03,8,1,0.0,88.0,39,Completed
501555,11254,2023-08-03,6,1,0.05,33.25,13,Completed
502872,10495,2023-08-03,4,2,0.05,532.0,310,Completed
505556,10128,2023-08-03,1,1,0.0,145.0,79,Completed
508653,10928,2023-08-03,8,1,0.1,79.2,39,Completed
509299,15974,2023-08-03,8,1,0.05,83.6,39,Completed
503816,13515,2023-08-03,4,1,0.0,280.0,155,Completed
503805,10036,2023-08-03,2,3,0.1,194.4,102,Completed
501661,13557,2023-08-03,8,1,0.0,88.0,39,Completed
509084,15601,2023-08-03,6,1,0.0,35.0,13,Completed
515418,12671,2023-08-03,6,2,0.15,59.5,26,Completed
502629,14257,2023-08-03,6,1,0.05,33.25,13,Completed
514564,12504,2023-08-03,6,1,0.05,33.25,13,Completed
501988,15182,2023-08-03,6,1,0.05,33.25,13,Completed
509272,16045,2023-08-03,2,1,0.0,72.0,34,Completed
500053,13591,2023-08-03,8,2,0.15,149.6,78,Completed
513847,13547,2023-08-03,9,2,0.0,124.0,56,Completed
517905,10966,2023-08-04,10,2,0.2,176.0,108,Completed
500367,10121,2023-08-04,8,1,0.0,88.0,39,Completed
505795,14852,2023-08-04,8,1,0.0,88.0,39,Completed
511216,13637,2023-08-04,3,2,0.1,86.4,42,Completed
513476,10119,2023-08-04,2,1,0.1,64.8,34,Completed
509208,12988,2023-08-04,8,1,0.1,79.2,39,Completed
510358,11218,2023-08-04,5,2,0.0,190.0,86,Completed
513039,14368,2023-08-04,6,2,0.0,70.0,26,Completed
505652,13240,2023-08-04,8,1,0.0,88.0,39,Completed
516992,12023,2023-08-04,8,1,0.0,88.0,39,Completed
503126,11171,2023-08-04,3,1,0.0,48.0,21,Completed
503414,10255,2023-08-04,6,1,0.0,35.0,13,Completed
517802,11887,2023-08-04,2,2,0.0,144.0,68,Completed
515236,18216,2023-08-04,6,1,0.15,29.75,13,Completed
500865,14719,2023-08-04,7,2,0.1,48.6,16,Completed
506422,16594,2023-08-04,8,2,0.1,158.4,78,Completed
516784,12905,2023-08-04,2,1,0.2,57.6,34,Completed
514926,15492,2023-08-04,1,1,0.1,130.5,79,Returned
500268,15669,2023-08-04,9,1,0.0,62.0,28,Completed
512648,17476,2023-08-04,8,1,0.0,88.0,39,Completed
511730,10792,2023-08-04,1,2,0.0,290.0,158,Completed
513047,12365,2023-08-04,9,2,0.0,124.0,56,Completed
515146,13457,2023-08-04,6,1,0.0,35.0,13,Returned
507955,15880,2023-08-04,7,1,0.15,22.95,8,Completed
508420,17679,2023-08-05,10,2,0.1,198.0,108,Completed
508370,11526,2023-08-05,3,2,0.1,86.4,42,Completed
505512,17350,2023-08-05,7,1,0.0,27.0,8,Completed
516034,17742,2023-08-05,8,1,0.05,83.6,39,Completed
513742,14016,2023-08-05,4,1,0.05,266.0,155,Completed
515177,12702,2023-08-05,7,1,0.1,24.3,8,Completed
502825,10415,2023-08-05,2,2,0.05,136.8,68,Completed
502097,10784,2023-08-05,2,2,0.05,136.8,68,Completed
512838,17214,2023-08-05,5,4,0.0,380.0,172,Completed
517113,15485,2023-08-05,1,1,0.0,145.0,79,Completed
503991,16737,2023-08-05,6,3,0.05,99.75,39,Completed
501971,10726,2023-08-05,2,1,0.2,57.6,34,Completed
508559,11490,2023-08-05,6,1,0.05,33.25,13,Completed
514757,16997,2023-08-05,9,3,0.05,176.7,84,Completed
503688,15740,2023-08-05,8,1,0.15,74.8,39,Completed
506079,14459,2023-08-05,8,1,0.05,83.6,39,Completed
500675,13568,2023-08-05,10,2,0.15,187.0,108,Completed
502071,13318,2023-08-05,6,2,0.15,59.5,26,Completed
503151,18073,2023-08-05,10,2,0.0,220.0,108,Completed
513126,13432,2023-08-05,1,1,0.05,137.75,79,Completed
513103,12907,2023-08-05,4,2,0.0,560.0,310,Completed
515633,10320,2023-08-05,9,3,0.0,186.0,84,Completed
505282,11935,2023-08-05,5,1,0.0,95.0,43,Completed
517602,10234,2023-08-05,7,2,0.05,51.3,16,Completed
503143,10230,2023-08-05,2,3,0.1,194.4,102,Completed
504403,11809,2023-08-05,10,1,0.0,110.0,54,Completed
507297,16297,2023-08-05,8,1,0.05,83.6,39,Cancelled
506067,13249,2023-08-05,6,1,0.0,35.0,13,Completed
500103,14179,2023-08-05,8,1,0.05,83.6,39,Completed
516754,17863,2023-08-06,5,2,0.1,171.0,86,Cancelled
515734,10176,2023-08-06,5,3,0.1,256.5,129,Completed
516550,15081,2023-08-06,1,1,0.1,130.5,79,Completed
502152,16930,2023-08-06,5,2,0.1,171.0,86,Completed
508974,14084,2023-08-06,5,3,0.05,270.75,129,Completed
505145,15368,2023-08-06,1,1,0.0,145.0,79,Completed
513210,14678,2023-08-06,9,2,0.0,124.0,56,Completed
503904,11780,2023-08-06,8,1,0.05,83.6,39,Completed
514088,10911,2023-08-06,5,1,0.1,85.5,43,Completed
502863,16168,2023-08-06,5,1,0.0,95.0,43,Completed
505370,14113,2023-08-06,3,1,0.1,43.2,21,Completed
514594,11309,2023-08-06,6,1,0.15,29.75,13,Completed
504527,16130,2023-08-06,8,3,0.0,264.0,117,Returned
500585,12827,2023-08-06,1,1,0.0,145.0,79,Completed
504050,13247,2023-08-06,3,1,0.0,48.0,21,Completed
517651,14773,2023-08-06,7,1,0.05,25.65,8,Completed
508247,10819,2023-08-06,5,3,0.0,285.0,129,Completed
510019,11320,2023-08-06,5,1,0.1,85.5,43,Completed
509610,15062,2023-08-06,7,4,0.0,108.0,32,Completed
515101,15036,2023-08-06,10,2,0.1,198.0,108,Completed
517453,15569,2023-08-06,2,1,0.05,68.4,34,Completed
513890,15374,2023-08-06,1,1,0.05,137.75,79,Completed
516388,10613,2023-08-06,9,2,0.0,124.0,56,Completed
505959,15929,2023-08-06,10,3,0.0,330.0,162,Completed
517102,10014,2023-08-06,2,1,0.1,64.8,34,Completed
513850,14553,2023-08-06,7,1,0.1,24.3,8,Completed
503321,14313,2023-08-07,1,1,0.0,145.0,79,Completed
516357,11866,2023-08-07,10,2,0.1,198.0,108,Completed
508957,13857,2023-08-07,5,1,0.0,95.0,43,Completed
509179,16019,2023-08-07,9,2,0.1,111.6,56,Completed
507999,15699,2023-08-07,3,3,0.0,144.0,63,Completed
507434,11301,2023-08-07,9,3,0.2,148.8,84,Completed
502553,14046,2023-08-07,7,1,0.0,27.0,8,Completed
504684,12927,2023-08-07,3,4,0.0,192.0,84,Completed
513940,11861,2023-08-07,8,4,0.0,352.0,156,Completed
510625,10881,2023-08-07,9,2,0.05,117.8,56,Completed
511503,13074,2023-08-07,8,2,0.05,167.2,78,Completed
505996,14845,2023-08-07,7,1,0.05,25.65,8,Completed
512909,13959,2023-08-07,4,3,0.05,798.0,465,Completed
514962,17449,2023-08-07,5,1,0.05,90.25,43,Completed
513028,13582,2023-08-07,1,2,0.0,290.0,158,Completed
510362,15232,2023-08-07,9,1,0.0,62.0,28,Completed
511788,11378,2023-08-07,3,1,0.05,45.6,21,Completed
510964,10476,2023-08-07,3,2,0.15,81.6,42,Completed
502752,13587,2023-08-07,7,1,0.1,24.3,8,Completed
513337,14954,2023-08-07,3,1,0.2,38.4,21,Completed
512712,11524,2023-08-07,8,1,0.0,88.0,39,Completed
516549,14954,2023-08-07,4,2,0.0,560.0,310,Completed
507163,10623,2023-08-07,1,1,0.05,137.75,79,Completed
509868,10160,2023-08-07,3,1,0.0,48.0,21,Completed
504705,11870,2023-08-07,4,3,0.0,840.0,465,Cancelled
507898,10210,2023-08-07,2,1,0.05,68.4,34,Completed
514351,13390,2023-08-07,7,1,0.05,25.65,8,Completed
515062,16329,2023-08-07,5,1,0.0,95.0,43,Returned
513739,12626,2023-08-08,8,1,0.05,83.6,39,Completed
507532,11351,2023-08-08,8,1,0.15,74.8,39,Completed
515921,15308,2023-08-08,5,1,0.0,95.0,43,Completed
504851,10055,2023-08-08,1,2,0.05,275.5,158,Returned
514151,13708,2023-08-08,5,2,0.0,190.0,86,Completed
511337,14053,2023-08-08,7,1,0.0,27.0,8,Completed
511017,13812,2023-08-08,2,1,0.0,72.0,34,Completed
502451,11981,2023-08-08,8,1,0.05,83.6,39,Completed
514301,12360,2023-08-08,1,1,0.0,145.0,79,Completed
505149,15521,2023-08-08,1,2,0.1,261.0,158,Completed
517164,15182,2023-08-08,4,2,0.0,560.0,310,Cancelled
505407,16848,2023-08-08,5,1,0.05,90.25,43,Completed
507349,13098,2023-08-08,2,1,0.05,68.4,34,Completed
514437,11009,2023-08-08,8,1,0.0,88.0,39,Cancelled
500344,13432,2023-08-08,7,1,0.05,25.65,8,Returned
505203,11454,2023-08-08,7,2,0.1,48.6,16,Completed
503960,13387,2023-08-08,7,1,0.1,24.3,8,Completed
500558,13272,2023-08-08,6,1,0.15,29.75,13,Completed
507811,16883,2023-08-08,10,2,0.0,220.0,108,Completed
511944,10425,2023-08-08,5,4,0.0,380.0,172,Completed
516050,10058,2023-08-08,8,1,0.1,79.2,39,Completed
508770,13392,2023-08-08,10,1,0.05,104.5,54,Completed
508630,10341,2023-08-08,10,3,0.15,280.5,162,Completed
517136,10692,2023-08-08,6,2,0.0,70.0,26,Completed
508011,10468,2023-08-09,4,2,0.05,532.0,310,Completed
501550,12565,2023-08-09,8,1,0.05,83.6,39,Completed
515126,14022,2023-08-09,7,1,0.0,27.0,8,Completed
515767,10866,2023-08-09,8,2,0.0,176.0,78,Completed
512373,14953,2023-08-09,7,1,0.15,22.95,8,Completed
507547,13422,2023-08-09,3,2,0.1,86.4,42,Completed
502869,12405,2023-08-09,2,1,0.15,61.2,34,Completed
501324,12214,2023-08-09,8,2,0.0,176.0,78,Completed
513148,10180,2023-08-09,7,2,0.15,45.9,16,Completed
515780,18132,2023-08-09,1,1,0.0,145.0,79,Completed
511163,15512,2023-08-09,1,1,0.0,145.0,79,Completed
509879,11136,2023-08-09,6,2,0.0,70.0,26,Returned
507019,11399,2023-08-09,4,2,0.0,560.0,310,Completed
506385,11980,2023-08-09,7,1,0.1,24.3,8,Completed
505555,11860,2023-08-09,1,1,0.1,130.5,79,Cancelled
509574,15253,2023-08-09,2,1,0.1,64.8,34,Completed
501584,13284,2023-08-09,5,4,0.1,342.0,172,Completed
500573,11005,2023-08-09,9,2,0.0,124.0,56,Completed
512547,14072,2023-08-09,8,1,0.1,79.2,39,Completed
501922,13889,2023-08-09,5,1,0.0,95.0,43,Completed
501597,15410,2023-08-09,8,2,0.1,158.4,78,Completed
513874,11416,2023-08-09,6,1,0.05,33.25,13,Cancelled
512674,14091,2023-08-09,5,2,0.0,190.0,86,Completed
512952,15235,2023-08-09,9,3,0.1,167.4,84,Completed
507522,17212,2023-08-09,9,2,0.15,105.4,56,Completed
510634,11328,2023-08-09,3,1,0.0,48.0,21,Completed
514345,12380,2023-08-09,5,1,0.0,95.0,43,Completed
507358,15182,2023-08-09,7,4,0.0,108.0,32,Completed
513787,12294,2023-08-09,7,1,0.0,27.0,8,Completed
512727,14974,2023-08-09,8,1,0.0,88.0,39,Completed
510250,15026,2023-08-09,4,2,0.15,476.0,310,Returned
505501,16138,2023-08-09,10,2,0.05,209.0,108,Completed
508158,13432,2023-08-10,8,1,0.0,88.0,39,Completed
507458,12642,2023-08-10,5,1,0.0,95.0,43,Returned
512106,17839,2023-08-10,5,2,0.0,190.0,86,Completed
502237,11242,2023-08-10,3,1,0.0,48.0,21,Completed
507081,11430,2023-08-10,7,1,0.0,27.0,8,Completed
502894,11468,2023-08-10,2,2,0.05,136.8,68,Completed
505945,11544,2023-08-10,2,1,0.0,72.0,34,Completed
504534,18464,2023-08-10,5,1,0.0,95.0,43,Completed
509602,12223,2023-08-10,9,1,0.1,55.8,28,Completed
512337,17049,2023-08-10,7,1,0.0,27.0,8,Completed
507962,15165,2023-08-10,2,1,0.0,72.0,34,Completed
507598,17715,2023-08-10,10,1,0.0,110.0,54,Completed
512416,14861,2023-08-10,3,3,0.1,129.6,63,Completed
510391,10745,2023-08-10,3,1,0.1,43.2,21,Returned
515889,10198,2023-08-10,5,1,0.1,85.5,43,Completed
509233,11667,2023-08-10,3,2,0.0,96.0,42,Completed
500665,10800,2023-08-10,7,2,0.0,54.0,16,Completed
509414,14239,2023-08-10,7,1,0.05,25.65,8,Completed
503559,11541,2023-08-10,9,1,0.2,49.6,28,Completed
517166,13626,2023-08-10,7,1,0.05,25.65,8,Returned
515268,14166,2023-08-10,1,3,0.0,435.0,237,Completed
514578,14532,2023-08-10,5,1,0.0,95.0,43,Completed
512433,13725,2023-08-10,6,3,0.0,105.0,39,Completed
501298,10278,2023-08-10,8,1,0.1,79.2,39,Completed
514272,14815,2023-08-10,3,2,0.15,81.6,42,Returned
516269,14789,2023-08-10,9,3,0.15,158.1,84,Completed
506931,14624,2023-08-10,1,1,0.15,123.25,79,Completed
501593,14725,2023-08-10,7,3,0.1,72.9,24,Completed
512536,12762,2023-08-11,2,2,0.2,115.2,68,Completed
514227,10242,2023-08-11,2,1,0.1,64.8,34,Cancelled
502373,11703,2023-08-11,10,1,0.05,104.5,54,Completed
517936,14636,2023-08-11,1,3,0.05,413.25,237,Completed
512513,12261,2023-08-11,8,1,0.0,88.0,39,Cancelled
509745,10901,2023-08-11,7,1,0.0,27.0,8,Completed
516950,17163,2023-08-11,7,2,0.0,54.0,16,Completed
516949,15630,2023-08-11,1,1,0.0,145.0,79,Completed
504298,15642,2023-08-11,2,2,0.1,129.6,68,Completed
506894,10194,2023-08-11,5,1,0.05,90.25,43,Completed
503872,16044,2023-08-11,3,1,0.0,48.0,21,Completed
510880,12973,2023-08-11,10,1,0.0,110.0,54,Completed
510432,11305,2023-08-11,5,1,0.05,90.25,43,Completed
504953,14371,2023-08-11,2,1,0.0,72.0,34,Completed
506361,12217,2023-08-11,2,1,0.0,72.0,34,Completed
516077,10831,2023-08-11,5,4,0.0,380.0,172,Completed
509648,11701,2023-08-11,8,1,0.15,74.8,39,Completed
504929,14289,2023-08-11,9,1,0.0,62.0,28,Completed
512562,15030,2023-08-11,2,1,0.2,57.6,34,Completed
508669,13697,2023-08-11,3,1,0.0,48.0,21,Completed
511660,18190,2023-08-11,8,1,0.2,70.4,39,Completed
507854,13930,2023-08-11,5,1,0.05,90.25,43,Completed
506222,10192,2023-08-11,7,2,0.0,54.0,16,Completed
509776,18458,2023-08-11,1,4,0.1,522.0,316,Completed
513273,10927,2023-08-11,6,1,0.0,35.0,13,Completed
511438,16439,2023-08-11,9,1,0.2,49.6,28,Returned
514435,14116,2023-08-11,6,1,0.0,35.0,13,Completed
501323,10815,2023-08-11,3,1,0.0,48.0,21,Completed
509907,12509,2023-08-11,6,2,0.0,70.0,26,Completed
505399,14667,2023-08-12,1,2,0.05,275.5,158,Completed
508513,13991,2023-08-12,9,1,0.05,58.9,28,Completed
505753,12540,2023-08-12,4,2,0.1,504.0,310,Completed
516280,17261,2023-08-12,7,1,0.15,22.95,8,Completed
502357,12664,2023-08-12,4,1,0.0,280.0,155,Completed
503936,16029,2023-08-12,6,1,0.0,35.0,13,Completed
504382,16639,2023-08-12,4,2,0.2,448.0,310,Completed
510635,18135,2023-08-12,6,2,0.0,70.0,26,Completed
506762,14244,2023-08-12,10,2,0.0,220.0,108,Completed
504028,16648,2023-08-12,1,1,0.05,137.75,79,Completed
516099,14099,2023-08-12,9,2,0.0,124.0,56,Completed
512673,14094,2023-08-12,2,1,0.0,72.0,34,Completed
501602,13035,2023-08-12,7,3,0.0,81.0,24,Completed
501735,17172,2023-08-12,2,1,0.1,64.8,34,Completed
500243,17342,2023-08-12,1,2,0.15,246.5,158,Completed
515119,18230,2023-08-12,7,2,0.15,45.9,16,Completed
514202,15694,2023-08-12,10,3,0.1,297.0,162,Completed
514267,11208,2023-08-12,2,1,0.0,72.0,34,Completed
502301,11260,2023-08-12,7,1,0.05,25.65,8,Completed
507481,10476,2023-08-12,6,1,0.05,33.25,13,Completed
501719,10106,2023-08-12,3,1,0.1,43.2,21,Completed
517524,13675,2023-08-12,5,2,0.0,190.0,86,Completed
508382,12403,2023-08-12,5,1,0.1,85.5,43,Returned
505551,17164,2023-08-12,5,2,0.0,190.0,86,Completed
508052,10127,2023-08-12,8,1,0.05,83.6,39,Completed
513554,16847,2023-08-13,9,2,0.1,111.6,56,Completed
512161,13565,2023-08-13,6,1,0.05,33.25,13,Completed
501927,10173,2023-08-13,2,1,0.2,57.6,34,Completed
507487,12935,2023-08-13,2,2,0.0,144.0,68,Completed
510856,13922,2023-08-13,8,1,0.0,88.0,39,Completed
506674,16888,2023-08-13,8,2,0.0,176.0,78,Completed
504029,17366,2023-08-13,9,2,0.2,99.2,56,Completed
512380,10493,2023-08-13,5,2,0.05,180.5,86,Completed
516469,14705,2023-08-13,9,1,0.0,62.0,28,Completed
501637,11204,2023-08-13,4,1,0.1,252.0,155,Completed
513604,11539,2023-08-13,7,1,0.05,25.65,8,Completed
502595,10644,2023-08-13,6,1,0.0,35.0,13,Completed
515130,16723,2023-08-13,3,1,0.0,48.0,21,Completed
517067,10479,2023-08-13,7,1,0.05,25.65,8,Completed
505872,15170,2023-08-13,7,2,0.0,54.0,16,Completed
514534,12547,2023-08-13,10,2,0.1,198.0,108,Completed
517700,11924,2023-08-13,1,1,0.0,145.0,79,Completed
509470,15891,2023-08-13,7,1,0.0,27.0,8,Completed
503906,10802,2023-08-13,3,2,0.0,96.0,42,Completed
516751,12786,2023-08-13,2,1,0.1,64.8,34,Completed
510818,14315,2023-08-13,1,3,0.1,391.5,237,Completed
507178,17160,2023-08-13,1,1,0.15,123.25,79,Completed
514944,14996,2023-08-13,9,1,0.1,55.8,28,Completed
514764,13234,2023-08-14,6,1,0.0,35.0,13,Completed
506716,10386,2023-08-14,8,1,0.0,88.0,39,Completed
507542,16033,2023-08-14,1,1,0.0,145.0,79,Completed
516413,12121,2023-08-14,8,1,0.0,88.0,39,Returned
502066,13112,2023-08-14,4,1,0.15,238.0,155,Completed
502024,15525,2023-08-14,8,2,0.0,176.0,78,Completed
500039,11622,2023-08-14,10,1,0.0,110.0,54,Completed
517396,11537,2023-08-14,3,1,0.05,45.6,21,Completed
502223,18363,2023-08-14,7,1,0.05,25.65,8,Completed
517206,11328,2023-08-14,1,1,0.0,145.0,79,Completed
503009,11254,2023-08-14,10,1,0.15,93.5,54,Completed
504676,10258,2023-08-14,10,1,0.0,110.0,54,Completed
514101,13564,2023-08-14,7,1,0.0,27.0,8,Completed
500603,10852,2023-08-14,3,1,0.0,48.0,21,Completed
505228,15774,2023-08-14,7,1,0.0,27.0,8,Completed
501867,16788,2023-08-14,2,3,0.15,183.6,102,Completed
512237,10980,2023-08-14,10,1,0.15,93.5,54,Completed
514607,14711,2023-08-14,10,1,0.15,93.5,54,Completed
509905,12538,2023-08-14,9,3,0.2,148.8,84,Completed
507801,11414,2023-08-14,7,1,0.0,27.0,8,Completed
506936,11441,2023-08-14,9,1,0.0,62.0,28,Cancelled
511057,16782,2023-08-14,7,1,0.0,27.0,8,Completed
516566,12557,2023-08-14,2,2,0.0,144.0,68,Returned
504680,14615,2023-08-14,3,2,0.1,86.4,42,Completed
501411,15093,2023-08-14,8,1,0.2,70.4,39,Completed
506118,16739,2023-08-14,9,1,0.0,62.0,28,Completed
511485,13001,2023-08-14,10,2,0.1,198.0,108,Returned
508056,18002,2023-08-15,6,3,0.05,99.75,39,Returned
514625,14465,2023-08-15,9,1,0.05,58.9,28,Completed
506073,15245,2023-08-15,10,1,0.0,110.0,54,Completed
513595,15405,2023-08-15,3,1,0.0,48.0,21,Completed
509572,18461,2023-08-15,8,1,0.0,88.0,39,Completed
505019,16339,2023-08-15,2,1,0.1,64.8,34,Completed
510153,12988,2023-08-15,2,1,0.0,72.0,34,Completed
500254,15791,2023-08-15,4,2,0.0,560.0,310,Completed
515386,10176,2023-08-15,3,2,0.0,96.0,42,Completed
511546,10050,2023-08-15,5,2,0.0,190.0,86,Completed
515949,16563,2023-08-15,4,4,0.0,1120.0,620,Completed
501730,10128,2023-08-15,1,3,0.1,391.5,237,Completed
513651,12933,2023-08-15,10,1,0.05,104.5,54,Completed
510800,12889,2023-08-15,9,1,0.0,62.0,28,Completed
512847,11527,2023-08-15,8,1,0.0,88.0,39,Completed
503644,16984,2023-08-15,3,2,0.05,91.2,42,Completed
514285,13385,2023-08-15,9,1,0.0,62.0,28,Completed
509953,17221,2023-08-15,10,3,0.05,313.5,162,Cancelled
507957,17551,2023-08-15,5,2,0.0,190.0,86,Returned
511506,16245,2023-08-15,7,2,0.0,54.0,16,Completed
515604,12096,2023-08-15,5,1,0.1,85.5,43,Returned
512076,10665,2023-08-15,1,1,0.0,145.0,79,Completed
513446,13958,2023-08-15,4,1,0.0,280.0,155,Completed
503483,10654,2023-08-15,9,2,0.0,124.0,56,Completed
516772,11675,2023-08-15,9,2,0.15,105.4,56,Completed
506521,13427,2023-08-15,5,1,0.0,95.0,43,Completed
514039,11139,2023-08-15,8,1,0.15,74.8,39,Completed
507421,10735,2023-08-15,1,1,0.0,145.0,79,Completed
517640,16124,2023-08-16,9,1,0.0,62.0,28,Completed
506466,15012,2023-08-16,5,3,0.1,256.5,129,Completed
503640,10252,2023-08-16,10,1,0.15,93.5,54,Completed
515213,10593,2023-08-16,3,2,0.0,96.0,42,Completed
508136,16827,2023-08-16,6,2,0.0,70.0,26,Completed
501067,16296,2023-08-16,10,2,0.0,220.0,108,Completed
509348,10911,2023-08-16,5,2,0.1,171.0,86,Completed
516132,16294,2023-08-16,3,1,0.0,48.0,21,Completed
517754,11410,2023-08-16,5,1,0.0,95.0,43,Completed
503046,13717,2023-08-16,9,1,0.0,62.0,28,Completed
503194,13547,2023-08-16,6,1,0.0,35.0,13,Completed
500237,15155,2023-08-16,2,2,0.1,129.6,68,Completed
504205,10042,2023-08-16,5,2,0.1,171.0,86,Completed
516996,10613,2023-08-16,4,1,0.1,252.0,155,Completed
512748,17437,2023-08-16,7,1,0.15,22.95,8,Completed
501842,12592,2023-08-16,3,1,0.0,48.0,21,Completed
515539,16349,2023-08-16,2,1,0.0,72.0,34,Completed
510411,10098,2023-08-16,10,2,0.05,209.0,108,Completed
509195,17232,2023-08-17,2,1,0.0,72.0,34,Completed
515796,12429,2023-08-17,6,1,0.05,33.25,13,Completed
515960,11602,2023-08-17,3,2,0.05,91.2,42,Completed
512803,10674,2023-08-17,6,2,0.1,63.0,26,Completed
508884,15421,2023-08-17,1,2,0.0,290.0,158,Completed
511023,16343,2023-08-17,10,1,0.05,104.5,54,Completed
514429,15141,2023-08-17,5,1,0.15,80.75,43,Completed
516642,12309,2023-08-17,7,1,0.0,27.0,8,Completed
507483,10463,2023-08-17,7,1,0.1,24.3,8,Completed
511188,18184,2023-08-17,9,2,0.05,117.8,56,Returned
510412,16845,2023-08-17,7,1,0.0,27.0,8,Completed
513252,17620,2023-08-17,1,2,0.0,290.0,158,Completed
506858,12067,2023-08-17,2,1,0.0,72.0,34,Returned
514515,11686,2023-08-17,9,4,0.1,223.2,112,Completed
509087,16562,2023-08-17,6,1,0.0,35.0,13,Completed
500943,10050,2023-08-17,5,1,0.0,95.0,43,Completed
515087,10885,2023-08-17,3,1,0.0,48.0,21,Completed
517661,11592,2023-08-17,10,1,0.2,88.0,54,Completed
503078,16488,2023-08-17,7,2,0.0,54.0,16,Completed
506753,14795,2023-08-17,7,1,0.15,22.95,8,Completed
503010,10191,2023-08-17,5,2,0.05,180.5,86,Completed
511296,16297,2023-08-17,7,1,0.0,27.0,8,Completed
504058,14984,2023-08-17,3,1,0.0,48.0,21,Completed
504875,15209,2023-08-17,6,3,0.05,99.75,39,Completed
515139,18446,2023-08-17,4,1,0.0,280.0,155,Completed
506624,13228,2023-08-17,4,2,0.15,476.0,310,Completed
505255,14452,2023-08-17,2,1,0.1,64.8,34,Completed
517665,14197,2023-08-17,1,2,0.0,290.0,158,Completed
504868,11691,2023-08-17,2,3,0.2,172.8,102,Completed
509956,10059,2023-08-18,6,1,0.05,33.25,13,Completed
517800,15319,2023-08-18,7,3,0.0,81.0,24,Completed
505707,15698,2023-08-18,7,1,0.1,24.3,8,Cancelled
503769,11249,2023-08-18,4,1,0.0,280.0,155,Completed
504479,15710,2023-08-18,2,1,0.2,57.6,34,Completed
516298,16580,2023-08-18,10,1,0.1,99.0,54,Completed
515834,14111,2023-08-18,2,1,0.1,64.8,34,Completed
508697,16086,2023-08-18,5,2,0.0,190.0,86,Returned
508444,10020,2023-08-18,9,1,0.1,55.8,28,Completed
508449,13411,2023-08-18,9,2,0.0,124.0,56,Returned
512317,11021,2023-08-18,7,1,0.0,27.0,8,Completed
513483,12801,2023-08-18,9,2,0.0,124.0,56,Completed
514300,10873,2023-08-18,7,1,0.1,24.3,8,Completed
511085,15752,2023-08-18,2,2,0.1,129.6,68,Completed
512195,15855,2023-08-18,9,2,0.05,117.8,56,Completed
512192,17950,2023-08-18,9,1,0.0,62.0,28,Completed
500711,11476,2023-08-18,7,2,0.2,43.2,16,Completed
513199,13917,2023-08-18,7,1,0.0,27.0,8,Completed
508710,17073,2023-08-18,6,1,0.1,31.5,13,Completed
515951,11234,2023-08-18,4,1,0.05,266.0,155,Completed
500345,13101,2023-08-18,7,1,0.0,27.0,8,Completed
505254,10189,2023-08-18,8,1,0.1,79.2,39,Completed
510597,12898,2023-08-18,10,1,0.2,88.0,54,Completed
506293,14239,2023-08-18,9,2,0.0,124.0,56,Completed
508814,11870,2023-08-18,9,2,0.05,117.8,56,Completed
508027,12339,2023-08-18,2,1,0.0,72.0,34,Completed
501156,15519,2023-08-18,7,1,0.0,27.0,8,Completed
510671,14182,2023-08-18,1,3,0.2,348.0,237,Completed
502858,12241,2023-08-18,3,1,0.1,43.2,21,Completed
503570,18374,2023-08-18,9,2,0.2,99.2,56,Completed
514274,10692,2023-08-19,2,1,0.0,72.0,34,Completed
502495,13492,2023-08-19,3,2,0.1,86.4,42,Completed
514017,10476,2023-08-19,8,1,0.2,70.4,39,Completed
505739,16698,2023-08-19,5,1,0.2,76.0,43,Completed
510731,15635,2023-08-19,1,1,0.0,145.0,79,Completed
501800,12362,2023-08-19,7,2,0.0,54.0,16,Completed
509411,14363,2023-08-19,6,2,0.15,59.5,26,Completed
501864,12058,2023-08-19,10,1,0.0,110.0,54,Completed
510320,17845,2023-08-19,3,1,0.2,38.4,21,Cancelled
516358,14747,2023-08-19,4,1,0.05,266.0,155,Completed
505930,12581,2023-08-19,3,4,0.0,192.0,84,Completed
516729,12297,2023-08-19,5,1,0.05,90.25,43,Returned
513385,11543,2023-08-19,1,1,0.1,130.5,79,Completed
508623,13333,2023-08-19,7,1,0.0,27.0,8,Completed
502977,11907,2023-08-19,7,1,0.0,27.0,8,Completed
504702,16824,2023-08-19,7,1,0.05,25.65,8,Completed
517216,10725,2023-08-19,10,1,0.2,88.0,54,Completed
512758,11944,2023-08-19,6,1,0.1,31.5,13,Completed
514003,14733,2023-08-19,6,2,0.0,70.0,26,Completed
500970,12159,2023-08-19,6,3,0.0,105.0,39,Completed
511054,15904,2023-08-20,3,1,0.05,45.6,21,Completed
513513,10160,2023-08-20,2,1,0.0,72.0,34,Completed
506691,16203,2023-08-20,7,1,0.0,27.0,8,Completed
504097,10955,2023-08-20,10,1,0.05,104.5,54,Completed
513225,11091,2023-08-20,6,1,0.1,31.5,13,Completed
502283,12843,2023-08-20,5,1,0.05,90.25,43,Completed
501739,12517,2023-08-20,1,2,0.1,261.0,158,Completed
504131,18046,2023-08-20,2,1,0.05,68.4,34,Completed
501691,10009,2023-08-20,8,1,0.0,88.0,39,Cancelled
501525,13359,2023-08-20,7,2,0.05,51.3,16,Completed
500563,15713,2023-08-20,1,1,0.1,130.5,79,Completed
506913,17338,2023-08-20,1,2,0.1,261.0,158,Completed
508419,14732,2023-08-20,6,1,0.1,31.5,13,Completed
500543,15583,2023-08-20,7,2,0.1,48.6,16,Cancelled
507884,15100,2023-08-20,8,1,0.0,88.0,39,Completed
507559,11814,2023-08-20,7,2,0.0,54.0,16,Completed
511979,15681,2023-08-20,10,1,0.1,99.0,54,Completed
502102,10815,2023-08-20,7,3,0.0,81.0,24,Completed
502528,14429,2023-08-20,5,1,0.0,95.0,43,Completed
504628,10602,2023-08-20,6,1,0.1,31.5,13,Completed
503970,10967,2023-08-20,2,1,0.05,68.4,34,Completed
509097,15851,2023-08-20,10,1,0.0,110.0,54,Completed
507366,16651,2023-08-20,6,3,0.05,99.75,39,Completed
510717,15121,2023-08-20,6,1,0.0,35.0,13,Cancelled
514241,14079,2023-08-20,10,3,0.05,313.5,162,Completed
506507,12182,2023-08-20,7,1,0.05,25.65,8,Completed
505462,15991,2023-08-20,1,2,0.2,232.0,158,Completed
500977,11061,2023-08-20,3,3,0.05,136.8,63,Completed
512805,10395,2023-08-20,1,1,0.05,137.75,79,Completed
503794,12284,2023-08-20,7,2,0.05,51.3,16,Completed
508973,17888,2023-08-20,3,2,0.0,96.0,42,Completed
509873,10026,2023-08-21,6,1,0.1,31.5,13,Completed
500786,13203,2023-08-21,6,2,0.0,70.0,26,Completed
504198,12497,2023-08-21,6,1,0.1,31.5,13,Completed
505558,12721,2023-08-21,1,1,0.0,145.0,79,Completed
505472,10206,2023-08-21,4,1,0.1,252.0,155,Completed
504590,12196,2023-08-21,9,1,0.1,55.8,28,Completed
505745,11139,2023-08-21,6,1,0.0,35.0,13,Completed
507726,14780,2023-08-21,1,1,0.1,130.5,79,Completed
503431,14072,2023-08-21,9,1,0.1,55.8,28,Completed
506513,17032,2023-08-21,5,3,0.0,285.0,129,Cancelled
508629,13378,2023-08-21,8,1,0.05,83.6,39,Completed
505623,13436,2023-08-21,7,2,0.15,45.9,16,Completed
512925,16603,2023-08-21,10,1,0.05,104.5,54,Completed
511029,16698,2023-08-21,8,3,0.1,237.6,117,Completed
517124,13168,2023-08-21,7,1,0.05,25.65,8,Completed
501163,16032,2023-08-21,4,1,0.1,252.0,155,Completed
501175,15795,2023-08-21,10,2,0.1,198.0,108,Completed
503584,11290,2023-08-21,5,2,0.0,190.0,86,Completed
512985,11321,2023-08-21,8,1,0.0,88.0,39,Completed
509888,17616,2023-08-21,5,2,0.1,171.0,86,Completed
513703,12881,2023-08-21,10,1,0.05,104.5,54,Completed
508553,13449,2023-08-21,5,1,0.0,95.0,43,Completed
502804,10707,2023-08-21,3,2,0.05,91.2,42,Completed
504533,10512,2023-08-21,2,2,0.0,144.0,68,Completed
507362,14196,2023-08-21,8,2,0.1,158.4,78,Completed
511646,11183,2023-08-21,9,1,0.15,52.7,28,Completed
505395,16575,2023-08-21,6,1,0.0,35.0,13,Completed
506932,10918,2023-08-21,10,1,0.0,110.0,54,Completed
511331,15211,2023-08-21,3,3,0.0,144.0,63,Completed
506992,10706,2023-08-21,1,3,0.1,391.5,237,Completed
511449,15498,2023-08-21,4,1,0.05,266.0,155,Completed
517837,16481,2023-08-21,10,1,0.2,88.0,54,Completed
502733,13011,2023-08-21,6,4,0.0,140.0,52,Completed
513023,18350,2023-08-22,8,1,0.0,88.0,39,Completed
510485,10020,2023-08-22,3,1,0.0,48.0,21,Completed
514576,11101,2023-08-22,1,1,0.0,145.0,79,Completed
508891,12969,2023-08-22,4,1,0.05,266.0,155,Completed
505758,13260,2023-08-22,6,1,0.1,31.5,13,Completed
512500,16518,2023-08-22,9,2,0.0,124.0,56,Completed
508547,15044,2023-08-22,8,1,0.1,79.2,39,Completed
505134,17374,2023-08-22,5,1,0.1,85.5,43,Completed
503628,12988,2023-08-22,6,2,0.05,66.5,26,Completed
509242,15142,2023-08-22,3,1,0.15,40.8,21,Completed
505612,16579,2023-08-22,2,2,0.0,144.0,68,Cancelled
508088,12830,2023-08-22,5,1,0.0,95.0,43,Completed
515358,11791,2023-08-22,8,3,0.15,224.4,117,Completed
505091,15985,2023-08-22,9,1,0.0,62.0,28,Completed
514198,16365,2023-08-22,1,1,0.0,145.0,79,Completed
504899,15080,2023-08-22,9,2,0.15,105.4,56,Completed
508255,11034,2023-08-22,1,2,0.05,275.5,158,Completed
512983,15618,2023-08-22,2,1,0.1,64.8,34,Completed
503317,14046,2023-08-22,1,1,0.2,116.0,79,Completed
516134,15706,2023-08-22,2,1,0.05,68.4,34,Completed
510848,10864,2023-08-22,2,2,0.0,144.0,68,Completed
512980,15356,2023-08-22,5,2,0.0,190.0,86,Completed
515682,13183,2023-08-22,5,1,0.15,80.75,43,Completed
511533,15698,2023-08-22,7,1,0.05,25.65,8,Completed
517717,12553,2023-08-22,4,1,0.1,252.0,155,Completed
500575,10881,2023-08-22,4,1,0.0,280.0,155,Completed
513983,11627,2023-08-22,2,1,0.15,61.2,34,Completed
504186,17873,2023-08-22,4,1,0.05,266.0,155,Completed
513774,13215,2023-08-22,9,2,0.0,124.0,56,Completed
516995,10391,2023-08-23,2,1,0.05,68.4,34,Completed
507567,11731,2023-08-23,6,3,0.0,105.0,39,Completed
505460,15403,2023-08-23,7,1,0.15,22.95,8,Completed
508852,15121,2023-08-23,7,2,0.1,48.6,16,Completed
503135,14676,2023-08-23,6,1,0.0,35.0,13,Completed
517310,11726,2023-08-23,9,2,0.0,124.0,56,Completed
516389,15048,2023-08-23,1,1,0.0,145.0,79,Completed
503789,11261,2023-08-23,1,2,0.1,261.0,158,Completed
515808,18206,2023-08-23,10,1,0.0,110.0,54,Completed
508994,15770,2023-08-23,6,1,0.0,35.0,13,Completed
500990,10686,2023-08-23,1,1,0.0,145.0,79,Completed
510739,14553,2023-08-23,6,2,0.0,70.0,26,Completed
501248,14745,2023-08-23,10,2,0.0,220.0,108,Completed
513266,10837,2023-08-23,2,2,0.0,144.0,68,Completed
505441,12093,2023-08-23,7,1,0.0,27.0,8,Completed
505243,11165,2023-08-23,3,1,0.15,40.8,21,Completed
514308,17547,2023-08-23,1,1,0.0,145.0,79,Completed
507871,11212,2023-08-23,10,1,0.05,104.5,54,Completed
509433,17383,2023-08-23,4,1,0.2,224.0,155,Completed
500590,18166,2023-08-23,3,2,0.0,96.0,42,Completed
515356,10617,2023-08-23,1,1,0.0,145.0,79,Completed
502289,16878,2023-08-23,9,1,0.0,62.0,28,Returned
505191,11188,2023-08-23,1,1,0.0,145.0,79,Completed
508608,13012,2023-08-23,1,1,0.0,145.0,79,Cancelled
501514,13247,2023-08-23,1,1,0.1,130.5,79,Completed
501574,17930,2023-08-23,4,4,0.0,1120.0,620,Completed
506946,10857,2023-08-23,8,1,0.05,83.6,39,Completed
505801,13964,2023-08-23,6,1,0.1,31.5,13,Completed
509787,10212,2023-08-23,9,2,0.0,124.0,56,Completed
506908,17541,2023-08-24,1,3,0.05,413.25,237,Returned
509144,17641,2023-08-24,2,2,0.0,144.0,68,Completed
510102,14064,2023-08-24,8,1,0.0,88.0,39,Completed
500981,15512,2023-08-24,7,1,0.05,25.65,8,Completed
507276,15558,2023-08-24,5,1,0.1,85.5,43,Completed
502068,13884,2023-08-24,10,2,0.0,220.0,108,Completed
513217,11068,2023-08-24,9,1,0.0,62.0,28,Completed
506538,11073,2023-08-24,5,1,0.0,95.0,43,Completed
503509,11881,2023-08-24,7,1,0.1,24.3,8,Cancelled
515411,10089,2023-08-24,2,1,0.05,68.4,34,Completed
503296,14810,2023-08-24,3,1,0.1,43.2,21,Completed
512492,10386,2023-08-24,4,1,0.05,266.0,155,Completed
502465,11741,2023-08-24,9,1,0.0,62.0,28,Completed
511663,16343,2023-08-24,5,1,0.05,90.25,43,Completed
500460,16077,2023-08-24,3,1,0.05,45.6,21,Completed
516216,10013,2023-08-24,1,3,0.0,435.0,237,Completed
515115,16526,2023-08-24,5,1,0.1,85.5,43,Completed
514117,12654,2023-08-24,7,2,0.05,51.3,16,Cancelled
506810,10935,2023-08-24,8,1,0.05,83.6,39,Completed
502618,10446,2023-08-24,3,1,0.05,45.6,21,Completed
500390,13528,2023-08-25,4,1,0.0,280.0,155,Completed
504845,15691,2023-08-25,1,1,0.0,145.0,79,Completed
511285,10559,2023-08-25,4,1,0.0,280.0,155,Completed
504031,13500,2023-08-25,9,1,0.0,62.0,28,Completed
513929,10508,2023-08-25,1,1,0.05,137.75,79,Completed
500983,16594,2023-08-25,2,1,0.05,68.4,34,Completed
506943,14908,2023-08-25,7,2,0.05,51.3,16,Completed
517408,10676,2023-08-25,8,1,0.0,88.0,39,Completed
517420,14725,2023-08-25,1,3,0.0,435.0,237,Completed
507984,10279,2023-08-25,6,1,0.1,31.5,13,Completed
502330,13301,2023-08-25,7,1,0.15,22.95,8,Completed
511005,15210,2023-08-25,2,1,0.15,61.2,34,Completed
512033,13244,2023-08-25,1,1,0.1,130.5,79,Completed
515227,15212,2023-08-25,9,2,0.15,105.4,56,Completed
505500,10800,2023-08-25,1,2,0.05,275.5,158,Returned
504112,12923,2023-08-25,8,1,0.05,83.6,39,Completed
511288,15112,2023-08-25,4,2,0.0,560.0,310,Completed
517933,15879,2023-08-25,6,2,0.05,66.5,26,Completed
516391,16903,2023-08-25,5,1,0.1,85.5,43,Completed
500471,17056,2023-08-25,8,3,0.2,211.2,117,Completed
511831,14611,2023-08-25,4,1,0.0,280.0,155,Completed
505843,18080,2023-08-25,1,1,0.0,145.0,79,Completed
502815,14998,2023-08-25,7,1,0.0,27.0,8,Completed
501729,10570,2023-08-25,2,1,0.1,64.8,34,Returned
500357,14018,2023-08-25,6,1,0.05,33.25,13,Completed
517141,16332,2023-08-25,2,1,0.0,72.0,34,Completed
514280,15030,2023-08-25,9,1,0.0,62.0,28,Completed
513946,16440,2023-08-26,2,2,0.05,136.8,68,Completed
514061,12552,2023-08-26,3,2,0.0,96.0,42,Completed
513764,14627,2023-08-26,6,2,0.0,70.0,26,Completed
509000,13598,2023-08-26,10,3,0.2,264.0,162,Completed
504656,13932,2023-08-26,7,2,0.05,51.3,16,Completed
511254,15617,2023-08-26,4,3,0.0,840.0,465,Completed
501784,10971,2023-08-26,5,1,0.0,95.0,43,Completed
516490,14957,2023-08-26,1,1,0.05,137.75,79,Completed
508122,12957,2023-08-26,7,1,0.0,27.0,8,Completed
516306,12636,2023-08-26,8,1,0.05,83.6,39,Completed
507857,10714,2023-08-26,1,1,0.15,123.25,79,Returned
502769,11574,2023-08-26,10,2,0.2,176.0,108,Completed
515773,11204,2023-08-26,4,1,0.1,252.0,155,Completed
515741,14670,2023-08-26,1,2,0.0,290.0,158,Completed
515641,15654,2023-08-26,6,2,0.0,70.0,26,Completed
512466,16578,2023-08-26,2,3,0.0,216.0,102,Completed
515218,14202,2023-08-26,9,1,0.05,58.9,28,Completed
514785,13720,2023-08-26,3,1,0.05,45.6,21,Completed
515065,10878,2023-08-26,9,1,0.2,49.6,28,Completed
512695,14588,2023-08-26,5,1,0.15,80.75,43,Completed
501326,14264,2023-08-26,8,1,0.0,88.0,39,Completed
508776,18491,2023-08-26,4,1,0.15,238.0,155,Completed
511668,11087,2023-08-26,2,1,0.1,64.8,34,Completed
509870,14008,2023-08-26,3,2,0.05,91.2,42,Returned
509707,15036,2023-08-26,1,1,0.0,145.0,79,Completed
509666,16413,2023-08-26,7,2,0.0,54.0,16,Completed
500934,11128,2023-08-26,8,1,0.0,88.0,39,Completed
500900,15205,2023-08-26,8,4,0.1,316.8,156,Returned
500355,12832,2023-08-26,6,4,0.1,126.0,52,Completed
510078,17437,2023-08-26,5,2,0.1,171.0,86,Completed
505793,12351,2023-08-26,1,2,0.05,275.5,158,Completed
508866,10016,2023-08-26,8,1,0.2,70.4,39,Completed
503610,11411,2023-08-27,7,2,0.1,48.6,16,Completed
516192,13475,2023-08-27,5,1,0.05,90.25,43,Returned
507683,14914,2023-08-27,1,1,0.05,137.75,79,Completed
502484,13010,2023-08-27,7,1,0.0,27.0,8,Completed
502685,12545,2023-08-27,9,1,0.0,62.0,28,Completed
507228,10639,2023-08-27,2,1,0.1,64.8,34,Completed
505667,10923,2023-08-27,8,1,0.0,88.0,39,Completed
502689,15408,2023-08-27,7,1,0.0,27.0,8,Completed
503196,13189,2023-08-27,1,2,0.1,261.0,158,Completed
507329,13140,2023-08-27,9,1,0.05,58.9,28,Completed
515987,11196,2023-08-27,7,1,0.15,22.95,8,Completed
515074,15561,2023-08-27,9,2,0.0,124.0,56,Completed
506358,11600,2023-08-27,9,1,0.0,62.0,28,Completed
508076,12794,2023-08-27,8,1,0.0,88.0,39,Completed
508862,17921,2023-08-27,1,2,0.0,290.0,158,Completed
508836,10317,2023-08-27,7,1,0.2,21.6,8,Completed
501256,15495,2023-08-27,5,1,0.1,85.5,43,Completed
516913,11790,2023-08-27,10,1,0.0,110.0,54,Completed
516903,15047,2023-08-27,8,3,0.05,250.8,117,Completed
508689,16955,2023-08-27,9,1,0.0,62.0,28,Returned
501484,12506,2023-08-27,9,2,0.05,117.8,56,Completed
505915,11576,2023-08-27,1,2,0.1,261.0,158,Completed
513200,11702,2023-08-27,5,1,0.1,85.5,43,Completed
508163,14579,2023-08-27,5,2,0.1,171.0,86,Completed
516435,13485,2023-08-27,10,1,0.1,99.0,54,Completed
512204,10867,2023-08-27,5,1,0.05,90.25,43,Completed
512749,16896,2023-08-28,3,2,0.1,86.4,42,Completed
509812,11339,2023-08-28,5,1,0.0,95.0,43,Completed
509916,16208,2023-08-28,1,2,0.05,275.5,158,Completed
512363,14678,2023-08-28,3,3,0.0,144.0,63,Completed
503807,11731,2023-08-28,3,2,0.15,81.6,42,Completed
503859,12745,2023-08-28,1,1,0.15,123.25,79,Completed
507020,17415,2023-08-28,8,3,0.2,211.2,117,Completed
512473,17371,2023-08-28,7,1,0.1,24.3,8,Completed
515272,13223,2023-08-28,2,3,0.0,216.0,102,Completed
503167,17865,2023-08-28,1,3,0.0,435.0,237,Completed
505624,13556,2023-08-28,10,1,0.05,104.5,54,Returned
505202,17230,2023-08-28,7,2,0.15,45.9,16,Completed
515342,11497,2023-08-28,8,2,0.15,149.6,78,Completed
513733,17718,2023-08-28,3,1,0.05,45.6,21,Completed
515806,11102,2023-08-28,4,1,0.05,266.0,155,Completed
508596,15291,2023-08-28,5,1,0.0,95.0,43,Completed
508339,13708,2023-08-28,5,2,0.1,171.0,86,Completed
505106,12325,2023-08-28,3,2,0.05,91.2,42,Completed
509273,14544,2023-08-28,2,2,0.2,115.2,68,Completed
500709,10983,2023-08-28,2,1,0.0,72.0,34,Completed
516370,12427,2023-08-28,3,1,0.1,43.2,21,Completed
509476,13145,2023-08-28,6,1,0.0,35.0,13,Completed
516268,13455,2023-08-28,5,2,0.1,171.0,86,Completed
503874,17146,2023-08-28,10,1,0.0,110.0,54,Returned
500517,12236,2023-08-28,5,2,0.05,180.5,86,Completed
502353,13769,2023-08-28,9,1,0.05,58.9,28,Completed
507738,10631,2023-08-28,9,1,0.0,62.0,28,Completed
507604,16562,2023-08-28,3,1,0.15,40.8,21,Completed
502564,12296,2023-08-28,10,3,0.0,330.0,162,Cancelled
507551,12235,2023-08-28,1,1,0.0,145.0,79,Cancelled
515884,14439,2023-08-28,5,1,0.0,95.0,43,Completed
517587,12049,2023-08-28,1,3,0.1,391.5,237,Completed
512279,17397,2023-08-28,8,2,0.1,158.4,78,Completed
515964,11995,2023-08-28,3,3,0.15,122.4,63,Completed
511787,17067,2023-08-28,5,1,0.1,85.5,43,Completed
504698,13858,2023-08-28,10,4,0.05,418.0,216,Completed
514474,17304,2023-08-28,10,1,0.1,99.0,54,Completed
514580,12265,2023-08-28,1,3,0.0,435.0,237,Completed
514571,13494,2023-08-28,8,1,0.0,88.0,39,Completed
514656,14271,2023-08-28,4,2,0.2,448.0,310,Completed
500350,16903,2023-08-29,4,2,0.1,504.0,310,Completed
500897,15996,2023-08-29,7,1,0.05,25.65,8,Completed
512162,11753,2023-08-29,3,1,0.0,48.0,21,Completed
510849,10741,2023-08-29,6,2,0.0,70.0,26,Completed
513042,10080,2023-08-29,8,1,0.0,88.0,39,Completed
505985,12158,2023-08-29,5,1,0.1,85.5,43,Completed
502937,17714,2023-08-29,3,3,0.0,144.0,63,Completed
505594,16278,2023-08-29,10,2,0.0,220.0,108,Completed
514761,14417,2023-08-29,1,3,0.1,391.5,237,Completed
501712,10302,2023-08-29,7,4,0.15,91.8,32,Completed
508744,12408,2023-08-29,7,1,0.0,27.0,8,Completed
511319,10931,2023-08-29,7,1,0.0,27.0,8,Completed
513621,16992,2023-08-29,7,2,0.0,54.0,16,Completed
501980,11050,2023-08-29,2,1,0.0,72.0,34,Completed
511475,11534,2023-08-29,10,3,0.0,330.0,162,Completed
511442,16339,2023-08-29,6,1,0.0,35.0,13,Completed
517563,10370,2023-08-29,10,1,0.0,110.0,54,Completed
515029,16069,2023-08-29,7,2,0.15,45.9,16,Completed
512335,12476,2023-08-29,8,1,0.05,83.6,39,Returned
509622,12702,2023-08-29,8,1,0.05,83.6,39,Completed
506319,12121,2023-08-29,8,4,0.2,281.6,156,Completed
509797,10124,2023-08-29,6,1,0.0,35.0,13,Completed
517715,13308,2023-08-29,6,1,0.2,28.0,13,Completed
507695,14040,2023-08-29,2,2,0.0,144.0,68,Completed
513887,14157,2023-08-29,9,1,0.0,62.0,28,Completed
510591,16247,2023-08-29,7,1,0.0,27.0,8,Completed
509336,11059,2023-08-29,10,1,0.05,104.5,54,Completed
517484,15938,2023-08-29,2,1,0.0,72.0,34,Completed
513878,10690,2023-08-29,7,2,0.05,51.3,16,Completed
500393,13967,2023-08-29,5,1,0.1,85.5,43,Completed
501548,15283,2023-08-29,5,2,0.05,180.5,86,Completed
513329,11749,2023-08-29,5,1,0.2,76.0,43,Completed
502384,11219,2023-08-29,8,3,0.15,224.4,117,Completed
503273,16334,2023-08-30,10,1,0.05,104.5,54,Completed
517400,17739,2023-08-30,7,2,0.0,54.0,16,Completed
512512,16238,2023-08-30,10,1,0.1,99.0,54,Completed
512435,10105,2023-08-30,2,3,0.1,194.4,102,Completed
500125,12586,2023-08-30,10,1,0.05,104.5,54,Completed
517859,14278,2023-08-30,5,1,0.0,95.0,43,Completed
506452,11726,2023-08-30,5,1,0.0,95.0,43,Completed
516409,15454,2023-08-30,8,2,0.05,167.2,78,Returned
514063,11260,2023-08-30,1,1,0.2,116.0,79,Completed
511063,10745,2023-08-30,5,1,0.2,76.0,43,Completed
514028,11771,2023-08-30,1,1,0.05,137.75,79,Completed
515509,12714,2023-08-30,3,2,0.05,91.2,42,Completed
500420,13165,2023-08-30,10,4,0.0,440.0,216,Completed
513675,14837,2023-08-30,9,1,0.1,55.8,28,Completed
514485,14947,2023-08-30,4,1,0.0,280.0,155,Completed
503711,11132,2023-08-30,8,1,0.2,70.4,39,Completed
500903,11849,2023-08-30,6,3,0.1,94.5,39,Completed
507645,14967,2023-08-30,3,3,0.1,129.6,63,Completed
514256,10869,2023-08-30,9,2,0.05,117.8,56,Completed
515781,10107,2023-08-30,2,2,0.0,144.0,68,Completed
516785,16090,2023-08-30,1,1,0.0,145.0,79,Completed
510853,13555,2023-08-30,3,1,0.1,43.2,21,Completed
510857,11216,2023-08-30,8,1,0.15,74.8,39,Completed
501717,13326,2023-08-30,5,3,0.0,285.0,129,Completed
516669,17951,2023-08-31,3,1,0.0,48.0,21,Completed
500164,13323,2023-08-31,7,2,0.0,54.0,16,Completed
511203,10088,2023-08-31,3,1,0.05,45.6,21,Completed
511061,15235,2023-08-31,8,1,0.0,88.0,39,Completed
502412,15421,2023-08-31,7,1,0.05,25.65,8,Completed
501675,13427,2023-08-31,10,1,0.05,104.5,54,Returned
512338,13460,2023-08-31,7,1,0.0,27.0,8,Completed
503220,14962,2023-08-31,3,1,0.0,48.0,21,Completed
512353,13543,2023-08-31,3,2,0.0,96.0,42,Completed
503092,10278,2023-08-31,10,2,0.1,198.0,108,Completed
507648,10014,2023-08-31,9,1,0.0,62.0,28,Completed
514990,13014,2023-08-31,10,2,0.2,176.0,108,Completed
505644,14936,2023-08-31,7,1,0.0,27.0,8,Completed
513303,14099,2023-08-31,10,1,0.1,99.0,54,Completed
514181,11744,2023-08-31,8,2,0.0,176.0,78,Completed
517126,15812,2023-08-31,6,3,0.2,84.0,39,Completed
507644,11237,2023-08-31,6,1,0.1,31.5,13,Completed
513058,11430,2023-08-31,9,2,0.05,117.8,56,Completed
514508,11219,2023-08-31,1,1,0.1,130.5,79,Completed
513075,13622,2023-08-31,7,1,0.0,27.0,8,Completed
506438,12281,2023-08-31,5,2,0.0,190.0,86,Completed
517389,15523,2023-08-31,4,1,0.15,238.0,155,Completed
515274,13669,2023-08-31,5,1,0.0,95.0,43,Completed
505232,13552,2023-08-31,1,3,0.2,348.0,237,Completed
509834,10673,2023-08-31,7,2,0.05,51.3,16,Completed
517827,13991,2023-08-31,6,1,0.1,31.5,13,Completed
515959,14093,2023-08-31,6,2,0.15,59.5,26,Completed
514991,13864,2023-08-31,9,3,0.1,167.4,84,Completed
500324,11587,2023-09-01,3,3,0.2,115.2,63,Completed
510253,13375,2023-09-01,10,2,0.0,220.0,108,Completed
507649,11875,2023-09-01,7,2,0.05,51.3,16,Completed
511597,12024,2023-09-01,6,2,0.15,59.5,26,Completed
514036,10370,2023-09-01,6,4,0.0,140.0,52,Completed
502605,10068,2023-09-01,5,2,0.1,171.0,86,Completed
511237,15366,2023-09-01,6,1,0.05,33.25,13,Completed
506340,11313,2023-09-01,5,2,0.15,161.5,86,Completed
507662,10271,2023-09-01,2,3,0.0,216.0,102,Completed
505762,10686,2023-09-01,7,3,0.0,81.0,24,Completed
507746,13469,2023-09-01,3,2,0.0,96.0,42,Completed
515304,14866,2023-09-01,1,1,0.15,123.25,79,Cancelled
513311,15894,2023-09-01,3,1,0.05,45.6,21,Completed
506881,13816,2023-09-01,7,1,0.05,25.65,8,Completed
506890,15993,2023-09-01,1,2,0.2,232.0,158,Completed
504490,10059,2023-09-01,2,1,0.0,72.0,34,Completed
511106,16903,2023-09-01,5,3,0.2,228.0,129,Completed
515515,13393,2023-09-01,3,2,0.2,76.8,42,Completed
503269,15675,2023-09-01,5,1,0.0,95.0,43,Completed
501339,12265,2023-09-01,1,1,0.0,145.0,79,Completed
514860,16456,2023-09-01,7,1,0.0,27.0,8,Completed
512751,13836,2023-09-01,3,3,0.15,122.4,63,Completed
513809,13130,2023-09-02,8,3,0.0,264.0,117,Returned
516941,11854,2023-09-02,9,1,0.05,58.9,28,Completed
504597,11889,2023-09-02,6,3,0.0,105.0,39,Completed
504661,15669,2023-09-02,10,1,0.05,104.5,54,Completed
503839,11278,2023-09-02,6,2,0.1,63.0,26,Completed
501276,14101,2023-09-02,6,2,0.0,70.0,26,Completed
514373,15988,2023-09-02,4,2,0.1,504.0,310,Completed
500538,12968,2023-09-02,2,4,0.05,273.6,136,Cancelled
517325,17125,2023-09-02,7,2,0.0,54.0,16,Completed
513400,11800,2023-09-02,6,1,0.05,33.25,13,Completed
511581,14009,2023-09-02,4,1,0.2,224.0,155,Completed
514135,17616,2023-09-02,8,1,0.0,88.0,39,Completed
503661,13616,2023-09-02,10,1,0.05,104.5,54,Completed
515088,16833,2023-09-02,7,1,0.0,27.0,8,Completed
517431,12335,2023-09-02,5,2,0.0,190.0,86,Completed
500576,11167,2023-09-02,10,2,0.15,187.0,108,Completed
502466,10403,2023-09-02,6,1,0.0,35.0,13,Completed
510441,11749,2023-09-02,5,2,0.0,190.0,86,Completed
500807,17775,2023-09-02,5,1,0.15,80.75,43,Completed
509836,12509,2023-09-02,2,1,0.1,64.8,34,Completed
507142,12671,2023-09-02,3,1,0.15,40.8,21,Completed
514654,14271,2023-09-02,7,3,0.0,81.0,24,Completed
511251,15878,2023-09-02,10,1,0.1,99.0,54,Completed
512982,14455,2023-09-02,6,1,0.0,35.0,13,Completed
503150,15185,2023-09-02,3,1,0.0,48.0,21,Completed
500399,13112,2023-09-02,3,2,0.05,91.2,42,Returned
513797,12182,2023-09-02,3,1,0.2,38.4,21,Completed
508378,10585,2023-09-02,1,1,0.15,123.25,79,Completed
502962,16794,2023-09-02,3,1,0.05,45.6,21,Cancelled
516601,16019,2023-09-02,6,2,0.1,63.0,26,Completed
506144,18404,2023-09-02,1,1,0.0,145.0,79,Completed
502821,14082,2023-09-02,2,1,0.1,64.8,34,Completed
514310,17755,2023-09-02,1,3,0.0,435.0,237,Completed
511389,11596,2023-09-02,2,2,0.0,144.0,68,Completed
500485,16700,2023-09-02,8,1,0.15,74.8,39,Completed
513035,13999,2023-09-03,10,2,0.05,209.0,108,Completed
507456,15711,2023-09-03,3,3,0.0,144.0,63,Completed
505122,10016,2023-09-03,7,1,0.0,27.0,8,Returned
501953,10889,2023-09-03,4,1,0.1,252.0,155,Completed
514845,12606,2023-09-03,5,1,0.1,85.5,43,Completed
509990,12902,2023-09-03,1,1,0.15,123.25,79,Completed
504401,15592,2023-09-03,8,1,0.0,88.0,39,Completed
505326,16062,2023-09-03,7,1,0.0,27.0,8,Completed
506151,13140,2023-09-03,5,1,0.0,95.0,43,Completed
515790,16724,2023-09-03,7,4,0.15,91.8,32,Completed
513318,12197,2023-09-03,4,3,0.0,840.0,465,Completed
509169,10545,2023-09-03,1,1,0.0,145.0,79,Completed
511622,13182,2023-09-03,8,2,0.0,176.0,78,Completed
511624,10692,2023-09-03,5,1,0.15,80.75,43,Completed
504202,10244,2023-09-03,3,3,0.15,122.4,63,Completed
501801,12399,2023-09-03,5,3,0.0,285.0,129,Completed
501498,13807,2023-09-03,2,1,0.05,68.4,34,Returned
511363,10545,2023-09-03,2,1,0.0,72.0,34,Returned
515558,13296,2023-09-03,8,3,0.0,264.0,117,Completed
505573,12317,2023-09-03,5,1,0.15,80.75,43,Completed
504972,10462,2023-09-03,1,2,0.05,275.5,158,Completed
505924,11066,2023-09-03,2,1,0.05,68.4,34,Completed
510863,10564,2023-09-03,10,3,0.05,313.5,162,Completed
508101,12284,2023-09-03,5,1,0.2,76.0,43,Completed
510080,13247,2023-09-03,5,1,0.0,95.0,43,Completed
517381,10033,2023-09-04,1,1,0.0,145.0,79,Completed
508372,10021,2023-09-04,7,2,0.0,54.0,16,Completed
513755,12642,2023-09-04,1,1,0.1,130.5,79,Completed
516291,13381,2023-09-04,1,3,0.0,435.0,237,Completed
509229,15767,2023-09-04,8,1,0.05,83.6,39,Completed
511302,11123,2023-09-04,1,1,0.1,130.5,79,Completed
516860,12030,2023-09-04,9,1,0.0,62.0,28,Completed
502310,11976,2023-09-04,5,1,0.0,95.0,43,Completed
501341,10473,2023-09-04,9,1,0.0,62.0,28,Completed
513813,10803,2023-09-04,3,1,0.05,45.6,21,Completed
506114,16706,2023-09-04,6,1,0.2,28.0,13,Completed
513548,15208,2023-09-04,6,1,0.15,29.75,13,Completed
507606,11865,2023-09-04,8,1,0.05,83.6,39,Completed
515058,17144,2023-09-04,3,1,0.05,45.6,21,Completed
506228,12857,2023-09-04,6,2,0.05,66.5,26,Completed
512703,17162,2023-09-04,10,1,0.0,110.0,54,Completed
512708,17103,2023-09-04,7,1,0.0,27.0,8,Completed
507187,18299,2023-09-04,3,2,0.0,96.0,42,Completed
500181,15260,2023-09-04,5,1,0.05,90.25,43,Completed
509918,11104,2023-09-04,3,1,0.0,48.0,21,Completed
506302,11857,2023-09-04,8,1,0.0,88.0,39,Returned
504779,11501,2023-09-04,7,1,0.1,24.3,8,Completed
507037,14678,2023-09-04,6,2,0.0,70.0,26,Completed
516101,12654,2023-09-04,5,1,0.05,90.25,43,Completed
513802,10443,2023-09-04,7,3,0.05,76.95,24,Completed
503887,15473,2023-09-04,2,1,0.05,68.4,34,Completed
503181,13260,2023-09-04,5,2,0.05,180.5,86,Completed
501078,16790,2023-09-05,6,1,0.1,31.5,13,Completed
513288,17737,2023-09-05,4,1,0.2,224.0,155,Completed
503659,11604,2023-09-05,6,2,0.1,63.0,26,Completed
515417,12288,2023-09-05,10,2,0.1,198.0,108,Completed
503494,13627,2023-09-05,1,2,0.0,290.0,158,Completed
509438,15454,2023-09-05,8,2,0.1,158.4,78,Completed
512684,10273,2023-09-05,3,2,0.0,96.0,42,Completed
508242,10622,2023-09-05,3,1,0.15,40.8,21,Completed
504394,13598,2023-09-05,4,1,0.0,280.0,155,Completed
514321,16783,2023-09-05,10,3,0.0,330.0,162,Completed
509623,13738,2023-09-05,1,1,0.1,130.5,79,Completed
516055,13483,2023-09-05,1,1,0.0,145.0,79,Completed
514288,12635,2023-09-05,9,1,0.0,62.0,28,Completed
506149,13891,2023-09-05,10,1,0.0,110.0,54,Completed
507967,16610,2023-09-05,10,1,0.05,104.5,54,Completed
513206,10709,2023-09-05,2,1,0.1,64.8,34,Completed
517611,17013,2023-09-05,10,4,0.0,440.0,216,Completed
511706,10719,2023-09-05,1,1,0.15,123.25,79,Completed
514734,13941,2023-09-05,2,1,0.0,72.0,34,Cancelled
517495,15544,2023-09-05,2,1,0.0,72.0,34,Completed
502199,14286,2023-09-05,2,2,0.1,129.6,68,Completed
511838,18107,2023-09-05,9,1,0.1,55.8,28,Completed
501898,15539,2023-09-05,10,2,0.0,220.0,108,Completed
503168,11790,2023-09-06,1,1,0.15,123.25,79,Completed
508212,18350,2023-09-06,8,1,0.15,74.8,39,Completed
508468,12598,2023-09-06,7,1,0.0,27.0,8,Completed
512232,18226,2023-09-06,9,1,0.05,58.9,28,Completed
512587,10242,2023-09-06,5,1,0.0,95.0,43,Completed
514687,14719,2023-09-06,1,1,0.0,145.0,79,Completed
517049,15750,2023-09-06,8,2,0.05,167.2,78,Completed
508331,11207,2023-09-06,6,1,0.05,33.25,13,Completed
512935,13452,2023-09-06,9,1,0.0,62.0,28,Completed
512103,10428,2023-09-06,6,2,0.0,70.0,26,Completed
509539,17141,2023-09-06,5,2,0.0,190.0,86,Completed
513918,14389,2023-09-06,10,2,0.05,209.0,108,Completed
502747,12236,2023-09-06,5,2,0.1,171.0,86,Completed
517634,10079,2023-09-06,7,1,0.0,27.0,8,Completed
507731,12706,2023-09-06,10,1,0.05,104.5,54,Returned
516088,10472,2023-09-06,1,1,0.2,116.0,79,Completed
517259,10597,2023-09-06,10,1,0.05,104.5,54,Completed
509639,16824,2023-09-06,5,1,0.0,95.0,43,Completed
500724,11199,2023-09-06,5,1,0.0,95.0,43,Completed
516086,10690,2023-09-06,2,1,0.1,64.8,34,Completed
502051,12354,2023-09-06,1,1,0.0,145.0,79,Completed
515895,14890,2023-09-06,6,1,0.05,33.25,13,Completed
507445,18024,2023-09-07,1,4,0.0,580.0,316,Completed
513043,14308,2023-09-07,9,1,0.2,49.6,28,Completed
507965,10568,2023-09-07,8,1,0.2,70.4,39,Completed
506850,17452,2023-09-07,1,1,0.05,137.75,79,Completed
506005,11469,2023-09-07,6,3,0.05,99.75,39,Completed
517350,15220,2023-09-07,2,1,0.0,72.0,34,Returned
515600,11303,2023-09-07,3,1,0.05,45.6,21,Completed
517710,10178,2023-09-07,4,1,0.05,266.0,155,Completed
500140,11024,2023-09-07,5,2,0.0,190.0,86,Completed
507816,13259,2023-09-07,1,4,0.2,464.0,316,Completed
514395,14264,2023-09-07,5,1,0.0,95.0,43,Returned
515030,10824,2023-09-07,5,1,0.0,95.0,43,Completed
517696,13574,2023-09-07,8,2,0.0,176.0,78,Completed
507737,14855,2023-09-07,1,2,0.0,290.0,158,Cancelled
515282,14245,2023-09-07,5,1,0.1,85.5,43,Completed
516467,11594,2023-09-07,6,1,0.0,35.0,13,Completed
510747,17814,2023-09-07,3,1,0.1,43.2,21,Completed
504228,10866,2023-09-07,7,1,0.1,24.3,8,Completed
512655,10167,2023-09-07,3,1,0.05,45.6,21,Completed
508131,14017,2023-09-07,8,2,0.0,176.0,78,Completed
502791,12266,2023-09-07,7,1,0.1,24.3,8,Completed
508803,14374,2023-09-07,3,1,0.2,38.4,21,Completed
517586,12020,2023-09-07,2,3,0.0,216.0,102,Completed
517131,17038,2023-09-07,6,1,0.05,33.25,13,Completed
510088,10291,2023-09-08,4,1,0.1,252.0,155,Completed
508648,15616,2023-09-08,3,2,0.0,96.0,42,Completed
509552,15674,2023-09-08,10,2,0.0,220.0,108,Completed
501397,15565,2023-09-08,3,4,0.0,192.0,84,Completed
515057,16405,2023-09-08,6,1,0.0,35.0,13,Completed
504797,10308,2023-09-08,7,1,0.0,27.0,8,Completed
514250,13314,2023-09-08,10,2,0.1,198.0,108,Completed
503512,17714,2023-09-08,3,1,0.05,45.6,21,Completed
508693,17279,2023-09-08,3,1,0.15,40.8,21,Completed
504786,10126,2023-09-08,6,1,0.0,35.0,13,Completed
503505,10524,2023-09-08,2,1,0.0,72.0,34,Completed
501302,14113,2023-09-08,1,2,0.15,246.5,158,Completed
508892,17746,2023-09-08,1,1,0.0,145.0,79,Completed
510000,12933,2023-09-08,1,2,0.0,290.0,158,Completed
510845,12789,2023-09-08,6,2,0.05,66.5,26,Completed
500413,14051,2023-09-08,3,1,0.05,45.6,21,Completed
510249,11603,2023-09-08,1,2,0.0,290.0,158,Completed
507407,16847,2023-09-08,8,1,0.0,88.0,39,Completed
511649,15883,2023-09-08,1,4,0.05,551.0,316,Completed
506083,13551,2023-09-08,6,2,0.1,63.0,26,Completed
503015,18113,2023-09-08,6,1,0.0,35.0,13,Completed
501703,16426,2023-09-08,1,1,0.0,145.0,79,Completed
505953,11987,2023-09-08,1,1,0.0,145.0,79,Completed
501921,12121,2023-09-08,5,1,0.05,90.25,43,Completed
504280,11253,2023-09-08,6,1,0.0,35.0,13,Completed
502323,15577,2023-09-08,7,1,0.05,25.65,8,Completed
514446,17758,2023-09-08,3,1,0.0,48.0,21,Completed
513836,15354,2023-09-08,9,1,0.0,62.0,28,Completed
502325,10278,2023-09-08,8,2,0.05,167.2,78,Completed
516402,14091,2023-09-09,10,1,0.1,99.0,54,Completed
507510,14096,2023-09-09,9,2,0.2,99.2,56,Completed
510680,18321,2023-09-09,1,1,0.0,145.0,79,Completed
508264,15278,2023-09-09,9,1,0.0,62.0,28,Returned
501814,15672,2023-09-09,1,1,0.1,130.5,79,Completed
501074,10423,2023-09-09,10,1,0.0,110.0,54,Completed
503555,10019,2023-09-09,6,1,0.05,33.25,13,Returned
502668,12825,2023-09-09,10,1,0.05,104.5,54,Completed
508753,18258,2023-09-09,2,3,0.0,216.0,102,Completed
514655,14974,2023-09-09,3,2,0.2,76.8,42,Completed
504413,14613,2023-09-09,5,1,0.0,95.0,43,Completed
514248,15448,2023-09-09,5,1,0.0,95.0,43,Completed
513079,15440,2023-09-09,5,1,0.15,80.75,43,Completed
507218,15716,2023-09-09,7,2,0.0,54.0,16,Completed
507226,13177,2023-09-09,1,2,0.0,290.0,158,Completed
512477,16496,2023-09-09,7,1,0.1,24.3,8,Completed
503411,12009,2023-09-09,8,1,0.0,88.0,39,Completed
506137,17896,2023-09-09,6,1,0.0,35.0,13,Completed
511329,10890,2023-09-09,7,1,0.1,24.3,8,Completed
502855,15552,2023-09-09,1,2,0.0,290.0,158,Completed
516232,10482,2023-09-10,1,2,0.05,275.5,158,Completed
503922,12638,2023-09-10,3,1,0.2,38.4,21,Completed
505791,17809,2023-09-10,7,1,0.15,22.95,8,Completed
512840,11430,2023-09-10,5,3,0.1,256.5,129,Completed
517198,18114,2023-09-10,10,1,0.05,104.5,54,Completed
517207,12131,2023-09-10,7,1,0.05,25.65,8,Completed
503980,10156,2023-09-10,1,1,0.05,137.75,79,Completed
507664,10753,2023-09-10,3,2,0.05,91.2,42,Completed
517282,10142,2023-09-10,5,1,0.1,85.5,43,Completed
500876,11148,2023-09-10,1,3,0.0,435.0,237,Cancelled
511613,14722,2023-09-10,7,2,0.1,48.6,16,Completed
500227,15412,2023-09-10,7,2,0.05,51.3,16,Completed
509740,15413,2023-09-10,10,1,0.1,99.0,54,Cancelled
504788,12024,2023-09-10,8,2,0.0,176.0,78,Completed
502479,11611,2023-09-10,4,3,0.0,840.0,465,Completed
502740,15454,2023-09-10,1,1,0.0,145.0,79,Completed
512090,18137,2023-09-10,9,1,0.05,58.9,28,Completed
500310,14243,2023-09-10,4,1,0.15,238.0,155,Completed
500527,10004,2023-09-10,8,4,0.1,316.8,156,Completed
501225,15001,2023-09-10,5,1,0.05,90.25,43,Returned
508853,14568,2023-09-10,1,1,0.0,145.0,79,Completed
516534,10366,2023-09-10,3,2,0.15,81.6,42,Completed
514340,15822,2023-09-10,6,2,0.05,66.5,26,Completed
507790,12603,2023-09-10,7,1,0.0,27.0,8,Completed
508165,14389,2023-09-10,4,2,0.0,560.0,310,Completed
504691,14349,2023-09-10,7,2,0.1,48.6,16,Completed
511534,16987,2023-09-11,8,1,0.0,88.0,39,Completed
517616,13250,2023-09-11,7,1,0.0,27.0,8,Completed
503171,17011,2023-09-11,8,1,0.15,74.8,39,Completed
505654,11046,2023-09-11,10,1,0.0,110.0,54,Completed
501577,13718,2023-09-11,10,1,0.0,110.0,54,Completed
515532,16169,2023-09-11,5,1,0.0,95.0,43,Completed
511827,16209,2023-09-11,9,1,0.0,62.0,28,Completed
512276,11965,2023-09-11,7,2,0.2,43.2,16,Completed
515352,13051,2023-09-11,7,2,0.0,54.0,16,Completed
516180,12832,2023-09-11,9,1,0.0,62.0,28,Completed
502252,13752,2023-09-11,8,1,0.05,83.6,39,Completed
502995,12888,2023-09-11,1,2,0.0,290.0,158,Completed
507899,12311,2023-09-11,10,1,0.05,104.5,54,Completed
504785,12361,2023-09-11,3,4,0.05,182.4,84,Completed
511954,15474,2023-09-11,7,3,0.0,81.0,24,Completed
502827,14856,2023-09-11,7,3,0.05,76.95,24,Completed
507448,16307,2023-09-11,7,1,0.15,22.95,8,Completed
516555,12178,2023-09-11,3,1,0.05,45.6,21,Completed
504602,11780,2023-09-11,3,1,0.2,38.4,21,Returned
503556,17302,2023-09-11,10,1,0.0,110.0,54,Cancelled
508899,13540,2023-09-11,3,3,0.0,144.0,63,Completed
517061,11814,2023-09-11,1,3,0.05,413.25,237,Completed
502992,10321,2023-09-11,8,1,0.0,88.0,39,Completed
513828,12804,2023-09-11,1,1,0.05,137.75,79,Completed
500624,15841,2023-09-12,2,2,0.1,129.6,68,Completed
517632,17623,2023-09-12,7,1,0.1,24.3,8,Completed
513422,15773,2023-09-12,10,1,0.05,104.5,54,Completed
517366,16091,2023-09-12,6,1,0.0,35.0,13,Completed
501933,12063,2023-09-12,1,2,0.05,275.5,158,Completed
508146,16107,2023-09-12,2,1,0.1,64.8,34,Completed
501981,11040,2023-09-12,5,3,0.0,285.0,129,Completed
504379,10158,2023-09-12,3,2,0.0,96.0,42,Completed
502160,17132,2023-09-12,8,1,0.1,79.2,39,Completed
507787,16768,2023-09-12,2,1,0.15,61.2,34,Completed
507752,16108,2023-09-12,9,1,0.2,49.6,28,Completed
505493,10001,2023-09-12,5,1,0.0,95.0,43,Completed
503021,17984,2023-09-12,4,1,0.1,252.0,155,Completed
514626,13037,2023-09-12,10,1,0.05,104.5,54,Completed
515370,17984,2023-09-12,2,1,0.0,72.0,34,Completed
515353,13681,2023-09-12,8,1,0.0,88.0,39,Completed
503399,13678,2023-09-12,6,1,0.05,33.25,13,Completed
512507,15495,2023-09-12,8,2,0.0,176.0,78,Completed
512524,13866,2023-09-12,2,1,0.15,61.2,34,Completed
512901,12045,2023-09-12,7,2,0.05,51.3,16,Completed
503618,10928,2023-09-12,7,2,0.0,54.0,16,Completed
504802,12864,2023-09-12,2,1,0.1,64.8,34,Completed
514788,17386,2023-09-12,3,1,0.15,40.8,21,Completed
504752,18183,2023-09-12,5,2,0.0,190.0,86,Completed
503741,18080,2023-09-12,4,1,0.05,266.0,155,Cancelled
513439,11599,2023-09-12,1,1,0.0,145.0,79,Completed
504764,17919,2023-09-12,7,1,0.0,27.0,8,Completed
501886,12203,2023-09-12,3,1,0.0,48.0,21,Completed
511240,11505,2023-09-12,5,4,0.05,361.0,172,Completed
502032,12662,2023-09-12,1,2,0.2,232.0,158,Completed
510681,10836,2023-09-12,2,1,0.0,72.0,34,Completed
517360,12801,2023-09-12,7,3,0.05,76.95,24,Completed
505852,10766,2023-09-12,1,1,0.0,145.0,79,Completed
513691,13686,2023-09-12,7,1,0.05,25.65,8,Completed
516845,18419,2023-09-12,5,2,0.1,171.0,86,Completed
505871,11944,2023-09-12,7,1,0.2,21.6,8,Completed
509165,15496,2023-09-12,2,1,0.05,68.4,34,Completed
516916,13806,2023-09-12,4,2,0.0,560.0,310,Completed
513299,16364,2023-09-12,1,2,0.0,290.0,158,Completed
515528,17436,2023-09-13,10,1,0.2,88.0,54,Completed
508824,10600,2023-09-13,6,1,0.2,28.0,13,Completed
514360,14976,2023-09-13,1,1,0.05,137.75,79,Completed
501579,13057,2023-09-13,6,1,0.0,35.0,13,Completed
507065,17440,2023-09-13,10,3,0.2,264.0,162,Cancelled
510661,10678,2023-09-13,8,1,0.2,70.4,39,Completed
504637,12131,2023-09-13,7,1,0.05,25.65,8,Completed
500830,16110,2023-09-13,3,1,0.1,43.2,21,Completed
515009,12852,2023-09-13,3,1,0.0,48.0,21,Completed
510478,15731,2023-09-13,10,2,0.05,209.0,108,Completed
501164,16677,2023-09-13,2,2,0.2,115.2,68,Completed
510965,14716,2023-09-13,7,2,0.1,48.6,16,Completed
508089,10093,2023-09-13,2,1,0.0,72.0,34,Completed
507893,14953,2023-09-13,2,1,0.05,68.4,34,Completed
511144,12321,2023-09-13,10,2,0.1,198.0,108,Completed
515853,14804,2023-09-13,5,3,0.05,270.75,129,Completed
505892,10320,2023-09-13,7,1,0.15,22.95,8,Completed
507638,10596,2023-09-13,3,2,0.0,96.0,42,Completed
508603,11781,2023-09-13,7,1,0.0,27.0,8,Cancelled
507846,10960,2023-09-13,10,2,0.05,209.0,108,Returned
516851,14376,2023-09-13,7,1,0.1,24.3,8,Completed
501522,10513,2023-09-13,5,4,0.0,380.0,172,Completed
516212,11659,2023-09-13,6,1,0.1,31.5,13,Completed
505874,12082,2023-09-13,8,1,0.05,83.6,39,Completed
500718,11392,2023-09-13,7,2,0.05,51.3,16,Completed
512773,14637,2023-09-14,5,1,0.0,95.0,43,Completed
508276,14516,2023-09-14,9,1,0.0,62.0,28,Completed
512268,13835,2023-09-14,7,1,0.15,22.95,8,Completed
513060,10991,2023-09-14,5,2,0.0,190.0,86,Completed
507610,13861,2023-09-14,6,1,0.1,31.5,13,Completed
509501,11213,2023-09-14,10,1,0.05,104.5,54,Completed
508731,13075,2023-09-14,1,2,0.05,275.5,158,Returned
512154,15563,2023-09-14,10,1,0.1,99.0,54,Completed
510815,12925,2023-09-14,7,1,0.05,25.65,8,Completed
510994,10025,2023-09-14,5,2,0.0,190.0,86,Completed
504986,12610,2023-09-14,3,1,0.0,48.0,21,Completed
501604,12076,2023-09-14,8,1,0.05,83.6,39,Completed
500474,17923,2023-09-14,8,1,0.0,88.0,39,Completed
501576,15126,2023-09-14,9,1,0.05,58.9,28,Completed
516634,10888,2023-09-14,8,1,0.0,88.0,39,Completed
501708,11199,2023-09-14,10,1,0.1,99.0,54,Returned
514390,10025,2023-09-14,10,3,0.2,264.0,162,Completed
503568,12330,2023-09-14,8,2,0.1,158.4,78,Completed
502499,12004,2023-09-14,5,3,0.05,270.75,129,Cancelled
504692,14290,2023-09-14,1,2,0.0,290.0,158,Completed
500670,17913,2023-09-14,7,1,0.05,25.65,8,Completed
515812,18423,2023-09-14,1,1,0.2,116.0,79,Completed
515777,15389,2023-09-14,7,1,0.1,24.3,8,Completed
517576,10026,2023-09-14,7,1,0.15,22.95,8,Completed
514120,18463,2023-09-14,1,1,0.0,145.0,79,Completed
514114,13909,2023-09-14,9,1,0.0,62.0,28,Completed
500034,10688,2023-09-14,5,2,0.1,171.0,86,Completed
502711,11189,2023-09-14,10,2,0.05,209.0,108,Completed
517564,15291,2023-09-14,5,3,0.0,285.0,129,Completed
514013,11025,2023-09-14,3,1,0.0,48.0,21,Completed
504026,15335,2023-09-14,6,2,0.2,56.0,26,Completed
502745,17452,2023-09-14,7,2,0.05,51.3,16,Returned
500525,12766,2023-09-14,3,1,0.1,43.2,21,Completed
514833,13586,2023-09-14,8,3,0.0,264.0,117,Completed
502949,10052,2023-09-14,1,3,0.0,435.0,237,Completed
505467,16099,2023-09-15,7,1,0.0,27.0,8,Completed
504607,13301,2023-09-15,1,1,0.0,145.0,79,Completed
500852,10455,2023-09-15,1,1,0.0,145.0,79,Completed
507540,10234,2023-09-15,1,1,0.2,116.0,79,Completed
516433,14227,2023-09-15,1,2,0.0,290.0,158,Returned
510740,11582,2023-09-15,2,1,0.0,72.0,34,Completed
507015,10297,2023-09-15,7,3,0.0,81.0,24,Completed
502258,11887,2023-09-15,7,1,0.05,25.65,8,Completed
515375,13609,2023-09-15,1,1,0.0,145.0,79,Completed
504487,13630,2023-09-15,2,1,0.0,72.0,34,Completed
517646,17150,2023-09-15,7,1,0.05,25.65,8,Completed
501748,16458,2023-09-15,10,1,0.15,93.5,54,Completed
515248,16656,2023-09-15,1,1,0.15,123.25,79,Completed
508690,11524,2023-09-15,10,2,0.0,220.0,108,Completed
506306,12575,2023-09-15,4,1,0.05,266.0,155,Completed
517779,17888,2023-09-15,8,3,0.15,224.4,117,Returned
506328,11731,2023-09-15,7,2,0.0,54.0,16,Completed
507285,16528,2023-09-15,9,1,0.15,52.7,28,Completed
502624,11249,2023-09-15,9,2,0.05,117.8,56,Completed
503973,11881,2023-09-15,6,2,0.1,63.0,26,Completed
502148,14256,2023-09-15,8,2,0.0,176.0,78,Completed
505142,16414,2023-09-15,1,2,0.1,261.0,158,Completed
503864,14753,2023-09-15,1,1,0.1,130.5,79,Completed
504418,15055,2023-09-16,5,1,0.2,76.0,43,Completed
510668,17970,2023-09-16,1,1,0.1,130.5,79,Completed
516498,16552,2023-09-16,6,2,0.05,66.5,26,Completed
511758,10800,2023-09-16,8,1,0.0,88.0,39,Completed
517607,14489,2023-09-16,6,1,0.0,35.0,13,Returned
504603,15536,2023-09-16,2,1,0.0,72.0,34,Completed
504937,14254,2023-09-16,6,2,0.0,70.0,26,Completed
516918,11987,2023-09-16,3,1,0.2,38.4,21,Completed
500202,10582,2023-09-16,9,1,0.05,58.9,28,Completed
513523,12852,2023-09-16,8,2,0.0,176.0,78,Completed
501337,16255,2023-09-16,5,1,0.0,95.0,43,Completed
503405,16543,2023-09-16,2,2,0.15,122.4,68,Completed
503651,11749,2023-09-16,9,1,0.15,52.7,28,Completed
502131,14500,2023-09-16,3,1,0.1,43.2,21,Completed
505584,10163,2023-09-16,10,3,0.05,313.5,162,Completed
504794,17409,2023-09-16,8,1,0.0,88.0,39,Completed
515253,10604,2023-09-16,10,1,0.0,110.0,54,Completed
517687,13723,2023-09-16,9,2,0.1,111.6,56,Completed
505697,12557,2023-09-16,1,1,0.0,145.0,79,Completed
508901,11215,2023-09-16,7,1,0.1,24.3,8,Completed
510794,17961,2023-09-16,10,2,0.1,198.0,108,Completed
506720,11118,2023-09-16,10,1,0.2,88.0,54,Cancelled
510104,15205,2023-09-16,1,1,0.1,130.5,79,Returned
501540,14104,2023-09-16,9,1,0.0,62.0,28,Completed
514923,17045,2023-09-16,10,2,0.0,220.0,108,Completed
504170,14639,2023-09-16,8,1,0.0,88.0,39,Cancelled
517419,13549,2023-09-16,6,1,0.05,33.25,13,Completed
516474,11944,2023-09-16,4,1,0.1,252.0,155,Completed
515865,16119,2023-09-16,6,1,0.05,33.25,13,Completed
515986,11759,2023-09-16,5,1,0.1,85.5,43,Completed
515950,17077,2023-09-16,9,1,0.1,55.8,28,Completed
514945,11754,2023-09-16,1,1,0.1,130.5,79,Completed
508530,10106,2023-09-16,10,1,0.0,110.0,54,Completed
507497,17678,2023-09-16,7,1,0.0,27.0,8,Completed
511893,13334,2023-09-17,3,1,0.05,45.6,21,Completed
515111,15332,2023-09-17,2,2,0.0,144.0,68,Completed
502317,10018,2023-09-17,3,1,0.05,45.6,21,Completed
505318,18151,2023-09-17,9,2,0.0,124.0,56,Completed
506467,17587,2023-09-17,5,1,0.0,95.0,43,Completed
507334,12689,2023-09-17,5,1,0.1,85.5,43,Completed
503264,15549,2023-09-17,9,1,0.05,58.9,28,Completed
503446,10893,2023-09-17,6,2,0.0,70.0,26,Completed
516846,10806,2023-09-17,9,1,0.2,49.6,28,Cancelled
503652,10480,2023-09-17,6,1,0.15,29.75,13,Completed
514379,15880,2023-09-17,7,2,0.05,51.3,16,Completed
509049,16016,2023-09-17,7,1,0.0,27.0,8,Completed
505497,12553,2023-09-17,8,1,0.15,74.8,39,Completed
510353,15586,2023-09-17,1,1,0.0,145.0,79,Completed
509036,11133,2023-09-17,5,1,0.05,90.25,43,Completed
504140,16627,2023-09-17,1,1,0.0,145.0,79,Completed
500873,16642,2023-09-17,1,2,0.1,261.0,158,Cancelled
512087,17760,2023-09-17,3,1,0.0,48.0,21,Returned
512867,11284,2023-09-17,5,3,0.1,256.5,129,Completed
515243,12268,2023-09-17,3,1,0.0,48.0,21,Completed
506221,10923,2023-09-17,9,2,0.1,111.6,56,Completed
503420,10826,2023-09-17,8,3,0.0,264.0,117,Completed
514519,10514,2023-09-17,2,1,0.0,72.0,34,Completed
501562,14696,2023-09-18,3,1,0.05,45.6,21,Completed
502510,15976,2023-09-18,6,1,0.0,35.0,13,Completed
500394,12822,2023-09-18,2,4,0.0,288.0,136,Completed
514031,12571,2023-09-18,9,2,0.1,111.6,56,Completed
512556,11329,2023-09-18,2,2,0.05,136.8,68,Completed
513395,17836,2023-09-18,2,1,0.15,61.2,34,Completed
508380,16381,2023-09-18,1,1,0.05,137.75,79,Completed
503444,10426,2023-09-18,1,1,0.0,145.0,79,Completed
512563,18160,2023-09-18,3,1,0.15,40.8,21,Completed
514604,16422,2023-09-18,1,1,0.0,145.0,79,Completed
507838,10407,2023-09-18,8,1,0.1,79.2,39,Completed
517214,18366,2023-09-18,3,2,0.05,91.2,42,Completed
505686,14864,2023-09-18,3,2,0.1,86.4,42,Completed
508526,13141,2023-09-18,5,1,0.0,95.0,43,Completed
504175,10876,2023-09-18,9,2,0.2,99.2,56,Completed
505245,17748,2023-09-18,9,1,0.0,62.0,28,Completed
515194,15322,2023-09-18,2,2,0.15,122.4,68,Completed
508823,10869,2023-09-18,1,1,0.0,145.0,79,Completed
515848,14385,2023-09-18,7,1,0.15,22.95,8,Completed
512756,14625,2023-09-18,3,2,0.1,86.4,42,Completed
512001,13683,2023-09-18,6,1,0.05,33.25,13,Completed
513155,15896,2023-09-18,4,1,0.05,266.0,155,Completed
511087,14280,2023-09-18,7,2,0.05,51.3,16,Completed
517866,16515,2023-09-18,2,3,0.1,194.4,102,Completed
502755,11865,2023-09-18,1,1,0.0,145.0,79,Completed
507447,12377,2023-09-18,2,1,0.0,72.0,34,Completed
517505,15775,2023-09-18,10,1,0.1,99.0,54,Completed
501680,13558,2023-09-18,1,2,0.0,290.0,158,Completed
511815,16331,2023-09-18,7,1,0.05,25.65,8,Completed
511104,16457,2023-09-18,3,2,0.05,91.2,42,Completed
516135,12932,2023-09-18,7,2,0.0,54.0,16,Completed
505831,12055,2023-09-18,1,1,0.05,137.75,79,Completed
502831,14013,2023-09-18,4,1,0.0,280.0,155,Completed
508713,11929,2023-09-18,9,1,0.15,52.7,28,Completed
507121,15087,2023-09-18,2,1,0.0,72.0,34,Completed
516570,12432,2023-09-18,10,1,0.1,99.0,54,Completed
512310,15634,2023-09-18,6,1,0.0,35.0,13,Completed
503663,12801,2023-09-18,10,1,0.05,104.5,54,Completed
516346,17573,2023-09-18,6,3,0.1,94.5,39,Completed
504460,16426,2023-09-18,5,1,0.1,85.5,43,Completed
517054,10092,2023-09-18,7,2,0.2,43.2,16,Returned
514531,16245,2023-09-18,1,2,0.0,290.0,158,Completed
503465,14747,2023-09-19,5,2,0.05,180.5,86,Completed
504843,16812,2023-09-19,10,1,0.0,110.0,54,Completed
517900,11552,2023-09-19,7,1,0.15,22.95,8,Completed
517713,15539,2023-09-19,3,2,0.0,96.0,42,Completed
501850,12292,2023-09-19,8,1,0.0,88.0,39,Returned
502302,16903,2023-09-19,7,2,0.0,54.0,16,Completed
507114,10849,2023-09-19,2,3,0.0,216.0,102,Cancelled
514471,10249,2023-09-19,8,1,0.05,83.6,39,Completed
514974,17596,2023-09-19,7,2,0.2,43.2,16,Completed
509921,14218,2023-09-19,1,2,0.1,261.0,158,Completed
504330,16816,2023-09-19,7,1,0.0,27.0,8,Completed
512765,11863,2023-09-19,9,1,0.05,58.9,28,Completed
501944,13148,2023-09-19,10,1,0.05,104.5,54,Completed
503716,15215,2023-09-19,6,1,0.0,35.0,13,Completed
517416,12608,2023-09-19,10,1,0.0,110.0,54,Completed
502695,13767,2023-09-19,1,1,0.15,123.25,79,Completed
503401,18405,2023-09-19,6,1,0.1,31.5,13,Completed
503282,12491,2023-09-19,4,1,0.05,266.0,155,Completed
513705,11363,2023-09-19,1,2,0.1,261.0,158,Completed
503636,11025,2023-09-19,1,2,0.15,246.5,158,Completed
509772,14629,2023-09-19,3,1,0.1,43.2,21,Completed
515535,16388,2023-09-19,10,2,0.1,198.0,108,Completed
501999,12284,2023-09-19,5,1,0.0,95.0,43,Completed
517154,12342,2023-09-19,9,1,0.1,55.8,28,Returned
517483,13012,2023-09-19,5,1,0.15,80.75,43,Completed
508672,15213,2023-09-19,8,1,0.15,74.8,39,Completed
510474,11691,2023-09-19,3,1,0.0,48.0,21,Returned
506143,10261,2023-09-19,2,1,0.2,57.6,34,Completed
510037,11574,2023-09-19,9,4,0.0,248.0,112,Completed
500671,11551,2023-09-19,9,2,0.0,124.0,56,Completed
512508,14191,2023-09-20,3,1,0.0,48.0,21,Completed
513472,14768,2023-09-20,2,2,0.1,129.6,68,Completed
517429,10484,2023-09-20,4,3,0.05,798.0,465,Completed
510418,16937,2023-09-20,10,1,0.15,93.5,54,Completed
512233,11871,2023-09-20,7,1,0.05,25.65,8,Completed
517373,10574,2023-09-20,6,1,0.05,33.25,13,Completed
512125,12003,2023-09-20,3,1,0.15,40.8,21,Completed
502719,14386,2023-09-20,1,3,0.2,348.0,237,Cancelled
505322,10945,2023-09-20,2,1,0.05,68.4,34,Completed
515705,13630,2023-09-20,9,1,0.0,62.0,28,Completed
502902,10322,2023-09-20,8,1,0.15,74.8,39,Completed
508400,15542,2023-09-20,5,1,0.0,95.0,43,Completed
504260,12561,2023-09-20,8,1,0.05,83.6,39,Completed
514644,12603,2023-09-20,7,1,0.0,27.0,8,Cancelled
508322,13136,2023-09-20,5,1,0.05,90.25,43,Completed
508470,14763,2023-09-20,3,1,0.0,48.0,21,Completed
512216,15291,2023-09-20,5,1,0.15,80.75,43,Returned
502031,13713,2023-09-20,6,1,0.0,35.0,13,Completed
510772,15934,2023-09-20,4,1,0.1,252.0,155,Cancelled
503649,13713,2023-09-20,10,1,0.0,110.0,54,Completed
511207,13101,2023-09-21,6,4,0.0,140.0,52,Completed
512426,13251,2023-09-21,8,1,0.05,83.6,39,Completed
507768,17277,2023-09-21,1,1,0.15,123.25,79,Completed
508733,10935,2023-09-21,9,1,0.0,62.0,28,Completed
506517,11650,2023-09-21,7,1,0.2,21.6,8,Completed
514006,14030,2023-09-21,1,1,0.0,145.0,79,Completed
514329,10605,2023-09-21,6,1,0.05,33.25,13,Completed
516644,13610,2023-09-21,1,1,0.05,137.75,79,Completed
513471,11093,2023-09-21,8,1,0.05,83.6,39,Returned
516563,14286,2023-09-21,1,2,0.1,261.0,158,Completed
500964,15843,2023-09-21,1,3,0.05,413.25,237,Completed
502897,11965,2023-09-21,3,1,0.15,40.8,21,Completed
514192,10953,2023-09-21,10,1,0.0,110.0,54,Completed
517205,10135,2023-09-21,1,1,0.1,130.5,79,Completed
512836,12415,2023-09-21,5,2,0.0,190.0,86,Returned
500686,16005,2023-09-21,5,3,0.0,285.0,129,Completed
510221,10663,2023-09-21,5,1,0.05,90.25,43,Completed
517437,11517,2023-09-21,8,1,0.15,74.8,39,Completed
507633,11989,2023-09-21,4,1,0.0,280.0,155,Completed
515269,10225,2023-09-21,2,1,0.05,68.4,34,Completed
508508,10768,2023-09-21,9,4,0.05,235.6,112,Completed
517365,17528,2023-09-21,5,2,0.1,171.0,86,Completed
500380,10692,2023-09-21,7,2,0.15,45.9,16,Completed
508551,12776,2023-09-21,6,1,0.0,35.0,13,Completed
513661,11854,2023-09-21,1,1,0.0,145.0,79,Completed
513825,15133,2023-09-21,7,2,0.1,48.6,16,Completed
503045,13913,2023-09-21,7,1,0.0,27.0,8,Completed
509867,13485,2023-09-21,6,1,0.0,35.0,13,Completed
513609,13082,2023-09-21,1,3,0.15,369.75,237,Completed
515044,12747,2023-09-22,10,1,0.0,110.0,54,Cancelled
500512,17570,2023-09-22,9,2,0.0,124.0,56,Completed
501273,14453,2023-09-22,3,4,0.05,182.4,84,Completed
500917,14429,2023-09-22,10,1,0.0,110.0,54,Completed
503347,14616,2023-09-22,5,1,0.1,85.5,43,Completed
514208,11424,2023-09-22,7,1,0.15,22.95,8,Returned
505473,12819,2023-09-22,2,1,0.0,72.0,34,Completed
506136,10766,2023-09-22,2,2,0.05,136.8,68,Completed
510328,10031,2023-09-22,7,2,0.15,45.9,16,Completed
509649,16719,2023-09-22,7,1,0.0,27.0,8,Completed
514865,14184,2023-09-22,5,2,0.0,190.0,86,Completed
516414,15215,2023-09-22,7,1,0.0,27.0,8,Completed
509536,17432,2023-09-22,3,1,0.0,48.0,21,Returned
502838,15617,2023-09-22,1,2,0.05,275.5,158,Completed
504560,13609,2023-09-22,1,1,0.0,145.0,79,Completed
512942,16099,2023-09-22,8,3,0.05,250.8,117,Completed
510400,15483,2023-09-22,2,1,0.0,72.0,34,Completed
505343,17046,2023-09-22,5,1,0.0,95.0,43,Completed
503384,16388,2023-09-22,9,1,0.1,55.8,28,Completed
512574,13523,2023-09-22,3,2,0.0,96.0,42,Completed
506248,14663,2023-09-22,3,2,0.15,81.6,42,Completed
509632,16759,2023-09-22,10,2,0.0,220.0,108,Completed
504736,17410,2023-09-22,4,1,0.0,280.0,155,Completed
504083,17777,2023-09-22,2,1,0.15,61.2,34,Completed
517235,10545,2023-09-22,1,1,0.0,145.0,79,Completed
504259,15785,2023-09-22,5,2,0.0,190.0,86,Completed
502803,12972,2023-09-23,7,1,0.0,27.0,8,Completed
505113,12006,2023-09-23,6,2,0.15,59.5,26,Completed
501868,10735,2023-09-23,4,1,0.15,238.0,155,Completed
500347,14589,2023-09-23,2,1,0.05,68.4,34,Completed
505401,12155,2023-09-23,3,2,0.15,81.6,42,Completed
511130,10482,2023-09-23,2,2,0.15,122.4,68,Completed
516281,10551,2023-09-23,5,3,0.0,285.0,129,Completed
509473,12086,2023-09-23,9,2,0.05,117.8,56,Cancelled
512052,10972,2023-09-23,2,1,0.1,64.8,34,Cancelled
507258,13254,2023-09-23,10,1,0.0,110.0,54,Completed
508918,10205,2023-09-23,3,1,0.05,45.6,21,Completed
510590,11232,2023-09-23,1,2,0.05,275.5,158,Completed
507204,11460,2023-09-23,8,2,0.1,158.4,78,Completed
512822,13364,2023-09-23,8,1,0.15,74.8,39,Completed
515348,17871,2023-09-23,2,2,0.0,144.0,68,Completed
507078,17067,2023-09-23,4,1,0.0,280.0,155,Completed
507527,12984,2023-09-23,1,1,0.15,123.25,79,Completed
508931,11834,2023-09-23,10,1,0.05,104.5,54,Completed
503213,12988,2023-09-23,8,1,0.0,88.0,39,Completed
504137,14290,2023-09-23,5,1,0.2,76.0,43,Completed
513292,13318,2023-09-23,4,3,0.0,840.0,465,Completed
511304,11341,2023-09-23,1,2,0.0,290.0,158,Completed
508359,15609,2023-09-23,4,2,0.0,560.0,310,Completed
501203,10018,2023-09-23,10,2,0.1,198.0,108,Completed
513953,16614,2023-09-23,3,1,0.1,43.2,21,Returned
500442,13263,2023-09-23,3,1,0.0,48.0,21,Completed
505037,12928,2023-09-23,1,1,0.1,130.5,79,Completed
510113,10868,2023-09-23,9,1,0.0,62.0,28,Completed
500746,12411,2023-09-23,7,1,0.0,27.0,8,Cancelled
509541,17999,2023-09-23,9,1,0.0,62.0,28,Completed
511158,14631,2023-09-23,7,1,0.0,27.0,8,Completed
517231,15453,2023-09-23,1,1,0.05,137.75,79,Completed
509803,16135,2023-09-24,7,1,0.0,27.0,8,Completed
505077,10513,2023-09-24,10,1,0.2,88.0,54,Returned
507319,10336,2023-09-24,7,1,0.05,25.65,8,Completed
515144,12512,2023-09-24,7,1,0.0,27.0,8,Completed
517600,14523,2023-09-24,4,1,0.05,266.0,155,Completed
512468,17016,2023-09-24,9,2,0.0,124.0,56,Completed
508597,12482,2023-09-24,7,1,0.0,27.0,8,Completed
506110,10787,2023-09-24,1,4,0.05,551.0,316,Returned
516323,10924,2023-09-24,9,1,0.1,55.8,28,Completed
502948,16733,2023-09-24,9,1,0.0,62.0,28,Completed
511408,13399,2023-09-24,1,1,0.15,123.25,79,Completed
505564,10130,2023-09-24,10,2,0.05,209.0,108,Completed
509717,11254,2023-09-24,6,2,0.0,70.0,26,Completed
501204,13127,2023-09-24,7,2,0.2,43.2,16,Completed
503407,16830,2023-09-24,10,3,0.0,330.0,162,Completed
504400,12512,2023-09-24,2,1,0.05,68.4,34,Completed
517877,12775,2023-09-24,3,2,0.05,91.2,42,Completed
500370,12116,2023-09-24,1,1,0.2,116.0,79,Completed
508268,10092,2023-09-24,2,1,0.1,64.8,34,Completed
502654,16947,2023-09-24,2,2,0.0,144.0,68,Completed
512691,12032,2023-09-24,8,1,0.0,88.0,39,Completed
505227,14558,2023-09-24,1,1,0.0,145.0,79,Completed
512956,12443,2023-09-24,7,1,0.0,27.0,8,Completed
506162,11353,2023-09-24,1,2,0.05,275.5,158,Completed
514391,17343,2023-09-24,6,1,0.0,35.0,13,Completed
508338,11736,2023-09-24,5,2,0.0,190.0,86,Completed
501806,13969,2023-09-24,5,1,0.05,90.25,43,Completed
504232,10269,2023-09-24,10,1,0.15,93.5,54,Completed
503353,13775,2023-09-24,2,1,0.0,72.0,34,Completed
506975,10613,2023-09-24,6,3,0.05,99.75,39,Completed
505053,10025,2023-09-24,2,1,0.05,68.4,34,Cancelled
515924,15846,2023-09-24,6,3,0.0,105.0,39,Completed
508054,10891,2023-09-25,1,1,0.15,123.25,79,Completed
513673,12601,2023-09-25,2,3,0.0,216.0,102,Completed
516299,12557,2023-09-25,10,3,0.1,297.0,162,Completed
514473,11864,2023-09-25,1,1,0.1,130.5,79,Completed
504354,15658,2023-09-25,6,2,0.05,66.5,26,Completed
513956,10780,2023-09-25,10,2,0.1,198.0,108,Completed
511781,10243,2023-09-25,7,2,0.2,43.2,16,Completed
506739,16140,2023-09-25,9,2,0.0,124.0,56,Returned
505274,15835,2023-09-25,6,3,0.05,99.75,39,Completed
507042,10084,2023-09-25,3,1,0.15,40.8,21,Completed
512102,16100,2023-09-25,2,2,0.05,136.8,68,Completed
500448,11401,2023-09-25,2,1,0.05,68.4,34,Returned
500497,13448,2023-09-25,1,1,0.0,145.0,79,Returned
512383,14403,2023-09-25,7,1,0.1,24.3,8,Completed
513219,17884,2023-09-25,7,1,0.05,25.65,8,Completed
516167,12478,2023-09-25,8,2,0.1,158.4,78,Completed
517889,17909,2023-09-25,2,1,0.0,72.0,34,Completed
517224,12292,2023-09-25,8,1,0.0,88.0,39,Cancelled
505287,17168,2023-09-25,5,3,0.15,242.25,129,Completed
503440,15115,2023-09-25,9,3,0.0,186.0,84,Cancelled
501681,10302,2023-09-25,5,1,0.1,85.5,43,Completed
504768,12225,2023-09-25,7,1,0.15,22.95,8,Completed
508315,10540,2023-09-25,5,3,0.1,256.5,129,Cancelled
505987,13055,2023-09-25,4,1,0.1,252.0,155,Completed
517506,10229,2023-09-25,1,2,0.15,246.5,158,Returned
501948,11326,2023-09-25,3,1,0.1,43.2,21,Completed
517352,10707,2023-09-25,2,1,0.0,72.0,34,Completed
500617,16378,2023-09-25,7,1,0.05,25.65,8,Returned
502462,12199,2023-09-25,7,2,0.1,48.6,16,Returned
504110,10523,2023-09-25,3,2,0.0,96.0,42,Completed
511555,12869,2023-09-25,6,1,0.0,35.0,13,Completed
508965,15921,2023-09-25,5,1,0.0,95.0,43,Completed
505231,13058,2023-09-25,1,2,0.0,290.0,158,Completed
508520,11865,2023-09-25,5,1,0.0,95.0,43,Completed
511818,10885,2023-09-25,10,1,0.0,110.0,54,Completed
509259,15296,2023-09-25,3,3,0.0,144.0,63,Completed
515650,17354,2023-09-25,8,4,0.1,316.8,156,Completed
517375,11199,2023-09-25,2,2,0.15,122.4,68,Completed
500207,15185,2023-09-25,10,2,0.0,220.0,108,Completed
516038,17430,2023-09-25,7,2,0.0,54.0,16,Completed
503395,12036,2023-09-25,8,1,0.05,83.6,39,Completed
501426,11868,2023-09-26,2,2,0.1,129.6,68,Completed
513837,13997,2023-09-26,7,2,0.05,51.3,16,Completed
504090,12206,2023-09-26,6,1,0.0,35.0,13,Completed
508880,15121,2023-09-26,7,1,0.05,25.65,8,Completed
500740,10449,2023-09-26,10,2,0.1,198.0,108,Completed
507972,18459,2023-09-26,10,3,0.1,297.0,162,Completed
510555,13177,2023-09-26,5,1,0.15,80.75,43,Completed
517394,16374,2023-09-26,6,1,0.0,35.0,13,Cancelled
512239,10937,2023-09-26,1,2,0.0,290.0,158,Completed
511918,13616,2023-09-26,5,1,0.1,85.5,43,Completed
514513,12025,2023-09-26,8,2,0.1,158.4,78,Returned
506877,15553,2023-09-26,4,1,0.1,252.0,155,Completed
515276,11923,2023-09-26,1,4,0.15,493.0,316,Completed
505902,15982,2023-09-26,4,2,0.05,532.0,310,Completed
512339,15941,2023-09-26,7,2,0.0,54.0,16,Completed
517529,18077,2023-09-26,5,2,0.0,190.0,86,Completed
511401,14513,2023-09-26,1,3,0.2,348.0,237,Completed
517062,16988,2023-09-26,9,1,0.2,49.6,28,Completed
506689,11510,2023-09-26,1,2,0.0,290.0,158,Completed
507706,10092,2023-09-26,9,1,0.0,62.0,28,Completed
503406,14413,2023-09-26,10,1,0.05,104.5,54,Completed
504072,17112,2023-09-26,9,1,0.0,62.0,28,Completed
505703,15820,2023-09-26,6,2,0.0,70.0,26,Completed
514286,10556,2023-09-26,9,1,0.05,58.9,28,Completed
502569,13607,2023-09-26,8,1,0.0,88.0,39,Completed
500821,12623,2023-09-27,2,2,0.2,115.2,68,Completed
508930,11217,2023-09-27,5,3,0.0,285.0,129,Completed
512348,11236,2023-09-27,1,2,0.05,275.5,158,Completed
506294,14164,2023-09-27,8,3,0.15,224.4,117,Completed
516567,10816,2023-09-27,6,1,0.05,33.25,13,Completed
502340,12567,2023-09-27,6,1,0.1,31.5,13,Completed
505862,15538,2023-09-27,10,2,0.1,198.0,108,Completed
504690,12190,2023-09-27,9,2,0.2,99.2,56,Completed
515726,13106,2023-09-27,3,2,0.0,96.0,42,Completed
504738,17184,2023-09-27,2,1,0.0,72.0,34,Completed
512327,10472,2023-09-27,6,1,0.15,29.75,13,Completed
504874,12600,2023-09-27,7,1,0.0,27.0,8,Completed
516148,14197,2023-09-27,3,1,0.2,38.4,21,Completed
514746,12922,2023-09-27,2,1,0.1,64.8,34,Completed
505329,15300,2023-09-27,8,2,0.0,176.0,78,Completed
508907,10819,2023-09-27,10,3,0.0,330.0,162,Completed
510429,11854,2023-09-27,3,1,0.1,43.2,21,Completed
512131,10270,2023-09-27,7,1,0.1,24.3,8,Completed
505568,10610,2023-09-27,6,1,0.0,35.0,13,Returned
511474,13861,2023-09-27,3,1,0.1,43.2,21,Completed
502720,11438,2023-09-27,3,1,0.0,48.0,21,Completed
508593,16431,2023-09-27,10,4,0.0,440.0,216,Completed
516842,12967,2023-09-27,1,2,0.15,246.5,158,Completed
506607,13571,2023-09-28,6,2,0.0,70.0,26,Completed
503499,13300,2023-09-28,6,2,0.0,70.0,26,Completed
509521,11272,2023-09-28,8,1,0.1,79.2,39,Completed
505031,16527,2023-09-28,1,2,0.1,261.0,158,Completed
516758,18229,2023-09-28,2,1,0.0,72.0,34,Completed
502080,16797,2023-09-28,2,1,0.05,68.4,34,Completed
507181,11451,2023-09-28,7,3,0.0,81.0,24,Completed
513702,16372,2023-09-28,7,1,0.15,22.95,8,Completed
505656,15258,2023-09-28,10,1,0.0,110.0,54,Completed
501520,14674,2023-09-28,2,1,0.15,61.2,34,Completed
511705,15322,2023-09-28,1,1,0.1,130.5,79,Completed
507818,16006,2023-09-28,5,3,0.05,270.75,129,Completed
510502,11539,2023-09-28,5,2,0.05,180.5,86,Completed
502552,10135,2023-09-28,2,1,0.2,57.6,34,Completed
501195,12869,2023-09-28,10,2,0.0,220.0,108,Completed
511707,14475,2023-09-28,10,1,0.15,93.5,54,Completed
515956,10829,2023-09-28,2,3,0.05,205.2,102,Completed
505414,14540,2023-09-28,1,3,0.1,391.5,237,Completed
506207,12489,2023-09-28,9,1,0.1,55.8,28,Completed
504451,14806,2023-09-28,9,2,0.1,111.6,56,Completed
516448,17876,2023-09-28,3,1,0.0,48.0,21,Returned
514458,10829,2023-09-28,6,1,0.0,35.0,13,Completed
511539,15926,2023-09-28,6,1,0.05,33.25,13,Completed
503726,17237,2023-09-28,5,1,0.0,95.0,43,Completed
516133,11966,2023-09-28,4,3,0.0,840.0,465,Completed
511220,13533,2023-09-28,2,2,0.0,144.0,68,Completed
503826,14151,2023-09-28,3,2,0.05,91.2,42,Completed
517738,17877,2023-09-28,8,3,0.0,264.0,117,Completed
516683,10611,2023-09-28,1,1,0.0,145.0,79,Completed
508459,12619,2023-09-28,10,3,0.0,330.0,162,Completed
511027,13127,2023-09-28,3,3,0.0,144.0,63,Completed
512118,17512,2023-09-28,4,1,0.1,252.0,155,Completed
503841,13381,2023-09-28,5,1,0.2,76.0,43,Completed
503073,14929,2023-09-28,5,2,0.1,171.0,86,Completed
502983,13334,2023-09-29,8,2,0.0,176.0,78,Completed
506745,16193,2023-09-29,5,1,0.1,85.5,43,Completed
511226,16313,2023-09-29,1,2,0.0,290.0,158,Returned
510386,14055,2023-09-29,1,4,0.0,580.0,316,Completed
508561,14415,2023-09-29,3,1,0.1,43.2,21,Completed
504154,15254,2023-09-29,6,1,0.0,35.0,13,Completed
506989,17804,2023-09-29,2,1,0.2,57.6,34,Completed
501332,16726,2023-09-29,10,1,0.0,110.0,54,Completed
510996,17844,2023-09-29,8,1,0.05,83.6,39,Completed
500565,13342,2023-09-29,8,2,0.05,167.2,78,Returned
503157,11863,2023-09-29,6,1,0.0,35.0,13,Completed
511579,12790,2023-09-29,7,1,0.0,27.0,8,Returned
501989,17045,2023-09-29,4,1,0.15,238.0,155,Completed
502800,11531,2023-09-29,5,1,0.1,85.5,43,Completed
513861,13886,2023-09-29,3,1,0.0,48.0,21,Completed
504523,11310,2023-09-29,6,2,0.05,66.5,26,Completed
503647,10155,2023-09-29,5,1,0.1,85.5,43,Completed
514743,13215,2023-09-29,1,1,0.05,137.75,79,Completed
503976,18244,2023-09-29,6,1,0.0,35.0,13,Completed
505939,11603,2023-09-29,7,3,0.0,81.0,24,Completed
500397,16455,2023-09-29,7,1,0.0,27.0,8,Completed
509262,12455,2023-09-29,10,2,0.05,209.0,108,Completed
507708,13257,2023-09-29,9,3,0.0,186.0,84,Completed
507411,17017,2023-09-29,5,1,0.0,95.0,43,Completed
515898,13134,2023-09-29,5,1,0.15,80.75,43,Completed
502274,13435,2023-09-29,2,1,0.15,61.2,34,Completed
510034,11971,2023-09-29,6,1,0.05,33.25,13,Completed
505882,10929,2023-09-29,2,1,0.0,72.0,34,Completed
511923,11396,2023-09-29,3,2,0.05,91.2,42,Completed
511949,14039,2023-09-29,3,1,0.05,45.6,21,Completed
505108,11866,2023-09-29,3,1,0.05,45.6,21,Completed
503712,12451,2023-09-29,2,1,0.15,61.2,34,Completed
502134,10037,2023-09-30,9,2,0.2,99.2,56,Completed
515569,14142,2023-09-30,5,2,0.0,190.0,86,Completed
504688,15032,2023-09-30,9,2,0.0,124.0,56,Completed
512898,16952,2023-09-30,8,1,0.05,83.6,39,Completed
507979,16383,2023-09-30,5,1,0.05,90.25,43,Completed
511376,11041,2023-09-30,10,1,0.0,110.0,54,Completed
502881,16941,2023-09-30,6,2,0.2,56.0,26,Completed
516315,13261,2023-09-30,2,1,0.0,72.0,34,Completed
501184,14838,2023-09-30,1,2,0.0,290.0,158,Completed
500812,11829,2023-09-30,9,1,0.15,52.7,28,Completed
510520,12780,2023-09-30,1,1,0.2,116.0,79,Completed
511612,12927,2023-09-30,5,1,0.05,90.25,43,Completed
513001,12212,2023-09-30,6,1,0.1,31.5,13,Completed
517240,14548,2023-09-30,1,3,0.15,369.75,237,Completed
502365,16635,2023-09-30,1,1,0.0,145.0,79,Completed
517273,13446,2023-09-30,5,1,0.05,90.25,43,Completed
503686,13665,2023-09-30,7,2,0.0,54.0,16,Completed
517821,10432,2023-09-30,8,1,0.2,70.4,39,Completed
509373,13231,2023-09-30,1,3,0.0,435.0,237,Completed
505146,13720,2023-09-30,1,2,0.1,261.0,158,Completed
516243,12344,2023-09-30,2,1,0.0,72.0,34,Completed
507221,11715,2023-09-30,10,1,0.05,104.5,54,Completed
509746,13067,2023-09-30,7,2,0.05,51.3,16,Completed
517953,12314,2023-09-30,5,1,0.05,90.25,43,Completed
513168,11401,2023-09-30,1,1,0.0,145.0,79,Completed
517809,10394,2023-09-30,8,2,0.05,167.2,78,Returned
503481,16444,2023-09-30,2,1,0.0,72.0,34,Completed
505457,12983,2023-09-30,8,1,0.05,83.6,39,Completed
508436,10876,2023-09-30,1,1,0.05,137.75,79,Completed
510505,11144,2023-09-30,5,1,0.0,95.0,43,Cancelled
508718,14672,2023-09-30,5,3,0.05,270.75,129,Completed
500480,12602,2023-10-01,10,1,0.2,88.0,54,Completed
511426,11898,2023-10-01,5,1,0.1,85.5,43,Completed
502396,12557,2023-10-01,1,1,0.0,145.0,79,Completed
510466,10006,2023-10-01,4,2,0.0,560.0,310,Completed
504446,11347,2023-10-01,4,1,0.2,224.0,155,Completed
509324,12139,2023-10-01,8,1,0.15,74.8,39,Completed
508480,11949,2023-10-01,10,2,0.0,220.0,108,Completed
504459,11923,2023-10-01,3,3,0.1,129.6,63,Cancelled
501445,15362,2023-10-01,10,1,0.0,110.0,54,Completed
500385,11855,2023-10-01,9,1,0.0,62.0,28,Completed
516141,14583,2023-10-01,2,2,0.0,144.0,68,Completed
514509,13393,2023-10-01,6,1,0.0,35.0,13,Completed
512605,15189,2023-10-01,5,2,0.0,190.0,86,Completed
517562,13481,2023-10-01,8,1,0.2,70.4,39,Completed
503227,13783,2023-10-01,2,1,0.0,72.0,34,Completed
512790,13848,2023-10-01,3,1,0.2,38.4,21,Completed
513036,17157,2023-10-01,9,2,0.0,124.0,56,Completed
500946,17154,2023-10-01,4,3,0.1,756.0,465,Completed
502678,17119,2023-10-01,1,3,0.0,435.0,237,Completed
507651,16926,2023-10-01,7,1,0.1,24.3,8,Completed
517474,16275,2023-10-01,7,1,0.0,27.0,8,Cancelled
508825,13208,2023-10-01,1,1,0.15,123.25,79,Completed
509023,11844,2023-10-01,4,2,0.15,476.0,310,Completed
505549,10745,2023-10-01,8,2,0.05,167.2,78,Completed
509829,14884,2023-10-01,7,1,0.15,22.95,8,Completed
514025,13904,2023-10-01,6,1,0.0,35.0,13,Completed
513638,17037,2023-10-01,10,2,0.1,198.0,108,Completed
512542,13843,2023-10-01,8,2,0.1,158.4,78,Returned
514303,17300,2023-10-02,9,1,0.1,55.8,28,Completed
516430,10075,2023-10-02,4,1,0.0,280.0,155,Completed
517668,12886,2023-10-02,1,2,0.05,275.5,158,Completed
506288,14323,2023-10-02,6,3,0.2,84.0,39,Completed
503955,15220,2023-10-02,2,1,0.0,72.0,34,Completed
507337,15265,2023-10-02,2,1,0.0,72.0,34,Completed
517795,14825,2023-10-02,7,1,0.0,27.0,8,Completed
508463,15864,2023-10-02,7,1,0.1,24.3,8,Completed
517922,14735,2023-10-02,2,2,0.15,122.4,68,Completed
511142,13701,2023-10-02,1,1,0.15,123.25,79,Completed
517082,14839,2023-10-02,3,1,0.0,48.0,21,Completed
502118,12937,2023-10-02,6,1,0.0,35.0,13,Completed
510786,11702,2023-10-02,2,1,0.0,72.0,34,Completed
510832,16356,2023-10-02,1,1,0.2,116.0,79,Completed
517109,10396,2023-10-02,3,1,0.1,43.2,21,Cancelled
502059,18001,2023-10-02,6,1,0.0,35.0,13,Completed
511332,13340,2023-10-02,1,1,0.0,145.0,79,Completed
514079,11150,2023-10-02,7,2,0.15,45.9,16,Completed
509292,12994,2023-10-02,10,2,0.2,176.0,108,Completed
512000,17856,2023-10-02,8,2,0.0,176.0,78,Completed
507921,13810,2023-10-03,2,1,0.15,61.2,34,Completed
517990,18344,2023-10-03,3,1,0.05,45.6,21,Completed
508047,15242,2023-10-03,5,1,0.05,90.25,43,Completed
508220,11462,2023-10-03,10,1,0.05,104.5,54,Completed
508719,11293,2023-10-03,7,2,0.15,45.9,16,Returned
501774,14424,2023-10-03,2,2,0.0,144.0,68,Completed
510975,10958,2023-10-03,2,1,0.15,61.2,34,Completed
501920,15408,2023-10-03,2,2,0.1,129.6,68,Completed
515258,11938,2023-10-03,5,1,0.05,90.25,43,Completed
517516,13281,2023-10-03,2,1,0.0,72.0,34,Completed
503139,10207,2023-10-03,8,4,0.05,334.4,156,Completed
516226,11628,2023-10-03,8,1,0.2,70.4,39,Completed
516725,12338,2023-10-03,10,1,0.1,99.0,54,Completed
509934,17343,2023-10-03,6,2,0.05,66.5,26,Completed
510070,10789,2023-10-03,1,1,0.2,116.0,79,Completed
509660,12281,2023-10-03,7,3,0.05,76.95,24,Completed
505854,16571,2023-10-03,6,2,0.15,59.5,26,Completed
504123,10689,2023-10-03,7,2,0.0,54.0,16,Completed
501759,14846,2023-10-03,9,1,0.05,58.9,28,Completed
502518,11684,2023-10-03,9,1,0.15,52.7,28,Completed
507021,14416,2023-10-03,1,2,0.05,275.5,158,Completed
502367,11642,2023-10-03,4,1,0.05,266.0,155,Completed
517179,15913,2023-10-03,9,1,0.1,55.8,28,Completed
509483,10604,2023-10-03,1,1,0.05,137.75,79,Completed
510969,14675,2023-10-03,7,2,0.0,54.0,16,Completed
510614,12535,2023-10-03,10,1,0.2,88.0,54,Completed
517339,12984,2023-10-03,1,4,0.0,580.0,316,Completed
507885,14478,2023-10-03,1,1,0.05,137.75,79,Completed
505949,17869,2023-10-03,5,2,0.1,171.0,86,Completed
512441,13056,2023-10-03,6,1,0.0,35.0,13,Completed
517347,13305,2023-10-03,5,1,0.0,95.0,43,Completed
502736,12093,2023-10-03,6,1,0.0,35.0,13,Completed
514130,10123,2023-10-03,4,1,0.0,280.0,155,Completed
505080,13082,2023-10-04,9,3,0.0,186.0,84,Completed
503014,13051,2023-10-04,10,1,0.1,99.0,54,Completed
509323,10734,2023-10-04,8,2,0.1,158.4,78,Completed
501745,15857,2023-10-04,5,1,0.0,95.0,43,Completed
516657,12638,2023-10-04,1,3,0.05,413.25,237,Completed
508912,17332,2023-10-04,3,1,0.0,48.0,21,Completed
505808,10192,2023-10-04,6,1,0.05,33.25,13,Completed
515226,10192,2023-10-04,3,1,0.1,43.2,21,Completed
509113,12727,2023-10-04,4,2,0.1,504.0,310,Completed
500533,13494,2023-10-04,3,1,0.05,45.6,21,Completed
517614,11014,2023-10-04,10,2,0.1,198.0,108,Completed
506451,16745,2023-10-04,6,1,0.0,35.0,13,Completed
505521,13306,2023-10-04,10,2,0.0,220.0,108,Completed
504934,11509,2023-10-04,5,1,0.1,85.5,43,Completed
508944,16364,2023-10-04,8,1,0.0,88.0,39,Completed
505914,14749,2023-10-04,8,2,0.1,158.4,78,Completed
503511,10354,2023-10-04,1,2,0.0,290.0,158,Completed
505772,17530,2023-10-04,6,1,0.2,28.0,13,Completed
509329,11402,2023-10-04,1,2,0.1,261.0,158,Completed
509010,15918,2023-10-04,2,1,0.0,72.0,34,Completed
514369,10837,2023-10-04,3,2,0.0,96.0,42,Completed
503815,15177,2023-10-04,10,1,0.0,110.0,54,Completed
505098,11144,2023-10-04,8,1,0.0,88.0,39,Completed
502676,13918,2023-10-04,2,2,0.1,129.6,68,Completed
502083,14707,2023-10-04,5,1,0.0,95.0,43,Completed
507011,11137,2023-10-04,9,1,0.05,58.9,28,Completed
517581,17776,2023-10-04,5,1,0.0,95.0,43,Completed
500918,17594,2023-10-04,3,1,0.0,48.0,21,Completed
513779,11513,2023-10-04,3,1,0.0,48.0,21,Completed
506944,12001,2023-10-04,2,1,0.0,72.0,34,Completed
515410,12007,2023-10-05,10,1,0.1,99.0,54,Completed
503819,17683,2023-10-05,10,2,0.1,198.0,108,Completed
506588,14892,2023-10-05,8,1,0.2,70.4,39,Completed
513114,14327,2023-10-05,6,1,0.0,35.0,13,Completed
500024,11971,2023-10-05,7,1,0.2,21.6,8,Completed
516340,10332,2023-10-05,2,1,0.05,68.4,34,Completed
509453,10610,2023-10-05,9,1,0.15,52.7,28,Completed
516097,12319,2023-10-05,9,1,0.0,62.0,28,Completed
509817,16953,2023-10-05,3,2,0.0,96.0,42,Completed
508517,12652,2023-10-05,9,2,0.1,111.6,56,Completed
501907,10098,2023-10-05,2,1,0.0,72.0,34,Completed
512575,13869,2023-10-05,3,3,0.0,144.0,63,Completed
516405,10173,2023-10-05,5,1,0.1,85.5,43,Completed
511848,14735,2023-10-05,1,1,0.15,123.25,79,Completed
513414,16803,2023-10-05,9,1,0.05,58.9,28,Completed
512334,10811,2023-10-05,1,3,0.05,413.25,237,Completed
514048,11671,2023-10-05,6,2,0.0,70.0,26,Completed
504798,16031,2023-10-05,5,1,0.0,95.0,43,Completed
512113,10227,2023-10-05,7,1,0.0,27.0,8,Completed
507469,14972,2023-10-05,1,1,0.0,145.0,79,Completed
516486,16341,2023-10-05,9,3,0.0,186.0,84,Completed
516372,15813,2023-10-05,5,2,0.05,180.5,86,Completed
516102,16649,2023-10-05,7,2,0.05,51.3,16,Completed
517151,13065,2023-10-05,10,1,0.05,104.5,54,Completed
517371,13230,2023-10-05,5,1,0.1,85.5,43,Completed
508394,13966,2023-10-05,10,1,0.2,88.0,54,Completed
513274,16764,2023-10-05,6,1,0.05,33.25,13,Completed
511989,18016,2023-10-06,5,2,0.05,180.5,86,Completed
512757,10186,2023-10-06,7,3,0.1,72.9,24,Completed
513156,14971,2023-10-06,7,1,0.0,27.0,8,Completed
501895,16241,2023-10-06,8,1,0.1,79.2,39,Completed
516289,10169,2023-10-06,1,1,0.1,130.5,79,Completed
515261,12994,2023-10-06,8,1,0.1,79.2,39,Completed
504844,11980,2023-10-06,5,2,0.05,180.5,86,Completed
515254,12790,2023-10-06,1,1,0.0,145.0,79,Completed
505128,14519,2023-10-06,2,1,0.0,72.0,34,Completed
513106,12034,2023-10-06,6,1,0.0,35.0,13,Cancelled
505759,14661,2023-10-06,3,3,0.05,136.8,63,Completed
505271,15278,2023-10-06,10,2,0.0,220.0,108,Completed
509198,17343,2023-10-06,8,1,0.1,79.2,39,Completed
516382,15484,2023-10-06,2,2,0.1,129.6,68,Completed
516408,10581,2023-10-06,1,1,0.2,116.0,79,Completed
501412,13673,2023-10-06,5,1,0.1,85.5,43,Completed
514162,10084,2023-10-06,9,2,0.15,105.4,56,Completed
502139,12717,2023-10-06,7,1,0.15,22.95,8,Completed
512710,13668,2023-10-06,6,2,0.0,70.0,26,Completed
500754,10159,2023-10-06,8,2,0.0,176.0,78,Completed
507626,13509,2023-10-06,1,1,0.05,137.75,79,Completed
513398,12171,2023-10-06,3,1,0.0,48.0,21,Completed
510234,12603,2023-10-07,6,1,0.0,35.0,13,Completed
505941,11195,2023-10-07,5,1,0.0,95.0,43,Completed
517153,11325,2023-10-07,3,1,0.05,45.6,21,Completed
502175,17775,2023-10-07,6,1,0.05,33.25,13,Completed
503423,14943,2023-10-07,6,1,0.2,28.0,13,Completed
515291,12320,2023-10-07,2,1,0.05,68.4,34,Completed
506813,10289,2023-10-07,1,1,0.0,145.0,79,Completed
500765,11316,2023-10-07,9,1,0.0,62.0,28,Completed
503434,15291,2023-10-07,7,3,0.0,81.0,24,Completed
511135,18184,2023-10-07,5,1,0.0,95.0,43,Completed
503951,10524,2023-10-07,4,2,0.1,504.0,310,Completed
503330,15875,2023-10-07,2,2,0.1,129.6,68,Completed
510415,11314,2023-10-07,1,3,0.1,391.5,237,Completed
500504,10210,2023-10-07,3,1,0.1,43.2,21,Completed
509794,15984,2023-10-07,9,2,0.1,111.6,56,Completed
500632,12161,2023-10-07,8,1,0.0,88.0,39,Completed
516009,16843,2023-10-07,4,2,0.1,504.0,310,Completed
514191,16875,2023-10-07,3,1,0.05,45.6,21,Completed
502585,13646,2023-10-07,5,1,0.05,90.25,43,Completed
515728,10102,2023-10-07,7,1,0.05,25.65,8,Completed
512878,13680,2023-10-07,6,1,0.0,35.0,13,Completed
509104,11943,2023-10-07,8,3,0.1,237.6,117,Completed
507704,11371,2023-10-07,1,1,0.1,130.5,79,Returned
505750,17320,2023-10-07,3,1,0.0,48.0,21,Completed
509245,13180,2023-10-07,1,1,0.1,130.5,79,Completed
510729,12945,2023-10-07,3,1,0.05,45.6,21,Completed
508490,12940,2023-10-07,3,4,0.15,163.2,84,Completed
503025,13317,2023-10-07,1,1,0.1,130.5,79,Completed
512903,17932,2023-10-07,9,1,0.0,62.0,28,Completed
514814,13425,2023-10-07,7,2,0.05,51.3,16,Completed
509067,10990,2023-10-07,1,2,0.1,261.0,158,Completed
513506,11713,2023-10-07,2,1,0.0,72.0,34,Completed
504355,12196,2023-10-07,5,2,0.05,180.5,86,Returned
503543,18103,2023-10-07,10,2,0.1,198.0,108,Completed
503813,10303,2023-10-07,4,1,0.0,280.0,155,Completed
513579,10541,2023-10-07,9,1,0.05,58.9,28,Completed
504994,14803,2023-10-07,6,2,0.05,66.5,26,Completed
511720,15994,2023-10-07,5,1,0.2,76.0,43,Completed
517438,12680,2023-10-07,2,1,0.0,72.0,34,Completed
511219,10561,2023-10-07,8,1,0.0,88.0,39,Completed
502482,11247,2023-10-07,6,1,0.05,33.25,13,Completed
503376,10765,2023-10-08,2,4,0.0,288.0,136,Completed
500714,10100,2023-10-08,3,1,0.0,48.0,21,Completed
512323,16165,2023-10-08,4,1,0.05,266.0,155,Completed
508171,11093,2023-10-08,8,1,0.0,88.0,39,Completed
512599,10848,2023-10-08,8,1,0.05,83.6,39,Completed
516421,10087,2023-10-08,2,1,0.05,68.4,34,Completed
505587,12308,2023-10-08,1,1,0.0,145.0,79,Returned
503582,10849,2023-10-08,10,1,0.0,110.0,54,Completed
501161,12784,2023-10-08,2,1,0.0,72.0,34,Completed
506958,18012,2023-10-08,10,2,0.0,220.0,108,Completed
503658,13608,2023-10-08,6,2,0.05,66.5,26,Completed
510995,14892,2023-10-08,1,2,0.0,290.0,158,Completed
504391,13456,2023-10-08,2,1,0.0,72.0,34,Completed
514772,14269,2023-10-08,8,2,0.0,176.0,78,Completed
515121,12762,2023-10-08,8,1,0.0,88.0,39,Completed
511685,15408,2023-10-08,1,1,0.0,145.0,79,Completed
516749,15728,2023-10-08,5,1,0.0,95.0,43,Completed
515961,17541,2023-10-08,6,2,0.0,70.0,26,Completed
502587,12701,2023-10-08,1,1,0.0,145.0,79,Completed
506940,15886,2023-10-08,3,3,0.05,136.8,63,Completed
508493,14312,2023-10-08,8,1,0.15,74.8,39,Completed
517742,11981,2023-10-08,4,1,0.1,252.0,155,Completed
503123,12398,2023-10-08,7,2,0.0,54.0,16,Completed
513423,12680,2023-10-08,6,1,0.1,31.5,13,Completed
507847,10377,2023-10-08,9,1,0.1,55.8,28,Completed
505809,15921,2023-10-08,4,1,0.1,252.0,155,Completed
500325,15533,2023-10-09,9,2,0.05,117.8,56,Completed
509062,15569,2023-10-09,5,1,0.05,90.25,43,Completed
512082,14617,2023-10-09,9,2,0.2,99.2,56,Completed
517132,13954,2023-10-09,8,3,0.05,250.8,117,Completed
503886,13468,2023-10-09,4,1,0.05,266.0,155,Completed
500867,12913,2023-10-09,7,2,0.05,51.3,16,Cancelled
500317,14086,2023-10-09,9,2,0.15,105.4,56,Completed
502402,13922,2023-10-09,4,1,0.1,252.0,155,Completed
515035,12399,2023-10-09,1,2,0.1,261.0,158,Completed
501100,14973,2023-10-09,1,2,0.0,290.0,158,Completed
505393,10665,2023-10-09,7,1,0.05,25.65,8,Completed
508113,12455,2023-10-09,9,1,0.0,62.0,28,Completed
516670,10991,2023-10-09,1,1,0.0,145.0,79,Returned
503354,13078,2023-10-09,4,1,0.0,280.0,155,Completed
503907,11509,2023-10-09,8,1,0.1,79.2,39,Completed
515595,13872,2023-10-09,8,1,0.0,88.0,39,Completed
508014,14497,2023-10-09,6,2,0.05,66.5,26,Completed
515396,12804,2023-10-09,9,1,0.2,49.6,28,Completed
509356,14262,2023-10-09,9,1,0.1,55.8,28,Completed
513053,18061,2023-10-09,8,1,0.0,88.0,39,Completed
510289,10950,2023-10-09,9,1,0.15,52.7,28,Completed
504429,13966,2023-10-09,3,1,0.0,48.0,21,Cancelled
507369,16691,2023-10-09,10,1,0.0,110.0,54,Completed
513132,17068,2023-10-10,4,3,0.0,840.0,465,Completed
505099,11225,2023-10-10,1,2,0.0,290.0,158,Completed
517009,12304,2023-10-10,9,1,0.0,62.0,28,Completed
501222,11739,2023-10-10,9,3,0.0,186.0,84,Completed
506891,10775,2023-10-10,9,2,0.05,117.8,56,Completed
504836,11827,2023-10-10,1,1,0.0,145.0,79,Completed
500826,13061,2023-10-10,5,1,0.05,90.25,43,Completed
513026,12561,2023-10-10,3,1,0.1,43.2,21,Completed
512491,10028,2023-10-10,1,2,0.1,261.0,158,Completed
500845,15802,2023-10-10,5,1,0.2,76.0,43,Completed
505956,10585,2023-10-10,8,1,0.1,79.2,39,Completed
510236,15731,2023-10-10,5,1,0.2,76.0,43,Completed
505072,11938,2023-10-10,7,2,0.0,54.0,16,Completed
511725,11296,2023-10-10,1,2,0.05,275.5,158,Completed
510347,13905,2023-10-10,6,2,0.0,70.0,26,Completed
512420,14673,2023-10-10,9,2,0.0,124.0,56,Completed
505324,11893,2023-10-10,2,1,0.05,68.4,34,Completed
512219,16514,2023-10-10,1,1,0.0,145.0,79,Completed
513693,13947,2023-10-10,6,1,0.2,28.0,13,Completed
508660,14639,2023-10-10,6,1,0.15,29.75,13,Completed
510061,14377,2023-10-10,7,2,0.0,54.0,16,Completed
504919,16526,2023-10-10,1,1,0.05,137.75,79,Completed
509301,12655,2023-10-10,6,1,0.2,28.0,13,Completed
515935,11505,2023-10-10,4,1,0.1,252.0,155,Cancelled
516589,15706,2023-10-10,10,1,0.0,110.0,54,Completed
501785,13630,2023-10-10,10,2,0.0,220.0,108,Completed
514606,10954,2023-10-10,8,1,0.0,88.0,39,Completed
514611,12095,2023-10-10,9,1,0.0,62.0,28,Completed
503228,15385,2023-10-10,7,2,0.1,48.6,16,Completed
510875,16817,2023-10-10,8,1,0.05,83.6,39,Completed
509031,14940,2023-10-10,5,1,0.0,95.0,43,Completed
508377,15796,2023-10-11,3,1,0.0,48.0,21,Completed
503557,13998,2023-10-11,5,2,0.1,171.0,86,Completed
516738,13267,2023-10-11,9,1,0.1,55.8,28,Completed
503645,11971,2023-10-11,9,1,0.05,58.9,28,Completed
512656,14671,2023-10-11,8,1,0.05,83.6,39,Completed
502819,10037,2023-10-11,6,1,0.0,35.0,13,Returned
510784,11584,2023-10-11,10,3,0.0,330.0,162,Completed
511909,11086,2023-10-11,1,1,0.05,137.75,79,Completed
501547,18171,2023-10-11,8,4,0.15,299.2,156,Completed
507009,11560,2023-10-11,3,1,0.1,43.2,21,Completed
501509,13506,2023-10-11,4,2,0.0,560.0,310,Returned
501578,10454,2023-10-11,2,2,0.0,144.0,68,Completed
510962,16247,2023-10-11,2,3,0.05,205.2,102,Completed
507709,10018,2023-10-11,6,1,0.0,35.0,13,Completed
508651,14319,2023-10-11,1,4,0.0,580.0,316,Completed
500453,13536,2023-10-11,2,1,0.1,64.8,34,Completed
511414,12893,2023-10-11,8,1,0.0,88.0,39,Completed
512783,12441,2023-10-11,4,1,0.15,238.0,155,Completed
504642,11912,2023-10-11,7,2,0.0,54.0,16,Completed
510895,15441,2023-10-11,5,1,0.05,90.25,43,Completed
501502,14785,2023-10-11,8,2,0.1,158.4,78,Completed
500151,13807,2023-10-11,5,4,0.0,380.0,172,Returned
508002,13144,2023-10-11,2,2,0.2,115.2,68,Returned
502077,18449,2023-10-11,5,1,0.1,85.5,43,Completed
504536,14312,2023-10-11,5,1,0.1,85.5,43,Returned
513393,10444,2023-10-11,4,2,0.0,560.0,310,Completed
506406,12189,2023-10-11,9,3,0.05,176.7,84,Completed
506010,17826,2023-10-11,1,3,0.05,413.25,237,Completed
511359,12993,2023-10-11,3,1,0.1,43.2,21,Completed
509828,15303,2023-10-11,6,2,0.0,70.0,26,Completed
515594,13608,2023-10-11,5,4,0.0,380.0,172,Completed
509372,11360,2023-10-11,10,1,0.05,104.5,54,Completed
500901,16367,2023-10-11,6,1,0.0,35.0,13,Completed
517308,15734,2023-10-11,4,1,0.0,280.0,155,Completed
500051,10433,2023-10-11,4,1,0.05,266.0,155,Completed
508922,17101,2023-10-11,5,1,0.0,95.0,43,Completed
511517,11548,2023-10-11,5,2,0.0,190.0,86,Completed
510476,13581,2023-10-11,5,1,0.0,95.0,43,Completed
504368,18175,2023-10-11,2,2,0.0,144.0,68,Completed
514472,12257,2023-10-11,2,1,0.0,72.0,34,Completed
510417,11794,2023-10-11,3,2,0.0,96.0,42,Completed
504357,15394,2023-10-11,1,1,0.05,137.75,79,Completed
501362,10531,2023-10-12,9,2,0.2,99.2,56,Completed
501114,15919,2023-10-12,7,1,0.1,24.3,8,Completed
516508,13656,2023-10-12,9,1,0.1,55.8,28,Completed
506755,18024,2023-10-12,8,2,0.0,176.0,78,Completed
501835,10428,2023-10-12,6,1,0.1,31.5,13,Completed
511697,17880,2023-10-12,6,2,0.0,70.0,26,Completed
517098,13349,2023-10-12,1,1,0.2,116.0,79,Completed
510748,17666,2023-10-12,3,1,0.0,48.0,21,Completed
503049,11125,2023-10-12,6,1,0.05,33.25,13,Completed
517338,16533,2023-10-12,9,1,0.0,62.0,28,Completed
503854,11323,2023-10-12,8,1,0.1,79.2,39,Completed
513494,13751,2023-10-12,6,1,0.05,33.25,13,Completed
517083,15714,2023-10-12,8,1,0.05,83.6,39,Completed
515141,11241,2023-10-12,9,2,0.15,105.4,56,Completed
500311,11319,2023-10-12,1,1,0.05,137.75,79,Completed
513969,10558,2023-10-12,8,1,0.0,88.0,39,Completed
515072,16721,2023-10-12,7,1,0.05,25.65,8,Completed
504893,10744,2023-10-12,4,2,0.05,532.0,310,Completed
514588,12038,2023-10-12,7,4,0.1,97.2,32,Completed
513697,14113,2023-10-12,8,2,0.0,176.0,78,Completed
513941,14426,2023-10-13,3,3,0.0,144.0,63,Completed
500623,12211,2023-10-13,8,1,0.05,83.6,39,Completed
500986,11944,2023-10-13,1,1,0.1,130.5,79,Completed
509014,11400,2023-10-13,5,1,0.15,80.75,43,Completed
502279,14280,2023-10-13,10,1,0.05,104.5,54,Completed
516010,11650,2023-10-13,4,4,0.0,1120.0,620,Completed
500967,15731,2023-10-13,6,1,0.0,35.0,13,Completed
506289,12793,2023-10-13,7,1,0.05,25.65,8,Completed
504478,13454,2023-10-13,7,1,0.15,22.95,8,Completed
501279,10353,2023-10-13,6,1,0.05,33.25,13,Completed
505058,15186,2023-10-13,1,1,0.0,145.0,79,Completed
513218,17739,2023-10-13,4,1,0.0,280.0,155,Completed
513383,17182,2023-10-13,3,2,0.0,96.0,42,Completed
516410,13463,2023-10-13,7,1,0.1,24.3,8,Completed
516753,11024,2023-10-13,2,1,0.0,72.0,34,Completed
516456,10362,2023-10-13,10,1,0.0,110.0,54,Completed
508549,12576,2023-10-13,9,4,0.05,235.6,112,Completed
515437,11578,2023-10-13,8,3,0.1,237.6,117,Completed
514163,14701,2023-10-13,4,1,0.15,238.0,155,Completed
514942,13917,2023-10-13,1,1,0.2,116.0,79,Completed
510805,10080,2023-10-13,9,1,0.0,62.0,28,Completed
517693,12800,2023-10-13,6,1,0.0,35.0,13,Cancelled
509040,10093,2023-10-13,10,1,0.0,110.0,54,Completed
505735,17000,2023-10-13,7,1,0.1,24.3,8,Completed
514160,16826,2023-10-13,7,2,0.0,54.0,16,Completed
507564,10924,2023-10-13,1,1,0.0,145.0,79,Completed
507115,16891,2023-10-14,4,2,0.0,560.0,310,Completed
508261,11007,2023-10-14,3,1,0.2,38.4,21,Completed
517493,17917,2023-10-14,10,3,0.05,313.5,162,Completed
506185,12510,2023-10-14,1,3,0.1,391.5,237,Cancelled
515340,14143,2023-10-14,5,1,0.1,85.5,43,Completed
515631,10035,2023-10-14,3,1,0.0,48.0,21,Completed
512289,17652,2023-10-14,2,2,0.1,129.6,68,Completed
510127,17676,2023-10-14,10,1,0.15,93.5,54,Completed
503924,18233,2023-10-14,1,3,0.0,435.0,237,Completed
500214,17398,2023-10-14,4,2,0.05,532.0,310,Completed
501199,10721,2023-10-14,1,4,0.15,493.0,316,Completed
509369,17227,2023-10-14,10,1,0.05,104.5,54,Completed
511512,12494,2023-10-14,5,1,0.1,85.5,43,Completed
510344,16860,2023-10-14,7,1,0.05,25.65,8,Completed
503827,12320,2023-10-14,8,2,0.0,176.0,78,Completed
501743,15919,2023-10-14,7,1,0.15,22.95,8,Completed
509079,12735,2023-10-14,6,1,0.0,35.0,13,Completed
501632,17762,2023-10-14,2,1,0.1,64.8,34,Completed
500275,15789,2023-10-14,2,1,0.0,72.0,34,Completed
516704,12356,2023-10-14,7,1,0.05,25.65,8,Completed
514346,10049,2023-10-14,2,4,0.0,288.0,136,Completed
508426,13572,2023-10-14,4,1,0.05,266.0,155,Completed
502349,16491,2023-10-14,9,2,0.05,117.8,56,Returned
504769,13057,2023-10-14,1,4,0.05,551.0,316,Completed
510346,16583,2023-10-14,4,2,0.2,448.0,310,Completed
505698,14103,2023-10-14,1,1,0.1,130.5,79,Completed
513942,13985,2023-10-14,7,2,0.0,54.0,16,Completed
511317,14520,2023-10-14,1,1,0.0,145.0,79,Completed
503733,14312,2023-10-14,10,2,0.0,220.0,108,Completed
506591,15935,2023-10-14,6,1,0.1,31.5,13,Completed
508406,14705,2023-10-14,5,1,0.0,95.0,43,Completed
513147,15265,2023-10-14,8,1,0.0,88.0,39,Completed
500988,10830,2023-10-15,6,1,0.1,31.5,13,Completed
506139,18224,2023-10-15,9,2,0.1,111.6,56,Completed
508274,11993,2023-10-15,1,2,0.0,290.0,158,Completed
505136,16656,2023-10-15,2,1,0.0,72.0,34,Completed
515448,12964,2023-10-15,2,1,0.05,68.4,34,Completed
507639,14337,2023-10-15,5,1,0.05,90.25,43,Completed
509831,15309,2023-10-15,8,3,0.1,237.6,117,Completed
506966,12343,2023-10-15,7,1,0.0,27.0,8,Cancelled
507004,11334,2023-10-15,5,1,0.0,95.0,43,Completed
515145,10187,2023-10-15,6,4,0.0,140.0,52,Completed
507125,13169,2023-10-15,8,1,0.0,88.0,39,Completed
517635,17552,2023-10-15,3,1,0.1,43.2,21,Completed
514567,12826,2023-10-15,2,2,0.0,144.0,68,Completed
512664,16911,2023-10-15,9,1,0.0,62.0,28,Completed
514529,13380,2023-10-15,10,1,0.05,104.5,54,Completed
505215,14592,2023-10-15,5,1,0.0,95.0,43,Completed
507916,11004,2023-10-15,3,1,0.1,43.2,21,Returned
504129,13079,2023-10-15,5,1,0.0,95.0,43,Completed
516174,17937,2023-10-15,6,1,0.1,31.5,13,Completed
516816,16582,2023-10-15,3,1,0.2,38.4,21,Completed
514240,13881,2023-10-15,6,2,0.0,70.0,26,Completed
500270,16913,2023-10-15,9,2,0.15,105.4,56,Completed
510271,13985,2023-10-15,1,2,0.1,261.0,158,Completed
511058,11286,2023-10-15,8,3,0.1,237.6,117,Cancelled
510986,14131,2023-10-15,1,1,0.15,123.25,79,Completed
507016,13628,2023-10-15,5,1,0.05,90.25,43,Completed
512872,11097,2023-10-15,5,2,0.05,180.5,86,Completed
508249,10867,2023-10-15,5,1,0.0,95.0,43,Completed
507239,14604,2023-10-15,3,3,0.05,136.8,63,Completed
516453,11696,2023-10-16,7,1,0.2,21.6,8,Completed
514835,14386,2023-10-16,3,1,0.0,48.0,21,Completed
502165,15698,2023-10-16,5,3,0.0,285.0,129,Completed
508042,10433,2023-10-16,8,2,0.0,176.0,78,Completed
506533,10502,2023-10-16,10,1,0.0,110.0,54,Returned
501316,10305,2023-10-16,10,3,0.0,330.0,162,Completed
506738,14955,2023-10-16,1,1,0.05,137.75,79,Returned
516258,12195,2023-10-16,3,1,0.0,48.0,21,Completed
509334,14254,2023-10-16,9,1,0.05,58.9,28,Cancelled
506631,17380,2023-10-16,10,1,0.0,110.0,54,Completed
515070,10995,2023-10-16,7,1,0.0,27.0,8,Completed
507925,17104,2023-10-16,2,3,0.1,194.4,102,Completed
516528,11004,2023-10-16,9,1,0.05,58.9,28,Completed
500136,11560,2023-10-16,9,1,0.0,62.0,28,Completed
506240,17459,2023-10-16,9,1,0.1,55.8,28,Completed
512767,18067,2023-10-16,3,2,0.0,96.0,42,Completed
507344,15338,2023-10-16,10,1,0.0,110.0,54,Completed
510268,13030,2023-10-16,2,1,0.0,72.0,34,Completed
502090,16244,2023-10-16,1,1,0.15,123.25,79,Completed
503852,13259,2023-10-16,8,3,0.15,224.4,117,Completed
501024,11040,2023-10-16,2,1,0.15,61.2,34,Completed
512582,12098,2023-10-16,6,1,0.2,28.0,13,Completed
510100,10492,2023-10-16,2,3,0.05,205.2,102,Completed
510054,12136,2023-10-16,9,2,0.1,111.6,56,Completed
509312,15078,2023-10-16,5,3,0.15,242.25,129,Completed
506066,11375,2023-10-16,1,1,0.0,145.0,79,Completed
517002,12370,2023-10-16,5,2,0.0,190.0,86,Completed
507275,11502,2023-10-16,3,1,0.0,48.0,21,Completed
503381,15008,2023-10-16,2,1,0.0,72.0,34,Completed
512823,12033,2023-10-16,3,1,0.0,48.0,21,Completed
510255,11087,2023-10-16,6,1,0.0,35.0,13,Completed
503774,11987,2023-10-16,7,1,0.1,24.3,8,Completed
508778,14334,2023-10-16,5,3,0.0,285.0,129,Completed
504264,12081,2023-10-16,10,2,0.1,198.0,108,Completed
502441,12651,2023-10-17,6,2,0.15,59.5,26,Completed
514696,10644,2023-10-17,10,1,0.0,110.0,54,Completed
513619,12509,2023-10-17,4,1,0.15,238.0,155,Completed
516154,12017,2023-10-17,7,1,0.05,25.65,8,Completed
503237,16421,2023-10-17,1,1,0.0,145.0,79,Completed
500976,11703,2023-10-17,6,1,0.05,33.25,13,Completed
502928,14559,2023-10-17,3,1,0.05,45.6,21,Completed
501926,17341,2023-10-17,5,2,0.1,171.0,86,Completed
512658,11809,2023-10-17,7,1,0.2,21.6,8,Completed
515722,14975,2023-10-17,10,1,0.05,104.5,54,Completed
500130,17157,2023-10-17,7,4,0.1,97.2,32,Completed
516242,13541,2023-10-17,8,2,0.1,158.4,78,Completed
502351,17661,2023-10-17,9,2,0.0,124.0,56,Completed
502320,11062,2023-10-17,1,1,0.2,116.0,79,Completed
516217,13905,2023-10-17,10,1,0.05,104.5,54,Completed
509035,10155,2023-10-17,8,1,0.15,74.8,39,Completed
507479,15549,2023-10-17,7,1,0.0,27.0,8,Completed
503484,13817,2023-10-17,7,1,0.1,24.3,8,Completed
501006,16656,2023-10-17,1,1,0.05,137.75,79,Completed
508424,15574,2023-10-17,3,3,0.0,144.0,63,Completed
511940,11552,2023-10-17,2,1,0.0,72.0,34,Completed
502801,11589,2023-10-17,7,1,0.1,24.3,8,Completed
502433,13607,2023-10-17,7,3,0.05,76.95,24,Completed
500178,16024,2023-10-17,4,2,0.0,560.0,310,Completed
512252,11465,2023-10-17,3,1,0.0,48.0,21,Completed
504633,10256,2023-10-17,7,3,0.05,76.95,24,Completed
504052,13843,2023-10-17,1,3,0.0,435.0,237,Completed
516687,14384,2023-10-17,10,1,0.0,110.0,54,Completed
510107,14318,2023-10-17,1,1,0.05,137.75,79,Completed
507068,13601,2023-10-17,5,2,0.1,171.0,86,Completed
507472,10731,2023-10-17,7,2,0.1,48.6,16,Completed
511398,18091,2023-10-18,6,1,0.0,35.0,13,Completed
517865,14786,2023-10-18,3,1,0.1,43.2,21,Completed
516206,12760,2023-10-18,1,1,0.0,145.0,79,Completed
506700,11553,2023-10-18,7,1,0.0,27.0,8,Returned
510290,10579,2023-10-18,6,1,0.05,33.25,13,Completed
504563,14223,2023-10-18,5,1,0.05,90.25,43,Completed
506735,13191,2023-10-18,2,1,0.1,64.8,34,Completed
507117,15008,2023-10-18,3,1,0.05,45.6,21,Completed
513601,10585,2023-10-18,2,1,0.0,72.0,34,Completed
505363,11023,2023-10-18,5,1,0.05,90.25,43,Completed
514672,10696,2023-10-18,2,4,0.15,244.8,136,Completed
511434,15148,2023-10-18,9,2,0.1,111.6,56,Completed
512313,15049,2023-10-18,6,1,0.1,31.5,13,Completed
511997,13604,2023-10-18,2,1,0.0,72.0,34,Completed
517186,14696,2023-10-18,10,1,0.0,110.0,54,Completed
502941,15620,2023-10-18,1,1,0.1,130.5,79,Completed
517117,16586,2023-10-18,7,2,0.05,51.3,16,Completed
513002,10844,2023-10-18,4,1,0.0,280.0,155,Completed
502999,13818,2023-10-18,9,1,0.0,62.0,28,Completed
517177,17058,2023-10-18,1,1,0.2,116.0,79,Completed
513864,14012,2023-10-18,10,1,0.2,88.0,54,Completed
515903,16829,2023-10-18,1,3,0.05,413.25,237,Completed
517031,15614,2023-10-18,7,2,0.05,51.3,16,Completed
515465,14179,2023-10-18,2,1,0.1,64.8,34,Completed
515638,10829,2023-10-18,7,4,0.15,91.8,32,Completed
508296,14754,2023-10-18,5,2,0.0,190.0,86,Completed
514169,18287,2023-10-18,7,1,0.05,25.65,8,Completed
503159,16352,2023-10-18,5,2,0.15,161.5,86,Completed
516455,17999,2023-10-18,8,1,0.1,79.2,39,Completed
500823,14866,2023-10-18,2,1,0.05,68.4,34,Completed
502443,13702,2023-10-18,8,1,0.1,79.2,39,Completed
507051,13920,2023-10-18,2,1,0.0,72.0,34,Completed
516021,11008,2023-10-18,1,1,0.15,123.25,79,Completed
510946,10112,2023-10-18,9,1,0.0,62.0,28,Completed
504063,11987,2023-10-19,1,1,0.0,145.0,79,Completed
508577,12081,2023-10-19,2,1,0.05,68.4,34,Completed
517654,14920,2023-10-19,3,2,0.05,91.2,42,Completed
509959,10610,2023-10-19,7,2,0.05,51.3,16,Completed
511993,11772,2023-10-19,9,3,0.1,167.4,84,Completed
513768,15751,2023-10-19,9,1,0.0,62.0,28,Completed
515566,11716,2023-10-19,5,2,0.1,171.0,86,Completed
505040,11160,2023-10-19,7,1,0.0,27.0,8,Completed
503390,12091,2023-10-19,4,1,0.0,280.0,155,Returned
516853,12610,2023-10-19,6,1,0.2,28.0,13,Completed
509544,10059,2023-10-19,3,2,0.0,96.0,42,Completed
513403,10740,2023-10-19,5,1,0.0,95.0,43,Completed
510697,13331,2023-10-19,8,1,0.1,79.2,39,Completed
506189,13514,2023-10-19,5,1,0.0,95.0,43,Completed
506326,16062,2023-10-19,7,1,0.05,25.65,8,Completed
512178,15859,2023-10-19,9,3,0.0,186.0,84,Completed
505060,15010,2023-10-19,2,1,0.0,72.0,34,Completed
504103,15744,2023-10-19,8,2,0.05,167.2,78,Completed
506580,16454,2023-10-19,2,1,0.05,68.4,34,Cancelled
506409,16549,2023-10-19,10,1,0.15,93.5,54,Completed
500057,16292,2023-10-19,8,1,0.1,79.2,39,Completed
516868,17039,2023-10-19,8,1,0.0,88.0,39,Completed
503882,17486,2023-10-19,7,2,0.15,45.9,16,Completed
512701,10279,2023-10-19,5,2,0.1,171.0,86,Completed
516124,16781,2023-10-19,8,1,0.0,88.0,39,Completed
516972,14236,2023-10-19,4,1,0.0,280.0,155,Completed
515172,17245,2023-10-19,7,2,0.0,54.0,16,Completed
511003,11480,2023-10-19,5,1,0.05,90.25,43,Completed
511394,10871,2023-10-19,2,1,0.2,57.6,34,Completed
515794,12273,2023-10-19,9,4,0.0,248.0,112,Completed
516035,14747,2023-10-19,7,3,0.2,64.8,24,Completed
503316,10271,2023-10-20,8,1,0.0,88.0,39,Completed
507179,15343,2023-10-20,2,3,0.0,216.0,102,Completed
517324,14426,2023-10-20,3,1,0.0,48.0,21,Completed
514847,11546,2023-10-20,4,2,0.0,560.0,310,Completed
515856,11375,2023-10-20,3,1,0.2,38.4,21,Completed
506504,10828,2023-10-20,10,2,0.0,220.0,108,Completed
506377,10988,2023-10-20,4,1,0.2,224.0,155,Completed
501293,14127,2023-10-20,7,1,0.05,25.65,8,Completed
507082,11041,2023-10-20,7,1,0.0,27.0,8,Completed
506688,12774,2023-10-20,1,1,0.0,145.0,79,Completed
508218,14678,2023-10-20,2,4,0.0,288.0,136,Completed
510299,10716,2023-10-20,7,2,0.15,45.9,16,Completed
504535,15283,2023-10-20,5,1,0.0,95.0,43,Completed
516334,10553,2023-10-20,2,3,0.0,216.0,102,Completed
506124,15708,2023-10-20,10,2,0.0,220.0,108,Completed
505682,15203,2023-10-20,3,2,0.0,96.0,42,Completed
513916,12848,2023-10-20,3,1,0.2,38.4,21,Completed
517680,14202,2023-10-20,10,2,0.0,220.0,108,Completed
501939,13889,2023-10-20,3,1,0.1,43.2,21,Completed
500300,13540,2023-10-20,9,1,0.1,55.8,28,Returned
507614,17350,2023-10-20,2,1,0.05,68.4,34,Completed
514106,11603,2023-10-20,6,1,0.1,31.5,13,Completed
510190,17294,2023-10-20,5,2,0.0,190.0,86,Completed
511886,11130,2023-10-20,5,1,0.15,80.75,43,Completed
505242,13194,2023-10-20,5,1,0.0,95.0,43,Completed
509947,14148,2023-10-20,8,1,0.05,83.6,39,Completed
505156,15723,2023-10-20,3,1,0.05,45.6,21,Completed
513488,14491,2023-10-20,1,1,0.2,116.0,79,Completed
504665,11607,2023-10-20,3,1,0.0,48.0,21,Completed
511637,12522,2023-10-21,8,2,0.1,158.4,78,Completed
502469,11734,2023-10-21,3,1,0.0,48.0,21,Completed
503379,14186,2023-10-21,6,1,0.05,33.25,13,Completed
504708,14830,2023-10-21,9,2,0.0,124.0,56,Completed
516731,13418,2023-10-21,9,3,0.0,186.0,84,Completed
516864,17150,2023-10-21,1,1,0.2,116.0,79,Completed
504134,10474,2023-10-21,10,1,0.0,110.0,54,Completed
503356,11646,2023-10-21,9,3,0.0,186.0,84,Completed
508695,14730,2023-10-21,3,1,0.0,48.0,21,Completed
507868,10687,2023-10-21,4,1,0.2,224.0,155,Completed
514518,10690,2023-10-21,10,1,0.05,104.5,54,Completed
502442,15282,2023-10-21,3,1,0.0,48.0,21,Completed
501599,16315,2023-10-21,5,1,0.0,95.0,43,Completed
513068,10668,2023-10-21,4,1,0.0,280.0,155,Completed
511102,12838,2023-10-21,9,1,0.0,62.0,28,Completed
510603,14228,2023-10-21,2,1,0.1,64.8,34,Completed
511460,11314,2023-10-21,5,2,0.0,190.0,86,Completed
514504,17295,2023-10-21,2,1,0.15,61.2,34,Completed
517492,12701,2023-10-21,5,3,0.1,256.5,129,Completed
516111,10605,2023-10-21,2,1,0.1,64.8,34,Completed
507771,14703,2023-10-21,9,1,0.05,58.9,28,Completed
513190,11608,2023-10-21,6,1,0.05,33.25,13,Cancelled
514374,16966,2023-10-21,5,2,0.05,180.5,86,Completed
514348,17789,2023-10-21,10,1,0.05,104.5,54,Returned
506465,11595,2023-10-21,10,1,0.05,104.5,54,Cancelled
501798,12444,2023-10-21,6,1,0.0,35.0,13,Completed
509236,11926,2023-10-21,2,1,0.0,72.0,34,Completed
514695,17844,2023-10-21,9,2,0.0,124.0,56,Completed
513982,17755,2023-10-21,6,1,0.1,31.5,13,Completed
505013,13098,2023-10-21,4,1,0.15,238.0,155,Completed
511541,10681,2023-10-21,3,4,0.15,163.2,84,Completed
502547,13656,2023-10-21,3,1,0.0,48.0,21,Completed
501853,15538,2023-10-21,4,3,0.15,714.0,465,Completed
514030,13879,2023-10-21,8,1,0.1,79.2,39,Completed
505046,15107,2023-10-21,6,3,0.0,105.0,39,Completed
503218,17254,2023-10-21,10,1,0.05,104.5,54,Completed
505451,10362,2023-10-21,1,1,0.0,145.0,79,Completed
508234,16476,2023-10-21,4,3,0.15,714.0,465,Completed
507090,13474,2023-10-21,3,1,0.05,45.6,21,Completed
503335,13396,2023-10-21,1,1,0.0,145.0,79,Completed
515819,17171,2023-10-22,4,1,0.15,238.0,155,Completed
510914,13721,2023-10-22,6,1,0.0,35.0,13,Completed
509319,15581,2023-10-22,7,1,0.0,27.0,8,Completed
510438,16722,2023-10-22,9,1,0.0,62.0,28,Completed
513769,15663,2023-10-22,8,1,0.0,88.0,39,Completed
504219,11281,2023-10-22,2,2,0.0,144.0,68,Completed
505126,11952,2023-10-22,3,1,0.15,40.8,21,Completed
503812,18405,2023-10-22,8,1,0.05,83.6,39,Completed
503639,11375,2023-10-22,6,2,0.05,66.5,26,Completed
504502,11461,2023-10-22,6,3,0.0,105.0,39,Completed
508492,14184,2023-10-22,5,1,0.0,95.0,43,Completed
503697,10370,2023-10-22,8,1,0.15,74.8,39,Completed
510679,11599,2023-10-22,4,1,0.0,280.0,155,Completed
512580,10364,2023-10-22,10,2,0.1,198.0,108,Completed
508203,14450,2023-10-22,1,2,0.0,290.0,158,Completed
506537,13436,2023-10-22,5,2,0.05,180.5,86,Completed
517281,11343,2023-10-22,8,1,0.0,88.0,39,Completed
513151,10610,2023-10-22,9,1,0.0,62.0,28,Completed
509147,11431,2023-10-22,2,1,0.1,64.8,34,Completed
505032,10167,2023-10-22,1,2,0.05,275.5,158,Completed
505712,12184,2023-10-22,9,3,0.0,186.0,84,Completed
506869,11509,2023-10-22,8,2,0.2,140.8,78,Completed
508992,10090,2023-10-22,8,1,0.1,79.2,39,Completed
514083,10435,2023-10-22,4,3,0.0,840.0,465,Completed
507264,13448,2023-10-22,5,2,0.15,161.5,86,Completed
509793,10025,2023-10-22,4,1,0.2,224.0,155,Completed
511344,15569,2023-10-22,8,1,0.05,83.6,39,Cancelled
515260,16460,2023-10-22,9,1,0.1,55.8,28,Completed
510576,12372,2023-10-22,9,3,0.0,186.0,84,Completed
510765,11000,2023-10-22,2,2,0.1,129.6,68,Completed
503007,11927,2023-10-22,9,1,0.15,52.7,28,Completed
500128,10921,2023-10-22,5,1,0.1,85.5,43,Completed
501846,16534,2023-10-22,1,1,0.1,130.5,79,Completed
506271,13388,2023-10-23,9,1,0.05,58.9,28,Completed
504194,12257,2023-10-23,3,2,0.2,76.8,42,Completed
510266,11428,2023-10-23,3,1,0.1,43.2,21,Completed
509749,14023,2023-10-23,3,2,0.0,96.0,42,Completed
504722,11544,2023-10-23,4,3,0.05,798.0,465,Completed
512306,13290,2023-10-23,3,1,0.0,48.0,21,Completed
511079,14701,2023-10-23,9,3,0.0,186.0,84,Completed
511076,17777,2023-10-23,6,1,0.0,35.0,13,Completed
500524,11280,2023-10-23,3,1,0.0,48.0,21,Completed
511928,13625,2023-10-23,5,1,0.0,95.0,43,Completed
510171,11548,2023-10-23,7,2,0.1,48.6,16,Completed
513723,13156,2023-10-23,3,1,0.15,40.8,21,Completed
512347,17069,2023-10-23,9,1,0.0,62.0,28,Completed
514022,16428,2023-10-23,2,1,0.0,72.0,34,Completed
515676,13103,2023-10-23,2,1,0.0,72.0,34,Completed
500089,16160,2023-10-23,7,1,0.15,22.95,8,Completed
511718,14359,2023-10-23,1,3,0.1,391.5,237,Completed
506927,14848,2023-10-23,5,2,0.0,190.0,86,Completed
510623,11486,2023-10-23,5,1,0.0,95.0,43,Completed
505825,17238,2023-10-23,10,2,0.0,220.0,108,Completed
516970,14366,2023-10-23,2,2,0.1,129.6,68,Completed
516071,16770,2023-10-23,4,3,0.0,840.0,465,Completed
502832,17102,2023-10-23,2,1,0.1,64.8,34,Completed
501582,15288,2023-10-23,6,1,0.05,33.25,13,Completed
517140,12503,2023-10-23,10,1,0.0,110.0,54,Completed
508267,12994,2023-10-24,9,1,0.05,58.9,28,Completed
506031,11267,2023-10-24,3,2,0.0,96.0,42,Completed
507139,14870,2023-10-24,3,2,0.05,91.2,42,Cancelled
507717,11428,2023-10-24,8,1,0.15,74.8,39,Returned
502842,16795,2023-10-24,10,1,0.0,110.0,54,Completed
509928,17499,2023-10-24,4,2,0.15,476.0,310,Completed
502417,14609,2023-10-24,10,2,0.1,198.0,108,Completed
505102,11865,2023-10-24,6,1,0.15,29.75,13,Returned
509176,11368,2023-10-24,8,1,0.0,88.0,39,Completed
501032,17171,2023-10-24,9,2,0.0,124.0,56,Returned
502269,12800,2023-10-24,6,1,0.0,35.0,13,Completed
511602,14632,2023-10-24,1,4,0.1,522.0,316,Completed
507007,16081,2023-10-24,3,1,0.05,45.6,21,Completed
500437,15608,2023-10-24,10,3,0.0,330.0,162,Completed
517631,11509,2023-10-24,8,2,0.05,167.2,78,Completed
517245,10534,2023-10-24,6,2,0.0,70.0,26,Completed
502082,17311,2023-10-24,8,1,0.1,79.2,39,Completed
512714,15187,2023-10-24,5,2,0.0,190.0,86,Completed
517673,17492,2023-10-24,9,1,0.05,58.9,28,Completed
504167,13381,2023-10-24,8,1,0.0,88.0,39,Completed
500778,11893,2023-10-24,9,3,0.05,176.7,84,Completed
500622,17540,2023-10-24,1,1,0.0,145.0,79,Completed
503908,10361,2023-10-24,6,2,0.15,59.5,26,Completed
506268,14065,2023-10-24,1,3,0.1,391.5,237,Completed
510460,11496,2023-10-24,7,2,0.05,51.3,16,Completed
514882,14214,2023-10-24,6,1,0.0,35.0,13,Completed
517460,14068,2023-10-25,7,1,0.05,25.65,8,Completed
514109,11396,2023-10-25,1,1,0.0,145.0,79,Completed
517302,12652,2023-10-25,6,1,0.1,31.5,13,Completed
514843,13367,2023-10-25,8,1,0.0,88.0,39,Completed
512008,10344,2023-10-25,3,1,0.2,38.4,21,Completed
515377,10478,2023-10-25,3,1,0.1,43.2,21,Completed
514021,10179,2023-10-25,5,2,0.0,190.0,86,Completed
509203,14245,2023-10-25,6,1,0.2,28.0,13,Completed
509206,11621,2023-10-25,6,2,0.0,70.0,26,Completed
515346,15245,2023-10-25,8,1,0.05,83.6,39,Completed
501464,12465,2023-10-25,10,1,0.0,110.0,54,Completed
513479,10157,2023-10-25,2,2,0.1,129.6,68,Completed
500631,15363,2023-10-25,8,2,0.0,176.0,78,Completed
511983,18220,2023-10-25,4,1,0.1,252.0,155,Completed
511832,10842,2023-10-25,8,1,0.2,70.4,39,Completed
517202,11077,2023-10-25,6,1,0.15,29.75,13,Completed
509061,11911,2023-10-25,7,1,0.1,24.3,8,Completed
510741,16883,2023-10-25,10,1,0.05,104.5,54,Completed
505742,12767,2023-10-25,7,2,0.0,54.0,16,Completed
515079,14738,2023-10-25,1,1,0.15,123.25,79,Completed
502859,14701,2023-10-25,7,1,0.05,25.65,8,Completed
504575,11287,2023-10-25,4,1,0.0,280.0,155,Completed
512821,13506,2023-10-25,5,1,0.0,95.0,43,Completed
508213,15739,2023-10-25,7,1,0.15,22.95,8,Completed
514996,13936,2023-10-25,3,2,0.05,91.2,42,Completed
511446,14354,2023-10-25,3,3,0.0,144.0,63,Completed
511461,10854,2023-10-25,5,1,0.05,90.25,43,Completed
508111,14645,2023-10-25,8,1,0.1,79.2,39,Completed
516447,13000,2023-10-25,1,2,0.0,290.0,158,Completed
515507,10157,2023-10-25,4,1,0.0,280.0,155,Completed
515505,13434,2023-10-25,3,1,0.0,48.0,21,Completed
500470,13327,2023-10-25,5,1,0.05,90.25,43,Completed
511358,17634,2023-10-26,8,1,0.15,74.8,39,Completed
506346,11628,2023-10-26,8,1,0.05,83.6,39,Completed
512410,12700,2023-10-26,10,2,0.0,220.0,108,Completed
502234,11735,2023-10-26,1,1,0.1,130.5,79,Completed
512817,12532,2023-10-26,8,2,0.1,158.4,78,Returned
506922,12348,2023-10-26,8,2,0.15,149.6,78,Returned
515584,10464,2023-10-26,1,3,0.05,413.25,237,Completed
513018,14747,2023-10-26,7,2,0.0,54.0,16,Completed
516296,16694,2023-10-26,2,1,0.0,72.0,34,Completed
502758,16320,2023-10-26,5,1,0.05,90.25,43,Completed
516273,10643,2023-10-26,10,3,0.15,280.5,162,Cancelled
507518,10945,2023-10-26,6,1,0.05,33.25,13,Completed
510822,16227,2023-10-26,5,1,0.1,85.5,43,Returned
515846,10593,2023-10-26,1,2,0.2,232.0,158,Completed
504765,13089,2023-10-26,8,1,0.15,74.8,39,Completed
509218,16274,2023-10-26,5,2,0.05,180.5,86,Completed
515845,10954,2023-10-26,6,1,0.1,31.5,13,Completed
517097,12098,2023-10-26,8,1,0.0,88.0,39,Completed
511362,14641,2023-10-26,6,1,0.0,35.0,13,Completed
504701,12881,2023-10-26,7,1,0.0,27.0,8,Completed
500290,10232,2023-10-26,1,1,0.2,116.0,79,Completed
500405,10913,2023-10-26,9,1,0.05,58.9,28,Completed
503571,15158,2023-10-26,5,1,0.1,85.5,43,Completed
513682,15792,2023-10-26,1,1,0.1,130.5,79,Returned
507655,14766,2023-10-26,1,1,0.1,130.5,79,Completed
509089,15669,2023-10-26,2,1,0.0,72.0,34,Completed
510376,14891,2023-10-26,3,3,0.05,136.8,63,Completed
508065,18199,2023-10-26,6,3,0.0,105.0,39,Completed
510727,14493,2023-10-26,9,3,0.05,176.7,84,Returned
507841,17379,2023-10-26,1,1,0.0,145.0,79,Completed
509697,14146,2023-10-27,6,1,0.0,35.0,13,Completed
506241,16032,2023-10-27,10,2,0.1,198.0,108,Completed
504307,15222,2023-10-27,3,1,0.1,43.2,21,Completed
502001,11957,2023-10-27,10,1,0.0,110.0,54,Completed
512517,10962,2023-10-27,5,1,0.2,76.0,43,Completed
511606,17040,2023-10-27,3,1,0.15,40.8,21,Completed
514121,11432,2023-10-27,5,2,0.1,171.0,86,Completed
512029,15617,2023-10-27,9,1,0.1,55.8,28,Completed
514173,12522,2023-10-27,10,1,0.0,110.0,54,Completed
516874,15313,2023-10-27,9,1,0.0,62.0,28,Completed
504426,13229,2023-10-27,7,2,0.05,51.3,16,Completed
500360,13127,2023-10-27,2,1,0.05,68.4,34,Completed
515708,15354,2023-10-27,2,2,0.05,136.8,68,Completed
510010,13191,2023-10-27,8,2,0.0,176.0,78,Completed
502794,11125,2023-10-27,5,2,0.0,190.0,86,Completed
511667,16647,2023-10-27,3,1,0.0,48.0,21,Completed
511752,12189,2023-10-27,8,3,0.0,264.0,117,Completed
501645,12909,2023-10-27,3,2,0.1,86.4,42,Completed
507799,16056,2023-10-27,8,3,0.2,211.2,117,Completed
502814,11327,2023-10-27,3,1,0.05,45.6,21,Completed
501863,14943,2023-10-27,8,1,0.05,83.6,39,Completed
507380,14382,2023-10-27,7,2,0.0,54.0,16,Completed
514862,17146,2023-10-27,5,1,0.05,90.25,43,Completed
516999,10896,2023-10-27,9,2,0.05,117.8,56,Completed
502683,14410,2023-10-27,5,1,0.2,76.0,43,Completed
516939,10091,2023-10-27,1,2,0.05,275.5,158,Completed
517824,11506,2023-10-27,7,2,0.1,48.6,16,Completed
506955,11953,2023-10-27,4,1,0.0,280.0,155,Completed
513134,11375,2023-10-27,5,1,0.15,80.75,43,Completed
511172,12171,2023-10-27,3,1,0.0,48.0,21,Completed
513984,10125,2023-10-27,3,1,0.0,48.0,21,Completed
510072,15853,2023-10-27,7,1,0.0,27.0,8,Completed
516994,10958,2023-10-27,9,2,0.05,117.8,56,Completed
504960,15727,2023-10-27,3,2,0.0,96.0,42,Completed
511792,13771,2023-10-27,5,3,0.2,228.0,129,Completed
508231,11361,2023-10-27,4,1,0.05,266.0,155,Completed
500528,12933,2023-10-28,1,4,0.2,464.0,316,Completed
500143,10977,2023-10-28,7,1,0.05,25.65,8,Completed
513605,16665,2023-10-28,1,1,0.1,130.5,79,Completed
503478,16617,2023-10-28,1,1,0.1,130.5,79,Completed
511869,10866,2023-10-28,1,1,0.05,137.75,79,Completed
502807,10424,2023-10-28,1,1,0.0,145.0,79,Completed
512688,13928,2023-10-28,4,1,0.1,252.0,155,Completed
504715,15095,2023-10-28,3,1,0.0,48.0,21,Completed
500351,12293,2023-10-28,7,1,0.1,24.3,8,Completed
509423,15538,2023-10-28,7,2,0.1,48.6,16,Completed
514246,11141,2023-10-28,4,1,0.0,280.0,155,Completed
507327,13803,2023-10-28,5,1,0.05,90.25,43,Completed
511759,11236,2023-10-28,6,1,0.0,35.0,13,Cancelled
501378,13107,2023-10-28,6,3,0.05,99.75,39,Completed
511994,12637,2023-10-28,3,1,0.0,48.0,21,Completed
517533,17786,2023-10-28,7,1,0.1,24.3,8,Returned
503451,11597,2023-10-28,7,1,0.15,22.95,8,Completed
516892,13345,2023-10-28,4,1,0.1,252.0,155,Completed
512066,10970,2023-10-28,8,1,0.0,88.0,39,Completed
507375,13579,2023-10-28,6,3,0.05,99.75,39,Completed
502339,11456,2023-10-28,8,1,0.15,74.8,39,Completed
504805,13339,2023-10-28,9,2,0.05,117.8,56,Completed
516902,12471,2023-10-28,7,1,0.0,27.0,8,Completed
510722,15821,2023-10-28,7,2,0.0,54.0,16,Completed
515957,16729,2023-10-28,1,2,0.0,290.0,158,Completed
501434,10834,2023-10-29,9,1,0.0,62.0,28,Completed
505838,10242,2023-10-29,7,1,0.0,27.0,8,Completed
507892,16575,2023-10-29,5,1,0.0,95.0,43,Completed
507124,14227,2023-10-29,2,1,0.2,57.6,34,Completed
514224,12936,2023-10-29,6,1,0.0,35.0,13,Completed
508398,15289,2023-10-29,3,1,0.0,48.0,21,Completed
515135,16305,2023-10-29,9,1,0.0,62.0,28,Completed
500052,12616,2023-10-29,9,2,0.0,124.0,56,Completed
511739,16233,2023-10-29,5,2,0.15,161.5,86,Cancelled
502045,10492,2023-10-29,2,1,0.0,72.0,34,Completed
505164,17568,2023-10-29,7,2,0.05,51.3,16,Completed
516659,10575,2023-10-29,2,1,0.1,64.8,34,Completed
509296,14334,2023-10-29,6,2,0.1,63.0,26,Completed
503894,13918,2023-10-29,6,1,0.0,35.0,13,Completed
503931,13243,2023-10-29,5,1,0.15,80.75,43,Completed
502288,10002,2023-10-29,5,1,0.0,95.0,43,Completed
506080,13856,2023-10-29,7,3,0.0,81.0,24,Completed
509383,13893,2023-10-29,3,2,0.0,96.0,42,Completed
503617,12026,2023-10-29,9,2,0.05,117.8,56,Returned
512565,18070,2023-10-29,2,2,0.0,144.0,68,Cancelled
506103,10908,2023-10-29,9,2,0.1,111.6,56,Completed
515395,15468,2023-10-29,9,1,0.05,58.9,28,Completed
514055,10202,2023-10-29,3,2,0.15,81.6,42,Completed
500784,12757,2023-10-29,3,1,0.0,48.0,21,Completed
500038,13623,2023-10-29,2,1,0.0,72.0,34,Completed
506519,10296,2023-10-29,3,1,0.0,48.0,21,Completed
505990,11884,2023-10-29,1,3,0.0,435.0,237,Completed
506851,13463,2023-10-29,10,1,0.05,104.5,54,Completed
502619,11692,2023-10-29,7,1,0.05,25.65,8,Completed
510131,10762,2023-10-29,4,1,0.1,252.0,155,Completed
515247,16024,2023-10-29,6,1,0.0,35.0,13,Completed
511372,11206,2023-10-29,1,1,0.0,145.0,79,Completed
510567,10537,2023-10-29,6,2,0.0,70.0,26,Completed
517770,14943,2023-10-29,10,1,0.05,104.5,54,Completed
511553,12168,2023-10-29,7,1,0.0,27.0,8,Completed
501347,10101,2023-10-29,2,1,0.0,72.0,34,Completed
511486,14286,2023-10-29,4,1,0.15,238.0,155,Completed
512189,14466,2023-10-29,6,2,0.0,70.0,26,Completed
502614,14303,2023-10-29,8,1,0.0,88.0,39,Completed
506816,16842,2023-10-29,5,1,0.15,80.75,43,Completed
509801,10202,2023-10-29,1,1,0.2,116.0,79,Completed
517435,15278,2023-10-29,5,1,0.05,90.25,43,Completed
505266,11016,2023-10-30,2,1,0.2,57.6,34,Completed
509741,12445,2023-10-30,8,1,0.0,88.0,39,Completed
505810,14734,2023-10-30,2,1,0.05,68.4,34,Completed
506852,15068,2023-10-30,7,1,0.0,27.0,8,Completed
505273,15663,2023-10-30,8,2,0.05,167.2,78,Completed
517722,17829,2023-10-30,1,4,0.0,580.0,316,Completed
513316,15930,2023-10-30,10,3,0.0,330.0,162,Completed
502860,10311,2023-10-30,3,1,0.0,48.0,21,Completed
501904,16816,2023-10-30,8,1,0.1,79.2,39,Completed
505720,12995,2023-10-30,5,2,0.0,190.0,86,Completed
502906,10768,2023-10-30,5,1,0.05,90.25,43,Completed
503546,14312,2023-10-30,4,2,0.0,560.0,310,Completed
512584,11276,2023-10-30,7,2,0.05,51.3,16,Completed
500725,16117,2023-10-30,9,1,0.0,62.0,28,Completed
503048,16147,2023-10-30,9,1,0.1,55.8,28,Completed
514780,12139,2023-10-30,5,1,0.1,85.5,43,Completed
502282,17054,2023-10-30,9,4,0.05,235.6,112,Returned
507594,11425,2023-10-30,1,1,0.2,116.0,79,Completed
501189,10275,2023-10-30,4,1,0.15,238.0,155,Completed
508312,14081,2023-10-30,9,3,0.15,158.1,84,Completed
503454,16274,2023-10-30,2,2,0.0,144.0,68,Cancelled
500423,11347,2023-10-30,2,1,0.05,68.4,34,Completed
514634,18446,2023-10-30,6,1,0.0,35.0,13,Completed
501918,14839,2023-10-30,1,1,0.0,145.0,79,Completed
508228,10270,2023-10-30,5,2,0.05,180.5,86,Completed
515886,10567,2023-10-30,9,2,0.05,117.8,56,Completed
514904,11104,2023-10-30,10,1,0.2,88.0,54,Completed
504447,17897,2023-10-30,2,2,0.05,136.8,68,Completed
514492,13318,2023-10-30,8,1,0.05,83.6,39,Completed
508636,17191,2023-10-30,8,2,0.0,176.0,78,Completed
512676,11042,2023-10-30,6,1,0.15,29.75,13,Completed
502540,10394,2023-10-31,7,2,0.1,48.6,16,Completed
512220,16044,2023-10-31,1,2,0.1,261.0,158,Completed
513442,16762,2023-10-31,8,1,0.0,88.0,39,Completed
508618,10311,2023-10-31,1,1,0.0,145.0,79,Completed
503012,16405,2023-10-31,1,2,0.15,246.5,158,Completed
506001,13590,2023-10-31,2,1,0.0,72.0,34,Completed
508455,14713,2023-10-31,1,2,0.0,290.0,158,Completed
511802,13574,2023-10-31,9,2,0.15,105.4,56,Completed
514156,10434,2023-10-31,2,3,0.15,183.6,102,Completed
516451,15711,2023-10-31,10,1,0.1,99.0,54,Completed
505637,12375,2023-10-31,9,1,0.15,52.7,28,Completed
516719,10821,2023-10-31,10,1,0.15,93.5,54,Completed
514665,11096,2023-10-31,6,1,0.0,35.0,13,Completed
514189,18028,2023-10-31,9,1,0.05,58.9,28,Completed
516239,17014,2023-10-31,3,2,0.0,96.0,42,Completed
512606,10687,2023-10-31,3,1,0.0,48.0,21,Completed
513751,10818,2023-10-31,7,2,0.15,45.9,16,Completed
513917,15880,2023-10-31,7,2,0.1,48.6,16,Completed
512394,10507,2023-10-31,1,1,0.15,123.25,79,Completed
510129,13732,2023-10-31,6,3,0.0,105.0,39,Completed
514924,10758,2023-10-31,1,2,0.0,290.0,158,Completed
501033,13487,2023-10-31,1,1,0.1,130.5,79,Completed
513138,11307,2023-10-31,3,1,0.0,48.0,21,Completed
516862,14067,2023-10-31,5,1,0.0,95.0,43,Completed
517620,10440,2023-10-31,8,2,0.0,176.0,78,Completed
503398,15187,2023-10-31,10,1,0.1,99.0,54,Completed
511369,15258,2023-10-31,9,1,0.05,58.9,28,Completed
515661,14239,2023-10-31,2,1,0.0,72.0,34,Completed
511965,13138,2023-10-31,1,1,0.2,116.0,79,Completed
512071,17691,2023-10-31,5,1,0.15,80.75,43,Completed
509722,14703,2023-10-31,5,2,0.1,171.0,86,Completed
512846,10362,2023-10-31,7,1,0.05,25.65,8,Completed
508510,18204,2023-10-31,8,2,0.05,167.2,78,Completed
504375,13695,2023-10-31,9,1,0.0,62.0,28,Completed
507419,11412,2023-10-31,2,1,0.0,72.0,34,Completed
512880,14308,2023-10-31,3,1,0.05,45.6,21,Completed
516213,12730,2023-10-31,2,2,0.05,136.8,68,Completed
500239,11045,2023-10-31,10,1,0.0,110.0,54,Completed
514716,12904,2023-10-31,1,2,0.15,246.5,158,Completed
515605,11107,2023-11-01,6,1,0.0,35.0,13,Completed
511121,11752,2023-11-01,5,1,0.2,76.0,43,Completed
515909,11018,2023-11-01,9,3,0.2,148.8,84,Cancelled
517921,17271,2023-11-01,3,1,0.05,45.6,21,Completed
514744,11509,2023-11-01,1,1,0.05,137.75,79,Completed
502222,11591,2023-11-01,7,1,0.15,22.95,8,Completed
515239,14769,2023-11-01,7,3,0.0,81.0,24,Completed
510758,14909,2023-11-01,1,2,0.15,246.5,158,Completed
505535,13160,2023-11-01,2,1,0.05,68.4,34,Returned
509005,10182,2023-11-01,9,2,0.0,124.0,56,Completed
515347,10783,2023-11-01,3,2,0.0,96.0,42,Completed
505589,12227,2023-11-01,6,2,0.1,63.0,26,Completed
511777,16151,2023-11-01,5,1,0.05,90.25,43,Completed
512443,15647,2023-11-01,9,4,0.0,248.0,112,Completed
516923,13251,2023-11-01,3,2,0.05,91.2,42,Completed
516590,11548,2023-11-01,5,3,0.1,256.5,129,Completed
505593,15920,2023-11-01,4,3,0.0,840.0,465,Completed
501364,16676,2023-11-01,8,1,0.05,83.6,39,Completed
501086,12633,2023-11-01,7,4,0.0,108.0,32,Completed
513438,11552,2023-11-01,5,1,0.05,90.25,43,Completed
514632,11175,2023-11-01,3,1,0.0,48.0,21,Returned
505638,15925,2023-11-01,8,2,0.0,176.0,78,Completed
511639,10513,2023-11-01,4,1,0.0,280.0,155,Completed
508934,17949,2023-11-01,3,2,0.0,96.0,42,Completed
509798,13129,2023-11-01,1,1,0.0,145.0,79,Completed
506686,11871,2023-11-01,10,1,0.15,93.5,54,Completed
514080,13530,2023-11-01,1,1,0.05,137.75,79,Completed
505265,17186,2023-11-01,2,2,0.1,129.6,68,Completed
516444,16649,2023-11-01,9,4,0.1,223.2,112,Completed
509524,15450,2023-11-01,9,1,0.0,62.0,28,Completed
509415,12552,2023-11-01,8,3,0.05,250.8,117,Completed
504496,15797,2023-11-01,7,1,0.0,27.0,8,Completed
510945,16143,2023-11-01,6,1,0.0,35.0,13,Completed
510939,11314,2023-11-01,5,1,0.05,90.25,43,Completed
508543,13223,2023-11-01,9,1,0.0,62.0,28,Completed
503625,18306,2023-11-01,8,1,0.05,83.6,39,Completed
508366,14515,2023-11-02,10,4,0.05,418.0,216,Completed
516944,17081,2023-11-02,6,1,0.0,35.0,13,Cancelled
514399,17625,2023-11-02,1,2,0.0,290.0,158,Completed
510512,10554,2023-11-02,9,1,0.05,58.9,28,Cancelled
509752,14674,2023-11-02,10,1,0.05,104.5,54,Cancelled
511936,10389,2023-11-02,10,3,0.05,313.5,162,Completed
517727,12652,2023-11-02,1,1,0.05,137.75,79,Completed
513232,14312,2023-11-02,10,1,0.05,104.5,54,Completed
509064,14550,2023-11-02,4,1,0.15,238.0,155,Completed
505970,13881,2023-11-02,2,1,0.05,68.4,34,Completed
503242,10565,2023-11-02,2,1,0.2,57.6,34,Completed
500820,11325,2023-11-02,1,1,0.1,130.5,79,Completed
511844,16898,2023-11-02,10,1,0.0,110.0,54,Completed
502430,11258,2023-11-02,7,1,0.0,27.0,8,Completed
501174,13506,2023-11-02,1,1,0.0,145.0,79,Completed
508571,10737,2023-11-02,5,2,0.05,180.5,86,Completed
514510,13555,2023-11-02,8,1,0.0,88.0,39,Completed
508097,13144,2023-11-02,3,1,0.1,43.2,21,Completed
510369,11035,2023-11-02,5,1,0.15,80.75,43,Completed
500922,14189,2023-11-02,9,1,0.0,62.0,28,Completed
512459,10707,2023-11-02,8,1,0.1,79.2,39,Completed
503762,10913,2023-11-02,6,4,0.15,119.0,52,Completed
504133,10428,2023-11-02,5,1,0.1,85.5,43,Completed
514784,18402,2023-11-02,3,1,0.0,48.0,21,Completed
514131,12635,2023-11-02,8,2,0.0,176.0,78,Completed
512729,15658,2023-11-02,7,1,0.2,21.6,8,Completed
514425,17069,2023-11-03,3,1,0.2,38.4,21,Completed
512463,12279,2023-11-03,8,2,0.1,158.4,78,Completed
511666,14035,2023-11-03,3,1,0.05,45.6,21,Completed
500477,16490,2023-11-03,8,2,0.0,176.0,78,Completed
513989,18112,2023-11-03,8,1,0.15,74.8,39,Completed
512208,12727,2023-11-03,10,2,0.2,176.0,108,Completed
517349,11492,2023-11-03,5,1,0.0,95.0,43,Completed
506678,11490,2023-11-03,8,2,0.0,176.0,78,Completed
501448,10296,2023-11-03,9,1,0.05,58.9,28,Completed
512301,14641,2023-11-03,7,2,0.0,54.0,16,Completed
516022,13548,2023-11-03,3,1,0.1,43.2,21,Completed
517928,14120,2023-11-03,2,2,0.0,144.0,68,Completed
517499,16302,2023-11-03,6,1,0.1,31.5,13,Completed
512793,13905,2023-11-03,6,1,0.15,29.75,13,Completed
508039,11470,2023-11-03,10,1,0.05,104.5,54,Cancelled
508103,14451,2023-11-03,4,1,0.0,280.0,155,Completed
507006,17243,2023-11-03,2,2,0.0,144.0,68,Completed
504332,10961,2023-11-03,7,1,0.05,25.65,8,Completed
515940,15095,2023-11-03,6,1,0.0,35.0,13,Completed
517413,10069,2023-11-03,8,2,0.0,176.0,78,Completed
501026,17295,2023-11-03,8,2,0.0,176.0,78,Completed
511558,15181,2023-11-03,1,3,0.0,435.0,237,Completed
517991,15550,2023-11-03,3,1,0.0,48.0,21,Completed
516752,18343,2023-11-03,8,1,0.15,74.8,39,Completed
517840,15025,2023-11-03,5,1,0.0,95.0,43,Completed
515081,15424,2023-11-03,3,1,0.05,45.6,21,Completed
504356,12618,2023-11-03,1,1,0.05,137.75,79,Completed
510742,11525,2023-11-03,6,2,0.0,70.0,26,Completed
502368,16817,2023-11-03,1,1,0.1,130.5,79,Completed
507292,10733,2023-11-04,8,1,0.0,88.0,39,Completed
509785,15084,2023-11-04,10,1,0.2,88.0,54,Completed
503114,10058,2023-11-04,7,1,0.15,22.95,8,Completed
517238,10329,2023-11-04,7,1,0.0,27.0,8,Completed
514014,13044,2023-11-04,3,1,0.2,38.4,21,Completed
511010,16916,2023-11-04,1,1,0.0,145.0,79,Completed
517397,16231,2023-11-04,6,1,0.15,29.75,13,Completed
509663,15207,2023-11-04,9,1,0.0,62.0,28,Completed
508183,17099,2023-11-04,7,1,0.0,27.0,8,Completed
510148,10882,2023-11-04,8,2,0.05,167.2,78,Completed
507206,11599,2023-11-04,5,1,0.1,85.5,43,Completed
513999,10732,2023-11-04,10,1,0.0,110.0,54,Completed
506443,10912,2023-11-04,2,3,0.1,194.4,102,Completed
502975,14720,2023-11-04,1,1,0.05,137.75,79,Completed
506147,16612,2023-11-04,6,1,0.05,33.25,13,Completed
516998,16486,2023-11-04,8,1,0.0,88.0,39,Completed
504261,16547,2023-11-04,6,1,0.15,29.75,13,Completed
512231,12519,2023-11-04,1,2,0.05,275.5,158,Returned
501486,13915,2023-11-04,7,1,0.0,27.0,8,Completed
509503,13253,2023-11-04,6,2,0.0,70.0,26,Completed
507091,14768,2023-11-04,8,1,0.05,83.6,39,Completed
509489,10514,2023-11-04,10,1,0.2,88.0,54,Completed
513631,15329,2023-11-04,7,2,0.15,45.9,16,Completed
501737,10339,2023-11-04,6,1,0.0,35.0,13,Completed
504796,13598,2023-11-04,1,1,0.15,123.25,79,Completed
513979,17184,2023-11-04,6,1,0.0,35.0,13,Returned
502057,13579,2023-11-04,5,2,0.05,180.5,86,Completed
500703,17608,2023-11-04,2,1,0.05,68.4,34,Completed
504732,14153,2023-11-04,5,3,0.0,285.0,129,Completed
513050,10025,2023-11-04,3,1,0.05,45.6,21,Completed
511571,14009,2023-11-04,3,2,0.0,96.0,42,Completed
510578,10256,2023-11-04,6,2,0.0,70.0,26,Completed
505865,15348,2023-11-04,5,2,0.15,161.5,86,Completed
504891,11126,2023-11-05,7,1,0.05,25.65,8,Completed
513518,18193,2023-11-05,10,1,0.0,110.0,54,Completed
516468,15050,2023-11-05,3,3,0.1,129.6,63,Completed
510920,12522,2023-11-05,3,1,0.1,43.2,21,Completed
501197,11792,2023-11-05,4,1,0.15,238.0,155,Completed
501027,12150,2023-11-05,4,3,0.05,798.0,465,Completed
510202,14333,2023-11-05,1,3,0.0,435.0,237,Completed
503885,16655,2023-11-05,8,1,0.0,88.0,39,Completed
515132,10335,2023-11-05,1,1,0.05,137.75,79,Completed
500242,13800,2023-11-05,7,1,0.0,27.0,8,Completed
505183,12492,2023-11-05,2,2,0.1,129.6,68,Completed
502828,11354,2023-11-05,9,1,0.1,55.8,28,Completed
510934,12215,2023-11-05,10,2,0.05,209.0,108,Returned
502067,11953,2023-11-05,9,1,0.05,58.9,28,Completed
506061,13841,2023-11-05,10,1,0.0,110.0,54,Completed
517721,15594,2023-11-05,5,1,0.2,76.0,43,Completed
506429,12020,2023-11-05,9,1,0.1,55.8,28,Completed
513193,10872,2023-11-05,1,1,0.05,137.75,79,Returned
507531,12826,2023-11-05,7,2,0.0,54.0,16,Completed
513185,15744,2023-11-05,1,3,0.1,391.5,237,Completed
509826,11899,2023-11-05,4,2,0.15,476.0,310,Completed
501773,15022,2023-11-05,8,2,0.0,176.0,78,Completed
517903,12601,2023-11-05,6,1,0.0,35.0,13,Completed
501093,10407,2023-11-05,5,1,0.05,90.25,43,Completed
510262,11627,2023-11-05,4,1,0.0,280.0,155,Completed
504610,14573,2023-11-05,5,2,0.0,190.0,86,Completed
500717,14327,2023-11-05,3,2,0.05,91.2,42,Completed
500589,14002,2023-11-05,3,3,0.15,122.4,63,Completed
516442,14778,2023-11-05,5,4,0.0,380.0,172,Completed
510771,15855,2023-11-05,6,2,0.05,66.5,26,Returned
507696,11023,2023-11-05,2,1,0.1,64.8,34,Completed
507003,11103,2023-11-05,10,1,0.05,104.5,54,Completed
514512,16475,2023-11-05,10,4,0.15,374.0,216,Completed
510047,10825,2023-11-05,1,1,0.0,145.0,79,Completed
500031,13795,2023-11-05,5,4,0.0,380.0,172,Completed
502429,11154,2023-11-05,2,3,0.0,216.0,102,Cancelled
508106,11476,2023-11-06,1,3,0.05,413.25,237,Completed
504230,13457,2023-11-06,5,1,0.0,95.0,43,Cancelled
505906,16746,2023-11-06,2,1,0.05,68.4,34,Completed
506331,18381,2023-11-06,6,1,0.2,28.0,13,Completed
507342,14398,2023-11-06,6,1,0.0,35.0,13,Completed
502286,15837,2023-11-06,9,1,0.1,55.8,28,Completed
500652,11120,2023-11-06,1,1,0.1,130.5,79,Completed
501465,14665,2023-11-06,9,1,0.1,55.8,28,Completed
507998,12199,2023-11-06,9,3,0.05,176.7,84,Completed
509486,14103,2023-11-06,9,1,0.0,62.0,28,Completed
502333,12100,2023-11-06,6,1,0.0,35.0,13,Completed
515664,12869,2023-11-06,9,1,0.15,52.7,28,Completed
512634,13265,2023-11-06,10,1,0.0,110.0,54,Completed
505943,14996,2023-11-06,4,1,0.0,280.0,155,Completed
513046,11006,2023-11-06,7,2,0.1,48.6,16,Completed
516477,10612,2023-11-06,9,2,0.0,124.0,56,Completed
507734,13428,2023-11-06,7,3,0.2,64.8,24,Completed
512539,12225,2023-11-06,1,1,0.1,130.5,79,Completed
516819,11040,2023-11-06,2,2,0.0,144.0,68,Returned
510016,15461,2023-11-06,9,1,0.05,58.9,28,Completed
505002,10773,2023-11-06,8,3,0.05,250.8,117,Completed
500779,15792,2023-11-06,1,1,0.05,137.75,79,Completed
515300,14142,2023-11-06,6,1,0.05,33.25,13,Completed
506892,11965,2023-11-06,1,1,0.1,130.5,79,Completed
511782,12818,2023-11-07,5,2,0.0,190.0,86,Completed
501616,12965,2023-11-07,1,2,0.05,275.5,158,Completed
503870,11258,2023-11-07,1,1,0.1,130.5,79,Completed
515606,13523,2023-11-07,9,1,0.0,62.0,28,Completed
516348,14692,2023-11-07,3,2,0.0,96.0,42,Completed
508282,10489,2023-11-07,1,3,0.1,391.5,237,Completed
502009,16755,2023-11-07,9,4,0.05,235.6,112,Completed
506286,11863,2023-11-07,1,2,0.05,275.5,158,Completed
512397,12779,2023-11-07,7,2,0.1,48.6,16,Completed
508589,16677,2023-11-07,6,3,0.0,105.0,39,Returned
513793,18312,2023-11-07,5,1,0.0,95.0,43,Completed
506437,15877,2023-11-07,10,3,0.0,330.0,162,Completed
516503,11569,2023-11-07,7,1,0.1,24.3,8,Completed
516060,13716,2023-11-07,4,1,0.0,280.0,155,Returned
517181,10467,2023-11-07,2,1,0.05,68.4,34,Completed
517683,14180,2023-11-07,3,1,0.2,38.4,21,Completed
501740,12135,2023-11-07,3,1,0.0,48.0,21,Completed
516234,13795,2023-11-07,2,1,0.0,72.0,34,Completed
501709,12269,2023-11-07,1,2,0.0,290.0,158,Completed
514155,17356,2023-11-07,3,1,0.0,48.0,21,Completed
500895,17229,2023-11-07,8,3,0.05,250.8,117,Completed
503621,11375,2023-11-07,6,2,0.1,63.0,26,Completed
510788,11503,2023-11-07,2,3,0.0,216.0,102,Completed
502766,18359,2023-11-07,2,2,0.15,122.4,68,Completed
513020,17552,2023-11-07,3,1,0.05,45.6,21,Completed
511131,11713,2023-11-07,7,1,0.1,24.3,8,Completed
509805,14543,2023-11-08,7,2,0.0,54.0,16,Completed
503018,14012,2023-11-08,9,4,0.0,248.0,112,Completed
512827,12240,2023-11-08,2,1,0.2,57.6,34,Completed
507555,10087,2023-11-08,2,1,0.0,72.0,34,Completed
512553,13312,2023-11-08,1,1,0.0,145.0,79,Completed
500121,13717,2023-11-08,6,1,0.05,33.25,13,Completed
509142,14534,2023-11-08,3,2,0.05,91.2,42,Completed
510752,13052,2023-11-08,9,1,0.1,55.8,28,Completed
516264,10076,2023-11-08,6,1,0.05,33.25,13,Completed
501441,15037,2023-11-08,9,1,0.0,62.0,28,Completed
503223,13120,2023-11-08,2,1,0.15,61.2,34,Completed
509993,10449,2023-11-08,8,3,0.0,264.0,117,Completed
502472,17889,2023-11-08,1,1,0.15,123.25,79,Completed
507387,17324,2023-11-08,2,2,0.0,144.0,68,Completed
507852,10856,2023-11-08,1,1,0.1,130.5,79,Completed
512314,13354,2023-11-08,7,1,0.2,21.6,8,Completed
501187,12026,2023-11-08,5,3,0.2,228.0,129,Completed
505118,13257,2023-11-08,5,1,0.15,80.75,43,Completed
517655,14133,2023-11-08,5,1,0.0,95.0,43,Completed
515080,11966,2023-11-08,10,1,0.05,104.5,54,Completed
508124,14504,2023-11-08,9,2,0.0,124.0,56,Returned
507176,10963,2023-11-08,5,1,0.0,95.0,43,Completed
507024,15184,2023-11-08,1,3,0.0,435.0,237,Completed
500707,13981,2023-11-08,3,2,0.05,91.2,42,Completed
513350,11361,2023-11-08,3,2,0.0,96.0,42,Completed
500912,13964,2023-11-08,8,2,0.1,158.4,78,Completed
503432,15989,2023-11-08,1,1,0.0,145.0,79,Completed
502889,11569,2023-11-08,3,1,0.15,40.8,21,Completed
515678,13056,2023-11-08,1,1,0.2,116.0,79,Completed
512448,15728,2023-11-08,8,1,0.0,88.0,39,Completed
512006,17569,2023-11-08,1,1,0.15,123.25,79,Completed
512455,14640,2023-11-08,1,1,0.2,116.0,79,Completed
507689,10969,2023-11-09,8,2,0.0,176.0,78,Completed
503351,11901,2023-11-09,7,1,0.0,27.0,8,Completed
512111,11706,2023-11-09,8,1,0.05,83.6,39,Completed
504254,16793,2023-11-09,3,1,0.2,38.4,21,Completed
515041,10291,2023-11-09,1,2,0.05,275.5,158,Cancelled
504345,10877,2023-11-09,5,1,0.0,95.0,43,Completed
509407,16335,2023-11-09,7,1,0.05,25.65,8,Returned
514324,11694,2023-11-09,5,1,0.0,95.0,43,Completed
514987,12386,2023-11-09,1,1,0.1,130.5,79,Cancelled
507061,12057,2023-11-09,1,1,0.0,145.0,79,Completed
515783,12618,2023-11-09,5,1,0.15,80.75,43,Completed
502551,15056,2023-11-09,9,2,0.0,124.0,56,Completed
510947,14057,2023-11-09,7,2,0.0,54.0,16,Completed
509881,10685,2023-11-09,1,1,0.0,145.0,79,Completed
509126,11923,2023-11-09,5,1,0.05,90.25,43,Completed
517220,14319,2023-11-09,3,2,0.0,96.0,42,Completed
512240,14295,2023-11-09,4,1,0.0,280.0,155,Completed
501621,17725,2023-11-09,5,1,0.05,90.25,43,Completed
517768,10488,2023-11-09,9,2,0.1,111.6,56,Completed
506861,11144,2023-11-09,4,1,0.0,280.0,155,Cancelled
514350,16055,2023-11-09,8,2,0.05,167.2,78,Cancelled
513170,14514,2023-11-09,10,1,0.15,93.5,54,Completed
512999,12131,2023-11-09,7,2,0.05,51.3,16,Completed
503781,16027,2023-11-09,10,2,0.0,220.0,108,Cancelled
510598,15488,2023-11-10,1,1,0.1,130.5,79,Completed
509164,11389,2023-11-10,8,3,0.0,264.0,117,Completed
517276,18275,2023-11-10,9,2,0.1,111.6,56,Completed
502205,11315,2023-11-10,4,1,0.0,280.0,155,Completed
510676,11556,2023-11-10,9,1,0.05,58.9,28,Completed
506878,12562,2023-11-10,2,4,0.0,288.0,136,Completed
500449,13972,2023-11-10,1,1,0.05,137.75,79,Completed
500278,16406,2023-11-10,8,2,0.0,176.0,78,Completed
502058,13936,2023-11-10,2,2,0.0,144.0,68,Completed
515002,12498,2023-11-10,7,1,0.0,27.0,8,Returned
517674,13728,2023-11-10,10,1,0.0,110.0,54,Completed
505947,13072,2023-11-10,3,1,0.1,43.2,21,Completed
511252,17572,2023-11-10,10,1,0.1,99.0,54,Completed
512642,11982,2023-11-10,3,1,0.15,40.8,21,Completed
503070,11539,2023-11-10,3,1,0.15,40.8,21,Completed
512868,10066,2023-11-10,2,3,0.05,205.2,102,Completed
512615,14126,2023-11-10,6,1,0.2,28.0,13,Completed
501742,11635,2023-11-10,4,3,0.05,798.0,465,Completed
512516,15931,2023-11-10,10,1,0.0,110.0,54,Completed
510009,12336,2023-11-10,9,1,0.0,62.0,28,Completed
509626,14567,2023-11-10,10,1,0.05,104.5,54,Completed
512645,14807,2023-11-10,4,2,0.0,560.0,310,Completed
502951,17324,2023-11-10,6,2,0.0,70.0,26,Completed
510536,12693,2023-11-10,7,2,0.0,54.0,16,Returned
501142,16781,2023-11-10,10,1,0.0,110.0,54,Completed
514282,13305,2023-11-10,7,1,0.15,22.95,8,Completed
515495,12632,2023-11-10,4,2,0.1,504.0,310,Completed
500621,15937,2023-11-10,9,3,0.0,186.0,84,Completed
505304,12881,2023-11-10,10,1,0.1,99.0,54,Completed
503808,16074,2023-11-10,2,1,0.05,68.4,34,Returned
510042,16832,2023-11-10,9,1,0.2,49.6,28,Completed
510660,12180,2023-11-10,7,1,0.0,27.0,8,Completed
502938,14515,2023-11-10,8,1,0.05,83.6,39,Completed
511364,11588,2023-11-10,5,2,0.1,171.0,86,Completed
507985,10696,2023-11-10,9,1,0.15,52.7,28,Cancelled
507832,13228,2023-11-11,9,1,0.1,55.8,28,Completed
506332,14240,2023-11-11,6,1,0.05,33.25,13,Completed
506717,11329,2023-11-11,7,1,0.1,24.3,8,Completed
513652,13115,2023-11-11,3,1,0.0,48.0,21,Completed
502628,16129,2023-11-11,10,2,0.1,198.0,108,Completed
505377,11067,2023-11-11,7,1,0.15,22.95,8,Completed
500372,10869,2023-11-11,9,1,0.05,58.9,28,Completed
502275,18183,2023-11-11,4,1,0.0,280.0,155,Completed
501128,16431,2023-11-11,9,1,0.0,62.0,28,Completed
501145,15333,2023-11-11,3,2,0.15,81.6,42,Completed
511733,12578,2023-11-11,6,2,0.0,70.0,26,Returned
502862,10093,2023-11-11,1,1,0.0,145.0,79,Completed
504658,11206,2023-11-11,3,1,0.0,48.0,21,Completed
517172,11158,2023-11-11,7,1,0.05,25.65,8,Completed
506202,14721,2023-11-11,8,1,0.1,79.2,39,Completed
517090,12480,2023-11-11,8,2,0.05,167.2,78,Completed
501795,15160,2023-11-11,6,1,0.1,31.5,13,Completed
514367,15865,2023-11-11,8,1,0.1,79.2,39,Completed
507789,10727,2023-11-11,1,1,0.0,145.0,79,Completed
515736,15783,2023-11-11,9,2,0.2,99.2,56,Completed
505677,13971,2023-11-11,2,1,0.15,61.2,34,Completed
513863,10458,2023-11-11,3,1,0.0,48.0,21,Completed
503779,11751,2023-11-11,1,1,0.1,130.5,79,Completed
510007,14265,2023-11-11,7,1,0.0,27.0,8,Completed
511791,12508,2023-11-11,7,3,0.0,81.0,24,Completed
516087,12509,2023-11-11,10,1,0.05,104.5,54,Completed
517342,11604,2023-11-11,1,1,0.0,145.0,79,Returned
506950,13345,2023-11-11,2,1,0.1,64.8,34,Completed
512282,13600,2023-11-11,5,1,0.05,90.25,43,Completed
514007,14110,2023-11-11,5,1,0.05,90.25,43,Completed
514500,14132,2023-11-11,5,1,0.0,95.0,43,Completed
511348,13556,2023-11-11,5,3,0.0,285.0,129,Completed
506007,12780,2023-11-11,7,1,0.0,27.0,8,Completed
517417,16207,2023-11-11,7,1,0.0,27.0,8,Completed
504996,11878,2023-11-11,2,1,0.0,72.0,34,Completed
500158,18010,2023-11-11,5,2,0.0,190.0,86,Returned
517864,12350,2023-11-11,4,3,0.1,756.0,465,Completed
512184,12267,2023-11-11,7,3,0.2,64.8,24,Completed
514315,11312,2023-11-11,9,2,0.0,124.0,56,Completed
517152,11006,2023-11-11,10,1,0.15,93.5,54,Completed
517080,13985,2023-11-11,1,3,0.1,391.5,237,Completed
512038,15730,2023-11-11,7,1,0.1,24.3,8,Completed
515937,11896,2023-11-12,2,4,0.0,288.0,136,Completed
509076,11622,2023-11-12,1,1,0.1,130.5,79,Cancelled
514703,17682,2023-11-12,6,1,0.05,33.25,13,Completed
506853,17481,2023-11-12,7,1,0.05,25.65,8,Completed
516611,14791,2023-11-12,10,1,0.05,104.5,54,Completed
515653,16950,2023-11-12,5,2,0.0,190.0,86,Completed
508441,10067,2023-11-12,5,1,0.05,90.25,43,Cancelled
517590,16935,2023-11-12,5,1,0.0,95.0,43,Completed
515188,10740,2023-11-12,5,1,0.05,90.25,43,Completed
508666,12465,2023-11-12,7,1,0.0,27.0,8,Completed
506895,10326,2023-11-12,7,2,0.0,54.0,16,Completed
509578,16660,2023-11-12,9,1,0.05,58.9,28,Completed
517424,17733,2023-11-12,8,1,0.1,79.2,39,Completed
517790,14186,2023-11-12,3,2,0.1,86.4,42,Completed
507665,10500,2023-11-12,7,1,0.0,27.0,8,Completed
512093,10245,2023-11-12,8,3,0.0,264.0,117,Completed
513379,11725,2023-11-12,7,2,0.1,48.6,16,Completed
504530,17287,2023-11-12,7,2,0.1,48.6,16,Completed
503340,11995,2023-11-12,2,1,0.0,72.0,34,Completed
509309,11273,2023-11-12,3,1,0.0,48.0,21,Completed
504057,15751,2023-11-12,3,3,0.0,144.0,63,Completed
508736,10721,2023-11-12,3,1,0.05,45.6,21,Completed
515124,10739,2023-11-12,7,1,0.0,27.0,8,Completed
512325,13337,2023-11-12,10,3,0.0,330.0,162,Completed
501669,10575,2023-11-12,9,1,0.2,49.6,28,Completed
505043,10753,2023-11-12,7,1,0.05,25.65,8,Completed
504545,17205,2023-11-12,2,2,0.0,144.0,68,Completed
513246,14436,2023-11-12,1,1,0.05,137.75,79,Completed
515202,14933,2023-11-12,3,1,0.05,45.6,21,Completed
510601,10646,2023-11-12,8,2,0.1,158.4,78,Completed
507842,10870,2023-11-13,1,1,0.0,145.0,79,Completed
501715,12240,2023-11-13,1,1,0.05,137.75,79,Completed
507470,12643,2023-11-13,8,1,0.0,88.0,39,Completed
500650,15951,2023-11-13,7,3,0.15,68.85,24,Completed
500619,11889,2023-11-13,7,2,0.0,54.0,16,Completed
515556,10748,2023-11-13,10,3,0.05,313.5,162,Completed
510723,14845,2023-11-13,9,2,0.0,124.0,56,Completed
502115,15282,2023-11-13,7,2,0.0,54.0,16,Completed
508501,17796,2023-11-13,10,2,0.2,176.0,108,Completed
502438,12068,2023-11-13,5,1,0.0,95.0,43,Completed
505979,11040,2023-11-13,7,2,0.0,54.0,16,Completed
514725,10437,2023-11-13,1,1,0.0,145.0,79,Completed
502507,13737,2023-11-13,6,2,0.0,70.0,26,Completed
509686,13781,2023-11-13,7,1,0.0,27.0,8,Completed
505286,10068,2023-11-13,5,1,0.1,85.5,43,Completed
512745,11081,2023-11-13,1,3,0.0,435.0,237,Completed
504157,16026,2023-11-13,2,1,0.15,61.2,34,Completed
508984,13470,2023-11-13,2,1,0.1,64.8,34,Completed
513534,16825,2023-11-13,8,2,0.0,176.0,78,Completed
509211,15495,2023-11-13,10,1,0.0,110.0,54,Completed
516815,14752,2023-11-13,9,2,0.0,124.0,56,Completed
503457,11658,2023-11-13,1,2,0.0,290.0,158,Completed
504326,11105,2023-11-13,10,2,0.05,209.0,108,Completed
501001,13883,2023-11-13,1,1,0.05,137.75,79,Completed
504965,14067,2023-11-13,10,1,0.1,99.0,54,Completed
509263,16956,2023-11-13,10,1,0.2,88.0,54,Completed
510270,14026,2023-11-13,4,3,0.2,672.0,465,Completed
513544,15222,2023-11-13,1,3,0.05,413.25,237,Completed
509202,11516,2023-11-14,2,1,0.05,68.4,34,Completed
510519,13119,2023-11-14,7,3,0.05,76.95,24,Completed
511860,10035,2023-11-14,9,1,0.0,62.0,28,Completed
515233,13734,2023-11-14,9,2,0.05,117.8,56,Completed
500112,16019,2023-11-14,6,2,0.1,63.0,26,Completed
503251,14749,2023-11-14,7,2,0.0,54.0,16,Returned
506527,17711,2023-11-14,2,1,0.0,72.0,34,Completed
510873,16162,2023-11-14,3,3,0.0,144.0,63,Completed
509871,10592,2023-11-14,4,2,0.0,560.0,310,Completed
503961,10722,2023-11-14,10,1,0.1,99.0,54,Returned
500710,15160,2023-11-14,1,1,0.05,137.75,79,Completed
517004,10492,2023-11-14,7,1,0.15,22.95,8,Completed
502164,12493,2023-11-14,3,1,0.1,43.2,21,Cancelled
508376,10043,2023-11-14,5,2,0.0,190.0,86,Completed
508217,14369,2023-11-14,7,2,0.0,54.0,16,Completed
507826,13969,2023-11-14,7,1,0.05,25.65,8,Returned
501403,14742,2023-11-14,8,1,0.2,70.4,39,Completed
502422,10529,2023-11-14,3,1,0.2,38.4,21,Completed
505179,12458,2023-11-14,9,1,0.05,58.9,28,Completed
501778,15399,2023-11-15,10,1,0.05,104.5,54,Completed
510322,10769,2023-11-15,9,3,0.0,186.0,84,Returned
506926,10116,2023-11-15,4,1,0.05,266.0,155,Completed
514432,11252,2023-11-15,7,1,0.0,27.0,8,Completed
510119,12859,2023-11-15,5,2,0.1,171.0,86,Completed
513102,15071,2023-11-15,2,1,0.1,64.8,34,Completed
512442,12180,2023-11-15,7,2,0.0,54.0,16,Completed
501787,17952,2023-11-15,1,1,0.2,116.0,79,Completed
507622,12430,2023-11-15,6,2,0.05,66.5,26,Completed
506733,14540,2023-11-15,3,2,0.0,96.0,42,Returned
503170,16031,2023-11-15,1,1,0.1,130.5,79,Completed
506292,11632,2023-11-15,5,1,0.0,95.0,43,Completed
510871,11060,2023-11-15,7,1,0.0,27.0,8,Completed
501633,12279,2023-11-15,1,1,0.1,130.5,79,Completed
504828,12001,2023-11-15,1,1,0.05,137.75,79,Completed
511996,15553,2023-11-15,6,1,0.0,35.0,13,Cancelled
500431,11706,2023-11-15,1,1,0.1,130.5,79,Completed
510494,14833,2023-11-15,4,1,0.15,238.0,155,Completed
504246,10222,2023-11-15,10,2,0.05,209.0,108,Returned
515301,12633,2023-11-15,8,1,0.05,83.6,39,Completed
514995,12955,2023-11-15,2,1,0.05,68.4,34,Returned
502544,10009,2023-11-15,8,1,0.0,88.0,39,Completed
512854,10746,2023-11-15,10,1,0.0,110.0,54,Completed
514363,12312,2023-11-15,4,1,0.05,266.0,155,Completed
508246,11273,2023-11-15,9,2,0.0,124.0,56,Completed
514759,11766,2023-11-15,8,4,0.05,334.4,156,Completed
515862,10234,2023-11-16,2,2,0.0,144.0,68,Completed
502478,10371,2023-11-16,1,1,0.0,145.0,79,Completed
501564,14606,2023-11-16,5,1,0.0,95.0,43,Completed
507677,13239,2023-11-16,1,1,0.0,145.0,79,Completed
501329,10024,2023-11-16,5,1,0.0,95.0,43,Completed
507927,11188,2023-11-16,7,2,0.0,54.0,16,Completed
507948,12600,2023-11-16,7,1,0.2,21.6,8,Completed
509974,11578,2023-11-16,8,1,0.05,83.6,39,Completed
515466,13802,2023-11-16,7,1,0.1,24.3,8,Completed
504939,12164,2023-11-16,5,2,0.05,180.5,86,Completed
501102,13670,2023-11-16,2,2,0.15,122.4,68,Returned
500416,11143,2023-11-16,2,4,0.0,288.0,136,Completed
504359,18306,2023-11-16,3,2,0.05,91.2,42,Completed
505917,12305,2023-11-16,8,2,0.0,176.0,78,Completed
513664,15830,2023-11-16,3,1,0.0,48.0,21,Completed
506630,12139,2023-11-16,2,1,0.05,68.4,34,Completed
504727,17659,2023-11-16,4,2,0.05,532.0,310,Completed
509903,10062,2023-11-16,2,1,0.0,72.0,34,Completed
506477,17860,2023-11-16,9,1,0.05,58.9,28,Completed
506902,12646,2023-11-16,9,1,0.1,55.8,28,Completed
514389,10529,2023-11-16,7,1,0.0,27.0,8,Completed
514966,10731,2023-11-16,1,1,0.1,130.5,79,Completed
514691,14384,2023-11-16,8,1,0.0,88.0,39,Completed
514574,12123,2023-11-16,3,1,0.0,48.0,21,Completed
504940,16957,2023-11-16,3,1,0.0,48.0,21,Completed
506654,16639,2023-11-16,5,2,0.05,180.5,86,Completed
503393,11533,2023-11-16,1,1,0.1,130.5,79,Completed
508833,15834,2023-11-16,1,2,0.1,261.0,158,Completed
502255,17677,2023-11-17,7,1,0.0,27.0,8,Completed
513201,11751,2023-11-17,9,1,0.0,62.0,28,Completed
517005,17179,2023-11-17,5,1,0.1,85.5,43,Completed
507158,17171,2023-11-17,2,1,0.0,72.0,34,Completed
510833,10874,2023-11-17,9,2,0.05,117.8,56,Completed
514344,10808,2023-11-17,6,1,0.1,31.5,13,Completed
511984,11706,2023-11-17,7,1,0.05,25.65,8,Completed
516990,11893,2023-11-17,5,1,0.05,90.25,43,Completed
501420,13991,2023-11-17,1,1,0.0,145.0,79,Completed
505211,13495,2023-11-17,4,1,0.05,266.0,155,Completed
511030,16264,2023-11-17,8,1,0.2,70.4,39,Completed
504559,13793,2023-11-17,2,1,0.2,57.6,34,Completed
511330,14380,2023-11-17,1,3,0.0,435.0,237,Completed
502698,15430,2023-11-17,5,1,0.0,95.0,43,Completed
501371,13896,2023-11-17,1,1,0.05,137.75,79,Completed
505639,13035,2023-11-17,1,2,0.0,290.0,158,Completed
506374,11922,2023-11-17,5,1,0.0,95.0,43,Completed
511945,18198,2023-11-17,7,3,0.05,76.95,24,Completed
512806,15977,2023-11-17,10,1,0.0,110.0,54,Completed
513589,10324,2023-11-17,7,1,0.1,24.3,8,Completed
506060,10358,2023-11-17,3,1,0.0,48.0,21,Cancelled
513726,15572,2023-11-17,3,1,0.1,43.2,21,Completed
517074,11972,2023-11-17,9,1,0.1,55.8,28,Completed
517659,14313,2023-11-17,3,1,0.05,45.6,21,Completed
513451,18201,2023-11-17,6,1,0.1,31.5,13,Completed
509634,11304,2023-11-17,6,1,0.0,35.0,13,Completed
512911,12554,2023-11-17,7,1,0.0,27.0,8,Completed
513260,11330,2023-11-17,6,2,0.0,70.0,26,Completed
503361,11016,2023-11-17,9,2,0.05,117.8,56,Completed
509134,15693,2023-11-17,9,1,0.1,55.8,28,Completed
515827,17292,2023-11-17,3,1,0.1,43.2,21,Completed
507804,18026,2023-11-17,2,1,0.05,68.4,34,Completed
510725,10963,2023-11-17,1,1,0.2,116.0,79,Completed
501190,12651,2023-11-17,5,1,0.0,95.0,43,Completed
500252,12626,2023-11-17,2,3,0.05,205.2,102,Completed
511700,17180,2023-11-17,1,2,0.0,290.0,158,Returned
510260,13130,2023-11-17,1,1,0.1,130.5,79,Completed
515412,16613,2023-11-18,6,1,0.1,31.5,13,Completed
502839,11142,2023-11-18,7,2,0.05,51.3,16,Completed
510690,16653,2023-11-18,7,1,0.15,22.95,8,Completed
515116,12504,2023-11-18,1,2,0.2,232.0,158,Completed
506601,11781,2023-11-18,5,2,0.0,190.0,86,Completed
509676,11688,2023-11-18,5,1,0.0,95.0,43,Completed
502650,10717,2023-11-18,6,1,0.0,35.0,13,Completed
503947,12084,2023-11-18,10,1,0.0,110.0,54,Completed
501908,13115,2023-11-18,10,2,0.0,220.0,108,Completed
509253,14907,2023-11-18,3,1,0.05,45.6,21,Cancelled
504227,11937,2023-11-18,5,4,0.0,380.0,172,Completed
512800,10071,2023-11-18,3,3,0.0,144.0,63,Completed
506395,16081,2023-11-18,1,1,0.1,130.5,79,Completed
510191,13579,2023-11-18,2,1,0.05,68.4,34,Completed
502914,11990,2023-11-18,8,1,0.0,88.0,39,Completed
513402,11990,2023-11-18,3,1,0.0,48.0,21,Completed
506194,18479,2023-11-18,2,1,0.15,61.2,34,Completed
517322,15223,2023-11-18,2,2,0.05,136.8,68,Completed
501990,14404,2023-11-18,6,1,0.05,33.25,13,Completed
512056,14112,2023-11-18,2,2,0.05,136.8,68,Completed
511103,17201,2023-11-18,6,1,0.05,33.25,13,Completed
510775,12917,2023-11-18,4,1,0.1,252.0,155,Completed
503595,15654,2023-11-18,2,1,0.1,64.8,34,Returned
515181,12831,2023-11-18,7,2,0.0,54.0,16,Completed
511985,11706,2023-11-18,8,1,0.0,88.0,39,Completed
507207,16173,2023-11-18,5,1,0.2,76.0,43,Completed
510001,11262,2023-11-18,6,2,0.05,66.5,26,Completed
516865,10977,2023-11-18,6,1,0.1,31.5,13,Completed
509913,18333,2023-11-18,7,3,0.05,76.95,24,Completed
503515,12272,2023-11-18,10,1,0.05,104.5,54,Completed
516204,13456,2023-11-18,7,1,0.0,27.0,8,Completed
503290,15305,2023-11-18,8,2,0.0,176.0,78,Completed
513487,14417,2023-11-18,2,1,0.0,72.0,34,Completed
505332,13276,2023-11-18,9,1,0.1,55.8,28,Completed
500616,10816,2023-11-18,5,1,0.0,95.0,43,Completed
505540,13000,2023-11-19,2,1,0.0,72.0,34,Completed
501453,11138,2023-11-19,6,1,0.05,33.25,13,Completed
512053,15421,2023-11-19,1,1,0.0,145.0,79,Completed
506602,16691,2023-11-19,7,1,0.05,25.65,8,Completed
505546,17852,2023-11-19,8,4,0.0,352.0,156,Completed
514110,11165,2023-11-19,9,1,0.0,62.0,28,Completed
509111,11711,2023-11-19,10,1,0.05,104.5,54,Completed
508698,10061,2023-11-19,9,1,0.1,55.8,28,Completed
504556,11638,2023-11-19,10,1,0.0,110.0,54,Completed
504801,11874,2023-11-19,5,1,0.0,95.0,43,Completed
514078,11554,2023-11-19,3,2,0.0,96.0,42,Completed
504649,10579,2023-11-19,8,3,0.05,250.8,117,Completed
513594,12601,2023-11-19,3,1,0.0,48.0,21,Completed
508917,10138,2023-11-19,10,1,0.0,110.0,54,Completed
505693,11442,2023-11-19,10,3,0.0,330.0,162,Completed
513389,17905,2023-11-19,6,2,0.05,66.5,26,Completed
502596,14081,2023-11-19,5,2,0.0,190.0,86,Completed
513033,10760,2023-11-19,7,2,0.05,51.3,16,Completed
501393,12894,2023-11-19,3,1,0.0,48.0,21,Completed
513670,10403,2023-11-19,6,1,0.2,28.0,13,Completed
513667,10539,2023-11-19,9,3,0.1,167.4,84,Completed
514541,14565,2023-11-19,8,2,0.0,176.0,78,Completed
516622,14959,2023-11-19,3,1,0.2,38.4,21,Completed
515128,17629,2023-11-19,6,2,0.0,70.0,26,Completed
514182,12426,2023-11-19,2,4,0.0,288.0,136,Completed
517685,10638,2023-11-19,10,2,0.05,209.0,108,Completed
509346,10154,2023-11-19,5,2,0.2,152.0,86,Returned
508498,10759,2023-11-19,2,1,0.1,64.8,34,Completed
512378,17007,2023-11-19,7,1,0.15,22.95,8,Completed
504991,13119,2023-11-19,6,2,0.0,70.0,26,Completed
505253,12782,2023-11-19,1,1,0.15,123.25,79,Completed
508828,16721,2023-11-19,2,2,0.0,144.0,68,Completed
517672,10733,2023-11-19,8,1,0.1,79.2,39,Completed
511170,17181,2023-11-19,1,2,0.0,290.0,158,Completed
501603,12838,2023-11-19,6,1,0.1,31.5,13,Completed
503065,14523,2023-11-19,10,1,0.0,110.0,54,Completed
501973,11024,2023-11-20,7,1,0.05,25.65,8,Completed
510734,15400,2023-11-20,6,1,0.0,35.0,13,Completed
514558,12142,2023-11-20,10,1,0.0,110.0,54,Completed
514727,17399,2023-11-20,3,1,0.0,48.0,21,Completed
509996,18370,2023-11-20,7,2,0.05,51.3,16,Completed
515791,10879,2023-11-20,8,2,0.05,167.2,78,Completed
513758,10442,2023-11-20,1,1,0.05,137.75,79,Completed
512511,10764,2023-11-20,10,1,0.0,110.0,54,Completed
503359,12732,2023-11-20,9,2,0.1,111.6,56,Completed
512084,14756,2023-11-20,4,1,0.0,280.0,155,Completed
501726,14344,2023-11-20,10,1,0.05,104.5,54,Completed
510283,12701,2023-11-20,10,1,0.1,99.0,54,Completed
500458,16513,2023-11-20,1,1,0.15,123.25,79,Completed
511779,17464,2023-11-20,8,1,0.0,88.0,39,Completed
504402,15908,2023-11-20,1,1,0.0,145.0,79,Completed
506282,10077,2023-11-20,5,3,0.0,285.0,129,Completed
505952,15678,2023-11-20,7,1,0.0,27.0,8,Completed
512833,10818,2023-11-20,3,1,0.0,48.0,21,Returned
502907,15295,2023-11-20,3,1,0.1,43.2,21,Completed
503066,17349,2023-11-20,9,1,0.0,62.0,28,Completed
507776,12791,2023-11-20,3,1,0.1,43.2,21,Completed
515140,10840,2023-11-20,6,1,0.05,33.25,13,Cancelled
510876,17725,2023-11-20,10,3,0.1,297.0,162,Completed
500743,14685,2023-11-20,1,1,0.2,116.0,79,Completed
508102,11006,2023-11-20,7,1,0.0,27.0,8,Cancelled
514185,14080,2023-11-20,10,2,0.05,209.0,108,Completed
514027,10470,2023-11-20,10,3,0.0,330.0,162,Completed
502111,11854,2023-11-20,1,2,0.2,232.0,158,Completed
507961,10564,2023-11-20,6,2,0.0,70.0,26,Completed
514452,17228,2023-11-20,1,1,0.0,145.0,79,Completed
515792,11611,2023-11-21,3,2,0.0,96.0,42,Completed
513302,14207,2023-11-21,6,1,0.15,29.75,13,Completed
510342,11185,2023-11-21,3,1,0.1,43.2,21,Completed
513346,13046,2023-11-21,8,3,0.2,211.2,117,Completed
511044,11350,2023-11-21,3,1,0.0,48.0,21,Completed
500280,13966,2023-11-21,5,1,0.1,85.5,43,Completed
502154,17604,2023-11-21,7,2,0.1,48.6,16,Completed
507347,12663,2023-11-21,2,1,0.15,61.2,34,Completed
510753,12001,2023-11-21,3,1,0.05,45.6,21,Completed
512549,10201,2023-11-21,9,2,0.1,111.6,56,Completed
502145,11689,2023-11-21,4,1,0.05,266.0,155,Completed
508949,12978,2023-11-21,5,2,0.0,190.0,86,Completed
509184,13060,2023-11-21,5,1,0.05,90.25,43,Completed
505523,11561,2023-11-21,1,1,0.05,137.75,79,Completed
516763,13835,2023-11-21,5,1,0.05,90.25,43,Completed
505311,18057,2023-11-21,7,1,0.0,27.0,8,Completed
500723,12114,2023-11-21,7,1,0.15,22.95,8,Completed
503267,18082,2023-11-21,3,1,0.0,48.0,21,Completed
506074,18026,2023-11-21,10,1,0.1,99.0,54,Completed
505017,16624,2023-11-21,4,1,0.1,252.0,155,Completed
510633,14485,2023-11-21,8,2,0.0,176.0,78,Completed
504283,10290,2023-11-21,9,1,0.2,49.6,28,Completed
514770,12695,2023-11-21,3,1,0.05,45.6,21,Completed
514831,16363,2023-11-21,4,1,0.0,280.0,155,Completed
510434,11268,2023-11-21,9,2,0.05,117.8,56,Completed
508290,11990,2023-11-21,2,1,0.05,68.4,34,Completed
501515,12241,2023-11-21,3,1,0.05,45.6,21,Completed
500869,16233,2023-11-21,7,1,0.0,27.0,8,Completed
514062,13555,2023-11-21,7,1,0.05,25.65,8,Completed
504397,14606,2023-11-21,9,2,0.0,124.0,56,Completed
514616,12326,2023-11-21,5,3,0.05,270.75,129,Completed
511466,13171,2023-11-21,7,1,0.05,25.65,8,Completed
506834,13713,2023-11-21,9,2,0.1,111.6,56,Completed
510631,14679,2023-11-21,7,3,0.0,81.0,24,Completed
517139,13590,2023-11-21,8,1,0.0,88.0,39,Completed
503234,11933,2023-11-22,6,1,0.1,31.5,13,Completed
506317,14450,2023-11-22,3,1,0.2,38.4,21,Completed
505851,10938,2023-11-22,9,2,0.2,99.2,56,Completed
502761,18086,2023-11-22,10,1,0.0,110.0,54,Completed
515747,17658,2023-11-22,1,1,0.05,137.75,79,Completed
503109,17139,2023-11-22,2,2,0.1,129.6,68,Completed
510733,13462,2023-11-22,8,1,0.0,88.0,39,Completed
513030,14543,2023-11-22,9,1,0.15,52.7,28,Completed
511437,10818,2023-11-22,2,2,0.1,129.6,68,Completed
513893,17114,2023-11-22,3,2,0.0,96.0,42,Completed
506224,10869,2023-11-22,5,2,0.0,190.0,86,Completed
504223,10931,2023-11-22,7,1,0.1,24.3,8,Returned
514693,16795,2023-11-22,3,1,0.2,38.4,21,Completed
502290,15238,2023-11-22,7,3,0.0,81.0,24,Completed
507739,10132,2023-11-22,5,1,0.05,90.25,43,Completed
509664,10304,2023-11-22,2,2,0.0,144.0,68,Cancelled
502408,12612,2023-11-22,1,2,0.05,275.5,158,Returned
511080,11313,2023-11-22,2,2,0.0,144.0,68,Completed
500795,16482,2023-11-22,4,3,0.15,714.0,465,Completed
506399,17843,2023-11-22,1,2,0.0,290.0,158,Completed
501790,12862,2023-11-22,4,3,0.1,756.0,465,Completed
503771,17468,2023-11-22,6,2,0.05,66.5,26,Completed
502347,13535,2023-11-22,2,1,0.05,68.4,34,Completed
511028,15400,2023-11-22,6,1,0.0,35.0,13,Completed
515531,10499,2023-11-23,6,1,0.15,29.75,13,Completed
515209,10319,2023-11-23,8,1,0.05,83.6,39,Completed
507145,15266,2023-11-23,10,1,0.0,110.0,54,Completed
515560,18375,2023-11-23,3,1,0.2,38.4,21,Completed
515555,16112,2023-11-23,7,1,0.2,21.6,8,Completed
505600,12146,2023-11-23,6,1,0.0,35.0,13,Returned
504049,10657,2023-11-23,1,1,0.0,145.0,79,Completed
501878,12655,2023-11-23,8,1,0.0,88.0,39,Completed
503768,10707,2023-11-23,3,1,0.05,45.6,21,Completed
505539,10527,2023-11-23,5,1,0.05,90.25,43,Completed
508295,18375,2023-11-23,7,2,0.0,54.0,16,Completed
511875,12912,2023-11-23,9,1,0.15,52.7,28,Completed
511592,15336,2023-11-23,1,2,0.15,246.5,158,Completed
506150,18260,2023-11-23,4,1,0.0,280.0,155,Completed
501440,15311,2023-11-23,8,3,0.1,237.6,117,Cancelled
509735,15056,2023-11-23,1,4,0.0,580.0,316,Returned
504677,14614,2023-11-23,2,1,0.0,72.0,34,Completed
504284,15149,2023-11-23,1,1,0.2,116.0,79,Completed
516103,13704,2023-11-23,9,1,0.05,58.9,28,Completed
500238,13923,2023-11-23,2,1,0.1,64.8,34,Completed
505522,11837,2023-11-23,5,1,0.05,90.25,43,Completed
515250,13468,2023-11-23,1,1,0.05,137.75,79,Completed
502434,12386,2023-11-23,6,2,0.0,70.0,26,Completed
507712,12744,2023-11-23,4,1,0.1,252.0,155,Completed
509568,12056,2023-11-23,3,1,0.1,43.2,21,Completed
501152,13504,2023-11-23,9,1,0.05,58.9,28,Completed
507243,10396,2023-11-23,2,2,0.2,115.2,68,Returned
508734,14565,2023-11-23,3,1,0.0,48.0,21,Completed
505815,16817,2023-11-24,3,2,0.05,91.2,42,Completed
508555,12255,2023-11-24,10,2,0.05,209.0,108,Completed
516076,11628,2023-11-24,7,2,0.0,54.0,16,Completed
507835,10878,2023-11-24,6,1,0.05,33.25,13,Completed
514497,13493,2023-11-24,8,2,0.15,149.6,78,Completed
500513,11531,2023-11-24,5,3,0.0,285.0,129,Completed
513256,13330,2023-11-24,2,1,0.1,64.8,34,Cancelled
504361,15837,2023-11-24,9,2,0.05,117.8,56,Completed
504362,13029,2023-11-24,1,2,0.0,290.0,158,Completed
503791,10774,2023-11-24,9,2,0.05,117.8,56,Completed
503742,15266,2023-11-24,8,2,0.0,176.0,78,Completed
514817,13198,2023-11-24,7,2,0.0,54.0,16,Completed
509110,15979,2023-11-24,1,1,0.0,145.0,79,Completed
514660,15016,2023-11-24,1,1,0.15,123.25,79,Completed
516266,14886,2023-11-24,5,1,0.05,90.25,43,Completed
505038,11856,2023-11-24,2,2,0.1,129.6,68,Completed
512367,10943,2023-11-24,6,1,0.1,31.5,13,Completed
508330,13408,2023-11-24,5,1,0.05,90.25,43,Completed
506761,10925,2023-11-24,10,3,0.0,330.0,162,Completed
510858,13865,2023-11-24,1,1,0.0,145.0,79,Completed
514149,10426,2023-11-24,8,2,0.1,158.4,78,Completed
509782,16180,2023-11-24,9,2,0.1,111.6,56,Completed
500043,10038,2023-11-24,5,4,0.0,380.0,172,Completed
505076,12899,2023-11-24,8,1,0.0,88.0,39,Completed
513370,10043,2023-11-24,7,2,0.0,54.0,16,Completed
503146,13548,2023-11-24,3,1,0.05,45.6,21,Completed
501317,12757,2023-11-24,5,1,0.05,90.25,43,Completed
508738,12300,2023-11-24,5,1,0.05,90.25,43,Completed
517057,14012,2023-11-24,5,1,0.0,95.0,43,Returned
501446,13284,2023-11-25,7,1,0.05,25.65,8,Completed
504353,15647,2023-11-25,7,1,0.1,24.3,8,Completed
517148,14254,2023-11-25,7,1,0.05,25.65,8,Returned
513244,10886,2023-11-25,7,1,0.0,27.0,8,Completed
504548,18246,2023-11-25,10,3,0.15,280.5,162,Completed
503238,13767,2023-11-25,7,3,0.1,72.9,24,Completed
512752,15948,2023-11-25,10,1,0.05,104.5,54,Completed
505515,11030,2023-11-25,8,2,0.05,167.2,78,Completed
503925,10217,2023-11-25,9,1,0.0,62.0,28,Completed
512054,18473,2023-11-25,9,1,0.0,62.0,28,Returned
505913,10387,2023-11-25,5,1,0.15,80.75,43,Completed
507399,12734,2023-11-25,9,1,0.0,62.0,28,Completed
511564,10669,2023-11-25,5,2,0.05,180.5,86,Completed
513465,10593,2023-11-25,2,1,0.0,72.0,34,Cancelled
502094,15180,2023-11-25,5,1,0.0,95.0,43,Completed
508016,15628,2023-11-25,8,1,0.1,79.2,39,Completed
513610,10220,2023-11-25,8,1,0.0,88.0,39,Completed
515498,10490,2023-11-25,7,1,0.0,27.0,8,Completed
515732,14682,2023-11-25,5,1,0.0,95.0,43,Completed
511059,16739,2023-11-25,1,1,0.05,137.75,79,Returned
501400,10949,2023-11-25,2,1,0.1,64.8,34,Completed
507368,10335,2023-11-25,1,2,0.0,290.0,158,Completed
504199,11716,2023-11-25,8,1,0.05,83.6,39,Completed
501221,10530,2023-11-25,1,1,0.05,137.75,79,Completed
514193,17502,2023-11-25,6,1,0.0,35.0,13,Completed
511880,13474,2023-11-25,9,1,0.0,62.0,28,Completed
500593,13684,2023-11-25,9,2,0.15,105.4,56,Completed
505083,13401,2023-11-25,8,1,0.1,79.2,39,Completed
509413,17478,2023-11-25,7,1,0.0,27.0,8,Completed
503497,10220,2023-11-25,9,1,0.05,58.9,28,Completed
517242,16132,2023-11-25,9,1,0.05,58.9,28,Completed
517284,10630,2023-11-25,2,1,0.05,68.4,34,Completed
508383,14609,2023-11-25,1,3,0.0,435.0,237,Completed
512897,15386,2023-11-25,4,2,0.1,504.0,310,Completed
510891,12852,2023-11-25,10,1,0.1,99.0,54,Completed
512248,15239,2023-11-25,9,1,0.0,62.0,28,Completed
501261,12759,2023-11-25,3,1,0.0,48.0,21,Completed
500843,16171,2023-11-26,5,3,0.15,242.25,129,Completed
509525,11775,2023-11-26,3,1,0.2,38.4,21,Completed
505011,13103,2023-11-26,10,1,0.0,110.0,54,Completed
515938,14911,2023-11-26,8,1,0.1,79.2,39,Completed
500618,15486,2023-11-26,2,2,0.05,136.8,68,Completed
510658,17469,2023-11-26,7,2,0.2,43.2,16,Completed
514087,15453,2023-11-26,6,2,0.1,63.0,26,Completed
506843,12338,2023-11-26,5,1,0.15,80.75,43,Completed
509002,12826,2023-11-26,1,1,0.0,145.0,79,Completed
506832,14363,2023-11-26,7,1,0.15,22.95,8,Completed
515019,11983,2023-11-26,10,2,0.1,198.0,108,Completed
508414,11557,2023-11-26,5,1,0.0,95.0,43,Completed
506157,12330,2023-11-26,8,1,0.15,74.8,39,Completed
503124,10742,2023-11-26,1,3,0.05,413.25,237,Completed
510839,14694,2023-11-26,1,1,0.1,130.5,79,Completed
506236,17031,2023-11-26,1,2,0.0,290.0,158,Completed
509303,17146,2023-11-26,5,2,0.05,180.5,86,Completed
509839,13735,2023-11-26,5,2,0.0,190.0,86,Completed
509427,16227,2023-11-26,2,2,0.05,136.8,68,Completed
516776,10965,2023-11-26,2,1,0.05,68.4,34,Returned
500613,12250,2023-11-26,8,1,0.0,88.0,39,Completed
506416,17898,2023-11-26,9,2,0.0,124.0,56,Completed
510893,10389,2023-11-26,7,1,0.05,25.65,8,Completed
514905,13177,2023-11-26,7,1,0.15,22.95,8,Completed
506382,12340,2023-11-26,6,1,0.05,33.25,13,Returned
502712,13250,2023-11-26,5,1,0.15,80.75,43,Completed
500381,10678,2023-11-26,5,1,0.0,95.0,43,Completed
517046,18005,2023-11-26,1,1,0.1,130.5,79,Completed
515786,10050,2023-11-26,4,2,0.05,532.0,310,Completed
509045,17928,2023-11-26,6,2,0.1,63.0,26,Returned
517699,14111,2023-11-26,2,1,0.15,61.2,34,Completed
516586,16612,2023-11-26,6,1,0.0,35.0,13,Completed
511714,16654,2023-11-26,10,2,0.05,209.0,108,Completed
514334,14960,2023-11-26,1,1,0.0,145.0,79,Returned
506544,13719,2023-11-26,1,1,0.05,137.75,79,Completed
504735,11251,2023-11-26,1,1,0.15,123.25,79,Completed
514113,12446,2023-11-26,9,1,0.15,52.7,28,Completed
508403,18049,2023-11-26,8,2,0.1,158.4,78,Completed
516608,10426,2023-11-26,5,3,0.0,285.0,129,Completed
516781,18297,2023-11-27,6,1,0.1,31.5,13,Completed
507052,10409,2023-11-27,10,1,0.1,99.0,54,Completed
513708,11081,2023-11-27,6,1,0.1,31.5,13,Completed
514172,12313,2023-11-27,6,1,0.0,35.0,13,Returned
508966,14543,2023-11-27,4,1,0.15,238.0,155,Completed
517076,11752,2023-11-27,1,3,0.1,391.5,237,Completed
504587,13471,2023-11-27,2,1,0.0,72.0,34,Completed
500842,17648,2023-11-27,7,1,0.15,22.95,8,Completed
502370,15347,2023-11-27,4,1,0.0,280.0,155,Completed
504599,18026,2023-11-27,5,1,0.05,90.25,43,Completed
500306,14328,2023-11-27,8,2,0.1,158.4,78,Completed
511943,11190,2023-11-27,9,2,0.2,99.2,56,Completed
517712,13903,2023-11-27,5,1,0.0,95.0,43,Completed
504830,10410,2023-11-27,3,1,0.2,38.4,21,Completed
507888,16943,2023-11-27,9,2,0.1,111.6,56,Completed
512286,11300,2023-11-27,3,1,0.0,48.0,21,Completed
508933,14024,2023-11-27,6,1,0.15,29.75,13,Completed
504115,12989,2023-11-27,6,1,0.15,29.75,13,Completed
510099,17183,2023-11-27,5,1,0.0,95.0,43,Cancelled
506510,16034,2023-11-27,7,1,0.05,25.65,8,Completed
501610,12111,2023-11-27,1,1,0.1,130.5,79,Completed
515192,11671,2023-11-27,3,1,0.0,48.0,21,Completed
500508,13172,2023-11-27,2,1,0.05,68.4,34,Completed
507340,16657,2023-11-27,5,1,0.0,95.0,43,Completed
500144,10866,2023-11-27,3,1,0.0,48.0,21,Completed
510670,16318,2023-11-28,6,2,0.05,66.5,26,Completed
508924,12101,2023-11-28,5,1,0.0,95.0,43,Completed
515264,11837,2023-11-28,5,1,0.2,76.0,43,Completed
515919,11928,2023-11-28,3,1,0.0,48.0,21,Completed
509800,15310,2023-11-28,2,2,0.1,129.6,68,Completed
509257,11332,2023-11-28,7,1,0.0,27.0,8,Completed
510980,10952,2023-11-28,6,1,0.05,33.25,13,Completed
515926,12222,2023-11-28,6,1,0.0,35.0,13,Completed
506046,13961,2023-11-28,4,1,0.0,280.0,155,Completed
509451,13545,2023-11-28,10,4,0.1,396.0,216,Completed
507109,14139,2023-11-28,4,1,0.0,280.0,155,Completed
515730,11732,2023-11-28,7,1,0.0,27.0,8,Completed
506670,10252,2023-11-28,5,1,0.2,76.0,43,Completed
509388,10174,2023-11-28,3,3,0.0,144.0,63,Cancelled
512951,11004,2023-11-28,5,1,0.0,95.0,43,Completed
505110,16185,2023-11-28,2,2,0.1,129.6,68,Completed
514568,18399,2023-11-28,1,2,0.2,232.0,158,Completed
503072,13656,2023-11-28,10,1,0.05,104.5,54,Completed
515724,16697,2023-11-28,6,1,0.0,35.0,13,Completed
500362,11189,2023-11-28,4,1,0.1,252.0,155,Completed
506263,17206,2023-11-28,10,1,0.2,88.0,54,Completed
516715,13338,2023-11-28,10,1,0.0,110.0,54,Completed
508863,10726,2023-11-28,5,3,0.05,270.75,129,Completed
511120,10127,2023-11-28,1,2,0.05,275.5,158,Completed
509297,13377,2023-11-28,10,1,0.1,99.0,54,Completed
509445,11679,2023-11-28,2,1,0.0,72.0,34,Completed
514773,13172,2023-11-28,1,1,0.0,145.0,79,Completed
516543,12585,2023-11-28,8,1,0.0,88.0,39,Completed
513125,12813,2023-11-28,6,2,0.05,66.5,26,Completed
501068,14820,2023-11-28,2,1,0.05,68.4,34,Completed
516333,17273,2023-11-28,10,3,0.0,330.0,162,Completed
514403,12633,2023-11-28,7,3,0.2,64.8,24,Completed
503690,13244,2023-11-28,7,2,0.15,45.9,16,Completed
502729,10860,2023-11-28,10,3,0.1,297.0,162,Completed
513522,14012,2023-11-28,10,2,0.15,187.0,108,Completed
506822,14228,2023-11-28,6,1,0.0,35.0,13,Completed
507501,12113,2023-11-28,1,2,0.0,290.0,158,Completed
511108,13213,2023-11-28,10,1,0.0,110.0,54,Completed
500492,15108,2023-11-28,4,1,0.1,252.0,155,Completed
512138,17923,2023-11-28,4,1,0.05,266.0,155,Completed
511747,12911,2023-11-28,3,1,0.0,48.0,21,Completed
503710,10155,2023-11-28,6,1,0.0,35.0,13,Completed
510649,15738,2023-11-28,9,2,0.05,117.8,56,Completed
514538,17644,2023-11-29,3,1,0.0,48.0,21,Completed
508809,11219,2023-11-29,9,2,0.1,111.6,56,Completed
501080,12993,2023-11-29,3,1,0.1,43.2,21,Completed
512677,13181,2023-11-29,2,1,0.1,64.8,34,Returned
504467,12054,2023-11-29,5,1,0.0,95.0,43,Completed
511357,12097,2023-11-29,1,1,0.2,116.0,79,Completed
504519,18327,2023-11-29,8,2,0.1,158.4,78,Completed
503642,15355,2023-11-29,9,2,0.0,124.0,56,Completed
501968,16958,2023-11-29,6,1,0.0,35.0,13,Completed
514858,13406,2023-11-29,8,2,0.1,158.4,78,Completed
508123,13702,2023-11-29,8,2,0.0,176.0,78,Completed
513202,13389,2023-11-29,5,2,0.05,180.5,86,Completed
517379,11100,2023-11-29,2,1,0.0,72.0,34,Completed
513317,17031,2023-11-29,3,3,0.05,136.8,63,Completed
511417,15150,2023-11-29,3,1,0.0,48.0,21,Completed
509531,11443,2023-11-29,2,2,0.15,122.4,68,Completed
508007,10904,2023-11-29,3,1,0.0,48.0,21,Completed
502214,15203,2023-11-29,7,1,0.0,27.0,8,Completed
502336,13802,2023-11-29,3,3,0.0,144.0,63,Completed
508742,17968,2023-11-29,8,2,0.1,158.4,78,Completed
501463,10464,2023-11-29,1,1,0.15,123.25,79,Completed
501896,10720,2023-11-29,9,1,0.1,55.8,28,Completed
516113,15379,2023-11-29,4,1,0.05,266.0,155,Completed
505616,14866,2023-11-29,1,1,0.2,116.0,79,Completed
515165,12437,2023-11-29,6,1,0.05,33.25,13,Completed
503920,11623,2023-11-29,7,1,0.05,25.65,8,Completed
511167,11727,2023-11-29,1,1,0.2,116.0,79,Completed
504393,10777,2023-11-29,9,1,0.05,58.9,28,Completed
502687,14894,2023-11-29,6,2,0.0,70.0,26,Completed
500804,11507,2023-11-29,1,1,0.15,123.25,79,Completed
509366,10778,2023-11-29,10,2,0.05,209.0,108,Completed
506809,14839,2023-11-29,3,1,0.1,43.2,21,Completed
505186,12121,2023-11-29,7,1,0.05,25.65,8,Completed
515829,16410,2023-11-29,6,2,0.0,70.0,26,Completed
505958,12626,2023-11-29,6,2,0.15,59.5,26,Returned
506397,14215,2023-11-29,4,1,0.05,266.0,155,Completed
505212,13308,2023-11-30,3,2,0.1,86.4,42,Completed
509721,15611,2023-11-30,3,2,0.05,91.2,42,Completed
516241,14335,2023-11-30,4,1,0.0,280.0,155,Completed
511826,15396,2023-11-30,6,2,0.0,70.0,26,Completed
508408,13077,2023-11-30,7,2,0.2,43.2,16,Completed
510904,10642,2023-11-30,8,3,0.0,264.0,117,Completed
515698,10448,2023-11-30,9,2,0.0,124.0,56,Completed
510247,11315,2023-11-30,9,2,0.1,111.6,56,Completed
507656,15926,2023-11-30,10,1,0.1,99.0,54,Completed
502129,11966,2023-11-30,8,1,0.0,88.0,39,Completed
507616,14232,2023-11-30,3,2,0.0,96.0,42,Completed
511160,12694,2023-11-30,9,1,0.05,58.9,28,Completed
508132,17375,2023-11-30,8,1,0.0,88.0,39,Completed
515538,15800,2023-11-30,4,3,0.0,840.0,465,Completed
509999,14450,2023-11-30,10,1,0.05,104.5,54,Completed
510464,11324,2023-11-30,3,2,0.0,96.0,42,Completed
510981,10776,2023-11-30,1,2,0.2,232.0,158,Completed
513119,15014,2023-11-30,10,3,0.0,330.0,162,Completed
507192,12729,2023-11-30,7,3,0.0,81.0,24,Returned
510699,14438,2023-11-30,5,1,0.0,95.0,43,Returned
513636,16151,2023-11-30,4,1,0.05,266.0,155,Completed
513278,17377,2023-11-30,7,2,0.2,43.2,16,Completed
500107,17030,2023-11-30,1,1,0.1,130.5,79,Completed
512652,10194,2023-11-30,5,1,0.1,85.5,43,Completed
511548,13569,2023-11-30,7,1,0.05,25.65,8,Completed
503315,14574,2023-11-30,2,1,0.0,72.0,34,Completed
517393,12612,2023-11-30,7,1,0.05,25.65,8,Completed
509447,18136,2023-11-30,1,1,0.15,123.25,79,Completed
502147,12820,2023-11-30,2,1,0.0,72.0,34,Completed
516648,12364,2023-11-30,7,2,0.15,45.9,16,Completed
515667,12850,2023-11-30,8,2,0.0,176.0,78,Completed
501826,18256,2023-11-30,10,2,0.0,220.0,108,Completed
516778,16613,2023-11-30,6,2,0.1,63.0,26,Completed
508225,13008,2023-11-30,3,3,0.15,122.4,63,Completed
516185,12854,2023-12-01,7,1,0.05,25.65,8,Completed
501655,12908,2023-12-01,1,1,0.15,123.25,79,Completed
511723,10177,2023-12-01,3,1,0.0,48.0,21,Completed
504987,11443,2023-12-01,2,1,0.05,68.4,34,Completed
517986,10067,2023-12-01,5,3,0.05,270.75,129,Completed
502410,13961,2023-12-01,2,3,0.0,216.0,102,Completed
506581,17029,2023-12-01,5,1,0.1,85.5,43,Completed
510395,13598,2023-12-01,2,1,0.05,68.4,34,Completed
514105,12934,2023-12-01,1,1,0.0,145.0,79,Completed
512537,13911,2023-12-01,3,1,0.05,45.6,21,Completed
507416,14022,2023-12-01,4,1,0.0,280.0,155,Completed
510152,10519,2023-12-01,1,2,0.1,261.0,158,Completed
509537,11167,2023-12-01,6,1,0.1,31.5,13,Completed
517056,13581,2023-12-01,3,1,0.15,40.8,21,Completed
511641,10220,2023-12-01,10,2,0.0,220.0,108,Completed
515354,10371,2023-12-01,1,1,0.0,145.0,79,Completed
513669,13941,2023-12-01,5,2,0.2,152.0,86,Completed
512686,10432,2023-12-01,5,2,0.2,152.0,86,Completed
506486,15715,2023-12-01,10,3,0.0,330.0,162,Completed
508960,15277,2023-12-01,7,3,0.0,81.0,24,Completed
507478,12028,2023-12-01,2,1,0.0,72.0,34,Completed
517938,12164,2023-12-01,5,1,0.05,90.25,43,Completed
509847,11081,2023-12-01,7,2,0.0,54.0,16,Completed
509420,13943,2023-12-01,1,1,0.15,123.25,79,Completed
517274,11978,2023-12-01,8,2,0.15,149.6,78,Completed
504277,17272,2023-12-01,9,1,0.05,58.9,28,Completed
508309,13025,2023-12-01,2,1,0.0,72.0,34,Completed
508207,13382,2023-12-01,9,2,0.1,111.6,56,Completed
500904,16528,2023-12-01,5,3,0.05,270.75,129,Completed
510961,17953,2023-12-01,7,1,0.15,22.95,8,Returned
501545,11456,2023-12-01,9,2,0.15,105.4,56,Completed
516917,13480,2023-12-01,7,1,0.05,25.65,8,Completed
514381,17265,2023-12-01,1,1,0.0,145.0,79,Completed
517509,15690,2023-12-02,3,1,0.1,43.2,21,Returned
500547,16316,2023-12-02,10,1,0.15,93.5,54,Completed
511627,15983,2023-12-02,6,1,0.05,33.25,13,Completed
500649,17545,2023-12-02,9,3,0.2,148.8,84,Completed
517569,18246,2023-12-02,5,1,0.1,85.5,43,Completed
513029,12621,2023-12-02,7,4,0.05,102.6,32,Completed
511604,10633,2023-12-02,5,1,0.2,76.0,43,Completed
505408,18214,2023-12-02,6,1,0.05,33.25,13,Completed
511271,16406,2023-12-02,1,1,0.0,145.0,79,Completed
505065,13003,2023-12-02,2,2,0.15,122.4,68,Completed
501912,12471,2023-12-02,10,3,0.15,280.5,162,Completed
512401,13363,2023-12-02,2,1,0.15,61.2,34,Completed
515322,12304,2023-12-02,5,2,0.1,171.0,86,Completed
512896,13455,2023-12-02,9,2,0.0,124.0,56,Completed
511113,13710,2023-12-02,1,2,0.1,261.0,158,Completed
507027,14803,2023-12-02,8,2,0.0,176.0,78,Completed
515733,12033,2023-12-02,10,1,0.0,110.0,54,Cancelled
512371,10656,2023-12-02,2,2,0.0,144.0,68,Completed
500883,12708,2023-12-02,8,3,0.05,250.8,117,Completed
507308,13243,2023-12-02,7,1,0.1,24.3,8,Completed
509027,13775,2023-12-02,6,1,0.05,33.25,13,Completed
506291,16184,2023-12-02,7,2,0.15,45.9,16,Completed
517197,12819,2023-12-02,2,1,0.0,72.0,34,Completed
503675,16705,2023-12-02,9,1,0.05,58.9,28,Completed
515427,11322,2023-12-02,8,2,0.1,158.4,78,Completed
508649,14515,2023-12-02,5,1,0.0,95.0,43,Completed
517269,17137,2023-12-03,1,2,0.05,275.5,158,Cancelled
510368,13921,2023-12-03,7,3,0.0,81.0,24,Completed
507678,14938,2023-12-03,4,1,0.1,252.0,155,Completed
509375,17184,2023-12-03,5,1,0.2,76.0,43,Completed
503276,13152,2023-12-03,1,1,0.05,137.75,79,Completed
502879,11341,2023-12-03,9,2,0.0,124.0,56,Completed
507519,14565,2023-12-03,5,1,0.0,95.0,43,Completed
517253,10680,2023-12-03,10,3,0.1,297.0,162,Completed
509516,11299,2023-12-03,6,1,0.1,31.5,13,Completed
516861,11619,2023-12-03,6,2,0.0,70.0,26,Completed
506351,11208,2023-12-03,2,2,0.0,144.0,68,Returned
507850,11912,2023-12-03,6,1,0.1,31.5,13,Completed
509417,11253,2023-12-03,6,1,0.1,31.5,13,Completed
508864,14006,2023-12-03,2,1,0.15,61.2,34,Completed
504734,13717,2023-12-03,3,3,0.0,144.0,63,Completed
513928,15397,2023-12-03,8,1,0.1,79.2,39,Completed
510943,16019,2023-12-03,1,1,0.0,145.0,79,Completed
515483,11354,2023-12-03,9,3,0.0,186.0,84,Completed
506446,17282,2023-12-03,9,1,0.05,58.9,28,Completed
515360,18081,2023-12-03,7,3,0.2,64.8,24,Completed
517868,12455,2023-12-03,1,1,0.1,130.5,79,Completed
508237,13030,2023-12-03,4,2,0.05,532.0,310,Completed
516457,12479,2023-12-03,8,1,0.0,88.0,39,Completed
501546,10214,2023-12-03,9,1,0.15,52.7,28,Returned
510287,17399,2023-12-03,1,1,0.0,145.0,79,Completed
501753,11606,2023-12-03,7,2,0.0,54.0,16,Completed
509930,10754,2023-12-03,7,1,0.0,27.0,8,Completed
515296,11814,2023-12-03,7,2,0.0,54.0,16,Completed
509606,15612,2023-12-03,6,2,0.0,70.0,26,Completed
516015,12121,2023-12-03,3,1,0.05,45.6,21,Completed
508601,11018,2023-12-03,3,2,0.0,96.0,42,Completed
507879,16775,2023-12-03,9,4,0.15,210.8,112,Completed
506695,10200,2023-12-04,6,4,0.0,140.0,52,Completed
505757,11621,2023-12-04,1,2,0.05,275.5,158,Completed
501670,11037,2023-12-04,1,2,0.0,290.0,158,Completed
516703,17772,2023-12-04,5,1,0.1,85.5,43,Completed
501983,17780,2023-12-04,10,2,0.1,198.0,108,Completed
510553,16690,2023-12-04,1,1,0.0,145.0,79,Completed
510950,13128,2023-12-04,8,1,0.15,74.8,39,Completed
509205,17953,2023-12-04,2,1,0.0,72.0,34,Completed
504840,13461,2023-12-04,1,1,0.0,145.0,79,Completed
516310,10549,2023-12-04,3,3,0.05,136.8,63,Returned
507033,11392,2023-12-04,6,1,0.1,31.5,13,Completed
511711,10937,2023-12-04,1,1,0.0,145.0,79,Completed
507468,14430,2023-12-04,4,1,0.05,266.0,155,Completed
507764,16075,2023-12-04,8,2,0.05,167.2,78,Completed
501649,10683,2023-12-04,3,1,0.15,40.8,21,Completed
510084,13993,2023-12-04,5,1,0.0,95.0,43,Completed
511740,13161,2023-12-04,8,1,0.0,88.0,39,Completed
511981,11061,2023-12-04,1,2,0.0,290.0,158,Completed
506855,11141,2023-12-04,8,1,0.0,88.0,39,Completed
508604,16594,2023-12-04,5,4,0.05,361.0,172,Completed
508674,17438,2023-12-04,3,2,0.0,96.0,42,Completed
506747,10402,2023-12-04,7,3,0.0,81.0,24,Completed
506199,10666,2023-12-04,1,1,0.0,145.0,79,Completed
513895,12289,2023-12-04,5,2,0.0,190.0,86,Completed
513445,12853,2023-12-04,4,2,0.0,560.0,310,Completed
513907,13255,2023-12-04,7,1,0.05,25.65,8,Completed
510193,10596,2023-12-05,5,1,0.0,95.0,43,Completed
516765,16024,2023-12-05,10,1,0.2,88.0,54,Completed
513411,12574,2023-12-05,3,1,0.0,48.0,21,Completed
509480,12476,2023-12-05,2,1,0.05,68.4,34,Completed
506111,15017,2023-12-05,6,1,0.0,35.0,13,Completed
503563,17618,2023-12-05,9,1,0.0,62.0,28,Completed
508169,11549,2023-12-05,10,1,0.05,104.5,54,Completed
512217,13870,2023-12-05,8,3,0.0,264.0,117,Completed
517287,12239,2023-12-05,3,3,0.1,129.6,63,Completed
502784,13313,2023-12-05,10,2,0.0,220.0,108,Returned
505618,14081,2023-12-05,5,1,0.0,95.0,43,Completed
512296,17033,2023-12-05,5,2,0.0,190.0,86,Completed
500705,10662,2023-12-05,3,3,0.05,136.8,63,Completed
517137,12147,2023-12-05,7,1,0.05,25.65,8,Completed
510345,11101,2023-12-05,10,3,0.0,330.0,162,Completed
507083,17726,2023-12-05,1,1,0.05,137.75,79,Returned
507209,17184,2023-12-05,9,1,0.1,55.8,28,Returned
501533,18038,2023-12-05,2,1,0.15,61.2,34,Completed
512300,17744,2023-12-05,5,2,0.15,161.5,86,Completed
516867,17082,2023-12-05,10,1,0.1,99.0,54,Completed
511075,11099,2023-12-05,3,1,0.0,48.0,21,Completed
508777,15149,2023-12-05,2,4,0.0,288.0,136,Completed
515208,15991,2023-12-05,2,1,0.0,72.0,34,Completed
517320,13580,2023-12-05,8,1,0.0,88.0,39,Completed
503140,10684,2023-12-05,2,1,0.05,68.4,34,Completed
501191,10248,2023-12-05,1,1,0.1,130.5,79,Completed
507149,14602,2023-12-05,1,2,0.05,275.5,158,Completed
512069,13368,2023-12-05,2,1,0.15,61.2,34,Completed
504950,13239,2023-12-05,6,4,0.0,140.0,52,Completed
513818,12731,2023-12-05,10,2,0.0,220.0,108,Completed
513076,16653,2023-12-05,5,2,0.1,171.0,86,Cancelled
511081,11092,2023-12-05,1,4,0.05,551.0,316,Completed
500757,14679,2023-12-05,10,1,0.05,104.5,54,Completed
508116,10419,2023-12-05,1,2,0.0,290.0,158,Completed
510046,10294,2023-12-05,6,1,0.0,35.0,13,Completed
504822,14657,2023-12-05,10,1,0.2,88.0,54,Returned
511060,15396,2023-12-05,6,1,0.15,29.75,13,Completed
510304,17229,2023-12-05,7,1,0.1,24.3,8,Completed
513243,14863,2023-12-05,7,2,0.0,54.0,16,Completed
517095,18307,2023-12-06,8,1,0.05,83.6,39,Completed
506616,11727,2023-12-06,2,1,0.1,64.8,34,Cancelled
505904,11916,2023-12-06,2,3,0.0,216.0,102,Completed
514776,10448,2023-12-06,10,1,0.05,104.5,54,Completed
513081,17331,2023-12-06,10,1,0.15,93.5,54,Completed
510069,13036,2023-12-06,4,2,0.05,532.0,310,Completed
510215,13934,2023-12-06,10,2,0.05,209.0,108,Completed
512414,11291,2023-12-06,1,2,0.0,290.0,158,Completed
514361,11302,2023-12-06,1,1,0.15,123.25,79,Completed
509216,14212,2023-12-06,5,1,0.15,80.75,43,Completed
509991,18105,2023-12-06,7,1,0.0,27.0,8,Completed
507162,13441,2023-12-06,5,1,0.05,90.25,43,Completed
516510,15004,2023-12-06,5,1,0.15,80.75,43,Completed
508566,16261,2023-12-06,6,2,0.0,70.0,26,Completed
517380,13880,2023-12-06,6,4,0.1,126.0,52,Completed
501031,15585,2023-12-06,2,1,0.05,68.4,34,Completed
504289,13125,2023-12-06,8,1,0.05,83.6,39,Completed
513247,10633,2023-12-06,3,1,0.0,48.0,21,Completed
504561,10056,2023-12-06,7,1,0.0,27.0,8,Completed
516730,10693,2023-12-06,5,1,0.1,85.5,43,Completed
501236,11372,2023-12-06,4,1,0.0,280.0,155,Completed
514912,18482,2023-12-06,1,3,0.05,413.25,237,Completed
515501,13425,2023-12-06,3,1,0.05,45.6,21,Completed
507133,14211,2023-12-06,6,2,0.1,63.0,26,Completed
506274,12205,2023-12-06,7,1,0.05,25.65,8,Completed
516261,16350,2023-12-06,1,1,0.1,130.5,79,Completed
515167,15184,2023-12-06,9,1,0.0,62.0,28,Completed
503783,14771,2023-12-06,6,1,0.0,35.0,13,Completed
505481,12682,2023-12-06,3,2,0.05,91.2,42,Completed
509662,12633,2023-12-06,1,1,0.0,145.0,79,Completed
514365,16962,2023-12-07,1,1,0.1,130.5,79,Completed
516450,10035,2023-12-07,2,1,0.2,57.6,34,Returned
513624,12493,2023-12-07,9,1,0.05,58.9,28,Completed
513995,13293,2023-12-07,9,1,0.0,62.0,28,Completed
513224,13646,2023-12-07,5,1,0.1,85.5,43,Completed
504452,10536,2023-12-07,8,1,0.0,88.0,39,Returned
508238,17303,2023-12-07,7,1,0.1,24.3,8,Completed
508464,13386,2023-12-07,10,1,0.2,88.0,54,Completed
506308,11810,2023-12-07,7,2,0.1,48.6,16,Completed
504020,14219,2023-12-07,1,1,0.1,130.5,79,Completed
510720,10494,2023-12-07,8,1,0.0,88.0,39,Completed
500583,14651,2023-12-07,8,3,0.0,264.0,117,Completed
510692,15219,2023-12-07,8,1,0.1,79.2,39,Completed
500991,12874,2023-12-07,1,1,0.0,145.0,79,Completed
501088,12062,2023-12-07,3,1,0.05,45.6,21,Completed
503155,12060,2023-12-07,7,2,0.1,48.6,16,Completed
509894,10663,2023-12-07,8,1,0.05,83.6,39,Completed
507866,16956,2023-12-07,10,1,0.0,110.0,54,Completed
508432,11516,2023-12-07,3,1,0.05,45.6,21,Completed
516130,10976,2023-12-07,1,2,0.1,261.0,158,Completed
501447,13474,2023-12-07,3,1,0.05,45.6,21,Completed
511128,12961,2023-12-07,1,1,0.15,123.25,79,Completed
502184,13605,2023-12-07,2,1,0.05,68.4,34,Completed
513791,12862,2023-12-08,2,1,0.05,68.4,34,Completed
512617,11147,2023-12-08,10,1,0.1,99.0,54,Completed
505807,10144,2023-12-08,6,1,0.0,35.0,13,Completed
505465,14074,2023-12-08,10,2,0.0,220.0,108,Completed
508509,16517,2023-12-08,6,1,0.0,35.0,13,Completed
509542,12623,2023-12-08,8,1,0.15,74.8,39,Completed
514697,10024,2023-12-08,1,2,0.0,290.0,158,Completed
510781,10344,2023-12-08,10,1,0.1,99.0,54,Completed
509437,10671,2023-12-08,1,1,0.0,145.0,79,Completed
503758,16542,2023-12-08,8,1,0.0,88.0,39,Completed
507754,10828,2023-12-08,6,2,0.0,70.0,26,Completed
500803,12953,2023-12-08,9,1,0.05,58.9,28,Completed
505653,10305,2023-12-08,3,1,0.15,40.8,21,Completed
515190,11308,2023-12-08,10,4,0.0,440.0,216,Completed
500046,14761,2023-12-08,6,1,0.0,35.0,13,Completed
510420,16902,2023-12-08,3,2,0.05,91.2,42,Completed
512564,10070,2023-12-08,9,3,0.05,176.7,84,Completed
509280,11218,2023-12-08,7,1,0.0,27.0,8,Completed
507917,11450,2023-12-08,1,1,0.0,145.0,79,Completed
515234,10179,2023-12-08,8,4,0.0,352.0,156,Completed
508855,16810,2023-12-08,7,2,0.2,43.2,16,Completed
503986,15762,2023-12-08,5,2,0.0,190.0,86,Completed
508117,14046,2023-12-08,6,1,0.0,35.0,13,Completed
506053,14006,2023-12-08,6,1,0.0,35.0,13,Completed
502604,12794,2023-12-08,2,1,0.0,72.0,34,Completed
504644,15955,2023-12-08,6,3,0.0,105.0,39,Completed
508087,10612,2023-12-08,6,1,0.0,35.0,13,Completed
516512,10090,2023-12-08,7,1,0.0,27.0,8,Completed
512379,12796,2023-12-08,9,2,0.1,111.6,56,Completed
502864,10693,2023-12-08,6,1,0.15,29.75,13,Completed
515305,12625,2023-12-08,5,1,0.05,90.25,43,Completed
512717,10200,2023-12-08,2,3,0.1,194.4,102,Returned
501644,14355,2023-12-08,5,1,0.0,95.0,43,Completed
501634,11442,2023-12-08,8,1,0.1,79.2,39,Returned
511413,17536,2023-12-08,9,1,0.1,55.8,28,Cancelled
517588,12307,2023-12-08,6,1,0.0,35.0,13,Returned
514958,11210,2023-12-08,9,1,0.0,62.0,28,Cancelled
500995,16086,2023-12-08,6,1,0.0,35.0,13,Completed
500342,12527,2023-12-08,9,1,0.15,52.7,28,Returned
505583,10181,2023-12-09,5,2,0.05,180.5,86,Completed
512133,11498,2023-12-09,1,1,0.0,145.0,79,Completed
514254,16074,2023-12-09,9,3,0.0,186.0,84,Completed
515695,13688,2023-12-09,2,1,0.1,64.8,34,Completed
516610,11091,2023-12-09,7,2,0.0,54.0,16,Completed
516876,17691,2023-12-09,7,2,0.15,45.9,16,Completed
500414,14122,2023-12-09,7,1,0.0,27.0,8,Completed
507887,12184,2023-12-09,2,1,0.15,61.2,34,Completed
515183,14386,2023-12-09,5,1,0.05,90.25,43,Completed
510840,10764,2023-12-09,7,1,0.0,27.0,8,Completed
500228,10755,2023-12-09,2,2,0.0,144.0,68,Completed
515635,16963,2023-12-09,6,2,0.05,66.5,26,Completed
514232,18402,2023-12-09,4,1,0.0,280.0,155,Completed
505617,14979,2023-12-09,10,2,0.05,209.0,108,Completed
508109,15243,2023-12-09,7,1,0.05,25.65,8,Completed
516107,11826,2023-12-09,9,3,0.2,148.8,84,Completed
516511,16552,2023-12-09,3,1,0.1,43.2,21,Completed
514056,15050,2023-12-09,1,1,0.0,145.0,79,Completed
515852,15469,2023-12-09,7,1,0.2,21.6,8,Completed
515936,14872,2023-12-09,3,1,0.05,45.6,21,Completed
509282,18206,2023-12-09,2,2,0.1,129.6,68,Completed
513071,11881,2023-12-09,5,1,0.2,76.0,43,Completed
502341,14285,2023-12-09,2,1,0.0,72.0,34,Completed
510854,15000,2023-12-09,7,1,0.15,22.95,8,Completed
502002,17953,2023-12-09,7,1,0.0,27.0,8,Completed
509914,10264,2023-12-09,10,1,0.0,110.0,54,Completed
502449,14543,2023-12-09,1,1,0.15,123.25,79,Completed
510053,11530,2023-12-09,1,1,0.15,123.25,79,Completed
514043,17226,2023-12-09,8,2,0.15,149.6,78,Completed
509344,10539,2023-12-09,8,2,0.05,167.2,78,Completed
503271,10733,2023-12-09,7,1,0.0,27.0,8,Completed
502798,10402,2023-12-09,10,1,0.0,110.0,54,Completed
503130,12621,2023-12-09,5,1,0.1,85.5,43,Completed
511068,10754,2023-12-09,7,2,0.0,54.0,16,Completed
510523,14232,2023-12-09,5,1,0.05,90.25,43,Returned
502817,13750,2023-12-09,1,2,0.05,275.5,158,Completed
505650,16329,2023-12-10,2,2,0.05,136.8,68,Completed
516028,16410,2023-12-10,3,1,0.0,48.0,21,Completed
505319,11955,2023-12-10,1,1,0.05,137.75,79,Completed
502423,14989,2023-12-10,10,1,0.0,110.0,54,Completed
507338,11460,2023-12-10,5,2,0.1,171.0,86,Cancelled
514144,15930,2023-12-10,7,3,0.0,81.0,24,Completed
501987,16203,2023-12-10,9,1,0.0,62.0,28,Completed
508792,14323,2023-12-10,5,1,0.2,76.0,43,Completed
501357,11241,2023-12-10,10,1,0.0,110.0,54,Completed
503132,10470,2023-12-10,6,1,0.05,33.25,13,Completed
502186,10776,2023-12-10,9,1,0.1,55.8,28,Completed
510461,11733,2023-12-10,2,1,0.1,64.8,34,Completed
511199,13775,2023-12-10,6,1,0.0,35.0,13,Completed
512569,13006,2023-12-10,5,1,0.0,95.0,43,Completed
502592,13154,2023-12-10,9,2,0.0,124.0,56,Completed
509355,17376,2023-12-10,1,1,0.0,145.0,79,Completed
512616,10439,2023-12-10,10,1,0.05,104.5,54,Completed
505760,15277,2023-12-10,1,1,0.2,116.0,79,Completed
503728,10819,2023-12-10,10,2,0.1,198.0,108,Completed
515166,14183,2023-12-10,2,1,0.0,72.0,34,Completed
513991,17422,2023-12-10,1,2,0.0,290.0,158,Returned
508078,16406,2023-12-10,6,2,0.05,66.5,26,Completed
506933,11774,2023-12-10,3,2,0.15,81.6,42,Completed
512203,12644,2023-12-10,6,1,0.0,35.0,13,Completed
504485,11504,2023-12-10,9,4,0.0,248.0,112,Completed
515397,10255,2023-12-10,3,1,0.1,43.2,21,Completed
512060,18078,2023-12-10,1,1,0.0,145.0,79,Completed
505480,11709,2023-12-10,8,1,0.2,70.4,39,Completed
513012,18237,2023-12-11,5,2,0.05,180.5,86,Completed
515311,11930,2023-12-11,1,1,0.15,123.25,79,Completed
505351,14434,2023-12-11,6,2,0.0,70.0,26,Completed
505657,15944,2023-12-11,9,1,0.2,49.6,28,Completed
514609,10274,2023-12-11,6,1,0.0,35.0,13,Completed
507103,13214,2023-12-11,1,1,0.0,145.0,79,Completed
508134,12048,2023-12-11,7,3,0.1,72.9,24,Completed
502327,13068,2023-12-11,4,2,0.0,560.0,310,Completed
506734,17196,2023-12-11,5,3,0.0,285.0,129,Completed
507129,12042,2023-12-11,1,1,0.0,145.0,79,Completed
502470,13220,2023-12-11,8,1,0.0,88.0,39,Completed
500729,10149,2023-12-11,5,2,0.0,190.0,86,Completed
517434,11504,2023-12-11,9,1,0.05,58.9,28,Completed
508191,11677,2023-12-11,6,1,0.0,35.0,13,Completed
505127,12909,2023-12-11,6,2,0.0,70.0,26,Completed
517707,13232,2023-12-11,7,3,0.0,81.0,24,Completed
511191,17126,2023-12-11,6,1,0.1,31.5,13,Completed
511232,15453,2023-12-11,8,1,0.0,88.0,39,Completed
517000,10194,2023-12-11,6,1,0.05,33.25,13,Completed
511227,11556,2023-12-11,5,4,0.1,342.0,172,Completed
516677,12029,2023-12-11,3,3,0.1,129.6,63,Completed
515313,14602,2023-12-11,8,3,0.0,264.0,117,Completed
507769,10943,2023-12-11,7,2,0.0,54.0,16,Completed
512153,11461,2023-12-11,2,2,0.2,115.2,68,Completed
515891,10438,2023-12-11,1,1,0.1,130.5,79,Completed
502865,10452,2023-12-11,9,1,0.0,62.0,28,Completed
513359,10515,2023-12-11,1,2,0.0,290.0,158,Completed
504831,11447,2023-12-11,3,1,0.1,43.2,21,Completed
510823,18242,2023-12-11,2,1,0.0,72.0,34,Completed
510726,15325,2023-12-11,3,1,0.0,48.0,21,Completed
504961,14854,2023-12-11,5,1,0.1,85.5,43,Completed
515184,14146,2023-12-11,10,2,0.0,220.0,108,Completed
513174,16128,2023-12-11,5,3,0.15,242.25,129,Completed
510812,10875,2023-12-12,6,2,0.0,70.0,26,Completed
502161,16449,2023-12-12,10,2,0.0,220.0,108,Completed
510136,15016,2023-12-12,3,1,0.0,48.0,21,Completed
505143,17596,2023-12-12,7,1,0.0,27.0,8,Completed
505504,12663,2023-12-12,1,4,0.15,493.0,316,Completed
501365,15616,2023-12-12,8,1,0.05,83.6,39,Completed
504918,13383,2023-12-12,9,1,0.1,55.8,28,Completed
503318,14610,2023-12-12,2,1,0.05,68.4,34,Completed
510872,12158,2023-12-12,4,2,0.15,476.0,310,Completed
513964,10348,2023-12-12,8,3,0.05,250.8,117,Completed
513757,17735,2023-12-12,3,1,0.0,48.0,21,Completed
506836,13378,2023-12-12,2,1,0.0,72.0,34,Completed
503403,10609,2023-12-12,1,1,0.05,137.75,79,Completed
513743,10207,2023-12-12,7,1,0.2,21.6,8,Completed
510797,10411,2023-12-12,10,3,0.0,330.0,162,Completed
501962,14184,2023-12-12,10,1,0.05,104.5,54,Completed
508916,11963,2023-12-12,9,2,0.0,124.0,56,Completed
506824,10846,2023-12-12,10,1,0.0,110.0,54,Completed
512206,13383,2023-12-12,4,1,0.0,280.0,155,Completed
511620,15197,2023-12-12,3,2,0.05,91.2,42,Completed
503036,12631,2023-12-12,10,1,0.0,110.0,54,Completed
507906,12918,2023-12-12,3,1,0.0,48.0,21,Completed
509370,11103,2023-12-12,2,1,0.2,57.6,34,Completed
507320,16437,2023-12-12,9,2,0.0,124.0,56,Completed
512939,14793,2023-12-12,5,1,0.0,95.0,43,Completed
503524,10264,2023-12-12,8,1,0.0,88.0,39,Completed
506089,13369,2023-12-12,6,3,0.0,105.0,39,Completed
513378,15093,2023-12-12,1,1,0.0,145.0,79,Completed
504279,11328,2023-12-12,4,1,0.05,266.0,155,Completed
502913,10360,2023-12-12,10,1,0.1,99.0,54,Completed
509318,17507,2023-12-12,4,2,0.0,560.0,310,Completed
503696,10484,2023-12-12,5,1,0.05,90.25,43,Completed
503985,11481,2023-12-12,1,3,0.0,435.0,237,Completed
512845,13801,2023-12-12,7,1,0.15,22.95,8,Completed
501651,10825,2023-12-12,7,1,0.05,25.65,8,Completed
500854,14290,2023-12-12,8,1,0.1,79.2,39,Completed
502931,18258,2023-12-12,6,1,0.0,35.0,13,Completed
502579,12354,2023-12-12,5,1,0.05,90.25,43,Returned
506750,11572,2023-12-12,7,2,0.15,45.9,16,Completed
512643,15485,2023-12-12,1,1,0.05,137.75,79,Completed
516018,11751,2023-12-12,1,2,0.2,232.0,158,Completed
514601,14365,2023-12-12,7,1,0.0,27.0,8,Completed
517708,16567,2023-12-12,2,1,0.0,72.0,34,Completed
502502,11143,2023-12-12,3,4,0.0,192.0,84,Completed
513961,15168,2023-12-13,9,3,0.0,186.0,84,Returned
511316,10274,2023-12-13,8,1,0.1,79.2,39,Completed
512312,10022,2023-12-13,9,1,0.1,55.8,28,Completed
515629,12463,2023-12-13,1,1,0.0,145.0,79,Completed
513100,12077,2023-12-13,1,1,0.1,130.5,79,Completed
507256,13753,2023-12-13,6,1,0.0,35.0,13,Completed
500768,11440,2023-12-13,7,1,0.0,27.0,8,Completed
502826,14449,2023-12-13,9,1,0.0,62.0,28,Completed
507076,11530,2023-12-13,8,2,0.15,149.6,78,Completed
515514,14620,2023-12-13,1,1,0.05,137.75,79,Completed
516255,14016,2023-12-13,6,2,0.05,66.5,26,Completed
507702,12730,2023-12-13,6,2,0.0,70.0,26,Completed
506553,13004,2023-12-13,7,3,0.1,72.9,24,Completed
515557,13501,2023-12-13,1,1,0.05,137.75,79,Completed
515897,18456,2023-12-13,1,2,0.1,261.0,158,Completed
506260,11039,2023-12-13,1,1,0.0,145.0,79,Completed
503425,11575,2023-12-13,6,1,0.15,29.75,13,Completed
503692,13498,2023-12-13,1,2,0.05,275.5,158,Completed
513284,17113,2023-12-13,7,1,0.1,24.3,8,Completed
510292,13743,2023-12-13,6,1,0.0,35.0,13,Completed
511846,11794,2023-12-13,6,1,0.0,35.0,13,Completed
507180,11266,2023-12-13,7,1,0.15,22.95,8,Completed
517828,15202,2023-12-13,7,1,0.1,24.3,8,Completed
510551,11986,2023-12-13,2,1,0.0,72.0,34,Completed
513269,15466,2023-12-14,10,2,0.0,220.0,108,Completed
510207,17771,2023-12-14,2,1,0.0,72.0,34,Completed
516529,17820,2023-12-14,10,3,0.0,330.0,162,Completed
514168,11810,2023-12-14,7,3,0.0,81.0,24,Completed
514153,15794,2023-12-14,8,1,0.05,83.6,39,Completed
517042,13681,2023-12-14,1,1,0.0,145.0,79,Completed
515459,17468,2023-12-14,1,4,0.2,464.0,316,Completed
503945,16094,2023-12-14,4,2,0.0,560.0,310,Completed
500557,10686,2023-12-14,9,1,0.0,62.0,28,Completed
500683,15536,2023-12-14,5,2,0.0,190.0,86,Completed
514927,10304,2023-12-14,10,2,0.05,209.0,108,Returned
515475,17039,2023-12-14,4,2,0.15,476.0,310,Completed
505907,15267,2023-12-14,5,3,0.1,256.5,129,Returned
514951,18217,2023-12-14,7,1,0.15,22.95,8,Completed
501852,14508,2023-12-14,6,1,0.0,35.0,13,Returned
517285,16934,2023-12-14,6,3,0.0,105.0,39,Completed
501237,10722,2023-12-14,8,2,0.05,167.2,78,Completed
515416,11210,2023-12-14,1,1,0.05,137.75,79,Completed
515981,16599,2023-12-14,6,1,0.05,33.25,13,Completed
506435,11801,2023-12-14,1,1,0.1,130.5,79,Completed
514196,10134,2023-12-14,8,1,0.0,88.0,39,Completed
515364,12677,2023-12-14,3,1,0.05,45.6,21,Completed
504827,11742,2023-12-14,2,3,0.1,194.4,102,Completed
508514,10507,2023-12-14,10,1,0.05,104.5,54,Completed
501750,15194,2023-12-14,10,3,0.2,264.0,162,Completed
506266,10800,2023-12-14,9,1,0.1,55.8,28,Completed
508340,11879,2023-12-14,5,1,0.0,95.0,43,Completed
515735,12814,2023-12-14,10,1,0.0,110.0,54,Completed
513122,11697,2023-12-15,6,1,0.05,33.25,13,Completed
500500,13445,2023-12-15,6,3,0.05,99.75,39,Completed
514388,12553,2023-12-15,7,2,0.0,54.0,16,Completed
505323,10208,2023-12-15,7,1,0.05,25.65,8,Completed
513763,10598,2023-12-15,6,2,0.0,70.0,26,Completed
511538,13303,2023-12-15,9,1,0.0,62.0,28,Completed
503437,15673,2023-12-15,9,2,0.1,111.6,56,Completed
508477,10707,2023-12-15,3,1,0.15,40.8,21,Completed
517491,10060,2023-12-15,6,3,0.1,94.5,39,Completed
511099,16427,2023-12-15,9,2,0.2,99.2,56,Completed
513197,16437,2023-12-15,7,1,0.0,27.0,8,Completed
510012,12356,2023-12-15,10,4,0.05,418.0,216,Completed
510075,11576,2023-12-15,8,1,0.05,83.6,39,Completed
510959,11186,2023-12-15,7,1,0.15,22.95,8,Completed
507177,14201,2023-12-15,8,1,0.1,79.2,39,Completed
516517,16079,2023-12-15,2,2,0.05,136.8,68,Completed
505675,10680,2023-12-15,2,3,0.15,183.6,102,Completed
504700,11471,2023-12-15,4,1,0.0,280.0,155,Completed
511760,13506,2023-12-15,8,3,0.0,264.0,117,Completed
514794,11013,2023-12-15,4,1,0.05,266.0,155,Completed
516020,11682,2023-12-15,8,2,0.05,167.2,78,Completed
505520,17090,2023-12-15,9,1,0.1,55.8,28,Completed
512275,10572,2023-12-15,8,1,0.0,88.0,39,Returned
516750,18315,2023-12-15,1,2,0.0,290.0,158,Completed
508115,14999,2023-12-15,5,1,0.1,85.5,43,Returned
509599,15470,2023-12-15,9,1,0.0,62.0,28,Completed
515047,12628,2023-12-15,2,3,0.15,183.6,102,Completed
509923,11597,2023-12-15,10,1,0.05,104.5,54,Completed
507693,10324,2023-12-15,9,1,0.0,62.0,28,Cancelled
502304,12707,2023-12-15,1,2,0.0,290.0,158,Completed
511825,18037,2023-12-15,10,2,0.0,220.0,108,Completed
501040,16781,2023-12-15,2,1,0.05,68.4,34,Completed
507819,17887,2023-12-15,5,2,0.0,190.0,86,Completed
509597,10542,2023-12-15,4,4,0.1,1008.0,620,Completed
507095,10564,2023-12-16,9,1,0.0,62.0,28,Completed
506214,15213,2023-12-16,9,3,0.2,148.8,84,Completed
511962,14152,2023-12-16,8,1,0.1,79.2,39,Completed
516075,16515,2023-12-16,1,1,0.05,137.75,79,Completed
501238,14010,2023-12-16,5,2,0.0,190.0,86,Completed
511125,10638,2023-12-16,2,2,0.1,129.6,68,Completed
510440,15155,2023-12-16,2,1,0.0,72.0,34,Completed
511450,11848,2023-12-16,2,2,0.05,136.8,68,Completed
509924,11587,2023-12-16,6,2,0.05,66.5,26,Completed
514482,16558,2023-12-16,9,1,0.05,58.9,28,Completed
504278,13893,2023-12-16,5,1,0.0,95.0,43,Completed
513933,15438,2023-12-16,4,1,0.0,280.0,155,Completed
504197,16367,2023-12-16,8,1,0.05,83.6,39,Completed
502531,15014,2023-12-16,5,1,0.1,85.5,43,Completed
501368,12887,2023-12-16,5,1,0.1,85.5,43,Completed
504444,16778,2023-12-16,8,1,0.1,79.2,39,Completed
502265,10706,2023-12-16,5,1,0.05,90.25,43,Returned
511681,14959,2023-12-16,10,4,0.15,374.0,216,Completed
512146,11331,2023-12-16,1,2,0.0,290.0,158,Completed
511657,11392,2023-12-16,1,2,0.1,261.0,158,Completed
505668,11206,2023-12-16,1,1,0.0,145.0,79,Completed
502946,14695,2023-12-16,5,2,0.1,171.0,86,Completed
504465,14474,2023-12-16,4,1,0.05,266.0,155,Completed
503430,17584,2023-12-16,10,1,0.1,99.0,54,Completed
516165,18213,2023-12-16,10,1,0.05,104.5,54,Completed
500115,14433,2023-12-16,8,3,0.0,264.0,117,Completed
507309,17006,2023-12-16,10,1,0.05,104.5,54,Completed
505619,12902,2023-12-16,7,1,0.0,27.0,8,Completed
501631,12989,2023-12-16,2,2,0.0,144.0,68,Completed
513437,13274,2023-12-16,6,1,0.05,33.25,13,Returned
505468,10012,2023-12-17,3,1,0.0,48.0,21,Cancelled
509558,16157,2023-12-17,6,2,0.05,66.5,26,Completed
502572,12952,2023-12-17,7,1,0.0,27.0,8,Completed
508371,11325,2023-12-17,2,1,0.1,64.8,34,Completed
504627,18457,2023-12-17,6,1,0.0,35.0,13,Completed
508287,15083,2023-12-17,5,2,0.0,190.0,86,Completed
508986,10589,2023-12-17,5,2,0.0,190.0,86,Completed
501036,12778,2023-12-17,10,2,0.0,220.0,108,Completed
501218,10210,2023-12-17,4,1,0.2,224.0,155,Completed
507919,14649,2023-12-17,10,4,0.0,440.0,216,Completed
507104,15464,2023-12-17,2,1,0.0,72.0,34,Completed
504024,12655,2023-12-17,7,2,0.0,54.0,16,Completed
512559,10487,2023-12-17,3,2,0.05,91.2,42,Completed
512095,15776,2023-12-17,7,1,0.0,27.0,8,Completed
510517,14054,2023-12-17,7,1,0.0,27.0,8,Completed
511024,17939,2023-12-17,3,2,0.1,86.4,42,Completed
517035,16834,2023-12-17,9,2,0.05,117.8,56,Completed
512944,16617,2023-12-17,10,2,0.05,209.0,108,Completed
508385,13004,2023-12-17,1,1,0.0,145.0,79,Completed
511732,11595,2023-12-17,6,2,0.05,66.5,26,Completed
505866,11932,2023-12-17,1,1,0.0,145.0,79,Completed
504938,10694,2023-12-17,10,1,0.0,110.0,54,Completed
509191,13808,2023-12-17,3,1,0.0,48.0,21,Completed
500863,10233,2023-12-17,3,1,0.05,45.6,21,Completed
512824,14523,2023-12-17,3,1,0.15,40.8,21,Completed
503795,10699,2023-12-17,2,1,0.0,72.0,34,Completed
513131,10382,2023-12-17,5,2,0.0,190.0,86,Completed
501149,13884,2023-12-17,10,2,0.15,187.0,108,Completed
501130,14214,2023-12-17,3,1,0.15,40.8,21,Completed
503055,10530,2023-12-17,6,2,0.1,63.0,26,Completed
509880,13825,2023-12-17,5,1,0.0,95.0,43,Completed
509054,13538,2023-12-18,7,1,0.15,22.95,8,Completed
517519,17014,2023-12-18,6,3,0.15,89.25,39,Completed
505687,13754,2023-12-18,10,1,0.0,110.0,54,Completed
504150,13739,2023-12-18,1,2,0.15,246.5,158,Completed
506982,18111,2023-12-18,8,2,0.2,140.8,78,Completed
515185,18414,2023-12-18,8,1,0.0,88.0,39,Completed
510050,11049,2023-12-18,5,1,0.15,80.75,43,Completed
509193,10715,2023-12-18,1,1,0.05,137.75,79,Completed
511031,13232,2023-12-18,2,1,0.0,72.0,34,Completed
500813,12416,2023-12-18,6,1,0.0,35.0,13,Completed
513426,15056,2023-12-18,5,1,0.2,76.0,43,Completed
500542,13233,2023-12-18,3,2,0.05,91.2,42,Completed
503445,14487,2023-12-18,8,1,0.15,74.8,39,Completed
515285,14526,2023-12-18,5,1,0.15,80.75,43,Completed
512242,10499,2023-12-18,3,1,0.15,40.8,21,Cancelled
513943,11705,2023-12-18,2,3,0.0,216.0,102,Completed
501848,11773,2023-12-18,6,1,0.05,33.25,13,Completed
504966,11311,2023-12-18,1,1,0.05,137.75,79,Completed
503099,10952,2023-12-18,1,1,0.0,145.0,79,Completed
500891,13575,2023-12-18,4,2,0.05,532.0,310,Completed
510974,17942,2023-12-18,2,2,0.0,144.0,68,Completed
512668,15028,2023-12-18,7,2,0.0,54.0,16,Completed
509766,10085,2023-12-18,10,1,0.1,99.0,54,Completed
504967,12713,2023-12-18,9,1,0.0,62.0,28,Completed
512654,10671,2023-12-18,10,1,0.0,110.0,54,Completed
510025,12389,2023-12-18,9,4,0.0,248.0,112,Completed
512762,12812,2023-12-18,10,3,0.15,280.5,162,Completed
516975,13075,2023-12-18,9,1,0.05,58.9,28,Completed
510155,16710,2023-12-18,2,1,0.0,72.0,34,Completed
504286,12437,2023-12-18,5,2,0.05,180.5,86,Completed
505269,18199,2023-12-18,5,2,0.05,180.5,86,Completed
513750,11732,2023-12-18,7,1,0.1,24.3,8,Completed
509096,12343,2023-12-18,6,1,0.0,35.0,13,Completed
514863,13561,2023-12-18,9,1,0.05,58.9,28,Completed
505436,12772,2023-12-18,6,1,0.15,29.75,13,Cancelled
501622,13690,2023-12-19,1,2,0.05,275.5,158,Returned
510218,17745,2023-12-19,4,3,0.0,840.0,465,Completed
511150,11291,2023-12-19,2,2,0.15,122.4,68,Completed
517970,10494,2023-12-19,8,1,0.15,74.8,39,Completed
517847,12482,2023-12-19,4,1,0.1,252.0,155,Completed
511291,15257,2023-12-19,1,2,0.1,261.0,158,Completed
508473,10466,2023-12-19,6,1,0.05,33.25,13,Completed
500952,17439,2023-12-19,2,2,0.1,129.6,68,Completed
510626,11332,2023-12-19,3,3,0.05,136.8,63,Completed
501590,13523,2023-12-19,2,1,0.0,72.0,34,Completed
502578,12840,2023-12-19,7,1,0.0,27.0,8,Completed
504915,14761,2023-12-19,8,2,0.2,140.8,78,Completed
503731,12113,2023-12-19,5,2,0.0,190.0,86,Completed
514852,12538,2023-12-19,1,3,0.0,435.0,237,Completed
504121,15850,2023-12-19,9,1,0.0,62.0,28,Completed
514408,10529,2023-12-19,3,3,0.1,129.6,63,Completed
512788,11262,2023-12-19,10,1,0.05,104.5,54,Completed
504252,16427,2023-12-19,7,1,0.0,27.0,8,Completed
516156,13185,2023-12-19,2,1,0.1,64.8,34,Completed
506991,10904,2023-12-19,2,1,0.1,64.8,34,Completed
503324,12878,2023-12-19,3,1,0.05,45.6,21,Completed
506182,13900,2023-12-19,10,2,0.05,209.0,108,Completed
506497,11921,2023-12-19,7,1,0.0,27.0,8,Completed
507953,14404,2023-12-19,9,2,0.1,111.6,56,Completed
513167,11415,2023-12-19,9,1,0.0,62.0,28,Completed
514159,13703,2023-12-19,3,2,0.0,96.0,42,Completed
506806,10680,2023-12-19,7,1,0.05,25.65,8,Completed
504334,10702,2023-12-19,5,1,0.2,76.0,43,Completed
515907,13186,2023-12-19,10,1,0.05,104.5,54,Completed
502659,12388,2023-12-19,6,1,0.2,28.0,13,Completed
505003,11402,2023-12-19,5,1,0.0,95.0,43,Returned
505507,11473,2023-12-19,9,1,0.0,62.0,28,Completed
502294,15962,2023-12-19,6,2,0.05,66.5,26,Completed
503035,11182,2023-12-19,7,2,0.0,54.0,16,Completed
514377,14121,2023-12-19,5,1,0.0,95.0,43,Completed
512623,11700,2023-12-19,5,3,0.0,285.0,129,Completed
505841,14960,2023-12-19,3,1,0.05,45.6,21,Completed
504475,15611,2023-12-19,3,1,0.1,43.2,21,Completed
514384,16868,2023-12-19,5,1,0.05,90.25,43,Completed
508085,13668,2023-12-19,5,2,0.1,171.0,86,Completed
504762,11989,2023-12-19,6,1,0.05,33.25,13,Completed
503442,11450,2023-12-19,7,1,0.0,27.0,8,Completed
500329,14319,2023-12-20,1,1,0.05,137.75,79,Completed
514393,17333,2023-12-20,4,1,0.0,280.0,155,Completed
503345,15913,2023-12-20,6,1,0.0,35.0,13,Completed
506375,11170,2023-12-20,5,2,0.0,190.0,86,Completed
503873,16914,2023-12-20,8,1,0.15,74.8,39,Completed
502917,17790,2023-12-20,4,3,0.1,756.0,465,Completed
516602,13688,2023-12-20,6,1,0.0,35.0,13,Completed
509458,15216,2023-12-20,4,2,0.0,560.0,310,Completed
502746,10861,2023-12-20,10,1,0.0,110.0,54,Completed
508617,12731,2023-12-20,9,3,0.0,186.0,84,Completed
504211,11649,2023-12-20,4,1,0.1,252.0,155,Completed
507939,11748,2023-12-20,5,1,0.15,80.75,43,Completed
505020,10888,2023-12-20,9,3,0.0,186.0,84,Completed
511335,10965,2023-12-20,9,2,0.1,111.6,56,Completed
509220,10661,2023-12-20,8,2,0.05,167.2,78,Completed
504420,13426,2023-12-20,2,1,0.05,68.4,34,Completed
501788,14409,2023-12-20,8,4,0.0,352.0,156,Completed
500288,12383,2023-12-20,6,2,0.05,66.5,26,Completed
505927,10341,2023-12-20,5,2,0.15,161.5,86,Completed
511855,10969,2023-12-20,3,1,0.05,45.6,21,Completed
513565,16020,2023-12-20,2,1,0.1,64.8,34,Completed
515608,15491,2023-12-20,5,2,0.15,161.5,86,Completed
509148,10285,2023-12-20,1,2,0.05,275.5,158,Completed
512307,15969,2023-12-20,4,2,0.0,560.0,310,Completed
506112,11994,2023-12-20,2,1,0.0,72.0,34,Completed
512891,11424,2023-12-20,7,1,0.0,27.0,8,Completed
508090,10715,2023-12-20,1,1,0.0,145.0,79,Completed
516515,11457,2023-12-20,8,1,0.05,83.6,39,Returned
505811,15878,2023-12-20,9,1,0.0,62.0,28,Completed
509966,16854,2023-12-20,5,1,0.0,95.0,43,Completed
500769,15877,2023-12-20,7,1,0.0,27.0,8,Completed
515331,11681,2023-12-21,1,2,0.15,246.5,158,Returned
506802,10208,2023-12-21,1,2,0.0,290.0,158,Completed
508461,14404,2023-12-21,10,1,0.0,110.0,54,Completed
503680,10644,2023-12-21,10,1,0.0,110.0,54,Completed
501793,11507,2023-12-21,3,1,0.15,40.8,21,Completed
509171,13078,2023-12-21,1,1,0.05,137.75,79,Completed
515443,13172,2023-12-21,2,1,0.15,61.2,34,Completed
515456,12640,2023-12-21,1,1,0.0,145.0,79,Completed
502922,12422,2023-12-21,7,1,0.1,24.3,8,Completed
516084,10343,2023-12-21,4,1,0.05,266.0,155,Completed
506218,10398,2023-12-21,9,3,0.0,186.0,84,Completed
510145,14820,2023-12-21,3,1,0.0,48.0,21,Completed
514426,12089,2023-12-21,1,2,0.0,290.0,158,Completed
502932,13896,2023-12-21,9,1,0.1,55.8,28,Completed
500521,18371,2023-12-21,7,1,0.0,27.0,8,Completed
508624,11440,2023-12-21,7,3,0.0,81.0,24,Completed
500021,12068,2023-12-21,7,1,0.0,27.0,8,Completed
502475,17862,2023-12-21,6,1,0.0,35.0,13,Completed
515414,16507,2023-12-21,6,1,0.05,33.25,13,Completed
515871,16180,2023-12-21,6,1,0.0,35.0,13,Cancelled
502701,10198,2023-12-21,3,1,0.05,45.6,21,Completed
502389,13949,2023-12-21,1,1,0.05,137.75,79,Completed
501913,12624,2023-12-21,5,2,0.0,190.0,86,Returned
505345,13117,2023-12-21,10,2,0.15,187.0,108,Completed
512316,16048,2023-12-21,1,2,0.05,275.5,158,Cancelled
511088,13902,2023-12-21,10,1,0.05,104.5,54,Completed
507812,10958,2023-12-21,5,1,0.2,76.0,43,Completed
501959,17709,2023-12-21,3,2,0.15,81.6,42,Completed
511731,10264,2023-12-21,2,2,0.05,136.8,68,Completed
501303,13413,2023-12-21,6,1,0.0,35.0,13,Completed
517647,14154,2023-12-22,7,2,0.1,48.6,16,Returned
517307,18022,2023-12-22,10,1,0.2,88.0,54,Completed
500463,13935,2023-12-22,2,1,0.0,72.0,34,Completed
516587,11360,2023-12-22,5,4,0.1,342.0,172,Completed
508546,18102,2023-12-22,4,1,0.1,252.0,155,Completed
502506,16649,2023-12-22,3,1,0.0,48.0,21,Completed
517686,18266,2023-12-22,3,1,0.1,43.2,21,Cancelled
501454,14358,2023-12-22,8,1,0.05,83.6,39,Completed
501019,13282,2023-12-22,7,1,0.0,27.0,8,Completed
510755,14363,2023-12-22,5,2,0.05,180.5,86,Completed
516839,17664,2023-12-22,8,1,0.15,74.8,39,Completed
517772,11342,2023-12-22,7,1,0.0,27.0,8,Completed
506278,16633,2023-12-22,3,1,0.05,45.6,21,Completed
503464,16574,2023-12-22,3,2,0.0,96.0,42,Completed
506771,16092,2023-12-22,3,2,0.0,96.0,42,Completed
514264,17586,2023-12-22,1,1,0.0,145.0,79,Completed
506535,11629,2023-12-22,6,2,0.0,70.0,26,Returned
512510,17224,2023-12-22,8,1,0.05,83.6,39,Completed
515749,10419,2023-12-22,10,3,0.0,330.0,162,Completed
501628,10947,2023-12-22,1,2,0.0,290.0,158,Completed
507250,14149,2023-12-22,10,1,0.0,110.0,54,Completed
513892,13921,2023-12-22,2,3,0.0,216.0,102,Cancelled
510118,10736,2023-12-22,3,1,0.05,45.6,21,Completed
514893,13515,2023-12-22,8,1,0.0,88.0,39,Completed
513048,17695,2023-12-22,10,2,0.05,209.0,108,Completed
500318,14837,2023-12-22,8,3,0.1,237.6,117,Completed
513718,14154,2023-12-22,7,4,0.1,97.2,32,Completed
508729,10451,2023-12-22,3,1,0.0,48.0,21,Completed
516418,12840,2023-12-22,9,1,0.0,62.0,28,Completed
509119,16954,2023-12-22,1,1,0.0,145.0,79,Completed
506952,10690,2023-12-22,2,2,0.0,144.0,68,Completed
516986,14487,2023-12-22,10,1,0.0,110.0,54,Completed
500356,15954,2023-12-22,1,2,0.05,275.5,158,Completed
508057,14364,2023-12-22,10,1,0.1,99.0,54,Completed
509081,11972,2023-12-23,2,1,0.1,64.8,34,Completed
508872,16985,2023-12-23,7,1,0.15,22.95,8,Completed
506525,12166,2023-12-23,9,1,0.0,62.0,28,Returned
511643,10470,2023-12-23,2,1,0.0,72.0,34,Completed
508151,10943,2023-12-23,2,1,0.05,68.4,34,Completed
511101,16348,2023-12-23,3,2,0.0,96.0,42,Completed
502460,14982,2023-12-23,5,2,0.05,180.5,86,Completed
507072,11807,2023-12-23,4,1,0.15,238.0,155,Completed
501769,14492,2023-12-23,10,1,0.0,110.0,54,Completed
509418,10537,2023-12-23,5,1,0.05,90.25,43,Completed
513221,13665,2023-12-23,1,2,0.1,261.0,158,Completed
509835,12581,2023-12-23,6,2,0.0,70.0,26,Returned
506404,13743,2023-12-23,3,1,0.1,43.2,21,Completed
513870,10596,2023-12-23,6,1,0.0,35.0,13,Completed
506557,15054,2023-12-23,5,2,0.1,171.0,86,Completed
500087,13372,2023-12-23,8,1,0.05,83.6,39,Completed
510616,11779,2023-12-23,7,2,0.15,45.9,16,Returned
511457,10898,2023-12-23,1,1,0.0,145.0,79,Completed
502934,16750,2023-12-23,10,1,0.0,110.0,54,Returned
514618,18370,2023-12-23,7,1,0.0,27.0,8,Returned
506555,13688,2023-12-23,6,1,0.0,35.0,13,Completed
515120,13879,2023-12-23,7,1,0.0,27.0,8,Completed
507631,12299,2023-12-23,4,1,0.0,280.0,155,Completed
505209,11781,2023-12-23,3,1,0.05,45.6,21,Completed
501501,16342,2023-12-23,6,3,0.2,84.0,39,Completed
508483,12331,2023-12-24,1,2,0.05,275.5,158,Completed
503532,11482,2023-12-24,5,1,0.2,76.0,43,Completed
504387,13417,2023-12-24,7,2,0.05,51.3,16,Completed
506549,13989,2023-12-24,1,1,0.05,137.75,79,Completed
500109,10669,2023-12-24,1,2,0.1,261.0,158,Completed
506757,14829,2023-12-24,7,4,0.2,86.4,32,Completed
501534,10157,2023-12-24,6,2,0.0,70.0,26,Completed
508354,13964,2023-12-24,8,3,0.15,224.4,117,Completed
517294,15243,2023-12-24,3,2,0.05,91.2,42,Completed
506752,16796,2023-12-24,2,2,0.0,144.0,68,Completed
509200,14247,2023-12-24,7,1,0.15,22.95,8,Completed
517689,10577,2023-12-24,4,1,0.1,252.0,155,Completed
503747,12522,2023-12-24,6,1,0.0,35.0,13,Returned
509335,18483,2023-12-24,1,2,0.0,290.0,158,Completed
507840,17914,2023-12-24,7,2,0.05,51.3,16,Completed
513571,10501,2023-12-24,4,2,0.1,504.0,310,Completed
504818,16070,2023-12-24,7,1,0.2,21.6,8,Completed
501879,11642,2023-12-24,10,1,0.1,99.0,54,Completed
517171,12690,2023-12-24,5,1,0.0,95.0,43,Completed
504546,15572,2023-12-24,8,4,0.0,352.0,156,Completed
502446,13916,2023-12-24,10,1,0.0,110.0,54,Completed
513577,11868,2023-12-24,7,3,0.05,76.95,24,Completed
515547,14872,2023-12-24,9,1,0.0,62.0,28,Completed
505092,17323,2023-12-24,3,2,0.0,96.0,42,Completed
508503,13900,2023-12-24,6,1,0.0,35.0,13,Completed
516637,12170,2023-12-24,8,2,0.05,167.2,78,Completed
505962,12693,2023-12-24,6,1,0.0,35.0,13,Completed
513653,10575,2023-12-24,1,2,0.05,275.5,158,Completed
503308,10604,2023-12-24,4,1,0.05,266.0,155,Completed
507237,12012,2023-12-24,9,1,0.05,58.9,28,Completed
504404,11589,2023-12-24,2,2,0.0,144.0,68,Completed
515586,15217,2023-12-24,6,2,0.1,63.0,26,Completed
508253,14230,2023-12-24,8,2,0.0,176.0,78,Returned
504744,16825,2023-12-24,5,2,0.1,171.0,86,Completed
504255,12791,2023-12-24,10,2,0.05,209.0,108,Completed
511708,11817,2023-12-25,1,1,0.1,130.5,79,Completed
502526,10064,2023-12-25,6,2,0.0,70.0,26,Completed
509854,11093,2023-12-25,3,1,0.1,43.2,21,Completed
508539,11447,2023-12-25,1,1,0.05,137.75,79,Completed
504221,17063,2023-12-25,7,1,0.0,27.0,8,Completed
501612,17738,2023-12-25,8,1,0.05,83.6,39,Completed
515627,13327,2023-12-25,6,1,0.0,35.0,13,Completed
506243,12578,2023-12-25,4,1,0.15,238.0,155,Completed
512389,11082,2023-12-25,5,1,0.05,90.25,43,Completed
508794,11441,2023-12-25,10,2,0.2,176.0,108,Completed
509519,10619,2023-12-25,3,2,0.05,91.2,42,Completed
515472,18018,2023-12-25,7,1,0.05,25.65,8,Completed
505281,15878,2023-12-25,9,1,0.2,49.6,28,Completed
508991,10050,2023-12-25,4,3,0.1,756.0,465,Completed
508654,12016,2023-12-25,4,1,0.0,280.0,155,Completed
505950,11250,2023-12-25,2,1,0.0,72.0,34,Returned
514095,12631,2023-12-25,9,3,0.1,167.4,84,Completed
507010,11431,2023-12-25,6,1,0.15,29.75,13,Completed
512895,16278,2023-12-25,2,2,0.05,136.8,68,Cancelled
510188,11977,2023-12-25,6,1,0.05,33.25,13,Completed
513734,11475,2023-12-25,8,2,0.0,176.0,78,Completed
507112,12561,2023-12-25,9,1,0.0,62.0,28,Completed
515801,13493,2023-12-25,6,1,0.05,33.25,13,Completed
508195,10983,2023-12-25,8,1,0.05,83.6,39,Completed
507439,10169,2023-12-25,6,1,0.0,35.0,13,Completed
509976,12923,2023-12-25,2,1,0.05,68.4,34,Completed
506778,10602,2023-12-25,10,1,0.05,104.5,54,Completed
500838,10640,2023-12-25,6,1,0.05,33.25,13,Completed
503504,15016,2023-12-25,8,1,0.0,88.0,39,Completed
504583,11780,2023-12-25,9,2,0.0,124.0,56,Completed
516614,10665,2023-12-25,1,1,0.0,145.0,79,Completed
514902,16396,2023-12-25,4,1,0.2,224.0,155,Completed
503344,17098,2023-12-25,2,2,0.15,122.4,68,Completed
505433,15547,2023-12-26,7,1,0.15,22.95,8,Completed
501856,13383,2023-12-26,6,2,0.0,70.0,26,Completed
502019,12866,2023-12-26,3,2,0.05,91.2,42,Returned
508082,14018,2023-12-26,2,2,0.1,129.6,68,Completed
514008,11937,2023-12-26,7,2,0.05,51.3,16,Cancelled
509250,12289,2023-12-26,5,1,0.0,95.0,43,Completed
517619,13664,2023-12-26,4,1,0.0,280.0,155,Returned
509650,11776,2023-12-26,5,3,0.0,285.0,129,Completed
508888,12690,2023-12-26,5,1,0.15,80.75,43,Completed
509576,15454,2023-12-26,2,1,0.15,61.2,34,Completed
510902,13889,2023-12-26,9,3,0.05,176.7,84,Completed
508859,15084,2023-12-26,6,1,0.1,31.5,13,Completed
515049,11357,2023-12-26,8,1,0.0,88.0,39,Completed
501586,11754,2023-12-26,7,1,0.0,27.0,8,Completed
510935,13231,2023-12-26,2,1,0.1,64.8,34,Completed
508644,15388,2023-12-26,10,2,0.05,209.0,108,Returned
503043,11343,2023-12-26,8,1,0.0,88.0,39,Completed
500264,11605,2023-12-26,8,2,0.05,167.2,78,Completed
509653,16991,2023-12-26,5,2,0.1,171.0,86,Completed
514940,14229,2023-12-26,9,1,0.05,58.9,28,Returned
502399,11046,2023-12-26,3,1,0.1,43.2,21,Completed
511175,10067,2023-12-26,5,1,0.0,95.0,43,Completed
505579,10710,2023-12-26,7,3,0.05,76.95,24,Completed
505586,10470,2023-12-26,3,1,0.0,48.0,21,Completed
502305,14278,2023-12-26,3,1,0.0,48.0,21,Completed
508263,11784,2023-12-26,7,2,0.0,54.0,16,Completed
509467,14959,2023-12-26,2,1,0.0,72.0,34,Completed
511900,11805,2023-12-26,8,1,0.0,88.0,39,Completed
502677,15738,2023-12-26,3,1,0.15,40.8,21,Completed
516318,16776,2023-12-26,3,1,0.0,48.0,21,Completed
502757,10811,2023-12-27,7,3,0.05,76.95,24,Completed
512551,13199,2023-12-27,2,1,0.0,72.0,34,Completed
507745,10720,2023-12-27,5,1,0.05,90.25,43,Completed
508860,18050,2023-12-27,6,1,0.0,35.0,13,Completed
515050,14569,2023-12-27,1,1,0.0,145.0,79,Completed
503455,17009,2023-12-27,1,1,0.0,145.0,79,Completed
505787,15053,2023-12-27,4,1,0.0,280.0,155,Completed
512278,14018,2023-12-27,3,1,0.2,38.4,21,Completed
501013,15532,2023-12-27,3,2,0.15,81.6,42,Completed
509788,10902,2023-12-27,7,1,0.05,25.65,8,Completed
514089,11381,2023-12-27,6,4,0.0,140.0,52,Completed
510205,15092,2023-12-27,5,3,0.0,285.0,129,Completed
510960,13112,2023-12-27,10,4,0.05,418.0,216,Completed
504328,14576,2023-12-27,4,1,0.1,252.0,155,Completed
506942,14231,2023-12-27,3,2,0.0,96.0,42,Cancelled
512213,10384,2023-12-27,2,2,0.0,144.0,68,Completed
515540,14728,2023-12-27,6,1,0.0,35.0,13,Completed
517831,10499,2023-12-27,3,2,0.0,96.0,42,Completed
506647,13740,2023-12-27,2,1,0.0,72.0,34,Completed
513915,15244,2023-12-27,2,1,0.0,72.0,34,Completed
507869,16794,2023-12-27,5,1,0.0,95.0,43,Completed
506203,12690,2023-12-27,5,1,0.0,95.0,43,Completed
511675,17210,2023-12-27,6,2,0.05,66.5,26,Completed
509289,13329,2023-12-27,6,1,0.0,35.0,13,Completed
509222,17566,2023-12-27,5,1,0.05,90.25,43,Completed
507845,15499,2023-12-27,3,2,0.0,96.0,42,Completed
502314,10579,2023-12-27,8,1,0.0,88.0,39,Completed
501837,17423,2023-12-27,10,2,0.1,198.0,108,Completed
516360,12075,2023-12-27,7,1,0.15,22.95,8,Completed
504224,11583,2023-12-27,1,3,0.2,348.0,237,Completed
514715,10121,2023-12-27,8,1,0.0,88.0,39,Completed
502364,16446,2023-12-27,3,1,0.1,43.2,21,Completed
516436,10451,2023-12-27,10,1,0.0,110.0,54,Completed
514864,15214,2023-12-27,7,2,0.15,45.9,16,Completed
506884,12086,2023-12-28,7,2,0.05,51.3,16,Completed
510780,12054,2023-12-28,7,1,0.0,27.0,8,Completed
501925,14488,2023-12-28,1,1,0.05,137.75,79,Completed
506267,12531,2023-12-28,5,1,0.1,85.5,43,Completed
502350,12828,2023-12-28,2,2,0.0,144.0,68,Completed
515013,13527,2023-12-28,2,1,0.05,68.4,34,Completed
514142,10347,2023-12-28,9,1,0.05,58.9,28,Completed
516583,13402,2023-12-28,5,2,0.05,180.5,86,Completed
511384,14601,2023-12-28,4,1,0.0,280.0,155,Completed
510702,12248,2023-12-28,9,2,0.05,117.8,56,Returned
502332,11542,2023-12-28,8,1,0.05,83.6,39,Completed
502764,11150,2023-12-28,7,1,0.15,22.95,8,Completed
509428,17652,2023-12-28,2,1,0.1,64.8,34,Completed
517363,15790,2023-12-28,7,4,0.05,102.6,32,Completed
501906,16624,2023-12-28,7,2,0.0,54.0,16,Completed
500349,13853,2023-12-28,9,2,0.05,117.8,56,Completed
510116,16453,2023-12-28,1,1,0.1,130.5,79,Returned
512324,13980,2023-12-28,6,1,0.15,29.75,13,Completed
504728,13325,2023-12-28,7,1,0.05,25.65,8,Completed
510067,16211,2023-12-28,7,1,0.1,24.3,8,Completed
514217,15434,2023-12-28,9,1,0.15,52.7,28,Completed
507404,10026,2023-12-28,1,1,0.15,123.25,79,Returned
517931,11687,2023-12-28,7,1,0.05,25.65,8,Completed
515525,10438,2023-12-28,3,1,0.0,48.0,21,Completed
504383,12481,2023-12-28,5,2,0.2,152.0,86,Completed
503884,13902,2023-12-28,9,1,0.05,58.9,28,Completed
504571,14983,2023-12-28,1,1,0.0,145.0,79,Completed
506961,11790,2023-12-28,2,3,0.1,194.4,102,Completed
517471,17914,2023-12-28,5,1,0.05,90.25,43,Cancelled
501106,11951,2023-12-28,2,2,0.15,122.4,68,Cancelled
501245,18312,2023-12-28,7,1,0.1,24.3,8,Completed
509127,14761,2023-12-28,10,1,0.05,104.5,54,Completed
507164,13757,2023-12-28,1,1,0.05,137.75,79,Completed
509446,11150,2023-12-29,5,1,0.1,85.5,43,Completed
513078,11320,2023-12-29,7,1,0.05,25.65,8,Completed
510828,10200,2023-12-29,9,1,0.2,49.6,28,Completed
517348,14227,2023-12-29,8,1,0.0,88.0,39,Completed
508711,11566,2023-12-29,8,1,0.1,79.2,39,Completed
501696,12696,2023-12-29,1,2,0.0,290.0,158,Completed
510865,11407,2023-12-29,9,1,0.05,58.9,28,Completed
512597,12100,2023-12-29,5,1,0.1,85.5,43,Completed
507041,10286,2023-12-29,2,2,0.0,144.0,68,Completed
513535,12562,2023-12-29,7,1,0.05,25.65,8,Completed
506677,10751,2023-12-29,6,1,0.0,35.0,13,Cancelled
501206,16602,2023-12-29,6,1,0.0,35.0,13,Completed
511513,12408,2023-12-29,1,2,0.1,261.0,158,Completed
503101,15924,2023-12-29,3,2,0.0,96.0,42,Completed
515210,17094,2023-12-29,8,2,0.1,158.4,78,Completed
506699,13765,2023-12-29,6,1,0.05,33.25,13,Completed
513543,17675,2023-12-29,4,1,0.05,266.0,155,Completed
507530,15523,2023-12-29,10,1,0.05,104.5,54,Completed
503489,13391,2023-12-29,3,1,0.0,48.0,21,Completed
505475,12363,2023-12-29,5,2,0.0,190.0,86,Completed
510773,17675,2023-12-29,9,2,0.0,124.0,56,Completed
501030,18213,2023-12-29,2,1,0.0,72.0,34,Returned
511554,14396,2023-12-29,10,3,0.0,330.0,162,Completed
517497,11986,2023-12-29,9,1,0.05,58.9,28,Completed
500906,11421,2023-12-29,8,2,0.1,158.4,78,Completed
514171,14824,2023-12-29,5,2,0.05,180.5,86,Completed
501583,10294,2023-12-29,5,1,0.0,95.0,43,Completed
517592,14524,2023-12-29,3,1,0.0,48.0,21,Completed
511409,14840,2023-12-29,7,2,0.15,45.9,16,Completed
504257,13663,2023-12-29,6,1,0.0,35.0,13,Cancelled
507922,10497,2023-12-29,1,2,0.05,275.5,158,Completed
503001,13570,2023-12-29,2,2,0.0,144.0,68,Completed
507398,12768,2023-12-29,5,1,0.1,85.5,43,Completed
516797,13141,2023-12-29,8,1,0.1,79.2,39,Completed
506567,13365,2023-12-29,1,2,0.2,232.0,158,Completed
508950,11210,2023-12-29,3,1,0.0,48.0,21,Completed
515067,16595,2023-12-29,1,1,0.0,145.0,79,Completed
510831,12471,2023-12-29,4,1,0.0,280.0,155,Completed
510549,15016,2023-12-29,2,2,0.0,144.0,68,Cancelled
512844,12862,2023-12-29,7,3,0.0,81.0,24,Completed
502509,11630,2023-12-29,3,1,0.0,48.0,21,Completed
511904,14982,2023-12-30,6,1,0.0,35.0,13,Returned
515958,13523,2023-12-30,9,2,0.05,117.8,56,Completed
503734,13367,2023-12-30,5,1,0.05,90.25,43,Completed
506531,11034,2023-12-30,10,1,0.0,110.0,54,Completed
507853,14264,2023-12-30,8,2,0.0,176.0,78,Completed
517180,12241,2023-12-30,10,1,0.05,104.5,54,Completed
510900,16776,2023-12-30,1,1,0.05,137.75,79,Completed
512370,12768,2023-12-30,7,2,0.0,54.0,16,Completed
516859,14542,2023-12-30,3,1,0.0,48.0,21,Completed
502217,13002,2023-12-30,9,3,0.05,176.7,84,Completed
507356,14178,2023-12-30,7,1,0.05,25.65,8,Completed
504890,16065,2023-12-30,1,2,0.05,275.5,158,Completed
502674,12687,2023-12-30,6,2,0.2,56.0,26,Completed
511695,15134,2023-12-30,7,3,0.0,81.0,24,Completed
516710,11067,2023-12-30,9,1,0.05,58.9,28,Completed
511152,13469,2023-12-30,5,4,0.0,380.0,172,Returned
514178,13109,2023-12-30,9,1,0.15,52.7,28,Completed
509185,11457,2023-12-30,5,1,0.05,90.25,43,Returned
516458,11722,2023-12-30,6,3,0.05,99.75,39,Completed
511560,15342,2023-12-30,1,1,0.0,145.0,79,Returned
512201,15644,2023-12-30,5,2,0.0,190.0,86,Completed
510493,11570,2023-12-30,7,1,0.0,27.0,8,Completed
506887,11696,2023-12-30,2,1,0.15,61.2,34,Returned
507396,11745,2023-12-30,8,2,0.15,149.6,78,Returned
501157,15652,2023-12-30,8,1,0.0,88.0,39,Completed
505598,18119,2023-12-30,9,1,0.0,62.0,28,Completed
515770,12151,2023-12-30,10,1,0.0,110.0,54,Completed
504438,16474,2023-12-30,1,4,0.0,580.0,316,Returned
515362,13545,2023-12-30,10,2,0.2,176.0,108,Completed
517546,14380,2023-12-30,5,2,0.0,190.0,86,Completed
510824,10737,2023-12-30,8,2,0.1,158.4,78,Completed
514682,14102,2023-12-31,3,1,0.0,48.0,21,Completed
500658,13119,2023-12-31,3,1,0.05,45.6,21,Completed
517929,15075,2023-12-31,5,1,0.0,95.0,43,Completed
515281,13607,2023-12-31,3,1,0.0,48.0,21,Completed
507907,10030,2023-12-31,3,1,0.1,43.2,21,Completed
514102,11620,2023-12-31,6,2,0.1,63.0,26,Completed
510058,10787,2023-12-31,1,1,0.0,145.0,79,Returned
511318,14648,2023-12-31,1,3,0.1,391.5,237,Cancelled
505737,10415,2023-12-31,10,1,0.05,104.5,54,Completed
517534,11357,2023-12-31,2,1,0.1,64.8,34,Completed
510164,10671,2023-12-31,1,1,0.05,137.75,79,Completed
512021,18438,2023-12-31,4,1,0.05,266.0,155,Completed
516250,16070,2023-12-31,8,2,0.1,158.4,78,Completed
501552,14824,2023-12-31,3,1,0.2,38.4,21,Completed
506398,13426,2023-12-31,6,1,0.15,29.75,13,Completed
514009,12379,2023-12-31,3,1,0.0,48.0,21,Completed
511878,12096,2023-12-31,3,3,0.0,144.0,63,Completed
509628,13464,2023-12-31,1,1,0.05,137.75,79,Completed
505413,11988,2023-12-31,2,1,0.0,72.0,34,Completed
500893,17557,2023-12-31,7,1,0.05,25.65,8,Completed
512107,18300,2023-12-31,2,1,0.1,64.8,34,Completed
509136,17906,2023-12-31,3,1,0.15,40.8,21,Completed
517446,11083,2023-12-31,6,1,0.05,33.25,13,Completed
512450,14277,2023-12-31,10,2,0.05,209.0,108,Completed
512851,11376,2023-12-31,7,1,0.05,25.65,8,Completed
506247,11269,2023-12-31,9,1,0.0,62.0,28,Completed
511313,16748,2023-12-31,7,1,0.1,24.3,8,Completed
516437,12180,2023-12-31,9,1,0.05,58.9,28,Returned
500063,16653,2023-12-31,7,1,0.1,24.3,8,Completed
517887,11475,2023-12-31,4,1,0.05,266.0,155,Completed
500108,14921,2023-12-31,6,1,0.0,35.0,13,Completed
505673,11858,2023-12-31,7,1,0.1,24.3,8,Completed
500858,10347,2023-12-31,6,1,0.0,35.0,13,Returned
511411,14205,2024-01-01,1,1,0.0,145.0,79,Completed
510979,10655,2024-01-01,10,1,0.0,110.0,54,Completed
514201,15252,2024-01-01,9,1,0.2,49.6,28,Completed
500828,14135,2024-01-01,1,2,0.0,290.0,158,Cancelled
505041,12670,2024-01-01,1,2,0.2,232.0,158,Completed
506230,12179,2024-01-01,7,1,0.15,22.95,8,Completed
503031,11262,2024-01-01,6,1,0.0,35.0,13,Completed
504427,17756,2024-01-01,3,1,0.15,40.8,21,Completed
508732,12173,2024-01-01,6,1,0.1,31.5,13,Completed
505572,14593,2024-01-01,5,2,0.0,190.0,86,Completed
511360,11936,2024-01-01,8,1,0.2,70.4,39,Completed
512475,13712,2024-01-01,1,1,0.05,137.75,79,Completed
502886,12733,2024-01-01,10,1,0.0,110.0,54,Completed
516287,12322,2024-01-01,2,1,0.0,72.0,34,Completed
508000,10293,2024-01-01,10,1,0.0,110.0,54,Completed
508041,13033,2024-01-01,2,1,0.05,68.4,34,Completed
500056,11259,2024-01-01,10,1,0.0,110.0,54,Completed
512376,12397,2024-01-01,7,2,0.05,51.3,16,Completed
507290,11241,2024-01-01,3,2,0.1,86.4,42,Completed
500070,17657,2024-01-01,1,1,0.15,123.25,79,Completed
513198,12374,2024-01-01,3,1,0.1,43.2,21,Completed
501398,11620,2024-01-01,7,1,0.1,24.3,8,Completed
516341,14224,2024-01-01,8,1,0.05,83.6,39,Completed
500054,17971,2024-01-01,2,1,0.0,72.0,34,Completed
513149,15070,2024-01-01,7,1,0.15,22.95,8,Completed
503069,15083,2024-01-01,2,2,0.05,136.8,68,Completed
500162,15730,2024-01-01,6,1,0.0,35.0,13,Completed
500452,15551,2024-01-01,1,2,0.1,261.0,158,Completed
501738,11139,2024-01-01,3,2,0.1,86.4,42,Completed
500200,13408,2024-01-01,5,2,0.0,190.0,86,Completed
507867,14543,2024-01-01,1,1,0.05,137.75,79,Completed
509965,14250,2024-01-01,9,3,0.0,186.0,84,Completed
501671,17514,2024-01-01,5,1,0.05,90.25,43,Completed
513602,12379,2024-01-01,1,2,0.2,232.0,158,Completed
504297,12631,2024-01-01,2,1,0.0,72.0,34,Completed
516090,12607,2024-01-01,1,1,0.05,137.75,79,Completed
504646,18023,2024-01-01,2,1,0.0,72.0,34,Completed
506077,10934,2024-01-01,7,1,0.0,27.0,8,Completed
510492,18457,2024-01-01,7,2,0.0,54.0,16,Completed
509138,13388,2024-01-01,8,4,0.0,352.0,156,Completed
500132,14201,2024-01-01,9,1,0.0,62.0,28,Completed
502750,12858,2024-01-01,5,2,0.15,161.5,86,Completed
515052,14169,2024-01-01,3,1,0.05,45.6,21,Completed
504982,10139,2024-01-01,8,1,0.05,83.6,39,Completed
500190,13039,2024-01-01,1,1,0.0,145.0,79,Completed
514052,14117,2024-01-01,1,3,0.0,435.0,237,Completed
503530,11759,2024-01-02,4,1,0.1,252.0,155,Completed
517629,12831,2024-01-02,10,3,0.0,330.0,162,Completed
504466,11419,2024-01-02,2,3,0.0,216.0,102,Completed
509866,12611,2024-01-02,2,3,0.0,216.0,102,Completed
505891,15975,2024-01-02,8,1,0.0,88.0,39,Completed
503833,14068,2024-01-02,9,2,0.0,124.0,56,Completed
513816,14533,2024-01-02,8,1,0.0,88.0,39,Completed
508386,12791,2024-01-02,7,2,0.1,48.6,16,Completed
507339,13943,2024-01-02,9,1,0.0,62.0,28,Completed
506258,15715,2024-01-02,10,1,0.15,93.5,54,Completed
502119,17173,2024-01-02,5,1,0.05,90.25,43,Completed
501112,16823,2024-01-02,7,2,0.0,54.0,16,Completed
516179,15842,2024-01-02,7,4,0.05,102.6,32,Cancelled
502296,14889,2024-01-02,6,1,0.05,33.25,13,Completed
507856,15117,2024-01-02,4,1,0.0,280.0,155,Completed
505721,16277,2024-01-02,6,1,0.05,33.25,13,Completed
503801,11990,2024-01-02,2,2,0.0,144.0,68,Completed
509274,18172,2024-01-02,9,1,0.1,55.8,28,Completed
507968,10797,2024-01-02,10,1,0.15,93.5,54,Completed
512390,11747,2024-01-02,1,1,0.1,130.5,79,Completed
516238,17030,2024-01-02,10,3,0.05,313.5,162,Completed
517688,12058,2024-01-02,2,1,0.1,64.8,34,Completed
503279,12528,2024-01-02,5,1,0.0,95.0,43,Completed
516386,12542,2024-01-02,7,2,0.1,48.6,16,Completed
504235,10143,2024-01-02,2,1,0.15,61.2,34,Completed
508938,12353,2024-01-02,3,1,0.1,43.2,21,Completed
514844,18416,2024-01-02,9,1,0.1,55.8,28,Completed
504591,14374,2024-01-02,6,2,0.2,56.0,26,Completed
500010,12097,2024-01-02,6,1,0.15,29.75,13,Cancelled
510043,12421,2024-01-02,9,1,0.15,52.7,28,Completed
516142,14380,2024-01-02,9,1,0.0,62.0,28,Cancelled
505561,15207,2024-01-02,7,1,0.05,25.65,8,Completed
506431,10136,2024-01-02,8,2,0.15,149.6,78,Completed
506920,10445,2024-01-02,6,3,0.0,105.0,39,Completed
503821,11626,2024-01-02,10,3,0.1,297.0,162,Completed
514129,10686,2024-01-03,6,1,0.05,33.25,13,Completed
503144,18299,2024-01-03,7,1,0.0,27.0,8,Completed
511481,16322,2024-01-03,8,3,0.1,237.6,117,Completed
511164,14095,2024-01-03,8,3,0.05,250.8,117,Completed
501917,12270,2024-01-03,1,1,0.0,145.0,79,Completed
515656,12817,2024-01-03,4,1,0.05,266.0,155,Completed
502299,14123,2024-01-03,5,4,0.05,361.0,172,Completed
506640,12520,2024-01-03,2,1,0.2,57.6,34,Completed
516912,17574,2024-01-03,3,1,0.0,48.0,21,Completed
509311,11426,2024-01-03,9,1,0.0,62.0,28,Completed
509181,14006,2024-01-03,5,2,0.05,180.5,86,Completed
509946,15784,2024-01-03,6,1,0.1,31.5,13,Completed
516344,17059,2024-01-03,6,1,0.05,33.25,13,Completed
512629,10712,2024-01-03,6,4,0.05,133.0,52,Cancelled
503084,11143,2024-01-03,7,2,0.05,51.3,16,Completed
505613,14295,2024-01-03,10,2,0.2,176.0,108,Completed
508727,11525,2024-01-03,7,1,0.05,25.65,8,Completed
501656,13698,2024-01-03,9,1,0.0,62.0,28,Completed
510596,10998,2024-01-03,10,2,0.05,209.0,108,Completed
501311,15490,2024-01-03,1,1,0.0,145.0,79,Completed
505443,14355,2024-01-03,10,2,0.15,187.0,108,Completed
505252,13789,2024-01-03,7,1,0.05,25.65,8,Completed
509434,13944,2024-01-03,8,1,0.05,83.6,39,Completed
511472,11422,2024-01-03,7,2,0.05,51.3,16,Completed
509517,17337,2024-01-03,1,1,0.0,145.0,79,Completed
502233,18064,2024-01-03,7,1,0.1,24.3,8,Returned
512456,10049,2024-01-03,3,1,0.0,48.0,21,Completed
511636,10833,2024-01-03,3,1,0.0,48.0,21,Completed
504372,14815,2024-01-03,2,1,0.1,64.8,34,Completed
505346,13022,2024-01-03,5,1,0.0,95.0,43,Completed
505569,11393,2024-01-03,1,1,0.1,130.5,79,Completed
507029,17895,2024-01-03,2,3,0.0,216.0,102,Completed
517950,12893,2024-01-03,5,1,0.15,80.75,43,Completed
517329,14601,2024-01-03,9,1,0.0,62.0,28,Completed
508895,16466,2024-01-03,3,1,0.0,48.0,21,Completed
504421,10635,2024-01-03,10,2,0.15,187.0,108,Completed
505392,15742,2024-01-03,8,2,0.0,176.0,78,Completed
517908,14232,2024-01-03,3,3,0.1,129.6,63,Completed
500412,18046,2024-01-03,10,1,0.05,104.5,54,Completed
516746,13708,2024-01-03,2,1,0.05,68.4,34,Completed
512273,11302,2024-01-03,9,2,0.0,124.0,56,Completed
508910,16760,2024-01-03,4,1,0.1,252.0,155,Completed
510806,10273,2024-01-04,6,1,0.0,35.0,13,Completed
514530,11707,2024-01-04,10,2,0.1,198.0,108,Completed
501734,14273,2024-01-04,9,1,0.05,58.9,28,Completed
510333,10837,2024-01-04,2,2,0.05,136.8,68,Completed
505325,12113,2024-01-04,7,1,0.05,25.65,8,Completed
512662,12837,2024-01-04,3,1,0.0,48.0,21,Completed
500422,12828,2024-01-04,9,1,0.0,62.0,28,Completed
512481,11030,2024-01-04,1,1,0.15,123.25,79,Completed
502285,16873,2024-01-04,1,2,0.05,275.5,158,Completed
508384,14718,2024-01-04,3,2,0.15,81.6,42,Completed
502767,16034,2024-01-04,4,2,0.15,476.0,310,Completed
514368,10911,2024-01-04,9,4,0.0,248.0,112,Completed
501885,13456,2024-01-04,8,1,0.0,88.0,39,Completed
506986,11588,2024-01-04,8,2,0.0,176.0,78,Completed
513082,17936,2024-01-04,8,2,0.0,176.0,78,Completed
500075,12719,2024-01-04,5,1,0.0,95.0,43,Completed
517783,10383,2024-01-04,6,1,0.1,31.5,13,Returned
502415,10200,2024-01-04,10,1,0.0,110.0,54,Completed
504577,10355,2024-01-05,7,1,0.0,27.0,8,Completed
517924,13462,2024-01-05,2,1,0.05,68.4,34,Completed
505744,16282,2024-01-05,9,1,0.05,58.9,28,Completed
507950,15869,2024-01-05,5,2,0.15,161.5,86,Completed
513877,13183,2024-01-05,7,1,0.0,27.0,8,Completed
509132,16616,2024-01-05,3,3,0.0,144.0,63,Completed
505670,18302,2024-01-05,7,2,0.15,45.9,16,Cancelled
500489,10265,2024-01-05,2,3,0.05,205.2,102,Completed
507941,11751,2024-01-05,10,4,0.0,440.0,216,Completed
505132,11524,2024-01-05,9,4,0.0,248.0,112,Completed
501975,10227,2024-01-05,2,2,0.0,144.0,68,Completed
516121,12384,2024-01-05,3,1,0.05,45.6,21,Completed
510879,13400,2024-01-05,8,1,0.0,88.0,39,Returned
503133,13724,2024-01-05,3,1,0.2,38.4,21,Completed
505905,13122,2024-01-05,9,3,0.05,176.7,84,Completed
512099,12878,2024-01-05,8,3,0.05,250.8,117,Completed
514325,15200,2024-01-05,10,1,0.05,104.5,54,Completed
507561,11079,2024-01-05,9,1,0.05,58.9,28,Completed
501558,16898,2024-01-05,8,1,0.2,70.4,39,Completed
500376,12594,2024-01-05,1,1,0.0,145.0,79,Completed
506713,12041,2024-01-05,7,1,0.0,27.0,8,Completed
502861,12143,2024-01-05,6,1,0.15,29.75,13,Returned
515996,14134,2024-01-05,8,1,0.1,79.2,39,Completed
508661,11166,2024-01-05,3,1,0.0,48.0,21,Completed
509850,14654,2024-01-05,1,1,0.05,137.75,79,Completed
514511,13175,2024-01-05,6,3,0.1,94.5,39,Completed
504412,15721,2024-01-05,9,1,0.2,49.6,28,Completed
502713,14468,2024-01-05,10,1,0.05,104.5,54,Completed
509673,18308,2024-01-05,1,2,0.0,290.0,158,Completed
514827,16777,2024-01-05,7,1,0.15,22.95,8,Completed
501916,11676,2024-01-06,1,1,0.05,137.75,79,Completed
508147,17756,2024-01-06,9,1,0.1,55.8,28,Returned
510275,16291,2024-01-06,9,3,0.1,167.4,84,Returned
512238,11448,2024-01-06,3,2,0.0,96.0,42,Completed
513343,14054,2024-01-06,1,2,0.0,290.0,158,Completed
500486,14232,2024-01-06,1,1,0.05,137.75,79,Completed
504541,16472,2024-01-06,7,1,0.0,27.0,8,Completed
517992,11099,2024-01-06,1,3,0.0,435.0,237,Completed
510274,13376,2024-01-06,8,3,0.1,237.6,117,Completed
504635,15975,2024-01-06,1,1,0.15,123.25,79,Completed
512331,14132,2024-01-06,9,1,0.05,58.9,28,Completed
500067,12089,2024-01-06,9,2,0.0,124.0,56,Completed
517846,11652,2024-01-06,7,2,0.15,45.9,16,Completed
501536,14404,2024-01-06,1,2,0.05,275.5,158,Completed
509008,10541,2024-01-06,1,2,0.15,246.5,158,Completed
500173,11346,2024-01-06,10,1,0.05,104.5,54,Completed
511656,13746,2024-01-06,10,2,0.0,220.0,108,Completed
509092,14001,2024-01-06,10,1,0.0,110.0,54,Completed
506849,16139,2024-01-06,1,1,0.05,137.75,79,Completed
505503,14006,2024-01-06,1,3,0.0,435.0,237,Completed
507050,12880,2024-01-06,2,2,0.0,144.0,68,Completed
509177,16518,2024-01-06,10,2,0.1,198.0,108,Completed
506427,16373,2024-01-06,7,1,0.05,25.65,8,Completed
510419,15624,2024-01-06,1,1,0.0,145.0,79,Completed
501370,14086,2024-01-06,4,2,0.0,560.0,310,Completed
513562,14421,2024-01-06,5,1,0.1,85.5,43,Completed
506522,10012,2024-01-06,1,1,0.0,145.0,79,Completed
506210,13495,2024-01-06,8,3,0.1,237.6,117,Completed
511239,11210,2024-01-06,1,1,0.0,145.0,79,Completed
512826,12233,2024-01-06,3,1,0.0,48.0,21,Completed
507766,12461,2024-01-06,6,1,0.05,33.25,13,Completed
509380,14770,2024-01-06,1,2,0.0,290.0,158,Completed
510852,10792,2024-01-06,10,2,0.0,220.0,108,Cancelled
507282,13406,2024-01-06,7,1,0.15,22.95,8,Completed
507938,10036,2024-01-06,6,1,0.0,35.0,13,Completed
505130,18147,2024-01-06,6,3,0.05,99.75,39,Completed
506586,10892,2024-01-06,3,2,0.1,86.4,42,Completed
508029,12825,2024-01-06,6,2,0.0,70.0,26,Completed
514705,12693,2024-01-06,8,1,0.0,88.0,39,Completed
507863,16695,2024-01-06,7,2,0.0,54.0,16,Completed
500191,10228,2024-01-06,4,1,0.0,280.0,155,Completed
505763,12775,2024-01-07,6,1,0.1,31.5,13,Completed
501705,13720,2024-01-07,2,1,0.15,61.2,34,Completed
501714,10960,2024-01-07,1,1,0.0,145.0,79,Completed
500978,15119,2024-01-07,1,1,0.2,116.0,79,Completed
503487,15131,2024-01-07,8,2,0.15,149.6,78,Completed
513564,11904,2024-01-07,2,3,0.05,205.2,102,Completed
509085,13090,2024-01-07,7,2,0.05,51.3,16,Completed
505775,16977,2024-01-07,3,4,0.1,172.8,84,Returned
510712,14999,2024-01-07,10,1,0.1,99.0,54,Completed
510473,18005,2024-01-07,2,3,0.0,216.0,102,Completed
515522,13046,2024-01-07,1,3,0.15,369.75,237,Completed
509821,18210,2024-01-07,3,2,0.0,96.0,42,Completed
508465,14380,2024-01-07,5,1,0.0,95.0,43,Completed
513962,14655,2024-01-07,4,2,0.05,532.0,310,Completed
513613,10265,2024-01-07,5,1,0.15,80.75,43,Completed
511765,10555,2024-01-07,7,2,0.1,48.6,16,Completed
511161,17756,2024-01-07,6,2,0.0,70.0,26,Completed
502630,18391,2024-01-07,3,1,0.1,43.2,21,Completed
501783,10751,2024-01-07,1,2,0.0,290.0,158,Completed
511410,13881,2024-01-07,8,1,0.0,88.0,39,Completed
516284,13425,2024-01-07,10,1,0.2,88.0,54,Completed
506488,12810,2024-01-07,1,2,0.0,290.0,158,Completed
513831,15565,2024-01-07,5,3,0.1,256.5,129,Completed
509658,11550,2024-01-07,4,1,0.0,280.0,155,Completed
516967,13028,2024-01-07,1,1,0.0,145.0,79,Returned
512502,10662,2024-01-07,3,1,0.0,48.0,21,Completed
502810,17320,2024-01-07,3,3,0.0,144.0,63,Completed
502939,17460,2024-01-07,8,2,0.05,167.2,78,Completed
505341,13441,2024-01-07,9,3,0.05,176.7,84,Completed
508003,14303,2024-01-07,3,2,0.05,91.2,42,Completed
505826,11223,2024-01-07,9,1,0.0,62.0,28,Completed
509029,13332,2024-01-07,5,2,0.0,190.0,86,Completed
502742,14572,2024-01-07,2,2,0.05,136.8,68,Completed
514073,16914,2024-01-07,9,1,0.0,62.0,28,Completed
506354,12170,2024-01-07,10,3,0.1,297.0,162,Completed
512894,14137,2024-01-07,9,2,0.0,124.0,56,Completed
515843,12814,2024-01-07,10,2,0.1,198.0,108,Completed
516802,12389,2024-01-07,6,1,0.1,31.5,13,Completed
506360,10197,2024-01-08,6,2,0.15,59.5,26,Completed
512405,12744,2024-01-08,8,1,0.0,88.0,39,Completed
504457,10162,2024-01-08,6,1,0.15,29.75,13,Completed
501073,15619,2024-01-08,5,2,0.05,180.5,86,Completed
500772,10355,2024-01-08,7,1,0.1,24.3,8,Returned
503519,13511,2024-01-08,2,1,0.0,72.0,34,Completed
509320,11778,2024-01-08,5,1,0.0,95.0,43,Completed
509172,16458,2024-01-08,9,4,0.0,248.0,112,Completed
510541,14604,2024-01-08,1,1,0.05,137.75,79,Completed
517244,13789,2024-01-08,6,1,0.2,28.0,13,Completed
515341,15942,2024-01-08,5,1,0.05,90.25,43,Completed
515324,10366,2024-01-08,4,2,0.0,560.0,310,Completed
506025,15304,2024-01-08,3,2,0.0,96.0,42,Completed
504172,15338,2024-01-08,1,1,0.1,130.5,79,Cancelled
506491,12668,2024-01-08,1,1,0.1,130.5,79,Completed
507031,13197,2024-01-08,5,1,0.15,80.75,43,Completed
506455,11997,2024-01-08,10,2,0.05,209.0,108,Completed
503352,10586,2024-01-08,7,1,0.1,24.3,8,Completed
506353,14081,2024-01-08,8,2,0.1,158.4,78,Completed
500975,11775,2024-01-08,8,3,0.0,264.0,117,Completed
509304,12713,2024-01-08,3,1,0.05,45.6,21,Completed
513971,14182,2024-01-08,1,2,0.2,232.0,158,Completed
510944,10722,2024-01-08,10,2,0.2,176.0,108,Completed
501606,12441,2024-01-08,1,1,0.0,145.0,79,Completed
515637,16430,2024-01-08,5,1,0.0,95.0,43,Completed
508485,10145,2024-01-08,7,1,0.15,22.95,8,Completed
508487,17551,2024-01-08,10,4,0.1,396.0,216,Completed
511168,15738,2024-01-08,8,2,0.1,158.4,78,Completed
511162,10403,2024-01-08,9,1,0.1,55.8,28,Completed
505373,16841,2024-01-08,5,1,0.0,95.0,43,Completed
508536,16092,2024-01-08,7,2,0.0,54.0,16,Completed
516769,13659,2024-01-08,3,2,0.1,86.4,42,Completed
508775,10671,2024-01-08,8,2,0.0,176.0,78,Completed
500248,12108,2024-01-08,1,1,0.15,123.25,79,Completed
515611,10664,2024-01-08,8,1,0.0,88.0,39,Completed
500266,13593,2024-01-08,9,1,0.1,55.8,28,Completed
507365,17659,2024-01-08,8,1,0.1,79.2,39,Completed
504820,16173,2024-01-08,9,1,0.0,62.0,28,Completed
507283,12028,2024-01-08,8,3,0.0,264.0,117,Completed
505485,15044,2024-01-08,4,1,0.05,266.0,155,Completed
511283,11962,2024-01-08,9,1,0.15,52.7,28,Completed
513441,15422,2024-01-08,10,1,0.05,104.5,54,Completed
501818,11593,2024-01-08,5,2,0.05,180.5,86,Completed
509977,11578,2024-01-08,3,1,0.0,48.0,21,Completed
511396,17764,2024-01-08,3,1,0.15,40.8,21,Completed
516383,14797,2024-01-08,6,2,0.15,59.5,26,Completed
513833,14366,2024-01-08,9,1,0.2,49.6,28,Completed
506449,16762,2024-01-09,10,2,0.0,220.0,108,Returned
510111,10187,2024-01-09,2,1,0.0,72.0,34,Completed
507632,15140,2024-01-09,4,1,0.05,266.0,155,Returned
502537,13410,2024-01-09,1,3,0.1,391.5,237,Returned
509362,15373,2024-01-09,9,1,0.05,58.9,28,Completed
500972,14366,2024-01-09,4,2,0.0,560.0,310,Completed
513560,10185,2024-01-09,10,1,0.05,104.5,54,Completed
505226,13306,2024-01-09,2,1,0.1,64.8,34,Completed
507183,14757,2024-01-09,7,1,0.1,24.3,8,Completed
514065,13378,2024-01-09,10,2,0.15,187.0,108,Completed
504856,16804,2024-01-09,3,1,0.05,45.6,21,Completed
508193,14229,2024-01-09,9,2,0.0,124.0,56,Completed
510846,11462,2024-01-09,1,3,0.0,435.0,237,Returned
510204,18287,2024-01-09,6,1,0.05,33.25,13,Completed
504003,16863,2024-01-09,8,3,0.0,264.0,117,Completed
503331,14477,2024-01-09,1,1,0.0,145.0,79,Completed
504104,12188,2024-01-09,10,3,0.0,330.0,162,Completed
507156,11684,2024-01-09,7,2,0.1,48.6,16,Completed
504263,14821,2024-01-09,1,2,0.1,261.0,158,Completed
514546,11085,2024-01-09,7,1,0.0,27.0,8,Completed
502308,11889,2024-01-09,5,2,0.15,161.5,86,Completed
517890,14963,2024-01-09,10,1,0.0,110.0,54,Completed
512777,11700,2024-01-09,2,2,0.0,144.0,68,Completed
507824,10348,2024-01-09,2,3,0.15,183.6,102,Completed
501662,12256,2024-01-09,10,1,0.0,110.0,54,Completed
508353,10941,2024-01-09,3,1,0.0,48.0,21,Completed
516151,10157,2024-01-09,7,2,0.0,54.0,16,Completed
507767,14568,2024-01-09,8,2,0.05,167.2,78,Completed
516218,12819,2024-01-09,9,2,0.0,124.0,56,Completed
512294,15359,2024-01-09,5,1,0.05,90.25,43,Completed
502436,11336,2024-01-09,3,1,0.1,43.2,21,Completed
507780,12249,2024-01-09,3,2,0.1,86.4,42,Completed
510212,10571,2024-01-10,2,1,0.0,72.0,34,Completed
509865,17207,2024-01-10,2,1,0.15,61.2,34,Completed
516836,15124,2024-01-10,5,1,0.05,90.25,43,Completed
506309,14847,2024-01-10,6,3,0.1,94.5,39,Completed
509706,11879,2024-01-10,1,1,0.0,145.0,79,Completed
511305,11620,2024-01-10,7,2,0.0,54.0,16,Returned
511014,14652,2024-01-10,2,1,0.0,72.0,34,Completed
508148,16760,2024-01-10,5,3,0.1,256.5,129,Completed
512073,13274,2024-01-10,5,3,0.05,270.75,129,Completed
513459,13912,2024-01-10,6,1,0.0,35.0,13,Completed
505367,14439,2024-01-10,7,1,0.15,22.95,8,Completed
516494,13726,2024-01-10,10,1,0.0,110.0,54,Completed
500005,13733,2024-01-10,4,3,0.15,714.0,465,Completed
512525,15659,2024-01-10,2,2,0.0,144.0,68,Completed
500698,13603,2024-01-10,10,2,0.05,209.0,108,Completed
501467,14528,2024-01-10,1,2,0.05,275.5,158,Completed
508292,11534,2024-01-10,8,1,0.0,88.0,39,Completed
500713,11384,2024-01-10,7,2,0.0,54.0,16,Completed
502582,12731,2024-01-10,2,1,0.0,72.0,34,Completed
516663,10319,2024-01-10,7,1,0.1,24.3,8,Completed
516138,12936,2024-01-10,7,1,0.15,22.95,8,Completed
513765,15113,2024-01-10,5,1,0.0,95.0,43,Completed
516558,10208,2024-01-10,3,2,0.0,96.0,42,Completed
506043,11533,2024-01-10,7,1,0.0,27.0,8,Completed
512949,14114,2024-01-10,6,2,0.1,63.0,26,Completed
517784,13270,2024-01-10,9,2,0.1,111.6,56,Completed
515153,10274,2024-01-10,6,1,0.15,29.75,13,Returned
505471,18037,2024-01-10,2,1,0.0,72.0,34,Cancelled
507093,12918,2024-01-10,2,2,0.0,144.0,68,Completed
517019,12887,2024-01-10,5,3,0.05,270.75,129,Completed
510954,10822,2024-01-10,3,2,0.05,91.2,42,Completed
505754,11810,2024-01-10,1,1,0.0,145.0,79,Completed
512344,12512,2024-01-10,5,2,0.05,180.5,86,Completed
505397,10917,2024-01-11,5,1,0.2,76.0,43,Completed
510094,11475,2024-01-11,3,3,0.1,129.6,63,Completed
502515,11468,2024-01-11,7,2,0.0,54.0,16,Cancelled
502521,11085,2024-01-11,3,2,0.2,76.8,42,Completed
513066,10272,2024-01-11,2,4,0.1,259.2,136,Completed
516844,11404,2024-01-11,6,4,0.1,126.0,52,Completed
502437,17906,2024-01-11,5,2,0.05,180.5,86,Completed
506348,17022,2024-01-11,9,1,0.1,55.8,28,Completed
516475,14172,2024-01-11,3,1,0.2,38.4,21,Completed
517807,10046,2024-01-11,9,2,0.0,124.0,56,Completed
515279,10950,2024-01-11,4,1,0.1,252.0,155,Completed
513533,16602,2024-01-11,1,1,0.0,145.0,79,Completed
501428,12779,2024-01-11,6,1,0.1,31.5,13,Completed
517551,14814,2024-01-11,4,1,0.05,266.0,155,Completed
506283,15014,2024-01-11,10,1,0.0,110.0,54,Completed
503028,14859,2024-01-11,3,1,0.15,40.8,21,Completed
507590,15413,2024-01-11,6,2,0.0,70.0,26,Completed
510847,11682,2024-01-11,5,1,0.1,85.5,43,Completed
516904,16419,2024-01-11,5,1,0.15,80.75,43,Completed
506373,14987,2024-01-11,10,1,0.0,110.0,54,Completed
504014,17591,2024-01-11,7,3,0.1,72.9,24,Completed
516930,10455,2024-01-11,5,2,0.05,180.5,86,Completed
514165,10001,2024-01-11,2,3,0.15,183.6,102,Completed
507271,18391,2024-01-11,5,1,0.0,95.0,43,Completed
515496,11385,2024-01-12,10,1,0.1,99.0,54,Completed
515229,10441,2024-01-12,5,1,0.0,95.0,43,Completed
507494,11338,2024-01-12,9,1,0.05,58.9,28,Completed
507489,16529,2024-01-12,3,1,0.05,45.6,21,Completed
516580,10684,2024-01-12,6,2,0.1,63.0,26,Returned
500553,15745,2024-01-12,6,1,0.0,35.0,13,Completed
503893,15983,2024-01-12,5,3,0.0,285.0,129,Completed
500409,14333,2024-01-12,2,2,0.0,144.0,68,Completed
505517,14656,2024-01-12,9,1,0.0,62.0,28,Completed
503937,11085,2024-01-12,4,1,0.1,252.0,155,Completed
512534,15802,2024-01-12,3,1,0.0,48.0,21,Completed
515813,16602,2024-01-12,7,3,0.15,68.85,24,Completed
500704,11119,2024-01-12,3,1,0.15,40.8,21,Completed
516791,16822,2024-01-12,2,1,0.1,64.8,34,Completed
501181,12671,2024-01-12,6,3,0.0,105.0,39,Completed
516211,15013,2024-01-12,6,1,0.0,35.0,13,Completed
505364,10947,2024-01-12,5,1,0.0,95.0,43,Completed
507828,15474,2024-01-12,5,1,0.05,90.25,43,Completed
502346,11246,2024-01-12,7,1,0.05,25.65,8,Completed
515021,16265,2024-01-12,10,1,0.1,99.0,54,Completed
507755,16983,2024-01-12,3,1,0.0,48.0,21,Completed
508364,13175,2024-01-12,9,2,0.0,124.0,56,Completed
505782,13249,2024-01-12,5,1,0.0,95.0,43,Completed
511208,15253,2024-01-12,3,2,0.0,96.0,42,Completed
514528,16899,2024-01-12,8,1,0.1,79.2,39,Completed
504319,11620,2024-01-12,7,1,0.0,27.0,8,Completed
508129,17390,2024-01-12,7,1,0.0,27.0,8,Completed
514971,12695,2024-01-12,3,2,0.1,86.4,42,Completed
513290,10274,2024-01-12,5,1,0.0,95.0,43,Completed
506464,16651,2024-01-12,9,1,0.0,62.0,28,Completed
507620,10277,2024-01-12,7,1,0.0,27.0,8,Completed
513089,13712,2024-01-12,7,1,0.1,24.3,8,Completed
506457,15103,2024-01-12,10,1,0.0,110.0,54,Completed
507249,10401,2024-01-12,9,1,0.05,58.9,28,Cancelled
510003,11766,2024-01-12,8,2,0.15,149.6,78,Completed
504481,12420,2024-01-12,5,1,0.2,76.0,43,Completed
507383,11784,2024-01-12,6,1,0.05,33.25,13,Returned
515379,16327,2024-01-12,6,1,0.1,31.5,13,Completed
502929,18438,2024-01-12,10,1,0.1,99.0,54,Completed
503419,13310,2024-01-12,9,2,0.1,111.6,56,Completed
507385,15644,2024-01-12,2,1,0.0,72.0,34,Completed
508998,13300,2024-01-12,2,4,0.1,259.2,136,Completed
513464,15928,2024-01-12,2,1,0.0,72.0,34,Completed
514108,17100,2024-01-12,6,1,0.05,33.25,13,Returned
500827,16415,2024-01-13,5,1,0.2,76.0,43,Completed
508140,11117,2024-01-13,3,3,0.0,144.0,63,Completed
503002,15297,2024-01-13,7,1,0.05,25.65,8,Completed
512829,11381,2024-01-13,6,1,0.05,33.25,13,Completed
506675,13273,2024-01-13,6,1,0.1,31.5,13,Returned
501713,12587,2024-01-13,9,1,0.2,49.6,28,Completed
505855,11422,2024-01-13,2,1,0.0,72.0,34,Returned
512362,12173,2024-01-13,8,1,0.2,70.4,39,Completed
504434,12764,2024-01-13,4,1,0.0,280.0,155,Completed
517518,15718,2024-01-13,2,1,0.0,72.0,34,Completed
502359,14692,2024-01-13,4,3,0.05,798.0,465,Completed
511025,14972,2024-01-13,2,3,0.0,216.0,102,Completed
502291,17862,2024-01-13,8,1,0.0,88.0,39,Completed
517987,13523,2024-01-13,9,2,0.0,124.0,56,Completed
517698,11367,2024-01-13,9,1,0.2,49.6,28,Completed
516607,17189,2024-01-13,6,2,0.1,63.0,26,Completed
512992,14111,2024-01-13,4,1,0.1,252.0,155,Returned
514226,12902,2024-01-13,1,1,0.0,145.0,79,Completed
507253,15243,2024-01-13,6,3,0.0,105.0,39,Completed
510105,18330,2024-01-13,7,2,0.1,48.6,16,Completed
514782,12418,2024-01-13,1,1,0.0,145.0,79,Completed
504862,14715,2024-01-13,6,1,0.0,35.0,13,Completed
502425,13480,2024-01-13,8,1,0.0,88.0,39,Completed
504512,10252,2024-01-13,2,3,0.2,172.8,102,Completed
514559,12977,2024-01-13,9,1,0.0,62.0,28,Completed
507146,13956,2024-01-13,5,3,0.05,270.75,129,Completed
516371,17488,2024-01-13,1,1,0.05,137.75,79,Completed
511049,13724,2024-01-13,8,2,0.2,140.8,78,Completed
514925,16439,2024-01-13,5,2,0.0,190.0,86,Completed
516253,12149,2024-01-13,1,1,0.0,145.0,79,Completed
504872,12260,2024-01-13,9,1,0.15,52.7,28,Completed
508522,10519,2024-01-14,6,1,0.0,35.0,13,Completed
504341,16559,2024-01-14,1,1,0.05,137.75,79,Completed
513095,10463,2024-01-14,7,1,0.1,24.3,8,Completed
511879,10495,2024-01-14,2,2,0.15,122.4,68,Completed
513616,10119,2024-01-14,7,2,0.05,51.3,16,Completed
507796,17840,2024-01-14,5,1,0.15,80.75,43,Completed
500465,15648,2024-01-14,6,2,0.0,70.0,26,Completed
508815,14857,2024-01-14,9,1,0.05,58.9,28,Completed
508987,18053,2024-01-14,2,1,0.05,68.4,34,Completed
500520,13852,2024-01-14,3,2,0.1,86.4,42,Completed
501985,15669,2024-01-14,2,1,0.0,72.0,34,Completed
514020,11189,2024-01-14,2,1,0.05,68.4,34,Completed
505978,11309,2024-01-14,8,1,0.0,88.0,39,Completed
506818,16699,2024-01-14,5,1,0.15,80.75,43,Returned
511591,15162,2024-01-14,10,2,0.0,220.0,108,Completed
513146,17943,2024-01-14,7,1,0.0,27.0,8,Completed
514668,15721,2024-01-14,3,2,0.0,96.0,42,Completed
500368,13097,2024-01-14,6,1,0.0,35.0,13,Completed
516948,13458,2024-01-14,7,2,0.0,54.0,16,Completed
516245,10657,2024-01-14,2,1,0.15,61.2,34,Completed
510913,12520,2024-01-14,7,1,0.0,27.0,8,Completed
506159,11935,2024-01-14,3,1,0.2,38.4,21,Cancelled
513950,15436,2024-01-14,4,3,0.0,840.0,465,Completed
502706,11939,2024-01-14,6,3,0.05,99.75,39,Completed
511557,17258,2024-01-14,10,1,0.0,110.0,54,Completed
507508,10508,2024-01-14,6,4,0.1,126.0,52,Completed
501843,10347,2024-01-14,10,2,0.0,220.0,108,Completed
512142,13692,2024-01-14,8,2,0.0,176.0,78,Completed
513952,15261,2024-01-14,2,2,0.05,136.8,68,Completed
505029,15506,2024-01-14,6,2,0.0,70.0,26,Completed
516821,13881,2024-01-14,6,4,0.05,133.0,52,Completed
506489,17240,2024-01-14,10,2,0.0,220.0,108,Completed
515887,14602,2024-01-14,5,1,0.1,85.5,43,Completed
506719,12159,2024-01-14,3,4,0.15,163.2,84,Completed
505117,13015,2024-01-15,5,1,0.1,85.5,43,Completed
511478,11442,2024-01-15,7,1,0.05,25.65,8,Returned
517250,16760,2024-01-15,9,3,0.0,186.0,84,Completed
503903,13143,2024-01-15,9,1,0.0,62.0,28,Completed
503362,15501,2024-01-15,1,1,0.1,130.5,79,Completed
517265,12677,2024-01-15,8,3,0.15,224.4,117,Completed
503082,17811,2024-01-15,4,1,0.15,238.0,155,Completed
507720,11914,2024-01-15,5,1,0.15,80.75,43,Completed
517633,10698,2024-01-15,8,1,0.0,88.0,39,Completed
517926,16039,2024-01-15,6,2,0.1,63.0,26,Completed
511415,17343,2024-01-15,8,1,0.0,88.0,39,Completed
500894,11463,2024-01-15,10,1,0.0,110.0,54,Completed
510936,17096,2024-01-15,6,1,0.0,35.0,13,Completed
516671,11838,2024-01-15,6,3,0.05,99.75,39,Completed
503129,10751,2024-01-15,6,2,0.05,66.5,26,Completed
509275,10810,2024-01-15,3,1,0.15,40.8,21,Completed
505101,10593,2024-01-15,1,2,0.05,275.5,158,Completed
516951,14435,2024-01-15,5,1,0.0,95.0,43,Completed
514356,17095,2024-01-15,9,2,0.2,99.2,56,Completed
511182,10319,2024-01-15,2,1,0.0,72.0,34,Completed
510406,10325,2024-01-15,8,1,0.0,88.0,39,Completed
512862,14012,2024-01-15,3,2,0.15,81.6,42,Completed
514841,12655,2024-01-15,5,1,0.1,85.5,43,Completed
501271,10955,2024-01-15,2,2,0.0,144.0,68,Completed
504865,10735,2024-01-15,1,2,0.0,290.0,158,Completed
508926,11807,2024-01-15,7,1,0.0,27.0,8,Completed
517763,11770,2024-01-15,2,1,0.05,68.4,34,Completed
512315,16373,2024-01-15,1,1,0.0,145.0,79,Completed
505699,11824,2024-01-15,2,1,0.05,68.4,34,Completed
508528,11655,2024-01-15,2,2,0.1,129.6,68,Completed
500167,14572,2024-01-15,6,1,0.0,35.0,13,Completed
505511,14387,2024-01-15,5,1,0.0,95.0,43,Completed
512068,16655,2024-01-15,5,2,0.0,190.0,86,Completed
516223,15838,2024-01-16,8,3,0.2,211.2,117,Completed
516129,16662,2024-01-16,3,2,0.15,81.6,42,Completed
516423,13151,2024-01-16,4,1,0.05,266.0,155,Completed
515189,11109,2024-01-16,10,1,0.0,110.0,54,Completed
500973,10259,2024-01-16,9,2,0.0,124.0,56,Completed
500223,17326,2024-01-16,8,2,0.1,158.4,78,Completed
508066,10458,2024-01-16,4,2,0.1,504.0,310,Cancelled
514853,12446,2024-01-16,2,1,0.0,72.0,34,Completed
510468,12030,2024-01-16,3,2,0.0,96.0,42,Completed
515965,11416,2024-01-16,7,1,0.1,24.3,8,Completed
507986,11088,2024-01-16,8,1,0.1,79.2,39,Completed
517818,16147,2024-01-16,2,1,0.0,72.0,34,Completed
517391,13258,2024-01-16,6,2,0.05,66.5,26,Completed
508026,12260,2024-01-16,3,1,0.0,48.0,21,Completed
513124,18097,2024-01-16,6,1,0.1,31.5,13,Completed
512724,14928,2024-01-16,10,1,0.0,110.0,54,Completed
507670,13708,2024-01-16,5,1,0.1,85.5,43,Cancelled
500285,12968,2024-01-16,2,2,0.0,144.0,68,Completed
504713,17221,2024-01-16,1,2,0.0,290.0,158,Completed
508363,12143,2024-01-16,1,1,0.05,137.75,79,Completed
515755,10362,2024-01-16,4,1,0.1,252.0,155,Completed
515751,12994,2024-01-16,10,1,0.15,93.5,54,Completed
517196,12776,2024-01-16,5,2,0.0,190.0,86,Cancelled
508599,10140,2024-01-16,1,1,0.1,130.5,79,Completed
501777,11233,2024-01-16,3,2,0.0,96.0,42,Cancelled
511404,14427,2024-01-16,1,1,0.1,130.5,79,Completed
516271,12507,2024-01-16,7,1,0.1,24.3,8,Completed
512603,10880,2024-01-16,3,3,0.15,122.4,63,Completed
509546,13809,2024-01-16,3,1,0.1,43.2,21,Completed
507359,13204,2024-01-16,7,1,0.0,27.0,8,Completed
512768,10772,2024-01-16,1,2,0.0,290.0,158,Completed
507100,12363,2024-01-16,10,2,0.05,209.0,108,Completed
504122,10162,2024-01-16,2,4,0.0,288.0,136,Completed
505426,11880,2024-01-16,6,1,0.05,33.25,13,Completed
514317,14272,2024-01-16,5,1,0.0,95.0,43,Completed
507688,15097,2024-01-16,2,1,0.1,64.8,34,Completed
511842,10216,2024-01-17,2,4,0.2,230.4,136,Completed
509063,13311,2024-01-17,10,2,0.15,187.0,108,Completed
516882,10825,2024-01-17,6,4,0.0,140.0,52,Completed
514314,10640,2024-01-17,2,1,0.05,68.4,34,Completed
501598,14689,2024-01-17,9,1,0.15,52.7,28,Completed
500401,15842,2024-01-17,5,1,0.0,95.0,43,Completed
514416,14266,2024-01-17,6,3,0.05,99.75,39,Completed
509897,15959,2024-01-17,5,1,0.0,95.0,43,Completed
510481,14023,2024-01-17,10,1,0.1,99.0,54,Completed
505495,14599,2024-01-17,5,1,0.05,90.25,43,Completed
517523,10274,2024-01-17,7,2,0.0,54.0,16,Completed
513436,10803,2024-01-17,5,1,0.0,95.0,43,Completed
512876,12497,2024-01-17,6,1,0.0,35.0,13,Completed
508656,10096,2024-01-17,2,2,0.0,144.0,68,Completed
502717,13164,2024-01-17,10,3,0.05,313.5,162,Completed
508818,16375,2024-01-17,5,1,0.0,95.0,43,Completed
504576,10802,2024-01-17,7,1,0.0,27.0,8,Cancelled
507718,14613,2024-01-17,10,3,0.0,330.0,162,Completed
517170,10349,2024-01-17,3,1,0.05,45.6,21,Completed
511873,10966,2024-01-17,4,1,0.0,280.0,155,Completed
512769,14317,2024-01-17,10,1,0.0,110.0,54,Cancelled
514765,12122,2024-01-17,6,2,0.0,70.0,26,Completed
514258,12542,2024-01-17,7,1,0.0,27.0,8,Completed
513401,17574,2024-01-17,7,1,0.0,27.0,8,Completed
513720,11180,2024-01-17,10,1,0.05,104.5,54,Completed
514563,13432,2024-01-17,5,3,0.0,285.0,129,Completed
500105,10216,2024-01-17,5,1,0.0,95.0,43,Completed
509943,13191,2024-01-18,3,2,0.0,96.0,42,Completed
517703,13192,2024-01-18,7,2,0.2,43.2,16,Completed
507500,11345,2024-01-18,1,1,0.0,145.0,79,Completed
516838,12189,2024-01-18,7,2,0.05,51.3,16,Completed
506829,16322,2024-01-18,1,4,0.05,551.0,316,Completed
501202,12218,2024-01-18,10,2,0.1,198.0,108,Completed
511565,12541,2024-01-18,8,1,0.0,88.0,39,Completed
510826,11579,2024-01-18,8,3,0.0,264.0,117,Completed
512552,11377,2024-01-18,9,2,0.0,124.0,56,Completed
511822,10927,2024-01-18,6,1,0.0,35.0,13,Completed
504912,13195,2024-01-18,6,2,0.0,70.0,26,Completed
506473,10167,2024-01-18,8,1,0.15,74.8,39,Completed
505575,14102,2024-01-18,8,3,0.0,264.0,117,Completed
505878,11165,2024-01-18,1,4,0.0,580.0,316,Completed
513361,15838,2024-01-18,2,1,0.0,72.0,34,Completed
517854,15951,2024-01-18,5,2,0.2,152.0,86,Completed
512311,15156,2024-01-18,8,1,0.0,88.0,39,Returned
513986,10257,2024-01-18,7,1,0.0,27.0,8,Completed
500120,18335,2024-01-18,10,2,0.0,220.0,108,Completed
514371,12022,2024-01-18,7,1,0.05,25.65,8,Completed
508682,10012,2024-01-18,8,1,0.0,88.0,39,Completed
512244,14765,2024-01-18,9,1,0.15,52.7,28,Completed
515179,16243,2024-01-18,6,1,0.15,29.75,13,Completed
517072,14154,2024-01-18,4,3,0.0,840.0,465,Completed
515992,11203,2024-01-18,7,2,0.0,54.0,16,Completed
503224,13748,2024-01-18,5,1,0.2,76.0,43,Completed
500848,18111,2024-01-18,1,1,0.05,137.75,79,Completed
516401,13019,2024-01-18,8,1,0.0,88.0,39,Completed
500509,13075,2024-01-18,3,1,0.05,45.6,21,Completed
510209,10560,2024-01-18,10,4,0.0,440.0,216,Completed
516872,11558,2024-01-18,10,1,0.0,110.0,54,Completed
513373,11994,2024-01-18,8,1,0.0,88.0,39,Completed
503125,16469,2024-01-18,4,2,0.0,560.0,310,Completed
506370,12853,2024-01-18,4,1,0.0,280.0,155,Completed
501076,18483,2024-01-19,5,2,0.0,190.0,86,Completed
502041,12236,2024-01-19,2,1,0.1,64.8,34,Completed
516825,15151,2024-01-19,2,3,0.15,183.6,102,Completed
508180,11644,2024-01-19,9,3,0.15,158.1,84,Completed
512532,12240,2024-01-19,5,3,0.05,270.75,129,Completed
511406,10200,2024-01-19,2,4,0.1,259.2,136,Completed
505685,10496,2024-01-19,6,2,0.2,56.0,26,Completed
501704,16840,2024-01-19,10,2,0.05,209.0,108,Completed
503743,12500,2024-01-19,7,2,0.15,45.9,16,Completed
501958,16367,2024-01-19,7,2,0.0,54.0,16,Completed
512464,11099,2024-01-19,7,1,0.15,22.95,8,Completed
510688,15577,2024-01-19,10,2,0.0,220.0,108,Completed
516095,12315,2024-01-19,3,1,0.05,45.6,21,Completed
507418,13746,2024-01-19,7,1,0.1,24.3,8,Completed
511877,18497,2024-01-19,10,2,0.05,209.0,108,Completed
504350,16388,2024-01-19,1,4,0.05,551.0,316,Completed
516694,11302,2024-01-19,9,1,0.0,62.0,28,Completed
513478,11450,2024-01-19,10,2,0.05,209.0,108,Completed
510252,16342,2024-01-19,2,1,0.15,61.2,34,Completed
501997,15730,2024-01-19,2,1,0.15,61.2,34,Completed
512340,13178,2024-01-19,3,1,0.1,43.2,21,Completed
506088,13807,2024-01-19,3,1,0.15,40.8,21,Returned
514851,14419,2024-01-19,3,2,0.0,96.0,42,Completed
503341,13270,2024-01-19,4,2,0.0,560.0,310,Completed
503797,10638,2024-01-19,9,1,0.05,58.9,28,Completed
503514,16482,2024-01-19,4,1,0.15,238.0,155,Completed
510163,12208,2024-01-19,3,1,0.1,43.2,21,Completed
514624,11054,2024-01-19,6,1,0.1,31.5,13,Completed
512915,18442,2024-01-19,8,1,0.0,88.0,39,Completed
500074,11117,2024-01-19,4,1,0.0,280.0,155,Completed
507980,15062,2024-01-19,8,4,0.0,352.0,156,Completed
517208,14573,2024-01-19,10,1,0.1,99.0,54,Cancelled
504000,17957,2024-01-20,9,1,0.05,58.9,28,Completed
508100,11115,2024-01-20,7,1,0.0,27.0,8,Completed
517994,12132,2024-01-20,8,1,0.05,83.6,39,Completed
502033,14423,2024-01-20,5,3,0.05,270.75,129,Completed
504971,14963,2024-01-20,8,2,0.0,176.0,78,Completed
507057,17759,2024-01-20,6,2,0.0,70.0,26,Completed
512573,17001,2024-01-20,5,3,0.0,285.0,129,Completed
517786,10238,2024-01-20,6,2,0.0,70.0,26,Completed
504751,11475,2024-01-20,1,1,0.0,145.0,79,Completed
508681,13902,2024-01-20,2,2,0.15,122.4,68,Completed
505844,11390,2024-01-20,7,1,0.15,22.95,8,Completed
514024,10355,2024-01-20,7,1,0.15,22.95,8,Completed
516052,13803,2024-01-20,5,1,0.0,95.0,43,Completed
517731,12872,2024-01-20,8,1,0.15,74.8,39,Completed
513772,12237,2024-01-20,7,3,0.0,81.0,24,Completed
504689,16235,2024-01-20,8,1,0.1,79.2,39,Completed
506070,11848,2024-01-20,7,3,0.0,81.0,24,Completed
517885,17009,2024-01-20,10,1,0.0,110.0,54,Completed
501016,17130,2024-01-20,10,1,0.1,99.0,54,Completed
516145,11797,2024-01-20,7,1,0.05,25.65,8,Completed
513347,15349,2024-01-20,2,3,0.2,172.8,102,Completed
517032,10029,2024-01-20,6,1,0.15,29.75,13,Completed
500450,12704,2024-01-20,4,1,0.2,224.0,155,Completed
500040,13624,2024-01-20,1,1,0.05,137.75,79,Completed
508885,13536,2024-01-20,2,1,0.0,72.0,34,Completed
513924,16180,2024-01-20,3,1,0.0,48.0,21,Completed
501215,10858,2024-01-20,2,2,0.2,115.2,68,Completed
516257,11930,2024-01-20,3,1,0.15,40.8,21,Completed
517671,11475,2024-01-20,3,2,0.0,96.0,42,Completed
514245,10683,2024-01-20,6,2,0.1,63.0,26,Completed
517917,12565,2024-01-20,6,1,0.05,33.25,13,Completed
516643,10469,2024-01-20,10,1,0.05,104.5,54,Completed
513338,11045,2024-01-20,3,1,0.0,48.0,21,Completed
506505,15054,2024-01-20,2,2,0.2,115.2,68,Completed
506506,11225,2024-01-20,2,1,0.1,64.8,34,Completed
508951,15936,2024-01-20,8,3,0.0,264.0,117,Completed
513531,14993,2024-01-20,9,3,0.1,167.4,84,Completed
505599,11930,2024-01-21,9,2,0.15,105.4,56,Completed
509674,14546,2024-01-21,3,2,0.0,96.0,42,Completed
513175,11464,2024-01-21,1,2,0.05,275.5,158,Completed
510018,17683,2024-01-21,1,2,0.1,261.0,158,Completed
509461,10516,2024-01-21,1,2,0.0,290.0,158,Completed
505856,12963,2024-01-21,4,1,0.0,280.0,155,Completed
514498,15248,2024-01-21,10,2,0.0,220.0,108,Completed
509449,12186,2024-01-21,3,1,0.15,40.8,21,Completed
510305,13386,2024-01-21,4,1,0.0,280.0,155,Completed
510110,10888,2024-01-21,1,2,0.15,246.5,158,Completed
500386,10968,2024-01-21,5,3,0.1,256.5,129,Completed
500660,10108,2024-01-21,1,1,0.1,130.5,79,Completed
504883,16037,2024-01-21,10,1,0.1,99.0,54,Completed
514521,14095,2024-01-21,7,1,0.1,24.3,8,Completed
508174,15998,2024-01-21,5,1,0.0,95.0,43,Returned
512092,10233,2024-01-21,2,2,0.0,144.0,68,Completed
508873,18323,2024-01-21,7,3,0.0,81.0,24,Completed
503254,18205,2024-01-21,10,1,0.1,99.0,54,Returned
511092,10763,2024-01-21,7,1,0.05,25.65,8,Completed
507701,14817,2024-01-21,8,1,0.0,88.0,39,Completed
512737,15924,2024-01-21,2,1,0.2,57.6,34,Returned
516337,11990,2024-01-21,9,1,0.15,52.7,28,Completed
508235,16762,2024-01-21,5,3,0.0,285.0,129,Completed
502020,17755,2024-01-21,8,1,0.15,74.8,39,Returned
516691,12322,2024-01-21,10,1,0.0,110.0,54,Completed
516162,11000,2024-01-21,2,2,0.15,122.4,68,Completed
501794,16288,2024-01-21,2,1,0.05,68.4,34,Completed
511221,16151,2024-01-21,1,1,0.0,145.0,79,Completed
516932,17530,2024-01-21,10,1,0.0,110.0,54,Completed
508188,14325,2024-01-21,3,1,0.0,48.0,21,Completed
501318,11447,2024-01-21,10,1,0.1,99.0,54,Completed
514821,12542,2024-01-21,8,1,0.15,74.8,39,Completed
515051,11252,2024-01-21,6,1,0.0,35.0,13,Completed
515109,15431,2024-01-21,4,2,0.2,448.0,310,Completed
502169,11303,2024-01-21,7,1,0.0,27.0,8,Completed
509095,16085,2024-01-21,9,3,0.05,176.7,84,Completed
506649,14124,2024-01-21,9,1,0.0,62.0,28,Completed
517463,13355,2024-01-22,10,1,0.15,93.5,54,Completed
511233,15973,2024-01-22,7,2,0.05,51.3,16,Completed
506461,18152,2024-01-22,5,2,0.15,161.5,86,Completed
506002,16092,2024-01-22,8,2,0.05,167.2,78,Cancelled
515401,12584,2024-01-22,10,1,0.0,110.0,54,Completed
501571,11946,2024-01-22,2,1,0.05,68.4,34,Completed
500086,16894,2024-01-22,9,2,0.0,124.0,56,Completed
502065,16542,2024-01-22,6,3,0.0,105.0,39,Completed
514358,11786,2024-01-22,6,1,0.0,35.0,13,Completed
517107,10157,2024-01-22,10,1,0.0,110.0,54,Completed
501125,11703,2024-01-22,6,3,0.0,105.0,39,Completed
515517,10767,2024-01-22,3,1,0.1,43.2,21,Completed
509137,17410,2024-01-22,8,1,0.1,79.2,39,Completed
516516,15252,2024-01-22,7,2,0.1,48.6,16,Completed
516093,18370,2024-01-22,7,1,0.2,21.6,8,Completed
514281,17826,2024-01-22,3,1,0.1,43.2,21,Completed
512968,11448,2024-01-22,6,1,0.0,35.0,13,Completed
515644,11698,2024-01-22,9,3,0.1,167.4,84,Completed
513832,11950,2024-01-22,7,2,0.1,48.6,16,Completed
507436,10467,2024-01-22,5,2,0.0,190.0,86,Completed
509322,16150,2024-01-22,4,2,0.0,560.0,310,Completed
510243,17980,2024-01-22,6,1,0.1,31.5,13,Completed
514275,15677,2024-01-22,8,2,0.0,176.0,78,Completed
509742,11288,2024-01-22,1,1,0.0,145.0,79,Completed
511069,18086,2024-01-22,10,1,0.0,110.0,54,Completed
507224,10851,2024-01-22,9,3,0.0,186.0,84,Completed
503116,10681,2024-01-22,6,1,0.2,28.0,13,Completed
514239,10756,2024-01-22,10,1,0.15,93.5,54,Completed
500208,18222,2024-01-22,5,3,0.05,270.75,129,Completed
509285,16289,2024-01-22,2,2,0.1,129.6,68,Cancelled
512277,11725,2024-01-22,7,3,0.0,81.0,24,Completed
501386,11421,2024-01-22,6,1,0.05,33.25,13,Completed
513331,11747,2024-01-22,6,2,0.1,63.0,26,Completed
517017,14955,2024-01-23,5,2,0.1,171.0,86,Completed
510888,13753,2024-01-23,3,2,0.05,91.2,42,Completed
501051,16345,2024-01-23,2,1,0.1,64.8,34,Completed
514091,15236,2024-01-23,7,1,0.05,25.65,8,Completed
510141,14069,2024-01-23,8,1,0.2,70.4,39,Completed
513841,10924,2024-01-23,6,1,0.15,29.75,13,Completed
505220,14660,2024-01-23,1,1,0.1,130.5,79,Completed
507056,14006,2024-01-23,8,1,0.1,79.2,39,Completed
516263,17909,2024-01-23,6,3,0.0,105.0,39,Completed
503013,14450,2024-01-23,10,1,0.05,104.5,54,Completed
509153,12581,2024-01-23,7,1,0.1,24.3,8,Completed
516378,18356,2024-01-23,3,2,0.0,96.0,42,Returned
515265,13664,2024-01-23,1,1,0.1,130.5,79,Returned
512786,18002,2024-01-23,9,1,0.1,55.8,28,Completed
511062,16732,2024-01-23,5,1,0.0,95.0,43,Completed
512981,13066,2024-01-23,6,1,0.05,33.25,13,Completed
512360,10102,2024-01-23,10,2,0.0,220.0,108,Completed
511333,17770,2024-01-23,9,2,0.0,124.0,56,Completed
508058,10063,2024-01-23,1,1,0.1,130.5,79,Completed
504518,11940,2024-01-23,9,1,0.1,55.8,28,Returned
506970,15528,2024-01-23,2,4,0.1,259.2,136,Completed
510126,16676,2024-01-23,9,2,0.0,124.0,56,Completed
515553,14006,2024-01-23,3,1,0.0,48.0,21,Completed
516070,17233,2024-01-23,3,3,0.1,129.6,63,Completed
504936,10751,2024-01-23,9,1,0.0,62.0,28,Completed
515198,15464,2024-01-23,1,2,0.0,290.0,158,Completed
506960,15934,2024-01-23,1,2,0.0,290.0,158,Completed
503017,12589,2024-01-23,10,1,0.05,104.5,54,Completed
503627,10511,2024-01-23,6,1,0.05,33.25,13,Completed
513596,15584,2024-01-23,10,1,0.05,104.5,54,Completed
503620,11669,2024-01-23,7,4,0.0,108.0,32,Completed
512386,15008,2024-01-23,5,3,0.05,270.75,129,Completed
514868,10064,2024-01-23,10,2,0.05,209.0,108,Completed
514044,12513,2024-01-24,6,2,0.05,66.5,26,Completed
502196,12262,2024-01-24,5,1,0.0,95.0,43,Completed
507920,18232,2024-01-24,9,2,0.2,99.2,56,Completed
506658,12300,2024-01-24,7,2,0.0,54.0,16,Completed
516979,15825,2024-01-24,10,2,0.05,209.0,108,Completed
513110,11443,2024-01-24,9,2,0.1,111.6,56,Completed
500091,16491,2024-01-24,8,1,0.0,88.0,39,Completed
502335,10012,2024-01-24,6,2,0.0,70.0,26,Completed
511754,12726,2024-01-24,10,1,0.05,104.5,54,Completed
509494,10776,2024-01-24,5,1,0.1,85.5,43,Completed
503054,10161,2024-01-24,8,1,0.0,88.0,39,Completed
514404,14069,2024-01-24,10,1,0.05,104.5,54,Completed
506912,12039,2024-01-24,5,1,0.1,85.5,43,Cancelled
512408,10894,2024-01-24,9,1,0.2,49.6,28,Completed
505710,16168,2024-01-24,9,1,0.0,62.0,28,Completed
514068,12905,2024-01-24,10,1,0.0,110.0,54,Completed
514331,13031,2024-01-24,2,3,0.05,205.2,102,Completed
503185,10401,2024-01-24,10,2,0.15,187.0,108,Completed
509450,13440,2024-01-24,7,1,0.0,27.0,8,Completed
511630,16837,2024-01-24,5,4,0.05,361.0,172,Completed
517409,16602,2024-01-24,10,1,0.15,93.5,54,Completed
507733,13308,2024-01-24,6,2,0.05,66.5,26,Cancelled
505089,13591,2024-01-24,8,1,0.1,79.2,39,Completed
514551,11196,2024-01-24,6,2,0.0,70.0,26,Completed
508269,10791,2024-01-24,1,2,0.1,261.0,158,Completed
503932,11419,2024-01-24,7,2,0.2,43.2,16,Returned
512835,10401,2024-01-24,6,3,0.2,84.0,39,Completed
510497,12539,2024-01-24,9,2,0.0,124.0,56,Completed
510470,14872,2024-01-24,4,2,0.15,476.0,310,Completed
511616,15933,2024-01-24,10,1,0.0,110.0,54,Completed
511509,14622,2024-01-24,5,1,0.0,95.0,43,Completed
511521,12616,2024-01-24,8,2,0.0,176.0,78,Completed
514763,13099,2024-01-25,6,1,0.1,31.5,13,Completed
513369,11828,2024-01-25,7,3,0.0,81.0,24,Completed
503575,17420,2024-01-25,8,1,0.05,83.6,39,Completed
500700,15860,2024-01-25,4,2,0.1,504.0,310,Completed
516173,11769,2024-01-25,5,1,0.15,80.75,43,Completed
515492,10057,2024-01-25,2,1,0.0,72.0,34,Completed
505240,10770,2024-01-25,10,1,0.0,110.0,54,Completed
516320,11312,2024-01-25,5,1,0.1,85.5,43,Completed
513724,13790,2024-01-25,7,1,0.0,27.0,8,Completed
501832,12350,2024-01-25,7,1,0.1,24.3,8,Completed
500501,17723,2024-01-25,5,1,0.0,95.0,43,Completed
516554,12599,2024-01-25,7,1,0.05,25.65,8,Completed
501018,11581,2024-01-25,3,1,0.0,48.0,21,Completed
514936,15343,2024-01-25,9,1,0.05,58.9,28,Cancelled
515160,14420,2024-01-25,1,1,0.0,145.0,79,Completed
510926,15545,2024-01-25,1,1,0.1,130.5,79,Completed
502424,18047,2024-01-25,5,1,0.05,90.25,43,Completed
504754,15514,2024-01-25,8,1,0.05,83.6,39,Completed
506316,14359,2024-01-25,10,1,0.15,93.5,54,Returned
510449,11422,2024-01-25,5,4,0.0,380.0,172,Completed
514107,10872,2024-01-25,5,1,0.0,95.0,43,Returned
501306,11936,2024-01-25,7,1,0.0,27.0,8,Completed
516201,12085,2024-01-25,8,2,0.2,140.8,78,Completed
514777,12400,2024-01-25,3,1,0.1,43.2,21,Completed
512663,14400,2024-01-25,5,1,0.0,95.0,43,Completed
510439,15102,2024-01-25,7,2,0.05,51.3,16,Completed
514187,14074,2024-01-25,2,1,0.05,68.4,34,Returned
500282,11523,2024-01-25,5,1,0.0,95.0,43,Returned
503831,12004,2024-01-26,7,2,0.05,51.3,16,Completed
517579,17366,2024-01-26,3,2,0.0,96.0,42,Completed
515598,10166,2024-01-26,10,1,0.05,104.5,54,Completed
501563,14402,2024-01-26,1,1,0.0,145.0,79,Completed
504524,10444,2024-01-26,8,1,0.1,79.2,39,Completed
500482,16290,2024-01-26,5,1,0.05,90.25,43,Completed
502081,10772,2024-01-26,1,1,0.2,116.0,79,Completed
504178,12334,2024-01-26,5,1,0.0,95.0,43,Completed
516633,14512,2024-01-26,10,1,0.0,110.0,54,Completed
502386,15625,2024-01-26,1,1,0.0,145.0,79,Cancelled
513879,10947,2024-01-26,9,1,0.0,62.0,28,Completed
515295,12555,2024-01-26,10,2,0.0,220.0,108,Completed
511374,11083,2024-01-26,5,1,0.0,95.0,43,Completed
512186,13936,2024-01-26,10,4,0.05,418.0,216,Completed
513687,18245,2024-01-26,7,3,0.1,72.9,24,Completed
510309,13772,2024-01-26,9,1,0.0,62.0,28,Completed
502735,15760,2024-01-26,1,3,0.0,435.0,237,Returned
506660,11830,2024-01-26,5,2,0.0,190.0,86,Completed
508804,15626,2024-01-26,4,2,0.05,532.0,310,Completed
512807,12651,2024-01-26,9,1,0.15,52.7,28,Completed
514001,10398,2024-01-26,1,1,0.05,137.75,79,Completed
516196,15666,2024-01-26,9,1,0.2,49.6,28,Returned
511307,12387,2024-01-26,1,1,0.15,123.25,79,Returned
516199,17914,2024-01-26,3,2,0.2,76.8,42,Completed
510569,16587,2024-01-26,8,1,0.0,88.0,39,Completed
512298,13328,2024-01-26,4,3,0.0,840.0,465,Completed
517047,14138,2024-01-26,10,3,0.05,313.5,162,Completed
512051,17927,2024-01-27,3,1,0.05,45.6,21,Completed
516339,17537,2024-01-27,3,1,0.15,40.8,21,Completed
510957,11169,2024-01-27,1,1,0.0,145.0,79,Completed
502896,14932,2024-01-27,2,2,0.05,136.8,68,Completed
504813,13413,2024-01-27,7,1,0.0,27.0,8,Completed
512243,11634,2024-01-27,1,2,0.0,290.0,158,Completed
516714,12464,2024-01-27,5,1,0.1,85.5,43,Completed
507371,17450,2024-01-27,6,2,0.05,66.5,26,Cancelled
508230,15554,2024-01-27,5,2,0.0,190.0,86,Completed
505679,17616,2024-01-27,2,3,0.0,216.0,102,Completed
500030,16256,2024-01-27,5,4,0.15,323.0,172,Completed
512250,12996,2024-01-27,1,1,0.05,137.75,79,Completed
514670,12589,2024-01-27,3,2,0.05,91.2,42,Completed
516739,15842,2024-01-27,2,2,0.05,136.8,68,Completed
517714,10691,2024-01-27,5,1,0.15,80.75,43,Completed
513262,14456,2024-01-27,9,1,0.0,62.0,28,Completed
502806,11479,2024-01-27,7,1,0.0,27.0,8,Completed
500756,14231,2024-01-27,4,1,0.0,280.0,155,Completed
503250,11475,2024-01-27,5,1,0.05,90.25,43,Completed
502848,12543,2024-01-27,2,3,0.05,205.2,102,Completed
516988,10616,2024-01-27,2,1,0.0,72.0,34,Completed
503225,14500,2024-01-27,4,1,0.1,252.0,155,Completed
513922,13148,2024-01-27,5,3,0.0,285.0,129,Completed
516579,13818,2024-01-27,2,1,0.15,61.2,34,Completed
506561,14626,2024-01-27,10,2,0.15,187.0,108,Completed
508388,13180,2024-01-27,9,3,0.0,186.0,84,Completed
505047,17267,2024-01-27,1,1,0.0,145.0,79,Completed
506520,11220,2024-01-27,5,1,0.0,95.0,43,Completed
517255,10784,2024-01-27,5,1,0.1,85.5,43,Completed
517295,12388,2024-01-27,2,2,0.0,144.0,68,Completed
509422,11351,2024-01-27,1,2,0.0,290.0,158,Completed
503306,16249,2024-01-28,4,1,0.1,252.0,155,Completed
506656,10587,2024-01-28,1,1,0.0,145.0,79,Completed
509270,13312,2024-01-28,8,1,0.1,79.2,39,Completed
506935,12603,2024-01-28,4,3,0.1,756.0,465,Completed
500936,10326,2024-01-28,10,1,0.15,93.5,54,Completed
500662,14424,2024-01-28,5,2,0.05,180.5,86,Completed
500544,18367,2024-01-28,10,2,0.15,187.0,108,Completed
505965,16708,2024-01-28,6,1,0.0,35.0,13,Returned
515789,15632,2024-01-28,1,3,0.2,348.0,237,Completed
501127,12621,2024-01-28,7,1,0.0,27.0,8,Completed
517270,14963,2024-01-28,2,1,0.0,72.0,34,Completed
513093,11932,2024-01-28,5,1,0.0,95.0,43,Completed
506914,17596,2024-01-28,6,2,0.0,70.0,26,Completed
504193,13978,2024-01-28,7,3,0.0,81.0,24,Completed
501075,14296,2024-01-28,9,1,0.05,58.9,28,Completed
513501,17539,2024-01-28,4,2,0.1,504.0,310,Completed
507202,11660,2024-01-28,3,2,0.0,96.0,42,Completed
505100,10299,2024-01-28,7,1,0.05,25.65,8,Completed
503837,10924,2024-01-28,6,2,0.2,56.0,26,Completed
503877,10575,2024-01-28,1,1,0.0,145.0,79,Completed
517264,10797,2024-01-28,1,1,0.0,145.0,79,Completed
512140,17426,2024-01-28,8,1,0.05,83.6,39,Completed
512241,11210,2024-01-28,5,1,0.05,90.25,43,Completed
514918,12257,2024-01-28,9,2,0.0,124.0,56,Completed
509268,15176,2024-01-28,10,2,0.05,209.0,108,Completed
517189,13726,2024-01-28,2,3,0.05,205.2,102,Returned
500643,13216,2024-01-29,9,1,0.05,58.9,28,Completed
511988,14047,2024-01-29,1,4,0.1,522.0,316,Completed
500472,12627,2024-01-29,6,1,0.15,29.75,13,Completed
504510,18211,2024-01-29,6,1,0.0,35.0,13,Completed
514210,15941,2024-01-29,8,3,0.15,224.4,117,Completed
502532,10185,2024-01-29,4,1,0.1,252.0,155,Completed
513854,16934,2024-01-29,7,2,0.1,48.6,16,Cancelled
505028,12379,2024-01-29,3,2,0.05,91.2,42,Completed
514891,13184,2024-01-29,10,1,0.05,104.5,54,Completed
508525,11510,2024-01-29,3,1,0.1,43.2,21,Completed
512284,15866,2024-01-29,7,1,0.05,25.65,8,Completed
503128,15204,2024-01-29,9,1,0.05,58.9,28,Completed
502414,12777,2024-01-29,6,2,0.0,70.0,26,Completed
513958,10185,2024-01-29,7,1,0.0,27.0,8,Completed
515577,14433,2024-01-29,6,1,0.2,28.0,13,Completed
510615,10398,2024-01-29,10,1,0.15,93.5,54,Completed
513141,14040,2024-01-29,5,1,0.05,90.25,43,Completed
512117,13927,2024-01-29,5,1,0.1,85.5,43,Completed
514815,11510,2024-01-29,5,3,0.1,256.5,129,Cancelled
507743,12942,2024-01-29,10,1,0.05,104.5,54,Completed
508647,12998,2024-01-29,7,1,0.0,27.0,8,Completed
503775,14993,2024-01-29,7,1,0.1,24.3,8,Completed
512365,14547,2024-01-29,10,1,0.0,110.0,54,Completed
508265,10274,2024-01-29,7,3,0.05,76.95,24,Completed
505206,11233,2024-01-29,2,1,0.0,72.0,34,Completed
515636,18125,2024-01-29,1,1,0.0,145.0,79,Completed
502481,12060,2024-01-29,6,1,0.0,35.0,13,Completed
517969,10670,2024-01-29,10,2,0.0,220.0,108,Completed
505966,12000,2024-01-29,4,2,0.0,560.0,310,Completed
505664,11350,2024-01-29,10,1,0.0,110.0,54,Completed
511845,10067,2024-01-29,8,1,0.1,79.2,39,Completed
517498,10353,2024-01-30,3,3,0.1,129.6,63,Completed
514516,10851,2024-01-30,6,3,0.05,99.75,39,Completed
516314,17613,2024-01-30,5,2,0.0,190.0,86,Completed
501427,12225,2024-01-30,1,2,0.0,290.0,158,Completed
509618,13138,2024-01-30,1,2,0.05,275.5,158,Completed
502239,13920,2024-01-30,6,1,0.05,33.25,13,Completed
501932,11393,2024-01-30,1,1,0.0,145.0,79,Completed
517036,14524,2024-01-30,4,2,0.0,560.0,310,Completed
510736,11306,2024-01-30,5,1,0.05,90.25,43,Completed
506403,14601,2024-01-30,5,3,0.15,242.25,129,Completed
517736,13406,2024-01-30,3,3,0.1,129.6,63,Completed
517015,15481,2024-01-30,9,2,0.15,105.4,56,Completed
505291,15795,2024-01-30,6,1,0.15,29.75,13,Completed
502647,18121,2024-01-30,7,2,0.05,51.3,16,Completed
508499,17722,2024-01-30,10,3,0.15,280.5,162,Completed
505938,13787,2024-01-30,1,1,0.0,145.0,79,Completed
507690,14656,2024-01-30,7,1,0.15,22.95,8,Completed
513236,10417,2024-01-30,8,1,0.1,79.2,39,Returned
500564,14478,2024-01-30,6,1,0.1,31.5,13,Completed
514457,15919,2024-01-30,10,1,0.0,110.0,54,Completed
504130,11283,2024-01-30,1,2,0.0,290.0,158,Completed
504975,14941,2024-01-30,2,1,0.0,72.0,34,Completed
509060,10722,2024-01-30,8,1,0.05,83.6,39,Completed
510321,13645,2024-01-30,1,2,0.2,232.0,158,Returned
506193,10947,2024-01-30,3,2,0.15,81.6,42,Completed
501617,15137,2024-01-30,5,1,0.1,85.5,43,Completed
505470,16144,2024-01-30,5,1,0.05,90.25,43,Completed
504660,17774,2024-01-31,9,1,0.0,62.0,28,Completed
506434,12952,2024-01-31,6,1,0.0,35.0,13,Completed
503113,15809,2024-01-31,6,1,0.0,35.0,13,Completed
512262,10985,2024-01-31,3,2,0.0,96.0,42,Completed
511633,14089,2024-01-31,7,1,0.1,24.3,8,Completed
512933,18228,2024-01-31,5,1,0.0,95.0,43,Completed
516736,13932,2024-01-31,9,4,0.0,248.0,112,Completed
517115,10025,2024-01-31,8,1,0.05,83.6,39,Completed
516978,13227,2024-01-31,7,1,0.0,27.0,8,Completed
500584,11620,2024-01-31,6,1,0.1,31.5,13,Completed
506743,10208,2024-01-31,6,1,0.0,35.0,13,Completed
516200,15614,2024-01-31,9,1,0.0,62.0,28,Completed
517684,11092,2024-01-31,2,4,0.05,273.6,136,Completed
513701,14298,2024-01-31,2,2,0.0,144.0,68,Completed
517406,11700,2024-01-31,7,2,0.0,54.0,16,Completed
515858,11844,2024-01-31,3,3,0.05,136.8,63,Completed
500137,16035,2024-01-31,6,1,0.0,35.0,13,Completed
513526,18486,2024-01-31,7,2,0.1,48.6,16,Completed
516394,10503,2024-01-31,10,1,0.1,99.0,54,Completed
512403,10210,2024-01-31,7,2,0.15,45.9,16,Completed
501182,16520,2024-01-31,2,1,0.1,64.8,34,Completed
515534,11676,2024-01-31,10,1,0.15,93.5,54,Completed
503158,10515,2024-01-31,6,2,0.0,70.0,26,Completed
517058,13223,2024-01-31,6,1,0.05,33.25,13,Completed
513700,14377,2024-01-31,8,1,0.05,83.6,39,Returned
514481,10206,2024-01-31,7,2,0.15,45.9,16,Completed
504623,11610,2024-01-31,7,1,0.15,22.95,8,Completed
517573,16239,2024-01-31,2,1,0.15,61.2,34,Completed
506033,12765,2024-01-31,3,2,0.2,76.8,42,Completed
505361,11406,2024-01-31,9,1,0.0,62.0,28,Completed
514260,13122,2024-01-31,2,2,0.2,115.2,68,Completed
507348,12483,2024-01-31,10,1,0.15,93.5,54,Completed
517823,14114,2024-01-31,8,2,0.15,149.6,78,Completed
502226,11232,2024-01-31,3,1,0.1,43.2,21,Completed
502955,10145,2024-01-31,2,2,0.05,136.8,68,Completed
512825,17194,2024-01-31,6,2,0.2,56.0,26,Completed
504943,13231,2024-02-01,1,1,0.0,145.0,79,Completed
510963,13624,2024-02-01,10,2,0.0,220.0,108,Completed
503830,13361,2024-02-01,5,1,0.0,95.0,43,Completed
506605,14724,2024-02-01,3,1,0.1,43.2,21,Completed
500600,11667,2024-02-01,3,2,0.0,96.0,42,Returned
514023,12837,2024-02-01,6,1,0.0,35.0,13,Completed
508626,14856,2024-02-01,10,1,0.05,104.5,54,Completed
501942,12190,2024-02-01,4,2,0.0,560.0,310,Completed
507406,10092,2024-02-01,5,1,0.1,85.5,43,Completed
512209,10149,2024-02-01,2,1,0.0,72.0,34,Completed
513727,13093,2024-02-01,6,1,0.05,33.25,13,Completed
509877,11457,2024-02-01,7,1,0.0,27.0,8,Completed
516716,10511,2024-02-01,1,1,0.0,145.0,79,Completed
515530,12892,2024-02-01,4,1,0.0,280.0,155,Cancelled
515700,13008,2024-02-01,2,2,0.1,129.6,68,Completed
508721,13437,2024-02-01,9,2,0.1,111.6,56,Completed
505582,14687,2024-02-01,3,1,0.15,40.8,21,Completed
503091,17391,2024-02-01,3,1,0.05,45.6,21,Completed
506594,18500,2024-02-01,7,3,0.0,81.0,24,Completed
515326,12379,2024-02-01,10,1,0.1,99.0,54,Completed
514475,11336,2024-02-01,8,1,0.0,88.0,39,Completed
506000,14845,2024-02-01,7,1,0.15,22.95,8,Completed
509146,10516,2024-02-01,10,2,0.15,187.0,108,Completed
514332,17171,2024-02-01,1,1,0.0,145.0,79,Completed
508527,16348,2024-02-01,2,1,0.0,72.0,34,Completed
515336,12376,2024-02-02,10,1,0.15,93.5,54,Completed
501043,11203,2024-02-02,10,1,0.05,104.5,54,Returned
500267,15624,2024-02-02,10,2,0.0,220.0,108,Completed
507361,10454,2024-02-02,7,1,0.1,24.3,8,Completed
510482,17307,2024-02-02,10,1,0.0,110.0,54,Completed
516837,11760,2024-02-02,3,1,0.0,48.0,21,Returned
515359,17900,2024-02-02,2,1,0.05,68.4,34,Completed
509682,12759,2024-02-02,3,3,0.05,136.8,63,Completed
504763,16371,2024-02-02,5,3,0.15,242.25,129,Completed
515302,17789,2024-02-02,1,3,0.05,413.25,237,Completed
505595,12699,2024-02-02,7,1,0.0,27.0,8,Completed
508448,15929,2024-02-02,1,2,0.2,232.0,158,Completed
500434,16523,2024-02-02,8,1,0.1,79.2,39,Completed
507628,12921,2024-02-02,5,1,0.1,85.5,43,Returned
500090,11745,2024-02-02,7,1,0.0,27.0,8,Completed
516768,14900,2024-02-02,10,1,0.05,104.5,54,Completed
511967,11422,2024-02-02,8,2,0.05,167.2,78,Completed
500783,16717,2024-02-02,5,2,0.0,190.0,86,Returned
512960,12453,2024-02-02,1,2,0.15,246.5,158,Completed
507554,16889,2024-02-02,1,3,0.2,348.0,237,Completed
504877,13525,2024-02-02,5,1,0.2,76.0,43,Completed
517228,11277,2024-02-02,4,1,0.0,280.0,155,Completed
503138,14598,2024-02-02,1,3,0.1,391.5,237,Completed
515497,10991,2024-02-02,1,2,0.05,275.5,158,Completed
505021,13515,2024-02-02,3,2,0.1,86.4,42,Completed
504706,18299,2024-02-02,2,1,0.15,61.2,34,Completed
517542,14370,2024-02-02,5,1,0.15,80.75,43,Completed
506196,17028,2024-02-02,3,1,0.15,40.8,21,Completed
506636,13776,2024-02-02,5,2,0.2,152.0,86,Completed
509266,14583,2024-02-02,9,2,0.0,124.0,56,Completed
507582,16402,2024-02-02,8,2,0.0,176.0,78,Completed
502774,12196,2024-02-02,6,2,0.0,70.0,26,Completed
504942,17019,2024-02-02,7,1,0.0,27.0,8,Completed
517073,10091,2024-02-02,9,1,0.0,62.0,28,Completed
516744,15047,2024-02-02,3,1,0.1,43.2,21,Completed
500196,16670,2024-02-03,3,1,0.1,43.2,21,Completed
515984,15209,2024-02-03,10,1,0.0,110.0,54,Completed
511354,13194,2024-02-03,1,2,0.0,290.0,158,Completed
513862,12924,2024-02-03,9,1,0.05,58.9,28,Completed
508342,13017,2024-02-03,9,2,0.0,124.0,56,Completed
505557,12959,2024-02-03,6,2,0.05,66.5,26,Returned
508392,13117,2024-02-03,9,1,0.1,55.8,28,Cancelled
516308,14530,2024-02-03,2,2,0.1,129.6,68,Completed
508619,16795,2024-02-03,7,1,0.0,27.0,8,Returned
513975,10271,2024-02-03,9,2,0.05,117.8,56,Completed
515900,14510,2024-02-03,6,1,0.15,29.75,13,Completed
516799,10639,2024-02-03,2,2,0.0,144.0,68,Completed
504712,16402,2024-02-03,5,2,0.0,190.0,86,Completed
515384,10891,2024-02-03,6,1,0.0,35.0,13,Completed
510955,14339,2024-02-03,8,1,0.15,74.8,39,Completed
510779,11627,2024-02-03,8,1,0.1,79.2,39,Completed
504333,13158,2024-02-03,2,1,0.0,72.0,34,Completed
517175,11955,2024-02-03,6,2,0.1,63.0,26,Completed
517169,13826,2024-02-03,6,2,0.0,70.0,26,Completed
505725,11422,2024-02-03,5,2,0.0,190.0,86,Completed
502998,16065,2024-02-03,7,1,0.15,22.95,8,Completed
509641,15693,2024-02-03,10,1,0.0,110.0,54,Completed
500628,10910,2024-02-03,1,3,0.0,435.0,237,Completed
515036,12532,2024-02-03,8,2,0.1,158.4,78,Cancelled
501105,16749,2024-02-03,5,1,0.05,90.25,43,Completed
503944,16094,2024-02-03,2,1,0.0,72.0,34,Completed
514595,10512,2024-02-03,5,4,0.0,380.0,172,Completed
512863,11021,2024-02-03,2,1,0.05,68.4,34,Completed
510483,10055,2024-02-03,9,1,0.05,58.9,28,Completed
517319,12466,2024-02-03,2,1,0.0,72.0,34,Completed
514953,14137,2024-02-03,8,1,0.05,83.6,39,Completed
508827,10497,2024-02-03,8,1,0.05,83.6,39,Completed
516680,18047,2024-02-04,7,3,0.1,72.9,24,Completed
508108,13823,2024-02-04,6,2,0.2,56.0,26,Completed
515315,10041,2024-02-04,6,1,0.15,29.75,13,Completed
501471,12416,2024-02-04,3,1,0.0,48.0,21,Completed
512479,16649,2024-02-04,2,1,0.05,68.4,34,Completed
501524,10084,2024-02-04,1,2,0.05,275.5,158,Completed
513612,17095,2024-02-04,5,1,0.1,85.5,43,Completed
516425,11570,2024-02-04,4,3,0.1,756.0,465,Completed
507105,10844,2024-02-04,4,2,0.1,504.0,310,Completed
512271,11676,2024-02-04,5,1,0.1,85.5,43,Completed
504969,17424,2024-02-04,2,1,0.15,61.2,34,Completed
516079,13041,2024-02-04,5,2,0.2,152.0,86,Completed
512292,11425,2024-02-04,1,1,0.05,137.75,79,Completed
513229,16626,2024-02-04,3,1,0.15,40.8,21,Completed
514242,11002,2024-02-04,4,1,0.05,266.0,155,Completed
506256,17351,2024-02-04,10,1,0.05,104.5,54,Completed
512101,11326,2024-02-04,8,1,0.0,88.0,39,Completed
507453,12611,2024-02-04,8,1,0.05,83.6,39,Completed
515597,12386,2024-02-04,8,1,0.15,74.8,39,Completed
517955,12342,2024-02-04,1,1,0.0,145.0,79,Returned
503759,14742,2024-02-04,9,1,0.0,62.0,28,Completed
505313,11457,2024-02-04,5,1,0.05,90.25,43,Returned
514562,16251,2024-02-04,10,2,0.0,220.0,108,Completed
503656,16203,2024-02-04,1,2,0.05,275.5,158,Completed
501900,12801,2024-02-04,7,1,0.0,27.0,8,Completed
506054,13019,2024-02-04,5,1,0.0,95.0,43,Completed
500690,13721,2024-02-04,1,2,0.0,290.0,158,Completed
513512,14601,2024-02-04,1,1,0.05,137.75,79,Completed
505788,12283,2024-02-04,3,1,0.05,45.6,21,Completed
504013,14648,2024-02-04,4,1,0.0,280.0,155,Completed
517364,12118,2024-02-04,10,3,0.05,313.5,162,Completed
503527,11073,2024-02-04,4,2,0.0,560.0,310,Completed
500572,13703,2024-02-04,10,2,0.1,198.0,108,Completed
515245,13078,2024-02-04,8,2,0.15,149.6,78,Completed
506767,13944,2024-02-04,1,1,0.05,137.75,79,Completed
512027,13057,2024-02-04,2,1,0.0,72.0,34,Completed
505476,12264,2024-02-05,8,1,0.0,88.0,39,Completed
511552,12815,2024-02-05,6,3,0.05,99.75,39,Completed
500033,17920,2024-02-05,4,1,0.1,252.0,155,Completed
503817,12590,2024-02-05,3,1,0.0,48.0,21,Completed
512852,10772,2024-02-05,1,1,0.05,137.75,79,Completed
512830,13812,2024-02-05,10,1,0.0,110.0,54,Completed
509364,12764,2024-02-05,5,1,0.05,90.25,43,Completed
505081,18015,2024-02-05,1,2,0.0,290.0,158,Completed
504506,16370,2024-02-05,10,1,0.0,110.0,54,Completed
510060,17070,2024-02-05,1,1,0.1,130.5,79,Completed
516176,10218,2024-02-05,8,1,0.05,83.6,39,Completed
513031,17207,2024-02-05,2,1,0.05,68.4,34,Completed
501153,14652,2024-02-05,10,2,0.0,220.0,108,Completed
513689,12880,2024-02-05,9,1,0.1,55.8,28,Completed
517880,10397,2024-02-05,9,2,0.1,111.6,56,Completed
504531,15730,2024-02-05,10,2,0.0,220.0,108,Completed
510843,17770,2024-02-05,10,1,0.1,99.0,54,Completed
508976,14266,2024-02-05,5,2,0.1,171.0,86,Completed
505129,14784,2024-02-05,3,1,0.0,48.0,21,Completed
508758,14824,2024-02-05,3,1,0.0,48.0,21,Completed
514802,12296,2024-02-05,7,4,0.2,86.4,32,Completed
517030,11539,2024-02-05,1,2,0.0,290.0,158,Completed
502608,13029,2024-02-05,7,2,0.0,54.0,16,Completed
503020,13720,2024-02-05,6,1,0.0,35.0,13,Completed
507466,11805,2024-02-05,5,1,0.05,90.25,43,Completed
516774,10017,2024-02-05,7,1,0.1,24.3,8,Completed
503005,13512,2024-02-05,2,1,0.0,72.0,34,Completed
508587,14453,2024-02-05,1,4,0.15,493.0,316,Completed
516847,11953,2024-02-05,9,2,0.0,124.0,56,Completed
501340,13064,2024-02-05,8,2,0.0,176.0,78,Completed
510892,13426,2024-02-05,5,1,0.0,95.0,43,Completed
502950,10944,2024-02-05,4,1,0.0,280.0,155,Completed
507353,13956,2024-02-05,3,2,0.05,91.2,42,Completed
510143,13279,2024-02-05,3,4,0.05,182.4,84,Completed
511804,10023,2024-02-06,10,1,0.05,104.5,54,Completed
516679,11025,2024-02-06,7,1,0.0,27.0,8,Completed
501280,11226,2024-02-06,5,1,0.15,80.75,43,Completed
506760,12604,2024-02-06,2,2,0.0,144.0,68,Cancelled
503517,12388,2024-02-06,9,3,0.15,158.1,84,Completed
510985,13436,2024-02-06,6,2,0.0,70.0,26,Completed
512520,10662,2024-02-06,9,2,0.0,124.0,56,Completed
506208,16393,2024-02-06,3,1,0.1,43.2,21,Completed
506589,12225,2024-02-06,9,1,0.15,52.7,28,Completed
517923,10100,2024-02-06,5,1,0.0,95.0,43,Completed
514407,10999,2024-02-06,3,4,0.0,192.0,84,Completed
501776,11808,2024-02-06,1,1,0.1,130.5,79,Completed
513032,11920,2024-02-06,10,2,0.0,220.0,108,Completed
504781,14035,2024-02-06,6,2,0.0,70.0,26,Completed
513936,15773,2024-02-06,2,2,0.05,136.8,68,Completed
503738,15879,2024-02-06,7,1,0.05,25.65,8,Completed
517410,14957,2024-02-06,5,1,0.15,80.75,43,Completed
506129,16860,2024-02-06,2,1,0.1,64.8,34,Completed
517473,10116,2024-02-06,1,2,0.2,232.0,158,Completed
512991,17478,2024-02-06,1,2,0.0,290.0,158,Completed
512990,10883,2024-02-06,9,1,0.0,62.0,28,Completed
505570,13175,2024-02-06,2,3,0.0,216.0,102,Completed
509874,11641,2024-02-06,1,1,0.0,145.0,79,Completed
500837,12068,2024-02-06,10,1,0.05,104.5,54,Cancelled
501538,12414,2024-02-06,3,2,0.1,86.4,42,Completed
501072,11660,2024-02-06,8,1,0.2,70.4,39,Completed
500150,10330,2024-02-06,10,1,0.0,110.0,54,Completed
503199,16022,2024-02-06,6,2,0.05,66.5,26,Completed
511197,10356,2024-02-06,1,1,0.05,137.75,79,Completed
516004,15193,2024-02-06,2,1,0.05,68.4,34,Completed
516000,11787,2024-02-06,7,1,0.0,27.0,8,Completed
502548,13757,2024-02-07,5,1,0.05,90.25,43,Completed
503197,16168,2024-02-07,2,2,0.1,129.6,68,Completed
517209,12376,2024-02-07,8,2,0.05,167.2,78,Completed
501111,13371,2024-02-07,7,2,0.0,54.0,16,Completed
500881,17245,2024-02-07,7,1,0.2,21.6,8,Completed
513684,14702,2024-02-07,1,2,0.0,290.0,158,Completed
517268,10097,2024-02-07,2,1,0.05,68.4,34,Completed
504378,15939,2024-02-07,7,1,0.05,25.65,8,Completed
510004,14405,2024-02-07,8,1,0.15,74.8,39,Completed
515487,10709,2024-02-07,5,1,0.0,95.0,43,Completed
506444,18435,2024-02-07,2,2,0.0,144.0,68,Returned
502053,11547,2024-02-07,5,3,0.05,270.75,129,Completed
513551,16608,2024-02-07,7,2,0.05,51.3,16,Completed
515693,11232,2024-02-07,10,1,0.05,104.5,54,Completed
517679,10625,2024-02-07,3,2,0.05,91.2,42,Completed
501815,11195,2024-02-07,5,1,0.2,76.0,43,Completed
516178,17440,2024-02-07,8,4,0.0,352.0,156,Completed
504054,10227,2024-02-07,2,1,0.1,64.8,34,Completed
509244,18353,2024-02-07,5,2,0.0,190.0,86,Completed
501781,17992,2024-02-07,8,1,0.2,70.4,39,Completed
507305,11117,2024-02-07,1,1,0.0,145.0,79,Completed
511976,12341,2024-02-07,2,3,0.0,216.0,102,Completed
515351,11758,2024-02-07,10,1,0.0,110.0,54,Completed
508256,14407,2024-02-07,6,1,0.05,33.25,13,Completed
517705,13170,2024-02-08,9,1,0.0,62.0,28,Completed
503608,12405,2024-02-08,5,2,0.05,180.5,86,Cancelled
508324,12937,2024-02-08,3,1,0.0,48.0,21,Completed
503927,13480,2024-02-08,6,1,0.0,35.0,13,Completed
509988,11553,2024-02-08,7,2,0.0,54.0,16,Completed
507268,16001,2024-02-08,6,1,0.2,28.0,13,Completed
515639,14422,2024-02-08,2,1,0.0,72.0,34,Completed
515486,13724,2024-02-08,3,2,0.0,96.0,42,Completed
511577,14668,2024-02-08,1,3,0.05,413.25,237,Completed
504924,15577,2024-02-08,5,2,0.2,152.0,86,Completed
517449,10440,2024-02-08,10,3,0.0,330.0,162,Completed
502086,12262,2024-02-08,9,3,0.05,176.7,84,Returned
502878,10936,2024-02-08,7,1,0.1,24.3,8,Completed
517959,16052,2024-02-08,3,1,0.0,48.0,21,Returned
504189,10451,2024-02-08,2,1,0.2,57.6,34,Completed
511862,16715,2024-02-08,6,1,0.1,31.5,13,Completed
509869,13028,2024-02-08,6,1,0.0,35.0,13,Completed
502303,10844,2024-02-08,5,1,0.1,85.5,43,Completed
515831,13998,2024-02-08,10,1,0.0,110.0,54,Completed
513977,11887,2024-02-08,8,1,0.05,83.6,39,Completed
506823,13043,2024-02-08,5,1,0.1,85.5,43,Completed
507159,18198,2024-02-08,9,1,0.05,58.9,28,Completed
502477,14068,2024-02-08,1,3,0.15,369.75,237,Completed
509971,12866,2024-02-08,8,1,0.1,79.2,39,Completed
503380,10156,2024-02-08,5,1,0.2,76.0,43,Completed
510422,12062,2024-02-08,7,1,0.05,25.65,8,Completed
503039,16965,2024-02-08,1,2,0.1,261.0,158,Cancelled
511435,11139,2024-02-08,2,2,0.15,122.4,68,Completed
517130,13024,2024-02-08,3,1,0.1,43.2,21,Completed
504947,17982,2024-02-08,8,1,0.0,88.0,39,Completed
503544,16211,2024-02-08,5,1,0.0,95.0,43,Completed
503337,11746,2024-02-08,8,1,0.2,70.4,39,Completed
506907,11246,2024-02-08,5,1,0.15,80.75,43,Completed
513453,10207,2024-02-09,1,1,0.1,130.5,79,Completed
503844,11179,2024-02-09,2,1,0.0,72.0,34,Completed
507973,10027,2024-02-09,5,3,0.05,270.75,129,Completed
508958,12787,2024-02-09,7,2,0.15,45.9,16,Completed
506414,12246,2024-02-09,2,2,0.1,129.6,68,Completed
514992,15258,2024-02-09,6,2,0.0,70.0,26,Completed
501883,14895,2024-02-09,5,2,0.0,190.0,86,Completed
510798,10436,2024-02-09,10,2,0.05,209.0,108,Completed
509374,12188,2024-02-09,1,1,0.0,145.0,79,Completed
502015,11271,2024-02-09,3,4,0.1,172.8,84,Completed
501041,10649,2024-02-09,1,1,0.05,137.75,79,Completed
517081,11622,2024-02-09,6,1,0.0,35.0,13,Completed
502576,14019,2024-02-09,3,2,0.05,91.2,42,Completed
505424,14589,2024-02-09,3,1,0.05,45.6,21,Completed
504336,17300,2024-02-09,6,2,0.0,70.0,26,Completed
505828,13426,2024-02-09,3,2,0.1,86.4,42,Completed
511055,12899,2024-02-09,8,1,0.15,74.8,39,Completed
502697,11241,2024-02-09,2,2,0.0,144.0,68,Returned
510751,10899,2024-02-09,1,1,0.0,145.0,79,Completed
510284,15079,2024-02-09,7,1,0.0,27.0,8,Completed
506569,12475,2024-02-09,5,1,0.0,95.0,43,Completed
510997,11525,2024-02-09,10,1,0.15,93.5,54,Completed
506583,16975,2024-02-09,1,1,0.1,130.5,79,Completed
511750,18370,2024-02-10,1,1,0.05,137.75,79,Completed
508724,16027,2024-02-10,9,1,0.0,62.0,28,Completed
500281,18454,2024-02-10,9,1,0.05,58.9,28,Completed
502503,17271,2024-02-10,1,2,0.05,275.5,158,Completed
516783,14311,2024-02-10,9,2,0.0,124.0,56,Completed
508079,11929,2024-02-10,10,1,0.0,110.0,54,Completed
503102,12619,2024-02-10,3,2,0.15,81.6,42,Completed
502485,12583,2024-02-10,9,2,0.05,117.8,56,Completed
510453,11807,2024-02-10,9,2,0.0,124.0,56,Returned
515694,11800,2024-02-10,3,2,0.15,81.6,42,Completed
503578,11676,2024-02-10,3,1,0.05,45.6,21,Cancelled
502379,12028,2024-02-10,5,2,0.0,190.0,86,Completed
510380,16621,2024-02-10,6,1,0.0,35.0,13,Returned
508438,16415,2024-02-10,7,1,0.05,25.65,8,Completed
513599,11293,2024-02-10,2,2,0.05,136.8,68,Completed
501466,13876,2024-02-10,1,2,0.0,290.0,158,Completed
505846,17289,2024-02-10,2,1,0.05,68.4,34,Completed
509687,11998,2024-02-10,4,2,0.2,448.0,310,Completed
502669,11619,2024-02-10,8,2,0.05,167.2,78,Completed
511278,11477,2024-02-10,2,1,0.1,64.8,34,Completed
517548,17850,2024-02-10,1,1,0.0,145.0,79,Completed
502571,14012,2024-02-10,8,1,0.05,83.6,39,Completed
502979,10511,2024-02-10,1,1,0.1,130.5,79,Returned
502613,16569,2024-02-10,5,1,0.15,80.75,43,Completed
506251,13185,2024-02-11,7,1,0.0,27.0,8,Completed
500764,11307,2024-02-11,6,1,0.15,29.75,13,Completed
509967,11605,2024-02-11,8,1,0.0,88.0,39,Completed
504179,10193,2024-02-11,2,1,0.15,61.2,34,Completed
514738,10435,2024-02-11,1,1,0.0,145.0,79,Completed
517558,18026,2024-02-11,2,3,0.1,194.4,102,Completed
501830,11268,2024-02-11,1,2,0.0,290.0,158,Completed
502978,12724,2024-02-11,10,2,0.0,220.0,108,Completed
511000,15638,2024-02-11,10,1,0.1,99.0,54,Returned
504748,10369,2024-02-11,7,2,0.0,54.0,16,Completed
500354,12253,2024-02-11,1,1,0.1,130.5,79,Completed
503121,10603,2024-02-11,2,2,0.0,144.0,68,Completed
502660,16742,2024-02-11,1,1,0.05,137.75,79,Completed
512303,15842,2024-02-11,1,1,0.0,145.0,79,Completed
516003,11004,2024-02-11,5,2,0.2,152.0,86,Completed
507038,13485,2024-02-11,4,1,0.0,280.0,155,Completed
512345,13653,2024-02-11,4,1,0.1,252.0,155,Completed
512387,10001,2024-02-11,5,1,0.05,90.25,43,Completed
509830,12207,2024-02-11,8,1,0.0,88.0,39,Completed
501007,14288,2024-02-11,9,3,0.0,186.0,84,Completed
501035,12271,2024-02-11,3,2,0.0,96.0,42,Completed
500571,10190,2024-02-11,1,3,0.2,348.0,237,Completed
514981,17005,2024-02-11,9,2,0.0,124.0,56,Returned
517937,12320,2024-02-11,1,1,0.05,137.75,79,Completed
509154,15093,2024-02-11,7,3,0.05,76.95,24,Completed
502180,10594,2024-02-11,9,2,0.0,124.0,56,Completed
503657,11626,2024-02-11,4,1,0.15,238.0,155,Completed
505198,14802,2024-02-11,5,1,0.05,90.25,43,Completed
517914,17605,2024-02-11,2,2,0.2,115.2,68,Completed
503646,14269,2024-02-11,1,4,0.0,580.0,316,Completed
510447,10927,2024-02-12,10,1,0.0,110.0,54,Completed
512618,15307,2024-02-12,1,1,0.0,145.0,79,Completed
516100,11203,2024-02-12,3,1,0.1,43.2,21,Completed
515544,15433,2024-02-12,9,1,0.0,62.0,28,Completed
515222,10916,2024-02-12,5,2,0.1,171.0,86,Completed
509987,13092,2024-02-12,8,2,0.2,140.8,78,Completed
509985,13279,2024-02-12,3,1,0.0,48.0,21,Completed
517960,16910,2024-02-12,10,1,0.05,104.5,54,Completed
513377,16470,2024-02-12,8,1,0.05,83.6,39,Completed
514176,15784,2024-02-12,5,1,0.1,85.5,43,Completed
517306,11731,2024-02-12,7,1,0.15,22.95,8,Completed
516114,11087,2024-02-12,1,1,0.0,145.0,79,Completed
514620,12537,2024-02-12,10,1,0.05,104.5,54,Completed
516572,13371,2024-02-12,10,1,0.05,104.5,54,Completed
518000,15420,2024-02-12,3,2,0.0,96.0,42,Completed
508184,11962,2024-02-12,2,1,0.0,72.0,34,Completed
501693,11228,2024-02-12,7,1,0.15,22.95,8,Completed
504139,14792,2024-02-12,9,2,0.15,105.4,56,Completed
508456,13748,2024-02-12,9,1,0.2,49.6,28,Completed
505066,15344,2024-02-12,8,1,0.0,88.0,39,Completed
508278,12692,2024-02-12,8,2,0.0,176.0,78,Completed
508764,10594,2024-02-12,2,1,0.1,64.8,34,Completed
504311,12380,2024-02-12,3,1,0.05,45.6,21,Completed
501424,15357,2024-02-12,8,1,0.0,88.0,39,Completed
506978,11281,2024-02-12,7,2,0.0,54.0,16,Completed
506792,16732,2024-02-12,2,3,0.0,216.0,102,Completed
509039,11207,2024-02-12,3,1,0.1,43.2,21,Completed
506071,16312,2024-02-12,7,1,0.0,27.0,8,Completed
509128,17113,2024-02-12,5,3,0.0,285.0,129,Completed
501193,14513,2024-02-12,2,2,0.0,144.0,68,Completed
509302,13747,2024-02-12,3,2,0.0,96.0,42,Cancelled
509313,14317,2024-02-12,7,2,0.15,45.9,16,Completed
503677,10051,2024-02-12,9,1,0.0,62.0,28,Completed
505165,12562,2024-02-12,9,2,0.0,124.0,56,Completed
508494,17614,2024-02-12,5,2,0.1,171.0,86,Completed
507946,16789,2024-02-13,1,2,0.1,261.0,158,Returned
512382,10739,2024-02-13,4,2,0.05,532.0,310,Completed
512384,12644,2024-02-13,9,3,0.0,186.0,84,Completed
502905,11881,2024-02-13,5,2,0.0,190.0,86,Completed
507659,11487,2024-02-13,2,1,0.0,72.0,34,Completed
503202,16296,2024-02-13,10,3,0.2,264.0,162,Completed
503235,12255,2024-02-13,6,2,0.1,63.0,26,Completed
501969,18363,2024-02-13,7,1,0.1,24.3,8,Completed
511519,17821,2024-02-13,7,4,0.0,108.0,32,Completed
516495,13673,2024-02-13,1,3,0.0,435.0,237,Completed
514717,14503,2024-02-13,6,3,0.0,105.0,39,Completed
514092,11009,2024-02-13,2,1,0.0,72.0,34,Completed
509633,10716,2024-02-13,10,2,0.0,220.0,108,Completed
510398,16116,2024-02-13,2,4,0.05,273.6,136,Completed
509367,17547,2024-02-13,3,2,0.0,96.0,42,Completed
507260,10531,2024-02-13,6,1,0.0,35.0,13,Completed
514380,16535,2024-02-13,1,1,0.0,145.0,79,Completed
517797,15972,2024-02-13,7,2,0.0,54.0,16,Completed
515294,13498,2024-02-13,8,2,0.15,149.6,78,Completed
516812,14531,2024-02-13,6,1,0.05,33.25,13,Completed
516808,10935,2024-02-13,1,1,0.1,130.5,79,Cancelled
504250,15939,2024-02-13,2,1,0.0,72.0,34,Completed
512646,15022,2024-02-13,4,1,0.05,266.0,155,Completed
510745,11279,2024-02-14,5,2,0.0,190.0,86,Completed
508198,16426,2024-02-14,8,2,0.1,158.4,78,Completed
502974,16366,2024-02-14,2,1,0.0,72.0,34,Completed
511007,11597,2024-02-14,6,1,0.1,31.5,13,Completed
503108,13791,2024-02-14,5,2,0.0,190.0,86,Completed
517525,11331,2024-02-14,2,2,0.0,144.0,68,Returned
516286,17426,2024-02-14,6,1,0.0,35.0,13,Completed
500410,16237,2024-02-14,7,1,0.0,27.0,8,Completed
507401,16954,2024-02-14,5,1,0.0,95.0,43,Completed
503392,16939,2024-02-14,4,1,0.1,252.0,155,Completed
500240,17396,2024-02-14,5,2,0.2,152.0,86,Completed
502833,13649,2024-02-14,1,1,0.05,137.75,79,Completed
500377,12690,2024-02-14,3,1,0.0,48.0,21,Completed
514489,17031,2024-02-14,8,2,0.05,167.2,78,Completed
515043,17982,2024-02-14,5,2,0.0,190.0,86,Completed
507106,12201,2024-02-14,7,1,0.1,24.3,8,Completed
506155,11169,2024-02-14,1,1,0.1,130.5,79,Completed
512526,11525,2024-02-14,4,1,0.0,280.0,155,Completed
504433,13972,2024-02-14,6,1,0.0,35.0,13,Completed
506044,12850,2024-02-15,3,1,0.0,48.0,21,Completed
516900,14360,2024-02-15,10,2,0.0,220.0,108,Completed
507707,16608,2024-02-15,5,1,0.0,95.0,43,Completed
502206,11962,2024-02-15,2,2,0.1,129.6,68,Completed
502358,11753,2024-02-15,2,1,0.0,72.0,34,Completed
517053,11368,2024-02-15,2,1,0.0,72.0,34,Completed
517280,10656,2024-02-15,9,1,0.15,52.7,28,Completed
500018,11936,2024-02-15,1,1,0.05,137.75,79,Completed
512843,14795,2024-02-15,6,1,0.05,33.25,13,Completed
515837,15184,2024-02-15,3,1,0.0,48.0,21,Completed
507929,16021,2024-02-15,7,2,0.1,48.6,16,Completed
515920,11854,2024-02-15,6,1,0.15,29.75,13,Completed
502231,10560,2024-02-15,5,1,0.05,90.25,43,Completed
500771,10154,2024-02-15,6,3,0.0,105.0,39,Completed
516338,17465,2024-02-15,5,2,0.0,190.0,86,Completed
504782,11809,2024-02-15,2,1,0.0,72.0,34,Completed
502295,16576,2024-02-15,2,2,0.0,144.0,68,Completed
510361,13738,2024-02-15,5,2,0.15,161.5,86,Completed
517920,12319,2024-02-15,5,2,0.1,171.0,86,Completed
506516,13981,2024-02-15,2,1,0.0,72.0,34,Completed
507520,12666,2024-02-15,7,1,0.2,21.6,8,Completed
511978,16608,2024-02-15,9,1,0.0,62.0,28,Completed
516400,13353,2024-02-15,3,1,0.0,48.0,21,Completed
509819,11664,2024-02-15,10,1,0.0,110.0,54,Completed
501049,11346,2024-02-15,2,1,0.05,68.4,34,Completed
514128,12595,2024-02-15,6,3,0.0,105.0,39,Returned
516615,15499,2024-02-15,6,1,0.05,33.25,13,Completed
517798,13978,2024-02-15,9,1,0.0,62.0,28,Completed
502693,10135,2024-02-15,2,1,0.0,72.0,34,Completed
516964,14029,2024-02-16,6,2,0.0,70.0,26,Completed
506364,10938,2024-02-16,1,2,0.0,290.0,158,Completed
508046,10184,2024-02-16,9,2,0.15,105.4,56,Completed
500163,15638,2024-02-16,9,1,0.1,55.8,28,Returned
511217,14842,2024-02-16,3,1,0.15,40.8,21,Completed
517842,14622,2024-02-16,2,4,0.0,288.0,136,Completed
506687,10997,2024-02-16,5,1,0.2,76.0,43,Completed
501723,14487,2024-02-16,8,1,0.05,83.6,39,Returned
513722,17319,2024-02-16,5,1,0.0,95.0,43,Completed
506418,17520,2024-02-16,10,2,0.0,220.0,108,Completed
508668,11308,2024-02-16,7,1,0.0,27.0,8,Completed
505661,13890,2024-02-16,10,2,0.0,220.0,108,Completed
507097,10860,2024-02-16,7,1,0.1,24.3,8,Completed
503076,15113,2024-02-16,7,1,0.0,27.0,8,Completed
511476,12343,2024-02-16,1,1,0.1,130.5,79,Completed
512304,10596,2024-02-16,5,1,0.0,95.0,43,Completed
510239,14775,2024-02-16,7,1,0.0,27.0,8,Completed
514146,12042,2024-02-16,1,1,0.15,123.25,79,Completed
507934,14122,2024-02-16,2,1,0.15,61.2,34,Returned
517321,11457,2024-02-16,7,2,0.0,54.0,16,Completed
503569,12091,2024-02-16,7,3,0.05,76.95,24,Completed
516599,16413,2024-02-16,10,1,0.0,110.0,54,Completed
509733,14464,2024-02-16,8,2,0.15,149.6,78,Completed
501021,10989,2024-02-16,2,1,0.0,72.0,34,Completed
510220,15991,2024-02-16,8,1,0.05,83.6,39,Completed
503776,13735,2024-02-16,8,1,0.05,83.6,39,Completed
508688,14002,2024-02-17,3,1,0.0,48.0,21,Completed
504220,15856,2024-02-17,8,1,0.1,79.2,39,Completed
509611,10207,2024-02-17,2,1,0.2,57.6,34,Completed
516702,13653,2024-02-17,1,1,0.0,145.0,79,Completed
500443,16108,2024-02-17,10,1,0.0,110.0,54,Completed
510298,12742,2024-02-17,2,1,0.15,61.2,34,Completed
509439,12636,2024-02-17,3,1,0.15,40.8,21,Completed
509392,10281,2024-02-17,4,2,0.0,560.0,310,Completed
500810,15678,2024-02-17,2,1,0.1,64.8,34,Completed
506252,10295,2024-02-17,10,1,0.2,88.0,54,Completed
516906,11404,2024-02-17,10,1,0.0,110.0,54,Completed
510785,14173,2024-02-17,9,2,0.05,117.8,56,Completed
517234,10728,2024-02-17,2,2,0.0,144.0,68,Completed
513413,13207,2024-02-17,1,2,0.1,261.0,158,Completed
513590,18010,2024-02-17,6,2,0.0,70.0,26,Completed
504470,15520,2024-02-17,5,2,0.15,161.5,86,Cancelled
510306,16608,2024-02-17,5,2,0.05,180.5,86,Completed
515280,10265,2024-02-17,5,2,0.2,152.0,86,Completed
501889,10838,2024-02-17,7,1,0.1,24.3,8,Completed
511084,12768,2024-02-17,1,1,0.0,145.0,79,Completed
507267,18098,2024-02-17,3,2,0.0,96.0,42,Completed
507245,10438,2024-02-17,1,1,0.05,137.75,79,Completed
505185,18391,2024-02-17,9,1,0.0,62.0,28,Cancelled
510049,11475,2024-02-17,2,1,0.0,72.0,34,Completed
513823,14130,2024-02-17,10,1,0.2,88.0,54,Returned
511743,15518,2024-02-17,8,1,0.1,79.2,39,Completed
515760,14030,2024-02-17,9,2,0.05,117.8,56,Completed
507063,11618,2024-02-17,9,1,0.15,52.7,28,Completed
505275,10227,2024-02-17,6,2,0.0,70.0,26,Completed
502496,14676,2024-02-17,4,1,0.0,280.0,155,Completed
514939,16389,2024-02-17,9,1,0.0,62.0,28,Completed
508286,11429,2024-02-17,2,1,0.1,64.8,34,Returned
502459,16480,2024-02-17,7,2,0.0,54.0,16,Completed
502557,15935,2024-02-17,6,1,0.05,33.25,13,Completed
511243,15799,2024-02-17,1,1,0.0,145.0,79,Completed
501667,17158,2024-02-18,2,2,0.2,115.2,68,Completed
500770,13012,2024-02-18,7,1,0.1,24.3,8,Completed
513824,12380,2024-02-18,10,2,0.0,220.0,108,Completed
501935,14947,2024-02-18,2,1,0.15,61.2,34,Completed
516711,11158,2024-02-18,7,1,0.1,24.3,8,Completed
509853,11659,2024-02-18,7,1,0.05,25.65,8,Completed
502583,11473,2024-02-18,5,1,0.0,95.0,43,Completed
513440,14454,2024-02-18,8,2,0.0,176.0,78,Completed
505526,11403,2024-02-18,1,2,0.0,290.0,158,Completed
501240,15625,2024-02-18,1,1,0.0,145.0,79,Completed
509115,15462,2024-02-18,9,1,0.0,62.0,28,Completed
503952,16507,2024-02-18,5,1,0.15,80.75,43,Completed
501254,15274,2024-02-18,3,1,0.1,43.2,21,Completed
513713,16565,2024-02-18,5,2,0.1,171.0,86,Completed
514720,16701,2024-02-18,1,2,0.0,290.0,158,Completed
516491,15607,2024-02-18,1,1,0.1,130.5,79,Completed
503365,18198,2024-02-18,7,3,0.0,81.0,24,Returned
514874,12077,2024-02-18,6,1,0.05,33.25,13,Cancelled
515369,15568,2024-02-18,5,3,0.15,242.25,129,Completed
505435,11850,2024-02-18,5,1,0.2,76.0,43,Completed
516959,11755,2024-02-18,5,1,0.0,95.0,43,Completed
509396,17257,2024-02-18,9,2,0.05,117.8,56,Completed
510787,13106,2024-02-18,5,2,0.0,190.0,86,Completed
508219,16021,2024-02-18,1,2,0.0,290.0,158,Completed
511429,10664,2024-02-18,8,1,0.15,74.8,39,Completed
507444,10603,2024-02-18,7,2,0.1,48.6,16,Completed
515404,12046,2024-02-19,7,2,0.15,45.9,16,Completed
507535,11949,2024-02-19,3,1,0.15,40.8,21,Completed
513905,11948,2024-02-19,3,2,0.05,91.2,42,Completed
515262,11797,2024-02-19,9,1,0.0,62.0,28,Completed
503256,17238,2024-02-19,7,1,0.2,21.6,8,Completed
517370,14216,2024-02-19,7,3,0.1,72.9,24,Completed
514732,12578,2024-02-19,5,3,0.05,270.75,129,Completed
513169,12878,2024-02-19,9,1,0.0,62.0,28,Completed
514477,14798,2024-02-19,10,1,0.0,110.0,54,Completed
515706,14328,2024-02-19,9,1,0.0,62.0,28,Completed
516301,11252,2024-02-19,2,1,0.0,72.0,34,Completed
508936,12048,2024-02-19,8,2,0.0,176.0,78,Completed
508942,10697,2024-02-19,5,1,0.1,85.5,43,Completed
516881,13464,2024-02-19,3,1,0.15,40.8,21,Completed
510801,17824,2024-02-19,3,1,0.0,48.0,21,Returned
516820,17146,2024-02-19,9,1,0.1,55.8,28,Completed
506921,12417,2024-02-19,1,1,0.2,116.0,79,Completed
503693,11589,2024-02-19,2,1,0.0,72.0,34,Completed
508201,17854,2024-02-19,1,1,0.15,123.25,79,Completed
506524,10907,2024-02-19,1,1,0.05,137.75,79,Completed
506998,11082,2024-02-19,3,3,0.15,122.4,63,Completed
513784,15499,2024-02-19,9,1,0.1,55.8,28,Completed
508474,13041,2024-02-19,3,1,0.05,45.6,21,Completed
514548,17172,2024-02-19,2,2,0.0,144.0,68,Completed
509354,11056,2024-02-19,9,1,0.0,62.0,28,Completed
502891,15461,2024-02-19,6,1,0.1,31.5,13,Completed
511046,10349,2024-02-19,9,1,0.05,58.9,28,Completed
503719,16205,2024-02-19,7,2,0.0,54.0,16,Completed
514067,14869,2024-02-19,10,2,0.0,220.0,108,Completed
505592,12703,2024-02-19,7,1,0.1,24.3,8,Completed
505895,17628,2024-02-20,2,1,0.0,72.0,34,Completed
513011,17066,2024-02-20,7,1,0.05,25.65,8,Completed
508507,11569,2024-02-20,2,2,0.0,144.0,68,Completed
512740,13564,2024-02-20,8,1,0.0,88.0,39,Completed
514323,17275,2024-02-20,1,2,0.0,290.0,158,Completed
501664,17260,2024-02-20,6,1,0.1,31.5,13,Completed
508754,10494,2024-02-20,4,3,0.0,840.0,465,Completed
512224,14288,2024-02-20,3,1,0.0,48.0,21,Completed
509342,12198,2024-02-20,3,2,0.1,86.4,42,Completed
503622,14765,2024-02-20,5,1,0.05,90.25,43,Completed
502464,17503,2024-02-20,4,1,0.05,266.0,155,Returned
517271,14906,2024-02-20,6,2,0.05,66.5,26,Completed
515640,14934,2024-02-20,6,1,0.0,35.0,13,Completed
509942,12615,2024-02-20,7,2,0.0,54.0,16,Completed
508954,10914,2024-02-20,5,1,0.2,76.0,43,Completed
506237,15410,2024-02-20,1,1,0.0,145.0,79,Completed
503949,11174,2024-02-20,7,1,0.0,27.0,8,Completed
514221,13832,2024-02-20,2,1,0.1,64.8,34,Completed
511381,15988,2024-02-20,1,3,0.0,435.0,237,Completed
510869,16249,2024-02-20,8,1,0.0,88.0,39,Completed
504174,12219,2024-02-20,5,1,0.1,85.5,43,Completed
510488,12796,2024-02-20,6,1,0.15,29.75,13,Completed
501459,10415,2024-02-20,7,1,0.0,27.0,8,Completed
501861,12085,2024-02-20,3,1,0.15,40.8,21,Completed
509580,17532,2024-02-20,5,1,0.05,90.25,43,Completed
501770,11702,2024-02-20,4,1,0.0,280.0,155,Completed
508053,14112,2024-02-20,1,1,0.0,145.0,79,Completed
514894,15547,2024-02-20,1,1,0.0,145.0,79,Completed
514293,14253,2024-02-20,6,1,0.0,35.0,13,Cancelled
509569,13175,2024-02-20,1,1,0.05,137.75,79,Completed
506801,12426,2024-02-21,8,1,0.0,88.0,39,Completed
514015,14751,2024-02-21,7,2,0.05,51.3,16,Completed
514235,14386,2024-02-21,10,1,0.0,110.0,54,Completed
510864,11705,2024-02-21,6,1,0.0,35.0,13,Completed
512452,18366,2024-02-21,9,1,0.1,55.8,28,Completed
507135,11808,2024-02-21,7,2,0.05,51.3,16,Completed
513460,16837,2024-02-21,3,1,0.0,48.0,21,Returned
510385,12139,2024-02-21,10,1,0.05,104.5,54,Completed
515962,17559,2024-02-21,10,1,0.15,93.5,54,Completed
504670,11436,2024-02-21,1,1,0.0,145.0,79,Completed
505563,10081,2024-02-21,8,1,0.0,88.0,39,Completed
515034,10295,2024-02-21,5,3,0.05,270.75,129,Completed
514041,14848,2024-02-21,3,2,0.0,96.0,42,Completed
515016,10641,2024-02-21,7,1,0.05,25.65,8,Completed
511385,10028,2024-02-21,10,1,0.0,110.0,54,Completed
500505,14578,2024-02-21,1,2,0.1,261.0,158,Completed
508061,16000,2024-02-21,1,4,0.2,464.0,316,Completed
511159,12616,2024-02-22,5,1,0.0,95.0,43,Completed
516208,11000,2024-02-22,5,1,0.0,95.0,43,Completed
502362,11346,2024-02-22,2,1,0.15,61.2,34,Completed
509896,12526,2024-02-22,8,1,0.0,88.0,39,Cancelled
517834,12021,2024-02-22,3,3,0.1,129.6,63,Completed
513721,17995,2024-02-22,1,3,0.0,435.0,237,Completed
500993,10927,2024-02-22,3,2,0.1,86.4,42,Completed
503350,12560,2024-02-22,3,1,0.05,45.6,21,Completed
507119,13989,2024-02-22,10,1,0.1,99.0,54,Completed
514141,11119,2024-02-22,5,1,0.0,95.0,43,Completed
508609,15192,2024-02-22,3,4,0.0,192.0,84,Completed
500411,12994,2024-02-22,6,1,0.05,33.25,13,Completed
514401,16456,2024-02-22,4,1,0.15,238.0,155,Completed
500721,12755,2024-02-22,3,3,0.05,136.8,63,Completed
517341,17729,2024-02-22,5,1,0.05,90.25,43,Completed
500733,18057,2024-02-22,9,1,0.05,58.9,28,Completed
509631,12814,2024-02-22,3,1,0.15,40.8,21,Completed
504984,18024,2024-02-22,8,1,0.2,70.4,39,Completed
509592,10202,2024-02-22,10,1,0.2,88.0,54,Completed
513391,13203,2024-02-22,1,2,0.0,290.0,158,Completed
517601,14246,2024-02-23,5,1,0.0,95.0,43,Completed
515238,14570,2024-02-23,5,2,0.1,171.0,86,Completed
505279,14810,2024-02-23,3,1,0.0,48.0,21,Completed
510735,11928,2024-02-23,3,2,0.1,86.4,42,Completed
501167,16728,2024-02-23,6,3,0.2,84.0,39,Completed
513567,11749,2024-02-23,5,1,0.05,90.25,43,Completed
514612,12755,2024-02-23,1,1,0.0,145.0,79,Completed
501205,10760,2024-02-23,4,2,0.15,476.0,310,Completed
512436,14861,2024-02-23,5,3,0.05,270.75,129,Completed
509509,13927,2024-02-23,10,1,0.0,110.0,54,Completed
503943,11032,2024-02-23,4,1,0.0,280.0,155,Completed
503737,14455,2024-02-23,4,3,0.15,714.0,465,Completed
515104,14886,2024-02-23,8,2,0.1,158.4,78,Completed
511223,17898,2024-02-23,3,2,0.0,96.0,42,Completed
506814,11357,2024-02-23,1,2,0.0,290.0,158,Returned
502267,12260,2024-02-23,4,1,0.05,266.0,155,Completed
513662,11422,2024-02-23,4,1,0.15,238.0,155,Completed
512447,11093,2024-02-23,3,1,0.0,48.0,21,Completed
512486,14226,2024-02-23,4,1,0.05,266.0,155,Completed
510500,12810,2024-02-23,2,1,0.05,68.4,34,Completed
506027,11114,2024-02-23,10,2,0.0,220.0,108,Completed
500461,15822,2024-02-23,2,1,0.15,61.2,34,Completed
501882,15457,2024-02-23,7,2,0.05,51.3,16,Completed
511824,18273,2024-02-23,2,1,0.2,57.6,34,Completed
502508,10359,2024-02-24,2,2,0.15,122.4,68,Completed
514709,11236,2024-02-24,4,1,0.05,266.0,155,Completed
502601,10009,2024-02-24,4,1,0.05,266.0,155,Completed
515952,13293,2024-02-24,9,3,0.05,176.7,84,Completed
506261,17241,2024-02-24,9,1,0.0,62.0,28,Completed
511931,10591,2024-02-24,1,1,0.1,130.5,79,Completed
500767,10401,2024-02-24,9,1,0.1,55.8,28,Completed
516479,13834,2024-02-24,3,1,0.1,43.2,21,Completed
511531,14346,2024-02-24,5,2,0.0,190.0,86,Completed
504409,11908,2024-02-24,4,2,0.05,532.0,310,Completed
504105,12983,2024-02-24,2,1,0.0,72.0,34,Completed
508452,13361,2024-02-24,7,2,0.0,54.0,16,Completed
508883,11755,2024-02-24,7,1,0.05,25.65,8,Completed
506904,10287,2024-02-24,1,3,0.0,435.0,237,Completed
501468,13008,2024-02-24,8,1,0.0,88.0,39,Completed
515323,15842,2024-02-24,3,1,0.1,43.2,21,Completed
509120,14425,2024-02-24,2,4,0.05,273.6,136,Completed
512421,14019,2024-02-24,6,1,0.05,33.25,13,Completed
501809,10756,2024-02-24,9,1,0.1,55.8,28,Completed
507736,13407,2024-02-24,7,3,0.05,76.95,24,Completed
507741,13126,2024-02-24,7,1,0.2,21.6,8,Completed
517540,11998,2024-02-24,7,1,0.1,24.3,8,Completed
504399,13318,2024-02-24,10,1,0.2,88.0,54,Completed
513091,11537,2024-02-24,1,1,0.0,145.0,79,Completed
517913,18147,2024-02-24,3,1,0.0,48.0,21,Completed
515824,11519,2024-02-24,7,2,0.2,43.2,16,Completed
507484,12360,2024-02-24,9,3,0.05,176.7,84,Completed
506161,11858,2024-02-24,7,1,0.1,24.3,8,Completed
511094,17733,2024-02-24,3,2,0.0,96.0,42,Returned
509399,15824,2024-02-25,7,1,0.0,27.0,8,Completed
517504,13896,2024-02-25,6,3,0.05,99.75,39,Completed
509715,16131,2024-02-25,7,1,0.05,25.65,8,Completed
510768,13059,2024-02-25,5,1,0.05,90.25,43,Completed
514266,13207,2024-02-25,3,2,0.0,96.0,42,Completed
517085,18336,2024-02-25,5,1,0.1,85.5,43,Completed
501110,14202,2024-02-25,2,1,0.0,72.0,34,Completed
516046,15430,2024-02-25,8,1,0.0,88.0,39,Completed
508208,17762,2024-02-25,7,2,0.1,48.6,16,Completed
506148,12778,2024-02-25,10,1,0.0,110.0,54,Completed
511704,16186,2024-02-25,2,1,0.1,64.8,34,Completed
516043,13894,2024-02-25,1,3,0.0,435.0,237,Completed
514758,13433,2024-02-25,5,1,0.15,80.75,43,Completed
516040,15790,2024-02-25,5,1,0.0,95.0,43,Completed
501009,10239,2024-02-25,1,1,0.0,145.0,79,Completed
509287,11562,2024-02-25,10,1,0.15,93.5,54,Completed
505954,11916,2024-02-25,5,4,0.0,380.0,172,Completed
502264,10428,2024-02-25,2,3,0.1,194.4,102,Completed
515864,10923,2024-02-25,4,2,0.0,560.0,310,Completed
509587,13705,2024-02-25,8,1,0.1,79.2,39,Completed
516922,11349,2024-02-25,3,1,0.1,43.2,21,Completed
508141,13937,2024-02-25,7,1,0.0,27.0,8,Completed
514742,11564,2024-02-25,8,1,0.05,83.6,39,Completed
504834,11509,2024-02-26,10,1,0.0,110.0,54,Completed
501226,13249,2024-02-26,10,1,0.05,104.5,54,Completed
513585,16830,2024-02-26,2,1,0.05,68.4,34,Completed
510159,15922,2024-02-26,6,1,0.1,31.5,13,Cancelled
515392,15568,2024-02-26,5,4,0.0,380.0,172,Completed
513212,17678,2024-02-26,8,1,0.0,88.0,39,Completed
517475,13747,2024-02-26,10,1,0.2,88.0,54,Completed
501053,10691,2024-02-26,10,2,0.05,209.0,108,Cancelled
517316,14337,2024-02-26,9,2,0.0,124.0,56,Completed
503280,16910,2024-02-26,10,1,0.1,99.0,54,Completed
509363,17324,2024-02-26,4,1,0.0,280.0,155,Completed
513821,16216,2024-02-26,7,3,0.2,64.8,24,Completed
510687,14949,2024-02-26,6,1,0.0,35.0,13,Completed
505333,10612,2024-02-26,8,4,0.05,334.4,156,Completed
503867,12239,2024-02-26,7,2,0.0,54.0,16,Completed
508329,10110,2024-02-26,10,1,0.1,99.0,54,Completed
506401,12108,2024-02-26,6,4,0.0,140.0,52,Completed
508304,14090,2024-02-26,6,2,0.0,70.0,26,Completed
516668,10154,2024-02-26,7,1,0.0,27.0,8,Completed
505336,16259,2024-02-26,6,1,0.1,31.5,13,Completed
503691,16298,2024-02-26,2,1,0.0,72.0,34,Completed
509744,12143,2024-02-26,10,1,0.2,88.0,54,Completed
501754,10703,2024-02-26,2,2,0.0,144.0,68,Completed
508634,10930,2024-02-26,2,1,0.2,57.6,34,Completed
502426,14718,2024-02-26,6,2,0.0,70.0,26,Completed
501457,13774,2024-02-27,6,1,0.1,31.5,13,Completed
510898,11633,2024-02-27,5,1,0.1,85.5,43,Completed
507140,11078,2024-02-27,10,1,0.05,104.5,54,Completed
501516,14620,2024-02-27,3,1,0.2,38.4,21,Completed
509792,15778,2024-02-27,5,1,0.0,95.0,43,Completed
517944,10518,2024-02-27,7,1,0.05,25.65,8,Completed
516760,12622,2024-02-27,9,3,0.05,176.7,84,Completed
500095,16415,2024-02-27,9,1,0.05,58.9,28,Completed
516260,13013,2024-02-27,8,1,0.15,74.8,39,Completed
517263,12451,2024-02-27,2,1,0.1,64.8,34,Completed
511248,10676,2024-02-27,2,1,0.05,68.4,34,Returned
501929,17432,2024-02-27,10,1,0.15,93.5,54,Completed
500199,15749,2024-02-27,2,1,0.1,64.8,34,Completed
511999,10691,2024-02-27,3,1,0.1,43.2,21,Completed
506653,13932,2024-02-27,9,2,0.2,99.2,56,Completed
502185,14929,2024-02-27,10,2,0.15,187.0,108,Completed
507242,12200,2024-02-27,7,2,0.0,54.0,16,Completed
502716,14893,2024-02-27,5,2,0.1,171.0,86,Completed
510327,15048,2024-02-27,4,1,0.15,238.0,155,Completed
515246,10465,2024-02-27,9,1,0.1,55.8,28,Completed
506492,13261,2024-02-28,5,2,0.1,171.0,86,Completed
504803,15296,2024-02-28,1,2,0.1,261.0,158,Completed
509560,13715,2024-02-28,1,2,0.0,290.0,158,Completed
501246,15583,2024-02-28,5,2,0.0,190.0,86,Completed
507989,12508,2024-02-28,10,1,0.15,93.5,54,Completed
508812,16864,2024-02-28,5,2,0.2,152.0,86,Completed
507573,18082,2024-02-28,1,2,0.05,275.5,158,Completed
513914,10456,2024-02-28,3,1,0.05,45.6,21,Completed
516696,13698,2024-02-28,1,1,0.05,137.75,79,Completed
505105,12280,2024-02-28,8,3,0.0,264.0,117,Returned
502692,16353,2024-02-28,1,1,0.0,145.0,79,Completed
507000,10354,2024-02-28,9,2,0.1,111.6,56,Completed
512720,14590,2024-02-28,6,1,0.15,29.75,13,Completed
501265,13207,2024-02-28,6,3,0.0,105.0,39,Completed
507080,13381,2024-02-28,8,3,0.0,264.0,117,Completed
507936,11260,2024-02-28,6,1,0.05,33.25,13,Completed
512736,11917,2024-02-28,10,2,0.1,198.0,108,Completed
515911,12941,2024-02-28,8,1,0.05,83.6,39,Completed
512207,10171,2024-02-28,1,1,0.05,137.75,79,Completed
500759,13082,2024-02-28,9,1,0.0,62.0,28,Completed
500352,12533,2024-02-28,3,1,0.0,48.0,21,Completed
509410,10225,2024-02-28,9,2,0.05,117.8,56,Completed
511448,15045,2024-02-28,2,1,0.0,72.0,34,Completed
506710,11450,2024-02-28,1,2,0.1,261.0,158,Completed
508107,17064,2024-02-28,4,2,0.0,560.0,310,Completed
503439,16896,2024-02-28,4,1,0.1,252.0,155,Cancelled
505086,12323,2024-02-28,1,1,0.05,137.75,79,Returned
508059,13214,2024-02-28,10,1,0.0,110.0,54,Completed
504842,16548,2024-02-28,10,2,0.2,176.0,108,Returned
516193,10971,2024-02-28,7,2,0.05,51.3,16,Completed
510547,10066,2024-02-29,7,3,0.0,81.0,24,Completed
510714,14806,2024-02-29,10,1,0.0,110.0,54,Completed
500134,11125,2024-02-29,1,1,0.2,116.0,79,Completed
510114,14746,2024-02-29,3,3,0.15,122.4,63,Completed
504407,10063,2024-02-29,5,2,0.05,180.5,86,Completed
510002,12508,2024-02-29,3,1,0.0,48.0,21,Completed
513516,14441,2024-02-29,5,3,0.15,242.25,129,Completed
511819,15116,2024-02-29,2,1,0.0,72.0,34,Completed
516096,14794,2024-02-29,5,1,0.05,90.25,43,Completed
515403,12311,2024-02-29,1,2,0.05,275.5,158,Completed
510475,13516,2024-02-29,5,3,0.0,285.0,129,Completed
505261,15580,2024-02-29,8,1,0.05,83.6,39,Completed
509790,10358,2024-02-29,9,1,0.0,62.0,28,Cancelled
509441,12943,2024-02-29,6,3,0.05,99.75,39,Completed
510388,17880,2024-02-29,9,2,0.1,111.6,56,Completed
501862,12250,2024-02-29,1,1,0.05,137.75,79,Completed
516713,11352,2024-02-29,1,3,0.05,413.25,237,Completed
514318,15045,2024-02-29,10,2,0.05,209.0,108,Completed
511780,18331,2024-02-29,1,1,0.0,145.0,79,Completed
514584,16328,2024-02-29,3,1,0.1,43.2,21,Completed
507966,16053,2024-02-29,1,2,0.05,275.5,158,Completed
501270,12423,2024-02-29,10,1,0.0,110.0,54,Completed
515836,12476,2024-02-29,7,2,0.0,54.0,16,Completed
516934,10897,2024-02-29,9,1,0.1,55.8,28,Completed
503166,13370,2024-03-01,9,1,0.0,62.0,28,Completed
501839,15543,2024-03-01,9,2,0.1,111.6,56,Completed
505533,12574,2024-03-01,8,1,0.0,88.0,39,Completed
510526,16997,2024-03-01,7,1,0.1,24.3,8,Completed
508511,10408,2024-03-01,4,3,0.0,840.0,465,Completed
515573,13599,2024-03-01,8,2,0.15,149.6,78,Completed
515589,16347,2024-03-01,10,2,0.15,187.0,108,Completed
511640,18412,2024-03-01,3,4,0.05,182.4,84,Completed
516989,13462,2024-03-01,9,1,0.0,62.0,28,Completed
505770,14659,2024-03-01,6,1,0.0,35.0,13,Completed
505466,11380,2024-03-01,4,2,0.0,560.0,310,Completed
508835,11886,2024-03-01,1,2,0.0,290.0,158,Completed
514366,11434,2024-03-01,1,1,0.0,145.0,79,Completed
507735,14161,2024-03-01,2,1,0.05,68.4,34,Completed
516823,12525,2024-03-01,1,4,0.0,580.0,316,Completed
516883,15265,2024-03-01,10,2,0.05,209.0,108,Completed
515999,11598,2024-03-01,5,1,0.05,90.25,43,Completed
511042,10298,2024-03-01,4,1,0.0,280.0,155,Completed
501239,15220,2024-03-01,8,1,0.0,88.0,39,Completed
515778,16259,2024-03-01,4,1,0.15,238.0,155,Completed
505079,15086,2024-03-01,5,1,0.0,95.0,43,Completed
517554,16474,2024-03-01,8,1,0.15,74.8,39,Completed
503672,10298,2024-03-01,1,1,0.15,123.25,79,Completed
504814,12114,2024-03-01,8,1,0.0,88.0,39,Completed
507394,17959,2024-03-01,2,1,0.0,72.0,34,Completed
507450,10752,2024-03-01,5,2,0.1,171.0,86,Completed
507058,14412,2024-03-01,3,3,0.05,136.8,63,Completed
512272,11372,2024-03-01,10,1,0.1,99.0,54,Completed
503624,12963,2024-03-01,10,1,0.05,104.5,54,Completed
506633,10487,2024-03-02,6,4,0.05,133.0,52,Completed
507170,13079,2024-03-02,9,2,0.05,117.8,56,Completed
502318,13095,2024-03-02,1,1,0.0,145.0,79,Completed
507172,11412,2024-03-02,8,1,0.05,83.6,39,Completed
501697,12609,2024-03-02,7,2,0.0,54.0,16,Cancelled
504040,15967,2024-03-02,6,2,0.05,66.5,26,Completed
501950,11433,2024-03-02,8,3,0.05,250.8,117,Completed
508751,12177,2024-03-02,7,4,0.0,108.0,32,Completed
500969,11490,2024-03-02,3,2,0.15,81.6,42,Completed
501627,10693,2024-03-02,8,2,0.1,158.4,78,Completed
507954,11911,2024-03-02,5,3,0.0,285.0,129,Completed
505150,12752,2024-03-02,6,1,0.1,31.5,13,Completed
516636,12413,2024-03-02,10,1,0.05,104.5,54,Completed
514755,12632,2024-03-02,9,2,0.0,124.0,56,Returned
512608,12048,2024-03-02,6,2,0.0,70.0,26,Returned
511662,13849,2024-03-02,7,1,0.05,25.65,8,Completed
510713,12589,2024-03-02,8,1,0.0,88.0,39,Completed
506702,11990,2024-03-02,5,2,0.0,190.0,86,Completed
508562,11769,2024-03-02,10,1,0.1,99.0,54,Completed
511783,15673,2024-03-02,3,2,0.1,86.4,42,Completed
504363,16676,2024-03-02,2,1,0.1,64.8,34,Completed
517612,12439,2024-03-02,3,1,0.1,43.2,21,Completed
511600,13246,2024-03-02,9,1,0.0,62.0,28,Completed
517636,16641,2024-03-02,5,1,0.1,85.5,43,Completed
505168,11000,2024-03-03,5,4,0.0,380.0,172,Completed
517511,14284,2024-03-03,7,1,0.05,25.65,8,Returned
514608,14519,2024-03-03,7,1,0.05,25.65,8,Completed
516568,10819,2024-03-03,1,1,0.1,130.5,79,Completed
516428,14280,2024-03-03,6,2,0.0,70.0,26,Completed
509124,16950,2024-03-03,1,1,0.15,123.25,79,Completed
513731,12204,2024-03-03,1,1,0.0,145.0,79,Completed
510144,13342,2024-03-03,6,1,0.0,35.0,13,Completed
511173,15486,2024-03-03,3,2,0.05,91.2,42,Completed
506490,15411,2024-03-03,9,3,0.0,186.0,84,Completed
511145,16957,2024-03-03,3,1,0.0,48.0,21,Completed
513099,10569,2024-03-03,9,1,0.2,49.6,28,Completed
500055,14021,2024-03-03,10,4,0.0,440.0,216,Completed
500872,16927,2024-03-03,6,1,0.0,35.0,13,Returned
512528,15023,2024-03-03,9,1,0.05,58.9,28,Completed
514112,12997,2024-03-03,1,1,0.05,137.75,79,Completed
512624,10569,2024-03-03,1,1,0.0,145.0,79,Completed
509522,17231,2024-03-03,2,2,0.0,144.0,68,Completed
500942,11281,2024-03-03,4,1,0.0,280.0,155,Completed
515108,12297,2024-03-03,9,2,0.05,117.8,56,Completed
517604,11176,2024-03-03,6,2,0.0,70.0,26,Completed
512610,13110,2024-03-03,2,3,0.0,216.0,102,Completed
507118,16865,2024-03-03,9,3,0.2,148.8,84,Completed
515885,10291,2024-03-03,6,1,0.0,35.0,13,Completed
500554,10929,2024-03-03,8,2,0.1,158.4,78,Completed
511488,12238,2024-03-04,8,4,0.05,334.4,156,Completed
512728,14375,2024-03-04,10,1,0.0,110.0,54,Cancelled
507393,15948,2024-03-04,7,1,0.1,24.3,8,Completed
510115,16719,2024-03-04,6,1,0.1,31.5,13,Completed
505946,17101,2024-03-04,2,1,0.05,68.4,34,Completed
514663,12906,2024-03-04,6,1,0.2,28.0,13,Completed
509548,17788,2024-03-04,5,1,0.05,90.25,43,Completed
515056,10467,2024-03-04,3,1,0.2,38.4,21,Completed
513045,17574,2024-03-04,1,3,0.0,435.0,237,Returned
517118,16516,2024-03-04,1,1,0.05,137.75,79,Completed
509960,10605,2024-03-04,5,3,0.15,242.25,129,Completed
513788,15866,2024-03-04,10,1,0.1,99.0,54,Completed
512993,13046,2024-03-04,9,2,0.05,117.8,56,Completed
514514,10963,2024-03-04,1,1,0.0,145.0,79,Completed
504928,12474,2024-03-04,2,2,0.15,122.4,68,Completed
504888,11233,2024-03-04,2,2,0.05,136.8,68,Completed
514364,15817,2024-03-04,3,1,0.15,40.8,21,Completed
506281,14960,2024-03-04,9,2,0.1,111.6,56,Completed
510272,12316,2024-03-04,1,1,0.2,116.0,79,Completed
516069,14014,2024-03-04,8,1,0.1,79.2,39,Completed
513327,12148,2024-03-04,10,2,0.0,220.0,108,Completed
508925,12602,2024-03-04,2,3,0.0,216.0,102,Completed
514657,12741,2024-03-04,9,1,0.2,49.6,28,Completed
507713,14712,2024-03-05,6,1,0.0,35.0,13,Completed
513967,17213,2024-03-05,3,1,0.0,48.0,21,Completed
515267,13525,2024-03-05,4,1,0.05,266.0,155,Completed
510203,14136,2024-03-05,9,3,0.05,176.7,84,Completed
510167,18389,2024-03-05,2,3,0.1,194.4,102,Completed
514283,16935,2024-03-05,7,1,0.0,27.0,8,Completed
517709,14796,2024-03-05,1,1,0.05,137.75,79,Completed
514038,17673,2024-03-05,4,2,0.1,504.0,310,Completed
510458,12981,2024-03-05,9,1,0.05,58.9,28,Completed
501417,13492,2024-03-05,7,1,0.05,25.65,8,Cancelled
504562,10267,2024-03-05,3,1,0.2,38.4,21,Completed
512672,16787,2024-03-05,3,2,0.05,91.2,42,Completed
512019,16174,2024-03-05,10,3,0.1,297.0,162,Completed
508451,16364,2024-03-05,7,1,0.05,25.65,8,Completed
508834,15198,2024-03-05,9,1,0.0,62.0,28,Completed
503211,14649,2024-03-05,5,3,0.05,270.75,129,Completed
516302,11387,2024-03-05,8,2,0.2,140.8,78,Completed
506632,12253,2024-03-05,5,1,0.0,95.0,43,Completed
508995,17641,2024-03-05,1,1,0.1,130.5,79,Completed
509646,10965,2024-03-06,6,2,0.05,66.5,26,Completed
516191,13873,2024-03-06,8,3,0.1,237.6,117,Completed
514279,16662,2024-03-06,6,1,0.15,29.75,13,Completed
504509,10247,2024-03-06,3,1,0.05,45.6,21,Completed
503968,14190,2024-03-06,8,2,0.0,176.0,78,Completed
501282,15481,2024-03-06,7,2,0.0,54.0,16,Completed
507742,11846,2024-03-06,1,2,0.0,290.0,158,Completed
508849,10731,2024-03-06,5,2,0.1,171.0,86,Completed
502236,13514,2024-03-06,1,1,0.05,137.75,79,Completed
511986,14172,2024-03-06,7,1,0.0,27.0,8,Completed
502188,12222,2024-03-06,5,4,0.05,361.0,172,Completed
512557,11777,2024-03-06,6,2,0.15,59.5,26,Completed
511680,11429,2024-03-06,6,1,0.05,33.25,13,Completed
514016,15976,2024-03-06,4,2,0.1,504.0,310,Completed
517841,13876,2024-03-06,1,2,0.15,246.5,158,Completed
505374,16165,2024-03-06,2,3,0.05,205.2,102,Completed
504209,13789,2024-03-06,8,1,0.05,83.6,39,Completed
510197,14311,2024-03-06,5,1,0.1,85.5,43,Returned
501869,12285,2024-03-06,9,2,0.05,117.8,56,Completed
517949,18223,2024-03-06,2,1,0.05,68.4,34,Completed
511745,13041,2024-03-06,5,2,0.05,180.5,86,Completed
515942,17810,2024-03-06,5,3,0.2,228.0,129,Completed
512739,11359,2024-03-06,6,1,0.05,33.25,13,Completed
510984,10297,2024-03-06,5,2,0.05,180.5,86,Completed
505971,10085,2024-03-06,6,1,0.0,35.0,13,Completed
500657,10923,2024-03-07,3,1,0.1,43.2,21,Completed
507878,16951,2024-03-07,3,4,0.0,192.0,84,Completed
506499,11039,2024-03-07,3,1,0.1,43.2,21,Completed
515800,10020,2024-03-07,3,2,0.05,91.2,42,Completed
501089,11363,2024-03-07,2,1,0.1,64.8,34,Completed
506050,15514,2024-03-07,1,1,0.15,123.25,79,Completed
509837,12209,2024-03-07,9,2,0.1,111.6,56,Completed
512947,11238,2024-03-07,3,2,0.0,96.0,42,Completed
509948,12865,2024-03-07,1,2,0.05,275.5,158,Completed
503182,10874,2024-03-07,5,1,0.0,95.0,43,Completed
504619,12636,2024-03-07,8,1,0.05,83.6,39,Completed
513466,13429,2024-03-07,2,1,0.05,68.4,34,Completed
511910,10661,2024-03-07,3,1,0.0,48.0,21,Returned
511852,16219,2024-03-07,6,3,0.0,105.0,39,Completed
502760,15969,2024-03-07,1,2,0.1,261.0,158,Completed
513070,12673,2024-03-07,6,2,0.0,70.0,26,Completed
501429,13889,2024-03-07,7,1,0.2,21.6,8,Completed
506928,14608,2024-03-08,9,2,0.15,105.4,56,Completed
517626,10407,2024-03-08,1,2,0.0,290.0,158,Completed
516195,14467,2024-03-08,7,2,0.0,54.0,16,Completed
508535,15762,2024-03-08,5,1,0.1,85.5,43,Completed
506478,12655,2024-03-08,6,2,0.05,66.5,26,Completed
510776,10352,2024-03-08,5,2,0.0,190.0,86,Completed
517020,13770,2024-03-08,3,1,0.0,48.0,21,Completed
501168,10995,2024-03-08,6,2,0.0,70.0,26,Completed
501263,12585,2024-03-08,5,2,0.05,180.5,86,Completed
512666,14956,2024-03-08,1,1,0.1,130.5,79,Completed
508021,16547,2024-03-08,5,3,0.0,285.0,129,Completed
505218,13309,2024-03-08,6,1,0.1,31.5,13,Returned
502262,15061,2024-03-08,10,1,0.05,104.5,54,Completed
512600,11330,2024-03-08,7,1,0.0,27.0,8,Completed
509116,12647,2024-03-08,9,3,0.15,158.1,84,Completed
505611,17339,2024-03-08,5,1,0.1,85.5,43,Completed
508607,16599,2024-03-08,2,2,0.05,136.8,68,Completed
515713,14866,2024-03-08,9,2,0.15,105.4,56,Completed
503946,13602,2024-03-08,4,2,0.2,448.0,310,Completed
508560,15568,2024-03-08,7,3,0.05,76.95,24,Completed
510428,15083,2024-03-08,1,2,0.0,290.0,158,Completed
502944,17074,2024-03-08,7,1,0.0,27.0,8,Cancelled
517902,15330,2024-03-08,10,1,0.0,110.0,54,Completed
517728,12284,2024-03-08,9,1,0.0,62.0,28,Completed
500956,15900,2024-03-09,9,2,0.1,111.6,56,Completed
514494,14539,2024-03-09,7,1,0.15,22.95,8,Completed
510737,10747,2024-03-09,4,2,0.0,560.0,310,Completed
504396,14052,2024-03-09,6,1,0.1,31.5,13,Completed
517785,17404,2024-03-09,6,1,0.0,35.0,13,Returned
503598,10405,2024-03-09,2,1,0.0,72.0,34,Returned
506059,11249,2024-03-09,8,1,0.0,88.0,39,Completed
512302,14099,2024-03-09,6,2,0.05,66.5,26,Completed
516106,13150,2024-03-09,5,1,0.1,85.5,43,Completed
502074,13962,2024-03-09,1,2,0.05,275.5,158,Completed
506967,16972,2024-03-09,3,2,0.0,96.0,42,Completed
516194,10077,2024-03-09,10,1,0.15,93.5,54,Completed
512005,12821,2024-03-09,6,1,0.05,33.25,13,Completed
509497,11808,2024-03-09,10,1,0.0,110.0,54,Completed
510098,15618,2024-03-09,8,1,0.1,79.2,39,Completed
502694,11464,2024-03-09,6,1,0.0,35.0,13,Cancelled
512776,11585,2024-03-09,1,1,0.05,137.75,79,Completed
514879,16162,2024-03-09,8,2,0.0,176.0,78,Completed
508790,15699,2024-03-10,5,1,0.15,80.75,43,Completed
501144,10906,2024-03-10,8,1,0.15,74.8,39,Completed
506479,16178,2024-03-10,10,1,0.0,110.0,54,Completed
500050,11884,2024-03-10,10,2,0.0,220.0,108,Completed
517595,17799,2024-03-10,5,1,0.15,80.75,43,Returned
502783,15483,2024-03-10,7,1,0.0,27.0,8,Completed
511078,11123,2024-03-10,8,4,0.05,334.4,156,Completed
509585,15737,2024-03-10,5,1,0.0,95.0,43,Completed
501451,11961,2024-03-10,1,2,0.0,290.0,158,Completed
517344,17590,2024-03-10,1,1,0.05,137.75,79,Completed
510096,10881,2024-03-10,5,2,0.0,190.0,86,Completed
501614,10170,2024-03-10,2,2,0.0,144.0,68,Completed
508128,13809,2024-03-10,3,2,0.0,96.0,42,Completed
510394,10133,2024-03-10,6,2,0.05,66.5,26,Completed
505310,15080,2024-03-10,3,1,0.0,48.0,21,Completed
509596,10371,2024-03-10,8,1,0.15,74.8,39,Completed
505678,10007,2024-03-10,7,1,0.0,27.0,8,Completed
514487,10415,2024-03-10,6,1,0.0,35.0,13,Completed
511230,12408,2024-03-10,8,1,0.05,83.6,39,Completed
510604,15055,2024-03-10,5,1,0.0,95.0,43,Completed
508612,15052,2024-03-10,8,2,0.05,167.2,78,Returned
513873,15820,2024-03-10,5,1,0.05,90.25,43,Completed
517359,12354,2024-03-10,6,1,0.05,33.25,13,Completed
502797,18091,2024-03-10,7,2,0.0,54.0,16,Completed
502529,11183,2024-03-10,7,4,0.0,108.0,32,Completed
515939,15369,2024-03-10,4,1,0.05,266.0,155,Completed
504184,15008,2024-03-11,2,1,0.0,72.0,34,Completed
515849,13844,2024-03-11,9,1,0.1,55.8,28,Completed
511489,17334,2024-03-11,6,4,0.05,133.0,52,Completed
513254,11752,2024-03-11,3,1,0.2,38.4,21,Completed
504036,13938,2024-03-11,7,3,0.15,68.85,24,Completed
510295,10351,2024-03-11,6,2,0.2,56.0,26,Completed
506880,15051,2024-03-11,1,1,0.0,145.0,79,Completed
502143,15482,2024-03-11,10,1,0.0,110.0,54,Completed
516960,16196,2024-03-11,6,2,0.05,66.5,26,Returned
511626,11581,2024-03-11,2,1,0.0,72.0,34,Completed
510738,11793,2024-03-11,2,1,0.0,72.0,34,Completed
501262,17906,2024-03-11,5,1,0.2,76.0,43,Completed
503722,11911,2024-03-11,6,3,0.0,105.0,39,Completed
509463,14699,2024-03-11,4,1,0.0,280.0,155,Completed
507071,14745,2024-03-11,7,1,0.0,27.0,8,Completed
513296,15904,2024-03-11,6,1,0.0,35.0,13,Completed
503684,16495,2024-03-11,3,4,0.15,163.2,84,Returned
514941,11231,2024-03-11,10,1,0.0,110.0,54,Completed
502920,13524,2024-03-11,10,1,0.0,110.0,54,Completed
517630,10077,2024-03-11,3,1,0.1,43.2,21,Completed
507303,15468,2024-03-11,7,1,0.1,24.3,8,Completed
502406,10388,2024-03-11,2,1,0.2,57.6,34,Completed
503740,10255,2024-03-11,6,1,0.2,28.0,13,Completed
510158,10620,2024-03-11,8,1,0.0,88.0,39,Completed
505045,16606,2024-03-11,2,1,0.05,68.4,34,Completed
517649,10608,2024-03-11,9,2,0.0,124.0,56,Completed
500491,12738,2024-03-11,10,1,0.0,110.0,54,Completed
508673,13696,2024-03-11,6,1,0.1,31.5,13,Completed
511990,11836,2024-03-11,3,1,0.1,43.2,21,Completed
517353,11522,2024-03-12,8,1,0.0,88.0,39,Completed
517354,13550,2024-03-12,7,2,0.05,51.3,16,Completed
506983,11923,2024-03-12,1,1,0.0,145.0,79,Completed
513364,11059,2024-03-12,7,1,0.05,25.65,8,Completed
504044,14228,2024-03-12,6,1,0.1,31.5,13,Completed
502986,12857,2024-03-12,3,1,0.05,45.6,21,Completed
515078,10020,2024-03-12,6,1,0.05,33.25,13,Completed
509575,10552,2024-03-12,9,4,0.05,235.6,112,Completed
512288,12801,2024-03-12,4,2,0.05,532.0,310,Completed
512246,10931,2024-03-12,9,2,0.05,117.8,56,Completed
506368,10314,2024-03-12,9,1,0.0,62.0,28,Completed
502562,15919,2024-03-12,6,1,0.15,29.75,13,Cancelled
509018,16502,2024-03-12,1,1,0.1,130.5,79,Completed
509684,14422,2024-03-12,1,1,0.0,145.0,79,Completed
505216,16547,2024-03-12,5,1,0.05,90.25,43,Completed
502556,12092,2024-03-12,1,3,0.0,435.0,237,Returned
503142,10627,2024-03-12,10,1,0.05,104.5,54,Completed
514316,11290,2024-03-12,9,2,0.05,117.8,56,Completed
515581,15273,2024-03-12,4,1,0.1,252.0,155,Completed
512108,17678,2024-03-12,2,1,0.05,68.4,34,Completed
503962,18163,2024-03-12,9,1,0.05,58.9,28,Completed
514002,13497,2024-03-12,7,1,0.0,27.0,8,Completed
506511,10612,2024-03-12,5,3,0.0,285.0,129,Completed
508170,16100,2024-03-12,3,2,0.15,81.6,42,Completed
503735,18486,2024-03-12,4,3,0.0,840.0,465,Completed
517442,10126,2024-03-12,1,1,0.1,130.5,79,Completed
517066,13665,2024-03-12,7,1,0.0,27.0,8,Completed
503708,12212,2024-03-12,4,2,0.0,560.0,310,Completed
509491,11082,2024-03-12,2,2,0.0,144.0,68,Completed
501877,12001,2024-03-12,10,1,0.0,110.0,54,Completed
517760,11880,2024-03-12,3,1,0.0,48.0,21,Completed
513505,17157,2024-03-12,8,2,0.0,176.0,78,Completed
516946,14174,2024-03-13,5,1,0.1,85.5,43,Completed
505543,13679,2024-03-13,10,3,0.05,313.5,162,Completed
504647,12023,2024-03-13,8,1,0.05,83.6,39,Returned
507259,18331,2024-03-13,1,1,0.05,137.75,79,Completed
502589,14082,2024-03-13,3,1,0.1,43.2,21,Completed
503410,11175,2024-03-13,10,1,0.1,99.0,54,Completed
502936,10603,2024-03-13,8,1,0.2,70.4,39,Completed
517418,17484,2024-03-13,7,1,0.15,22.95,8,Completed
506560,13179,2024-03-13,2,1,0.05,68.4,34,Completed
504885,12935,2024-03-13,3,2,0.0,96.0,42,Completed
513368,12827,2024-03-13,9,1,0.0,62.0,28,Completed
516153,12011,2024-03-13,10,2,0.1,198.0,108,Completed
512406,10942,2024-03-13,1,1,0.1,130.5,79,Completed
513894,12708,2024-03-13,5,1,0.2,76.0,43,Completed
505610,15042,2024-03-13,3,1,0.0,48.0,21,Completed
511137,12846,2024-03-13,3,1,0.0,48.0,21,Completed
512705,10683,2024-03-13,5,1,0.1,85.5,43,Completed
505802,15887,2024-03-13,6,1,0.05,33.25,13,Returned
506528,10987,2024-03-13,1,2,0.0,290.0,158,Completed
515902,13249,2024-03-13,9,1,0.15,52.7,28,Completed
501903,12604,2024-03-13,9,1,0.0,62.0,28,Completed
509090,13929,2024-03-13,3,1,0.1,43.2,21,Completed
509806,13240,2024-03-13,8,3,0.05,250.8,117,Completed
501333,17713,2024-03-13,8,1,0.05,83.6,39,Completed
502445,15004,2024-03-13,5,2,0.05,180.5,86,Completed
511876,12971,2024-03-13,10,1,0.05,104.5,54,Completed
501817,13254,2024-03-13,7,2,0.0,54.0,16,Returned
504415,18344,2024-03-13,5,1,0.1,85.5,43,Cancelled
509545,11688,2024-03-14,1,1,0.2,116.0,79,Completed
504212,15252,2024-03-14,5,2,0.0,190.0,86,Completed
511896,13269,2024-03-14,9,1,0.0,62.0,28,Completed
513191,14457,2024-03-14,6,2,0.0,70.0,26,Completed
504392,14139,2024-03-14,9,3,0.1,167.4,84,Completed
504229,10622,2024-03-14,7,1,0.0,27.0,8,Completed
505640,15080,2024-03-14,5,2,0.0,190.0,86,Completed
501720,12874,2024-03-14,9,1,0.05,58.9,28,Completed
513214,16770,2024-03-14,7,2,0.1,48.6,16,Completed
506376,16182,2024-03-14,2,2,0.0,144.0,68,Completed
507770,11931,2024-03-14,1,3,0.0,435.0,237,Completed
512870,12523,2024-03-14,6,1,0.0,35.0,13,Completed
503516,10894,2024-03-14,2,1,0.15,61.2,34,Completed
517972,17400,2024-03-14,6,2,0.0,70.0,26,Completed
505256,17056,2024-03-14,9,1,0.0,62.0,28,Completed
501107,14705,2024-03-14,3,2,0.0,96.0,42,Completed
506062,10088,2024-03-14,2,3,0.0,216.0,102,Completed
511002,14231,2024-03-14,9,3,0.15,158.1,84,Completed
510544,12271,2024-03-14,5,4,0.2,304.0,172,Completed
505816,12185,2024-03-14,1,2,0.15,246.5,158,Completed
509933,15760,2024-03-14,9,1,0.05,58.9,28,Completed
505267,16641,2024-03-14,5,1,0.1,85.5,43,Completed
516295,13141,2024-03-14,1,1,0.05,137.75,79,Completed
508602,11648,2024-03-14,6,3,0.15,89.25,39,Completed
515928,13962,2024-03-14,10,1,0.1,99.0,54,Completed
502996,14399,2024-03-14,7,1,0.0,27.0,8,Completed
507971,10572,2024-03-15,4,1,0.0,280.0,155,Completed
501249,14220,2024-03-15,8,1,0.05,83.6,39,Completed
501757,16005,2024-03-15,5,2,0.0,190.0,86,Completed
510302,10978,2024-03-15,8,1,0.1,79.2,39,Completed
513717,17422,2024-03-15,2,1,0.0,72.0,34,Completed
505432,11743,2024-03-15,3,1,0.0,48.0,21,Completed
500561,15907,2024-03-15,10,1,0.15,93.5,54,Completed
503203,11807,2024-03-15,7,1,0.15,22.95,8,Completed
500299,12505,2024-03-15,7,3,0.0,81.0,24,Completed
509675,14898,2024-03-15,1,1,0.0,145.0,79,Completed
511383,11638,2024-03-15,8,1,0.0,88.0,39,Completed
502238,15260,2024-03-15,9,1,0.05,58.9,28,Completed
500890,11976,2024-03-15,8,1,0.15,74.8,39,Completed
517334,16287,2024-03-15,1,2,0.2,232.0,158,Completed
502084,13505,2024-03-15,1,1,0.0,145.0,79,Cancelled
510480,11377,2024-03-15,9,2,0.0,124.0,56,Completed
504944,11072,2024-03-15,1,1,0.05,137.75,79,Completed
505723,18403,2024-03-15,1,1,0.0,145.0,79,Completed
505063,11924,2024-03-15,3,1,0.0,48.0,21,Completed
504630,15822,2024-03-15,1,1,0.0,145.0,79,Completed
503030,11503,2024-03-15,8,1,0.0,88.0,39,Completed
517086,14451,2024-03-15,8,2,0.1,158.4,78,Completed
501607,10656,2024-03-16,7,1,0.05,25.65,8,Completed
514749,17892,2024-03-16,10,2,0.1,198.0,108,Completed
513620,11217,2024-03-16,2,2,0.1,129.6,68,Cancelled
507123,12647,2024-03-16,5,1,0.05,90.25,43,Completed
511156,17900,2024-03-16,7,2,0.1,48.6,16,Completed
506598,15306,2024-03-16,5,2,0.0,190.0,86,Completed
517470,16943,2024-03-16,7,1,0.2,21.6,8,Completed
508332,14214,2024-03-16,10,1,0.05,104.5,54,Completed
511073,14032,2024-03-16,1,1,0.0,145.0,79,Completed
517813,13324,2024-03-16,5,1,0.15,80.75,43,Completed
513136,17040,2024-03-16,10,2,0.05,209.0,108,Cancelled
502101,14873,2024-03-16,6,1,0.0,35.0,13,Completed
505494,13639,2024-03-16,8,1,0.2,70.4,39,Completed
513449,16648,2024-03-16,1,1,0.0,145.0,79,Completed
516708,17095,2024-03-16,6,2,0.0,70.0,26,Completed
500937,11742,2024-03-16,8,3,0.0,264.0,117,Completed
514174,10222,2024-03-16,1,3,0.15,369.75,237,Completed
501038,10291,2024-03-16,7,2,0.0,54.0,16,Completed
511561,11542,2024-03-16,9,1,0.0,62.0,28,Completed
503506,10644,2024-03-16,9,1,0.0,62.0,28,Returned
511210,13358,2024-03-16,7,1,0.0,27.0,8,Completed
510008,15041,2024-03-16,10,3,0.1,297.0,162,Completed
501269,11618,2024-03-16,5,1,0.05,90.25,43,Completed
511849,15007,2024-03-16,5,2,0.0,190.0,86,Completed
512731,10040,2024-03-16,1,2,0.05,275.5,158,Completed
506795,11569,2024-03-16,7,2,0.05,51.3,16,Returned
502710,11644,2024-03-16,7,1,0.0,27.0,8,Completed
504613,14266,2024-03-16,1,2,0.1,261.0,158,Completed
517428,13371,2024-03-16,1,2,0.1,261.0,158,Completed
517982,16902,2024-03-17,3,1,0.1,43.2,21,Completed
500175,12006,2024-03-17,2,1,0.1,64.8,34,Completed
509058,15893,2024-03-17,3,3,0.0,144.0,63,Completed
513582,11308,2024-03-17,1,1,0.1,130.5,79,Completed
504461,18154,2024-03-17,6,2,0.0,70.0,26,Completed
510968,13240,2024-03-17,5,1,0.0,95.0,43,Completed
508780,16697,2024-03-17,10,4,0.0,440.0,216,Completed
502857,11281,2024-03-17,5,2,0.1,171.0,86,Completed
507981,14090,2024-03-17,8,1,0.05,83.6,39,Completed
517964,18320,2024-03-17,7,1,0.2,21.6,8,Cancelled
510135,11346,2024-03-17,8,1,0.0,88.0,39,Completed
505870,15337,2024-03-17,7,1,0.0,27.0,8,Completed
505090,13446,2024-03-17,8,1,0.1,79.2,39,Completed
503718,17108,2024-03-17,3,2,0.15,81.6,42,Completed
502277,16776,2024-03-17,9,1,0.0,62.0,28,Completed
513869,15814,2024-03-17,5,1,0.0,95.0,43,Completed
511245,13018,2024-03-17,5,1,0.05,90.25,43,Completed
509774,14605,2024-03-17,4,1,0.05,266.0,155,Completed
516072,10477,2024-03-17,6,2,0.15,59.5,26,Completed
505989,13657,2024-03-17,6,2,0.1,63.0,26,Completed
504766,14533,2024-03-18,2,2,0.0,144.0,68,Completed
502799,11974,2024-03-18,2,4,0.0,288.0,136,Completed
504711,11819,2024-03-18,2,1,0.05,68.4,34,Completed
509696,10219,2024-03-18,8,1,0.0,88.0,39,Completed
514677,10219,2024-03-18,8,2,0.2,140.8,78,Completed
512333,13006,2024-03-18,10,1,0.1,99.0,54,Completed
515785,13899,2024-03-18,4,1,0.15,238.0,155,Completed
501899,14582,2024-03-18,2,3,0.15,183.6,102,Completed
517345,12722,2024-03-18,6,1,0.1,31.5,13,Completed
511766,16359,2024-03-18,4,2,0.0,560.0,310,Completed
500878,11806,2024-03-18,1,2,0.0,290.0,158,Completed
517459,13998,2024-03-18,6,2,0.1,63.0,26,Completed
503977,12235,2024-03-18,3,1,0.15,40.8,21,Completed
508135,12653,2024-03-18,5,1,0.0,95.0,43,Cancelled
514645,16590,2024-03-18,3,2,0.0,96.0,42,Returned
510028,15815,2024-03-18,8,1,0.05,83.6,39,Completed
509949,12650,2024-03-18,5,3,0.0,285.0,129,Completed
500601,17154,2024-03-18,6,1,0.05,33.25,13,Completed
515407,12882,2024-03-18,8,1,0.0,88.0,39,Completed
510277,12340,2024-03-18,6,1,0.0,35.0,13,Completed
507815,12655,2024-03-18,1,1,0.2,116.0,79,Completed
503739,10811,2024-03-18,5,3,0.15,242.25,129,Completed
517723,14416,2024-03-18,8,1,0.0,88.0,39,Completed
512226,11857,2024-03-18,8,1,0.05,83.6,39,Completed
517501,10757,2024-03-18,9,1,0.1,55.8,28,Completed
517988,13155,2024-03-18,8,2,0.0,176.0,78,Cancelled
502927,11042,2024-03-18,5,2,0.0,190.0,86,Completed
506121,13449,2024-03-18,5,1,0.05,90.25,43,Completed
516656,11977,2024-03-18,6,1,0.0,35.0,13,Completed
506164,12422,2024-03-18,2,1,0.0,72.0,34,Completed
509789,11213,2024-03-18,5,1,0.0,95.0,43,Completed
509743,13183,2024-03-18,1,3,0.05,413.25,237,Completed
511378,14217,2024-03-19,10,2,0.0,220.0,108,Completed
509397,17894,2024-03-19,2,1,0.2,57.6,34,Completed
504596,11875,2024-03-19,2,3,0.05,205.2,102,Completed
505172,17622,2024-03-19,7,1,0.0,27.0,8,Completed
511268,17915,2024-03-19,5,3,0.0,285.0,129,Completed
511762,12648,2024-03-19,7,2,0.0,54.0,16,Completed
509107,11692,2024-03-19,9,4,0.05,235.6,112,Returned
514104,17787,2024-03-19,6,2,0.05,66.5,26,Completed
513930,10537,2024-03-19,1,3,0.0,435.0,237,Completed
516233,12767,2024-03-19,1,2,0.1,261.0,158,Completed
516230,15216,2024-03-19,9,2,0.05,117.8,56,Completed
516228,15680,2024-03-19,3,1,0.05,45.6,21,Completed
512159,16693,2024-03-19,6,1,0.0,35.0,13,Completed
512814,10537,2024-03-19,9,1,0.0,62.0,28,Completed
502880,11238,2024-03-19,1,3,0.2,348.0,237,Completed
504617,13703,2024-03-19,8,2,0.15,149.6,78,Completed
509338,12375,2024-03-19,9,2,0.05,117.8,56,Completed
505860,12683,2024-03-19,9,1,0.05,58.9,28,Completed
512128,13718,2024-03-19,1,3,0.05,413.25,237,Completed
513239,12457,2024-03-19,3,2,0.0,96.0,42,Completed
512013,11308,2024-03-19,9,1,0.05,58.9,28,Completed
515717,14925,2024-03-19,6,1,0.0,35.0,13,Completed
506037,12396,2024-03-19,5,3,0.1,256.5,129,Completed
511215,15954,2024-03-19,4,1,0.0,280.0,155,Completed
507310,16347,2024-03-19,5,1,0.15,80.75,43,Completed
509499,18319,2024-03-19,5,3,0.0,285.0,129,Completed
500379,13523,2024-03-19,8,2,0.0,176.0,78,Completed
508216,12584,2024-03-19,5,2,0.0,190.0,86,Completed
516869,12668,2024-03-20,2,1,0.0,72.0,34,Cancelled
504033,11266,2024-03-20,3,4,0.0,192.0,84,Completed
517740,11027,2024-03-20,5,2,0.05,180.5,86,Completed
507360,16431,2024-03-20,9,2,0.15,105.4,56,Completed
500358,17526,2024-03-20,4,2,0.15,476.0,310,Completed
500174,15687,2024-03-20,5,2,0.05,180.5,86,Completed
511097,10920,2024-03-20,1,1,0.05,137.75,79,Returned
507556,17181,2024-03-20,2,2,0.0,144.0,68,Completed
509359,11777,2024-03-20,3,1,0.1,43.2,21,Completed
502194,11675,2024-03-20,4,2,0.0,560.0,310,Completed
500398,10302,2024-03-20,9,1,0.2,49.6,28,Completed
513845,13921,2024-03-20,1,2,0.0,290.0,158,Completed
512902,11711,2024-03-20,7,1,0.15,22.95,8,Completed
517843,10516,2024-03-20,5,1,0.0,95.0,43,Completed
510932,12469,2024-03-20,10,3,0.05,313.5,162,Completed
502707,12628,2024-03-20,9,1,0.0,62.0,28,Completed
503303,17525,2024-03-20,5,1,0.0,95.0,43,Completed
504099,13239,2024-03-20,6,1,0.05,33.25,13,Completed
502870,16177,2024-03-20,5,1,0.1,85.5,43,Completed
506379,13979,2024-03-20,10,1,0.05,104.5,54,Completed
506300,14111,2024-03-20,8,2,0.0,176.0,78,Completed
503538,10856,2024-03-20,3,1,0.0,48.0,21,Completed
517288,16040,2024-03-20,9,1,0.1,55.8,28,Completed
517771,16840,2024-03-20,5,2,0.0,190.0,86,Completed
511691,17238,2024-03-20,10,1,0.05,104.5,54,Completed
512293,10863,2024-03-20,2,1,0.0,72.0,34,Completed
512627,12225,2024-03-20,1,1,0.05,137.75,79,Completed
510574,12614,2024-03-20,6,1,0.1,31.5,13,Completed
516593,15425,2024-03-20,7,2,0.1,48.6,16,Completed
502374,13374,2024-03-20,1,1,0.05,137.75,79,Completed
510214,11287,2024-03-20,7,1,0.05,25.65,8,Completed
515084,10174,2024-03-20,5,1,0.0,95.0,43,Completed
511599,10763,2024-03-20,5,2,0.2,152.0,86,Completed
512116,12457,2024-03-20,2,1,0.0,72.0,34,Completed
501532,10035,2024-03-20,7,1,0.05,25.65,8,Completed
508678,15457,2024-03-21,7,1,0.15,22.95,8,Completed
505381,11112,2024-03-21,7,1,0.0,27.0,8,Completed
510444,10971,2024-03-21,10,1,0.0,110.0,54,Completed
507186,13648,2024-03-21,4,2,0.0,560.0,310,Completed
500488,10640,2024-03-21,10,3,0.0,330.0,162,Completed
504071,15815,2024-03-21,1,1,0.0,145.0,79,Completed
509838,14944,2024-03-21,8,3,0.2,211.2,117,Completed
504655,12951,2024-03-21,5,1,0.05,90.25,43,Completed
503824,13568,2024-03-21,5,1,0.05,90.25,43,Completed
507304,14993,2024-03-21,9,3,0.2,148.8,84,Completed
507798,15066,2024-03-21,6,1,0.0,35.0,13,Completed
511377,16591,2024-03-21,1,1,0.0,145.0,79,Completed
506789,17032,2024-03-21,1,2,0.0,290.0,158,Completed
500959,10176,2024-03-21,3,1,0.0,48.0,21,Completed
510710,13639,2024-03-21,3,2,0.05,91.2,42,Completed
502249,12791,2024-03-21,10,2,0.1,198.0,108,Completed
512637,16633,2024-03-21,2,1,0.0,72.0,34,Completed
510024,12021,2024-03-21,8,1,0.15,74.8,39,Completed
502177,10729,2024-03-21,1,1,0.0,145.0,79,Completed
513003,10706,2024-03-22,3,1,0.1,43.2,21,Completed
505681,13040,2024-03-22,1,1,0.2,116.0,79,Completed
513286,10342,2024-03-22,9,1,0.1,55.8,28,Completed
501419,12491,2024-03-22,8,1,0.0,88.0,39,Completed
505070,11114,2024-03-22,1,3,0.0,435.0,237,Completed
507269,17868,2024-03-22,2,3,0.1,194.4,102,Completed
507255,10372,2024-03-22,9,1,0.0,62.0,28,Completed
503836,15818,2024-03-22,6,2,0.0,70.0,26,Completed
514842,10079,2024-03-22,6,3,0.05,99.75,39,Completed
511841,15075,2024-03-22,5,3,0.1,256.5,129,Completed
511950,11612,2024-03-22,7,1,0.0,27.0,8,Completed
504471,11693,2024-03-22,3,2,0.0,96.0,42,Completed
514792,11886,2024-03-22,8,1,0.0,88.0,39,Completed
503662,12315,2024-03-22,2,2,0.0,144.0,68,Completed
506085,16352,2024-03-22,7,4,0.0,108.0,32,Completed
503120,14375,2024-03-22,9,1,0.1,55.8,28,Completed
501828,17855,2024-03-22,5,2,0.0,190.0,86,Completed
511365,11917,2024-03-22,6,1,0.1,31.5,13,Completed
517219,15421,2024-03-23,10,2,0.05,209.0,108,Completed
513521,13407,2024-03-23,7,1,0.0,27.0,8,Completed
505039,16691,2024-03-23,3,2,0.0,96.0,42,Completed
516957,10957,2024-03-23,9,1,0.1,55.8,28,Completed
509070,15272,2024-03-23,4,1,0.15,238.0,155,Completed
503270,16593,2024-03-23,7,2,0.1,48.6,16,Completed
509528,16015,2024-03-23,7,1,0.1,24.3,8,Completed
505922,10444,2024-03-23,2,1,0.1,64.8,34,Completed
503453,11464,2024-03-23,5,3,0.1,256.5,129,Completed
513489,13417,2024-03-23,7,1,0.0,27.0,8,Completed
501841,15288,2024-03-23,6,3,0.05,99.75,39,Completed
512913,12460,2024-03-23,10,4,0.0,440.0,216,Completed
514878,14911,2024-03-23,5,2,0.1,171.0,86,Completed
505547,11195,2024-03-23,9,1,0.1,55.8,28,Returned
514228,11827,2024-03-23,7,2,0.1,48.6,16,Completed
507491,13681,2024-03-23,6,2,0.05,66.5,26,Completed
515872,14148,2024-03-23,4,2,0.0,560.0,310,Completed
512722,12539,2024-03-23,8,1,0.05,83.6,39,Completed
501223,12574,2024-03-23,7,1,0.0,27.0,8,Completed
514932,17203,2024-03-23,3,1,0.1,43.2,21,Completed
513706,13107,2024-03-23,5,2,0.15,161.5,86,Completed
517664,16162,2024-03-23,5,1,0.1,85.5,43,Completed
514307,17327,2024-03-23,2,1,0.1,64.8,34,Completed
516065,10133,2024-03-23,8,1,0.1,79.2,39,Completed
504497,16368,2024-03-23,2,2,0.0,144.0,68,Completed
508787,10090,2024-03-23,4,1,0.2,224.0,155,Completed
504956,11434,2024-03-23,2,1,0.05,68.4,34,Returned
505219,10057,2024-03-24,6,1,0.05,33.25,13,Completed
515727,11296,2024-03-24,9,2,0.15,105.4,56,Completed
511423,10583,2024-03-24,5,3,0.0,285.0,129,Returned
517200,16892,2024-03-24,8,2,0.0,176.0,78,Returned
512236,11997,2024-03-24,10,1,0.0,110.0,54,Completed
503579,10925,2024-03-24,4,2,0.2,448.0,310,Completed
503930,12712,2024-03-24,2,1,0.0,72.0,34,Completed
506876,16128,2024-03-24,10,1,0.15,93.5,54,Completed
512495,12503,2024-03-24,8,2,0.0,176.0,78,Completed
500473,11755,2024-03-24,2,2,0.05,136.8,68,Completed
504772,10990,2024-03-24,1,1,0.0,145.0,79,Completed
507524,13589,2024-03-24,1,1,0.1,130.5,79,Cancelled
516352,11079,2024-03-24,1,1,0.0,145.0,79,Completed
505197,17960,2024-03-24,1,2,0.05,275.5,158,Completed
514745,10643,2024-03-24,8,2,0.1,158.4,78,Completed
510803,13589,2024-03-24,3,1,0.0,48.0,21,Completed
509593,15495,2024-03-24,7,1,0.05,25.65,8,Completed
513112,11542,2024-03-24,5,1,0.15,80.75,43,Completed
515993,14621,2024-03-24,6,1,0.2,28.0,13,Completed
503528,17665,2024-03-24,1,3,0.0,435.0,237,Completed
516893,11859,2024-03-24,3,1,0.2,38.4,21,Completed
505084,17616,2024-03-25,4,1,0.05,266.0,155,Completed
511228,12061,2024-03-25,6,1,0.1,31.5,13,Cancelled
516532,10798,2024-03-25,3,1,0.0,48.0,21,Completed
516531,11507,2024-03-25,2,1,0.0,72.0,34,Completed
510175,15461,2024-03-25,8,2,0.1,158.4,78,Completed
510560,18372,2024-03-25,2,2,0.05,136.8,68,Completed
505607,11319,2024-03-25,2,1,0.0,72.0,34,Completed
506365,16227,2024-03-25,7,1,0.1,24.3,8,Completed
504305,12386,2024-03-25,8,2,0.1,158.4,78,Completed
516509,11983,2024-03-25,6,1,0.15,29.75,13,Completed
515913,15003,2024-03-25,7,1,0.05,25.65,8,Completed
508939,14735,2024-03-25,5,1,0.1,85.5,43,Completed
514011,11828,2024-03-25,7,1,0.05,25.65,8,Completed
501626,16091,2024-03-25,2,1,0.05,68.4,34,Completed
516735,10815,2024-03-25,5,3,0.05,270.75,129,Completed
507241,13370,2024-03-25,3,1,0.0,48.0,21,Completed
507505,16044,2024-03-25,10,1,0.0,110.0,54,Completed
502754,11048,2024-03-25,9,1,0.05,58.9,28,Completed
507897,12630,2024-03-25,1,1,0.1,130.5,79,Completed
500834,11894,2024-03-25,1,1,0.05,137.75,79,Completed
500036,10752,2024-03-25,6,1,0.0,35.0,13,Completed
515619,15688,2024-03-25,6,2,0.0,70.0,26,Completed
503983,13732,2024-03-25,3,2,0.0,96.0,42,Completed
511621,14997,2024-03-25,10,1,0.2,88.0,54,Completed
501064,15825,2024-03-25,5,2,0.0,190.0,86,Completed
505552,11993,2024-03-25,7,1,0.0,27.0,8,Completed
512462,16328,2024-03-26,10,1,0.0,110.0,54,Completed
505942,15128,2024-03-26,7,1,0.0,27.0,8,Completed
513280,12601,2024-03-26,6,1,0.0,35.0,13,Cancelled
512815,11030,2024-03-26,7,1,0.1,24.3,8,Completed
508614,12994,2024-03-26,5,1,0.05,90.25,43,Completed
505094,14442,2024-03-26,4,1,0.05,266.0,155,Completed
503110,10697,2024-03-26,10,3,0.1,297.0,162,Completed
508396,18438,2024-03-26,7,1,0.0,27.0,8,Completed
504882,17869,2024-03-26,2,1,0.05,68.4,34,Completed
507424,16581,2024-03-26,1,2,0.0,290.0,158,Completed
517730,14752,2024-03-26,5,1,0.05,90.25,43,Completed
513352,17924,2024-03-26,3,3,0.0,144.0,63,Completed
513888,10737,2024-03-26,8,2,0.1,158.4,78,Completed
507196,15411,2024-03-26,6,2,0.15,59.5,26,Completed
504931,13404,2024-03-26,9,1,0.1,55.8,28,Completed
506004,18407,2024-03-26,2,1,0.0,72.0,34,Completed
503449,10169,2024-03-26,2,1,0.0,72.0,34,Completed
505016,18152,2024-03-26,6,1,0.0,35.0,13,Completed
508959,14978,2024-03-26,7,1,0.0,27.0,8,Completed
502444,10823,2024-03-26,2,1,0.1,64.8,34,Completed
505857,13960,2024-03-26,9,1,0.05,58.9,28,Completed
500122,13653,2024-03-26,6,1,0.0,35.0,13,Completed
503869,11660,2024-03-26,9,1,0.0,62.0,28,Completed
511310,14231,2024-03-26,3,2,0.1,86.4,42,Completed
517522,18468,2024-03-26,5,2,0.0,190.0,86,Completed
509490,12161,2024-03-26,8,1,0.05,83.6,39,Completed
515906,14230,2024-03-26,9,2,0.1,111.6,56,Completed
504065,14353,2024-03-26,3,1,0.05,45.6,21,Completed
506244,12752,2024-03-26,3,1,0.05,45.6,21,Completed
515256,18463,2024-03-27,3,1,0.15,40.8,21,Completed
517897,10250,2024-03-27,5,2,0.0,190.0,86,Completed
507395,10881,2024-03-27,1,2,0.05,275.5,158,Completed
508533,16607,2024-03-27,7,1,0.0,27.0,8,Completed
511465,15073,2024-03-27,3,2,0.0,96.0,42,Completed
511701,11067,2024-03-27,7,1,0.0,27.0,8,Completed
511241,16536,2024-03-27,8,1,0.2,70.4,39,Completed
513096,14201,2024-03-27,5,1,0.1,85.5,43,Completed
512570,15792,2024-03-27,4,1,0.05,266.0,155,Completed
507417,12945,2024-03-27,7,2,0.0,54.0,16,Completed
506562,11612,2024-03-27,10,3,0.15,280.5,162,Completed
508283,13009,2024-03-27,1,1,0.0,145.0,79,Completed
514989,11375,2024-03-27,5,1,0.0,95.0,43,Completed
512332,11613,2024-03-27,9,1,0.0,62.0,28,Completed
515003,10751,2024-03-27,5,2,0.15,161.5,86,Returned
506254,15950,2024-03-27,5,1,0.1,85.5,43,Completed
513353,10947,2024-03-27,3,1,0.1,43.2,21,Completed
510686,13758,2024-03-27,9,2,0.15,105.4,56,Returned
517003,13992,2024-03-27,3,2,0.1,86.4,42,Completed
509317,16921,2024-03-27,1,2,0.05,275.5,158,Completed
504889,13693,2024-03-27,8,1,0.1,79.2,39,Completed
501600,13743,2024-03-27,5,1,0.15,80.75,43,Completed
501518,18165,2024-03-27,9,1,0.0,62.0,28,Completed
517425,15719,2024-03-27,1,1,0.0,145.0,79,Completed
505596,12525,2024-03-27,10,3,0.2,264.0,162,Completed
510707,11293,2024-03-27,3,1,0.15,40.8,21,Completed
509379,12469,2024-03-27,6,1,0.2,28.0,13,Returned
500476,10065,2024-03-27,4,2,0.0,560.0,310,Completed
509511,11355,2024-03-27,3,1,0.05,45.6,21,Completed
500787,14017,2024-03-28,6,2,0.0,70.0,26,Completed
505445,15125,2024-03-28,10,3,0.0,330.0,162,Completed
510038,11892,2024-03-28,9,2,0.1,111.6,56,Completed
512678,13573,2024-03-28,1,1,0.05,137.75,79,Completed
509123,12694,2024-03-28,1,2,0.0,290.0,158,Completed
509389,11509,2024-03-28,3,1,0.0,48.0,21,Completed
501462,18096,2024-03-28,9,1,0.1,55.8,28,Completed
516792,10096,2024-03-28,1,1,0.0,145.0,79,Completed
500258,14344,2024-03-28,7,1,0.2,21.6,8,Returned
515857,11591,2024-03-28,2,2,0.15,122.4,68,Completed
509038,13487,2024-03-28,5,3,0.1,256.5,129,Completed
509260,14912,2024-03-28,1,2,0.15,246.5,158,Completed
512628,10237,2024-03-28,9,1,0.0,62.0,28,Completed
511982,17320,2024-03-28,3,1,0.15,40.8,21,Returned
500676,10111,2024-03-28,10,2,0.0,220.0,108,Completed
503845,15429,2024-03-28,9,3,0.0,186.0,84,Completed
517596,15798,2024-03-28,8,2,0.1,158.4,78,Cancelled
503596,13030,2024-03-28,9,1,0.0,62.0,28,Completed
507975,13744,2024-03-29,9,1,0.0,62.0,28,Completed
508700,18325,2024-03-29,6,1,0.0,35.0,13,Completed
511535,13731,2024-03-29,3,1,0.05,45.6,21,Completed
502597,11738,2024-03-29,3,1,0.0,48.0,21,Completed
506812,13774,2024-03-29,9,3,0.05,176.7,84,Completed
513829,10795,2024-03-29,2,1,0.2,57.6,34,Completed
502664,12347,2024-03-29,1,3,0.0,435.0,237,Completed
515520,14195,2024-03-29,6,2,0.1,63.0,26,Completed
515576,17183,2024-03-29,2,1,0.0,72.0,34,Completed
506626,14553,2024-03-29,4,1,0.05,266.0,155,Returned
513323,10124,2024-03-29,6,2,0.0,70.0,26,Completed
516678,11979,2024-03-29,7,2,0.0,54.0,16,Completed
513015,10952,2024-03-29,5,2,0.0,190.0,86,Cancelled
500506,17234,2024-03-29,10,1,0.0,110.0,54,Returned
502210,17117,2024-03-29,9,2,0.1,111.6,56,Completed
505674,16440,2024-03-29,5,1,0.05,90.25,43,Returned
514570,13709,2024-03-29,6,2,0.0,70.0,26,Returned
510313,13963,2024-03-29,8,4,0.0,352.0,156,Completed
517103,16707,2024-03-29,6,3,0.0,105.0,39,Completed
501119,14065,2024-03-29,7,1,0.05,25.65,8,Completed
517191,10093,2024-03-29,2,1,0.1,64.8,34,Completed
502256,15686,2024-03-29,1,1,0.05,137.75,79,Completed
511349,11307,2024-03-29,7,1,0.0,27.0,8,Returned
511770,14204,2024-03-29,7,2,0.1,48.6,16,Completed
508937,10139,2024-03-29,6,1,0.0,35.0,13,Completed
516556,14233,2024-03-29,1,2,0.0,290.0,158,Completed
513040,16634,2024-03-29,9,1,0.2,49.6,28,Completed
501639,16084,2024-03-29,7,1,0.05,25.65,8,Completed
508434,11232,2024-03-29,6,1,0.1,31.5,13,Completed
510366,12126,2024-03-29,8,1,0.2,70.4,39,Completed
500388,15354,2024-03-30,6,1,0.05,33.25,13,Completed
503660,10292,2024-03-30,5,2,0.1,171.0,86,Completed
503187,13221,2024-03-30,9,1,0.0,62.0,28,Completed
511609,10128,2024-03-30,10,1,0.0,110.0,54,Completed
500433,13181,2024-03-30,3,1,0.0,48.0,21,Completed
501140,16259,2024-03-30,7,1,0.1,24.3,8,Completed
505963,12877,2024-03-30,9,2,0.0,124.0,56,Completed
508500,17723,2024-03-30,3,3,0.05,136.8,63,Completed
506842,14235,2024-03-30,5,1,0.0,95.0,43,Returned
505863,11823,2024-03-30,10,1,0.05,104.5,54,Completed
507066,10465,2024-03-30,3,2,0.0,96.0,42,Completed
517390,10370,2024-03-30,10,1,0.0,110.0,54,Completed
506126,10621,2024-03-30,2,1,0.0,72.0,34,Completed
506063,16406,2024-03-30,6,2,0.0,70.0,26,Completed
513974,11781,2024-03-30,9,1,0.0,62.0,28,Completed
515978,13607,2024-03-30,7,2,0.0,54.0,16,Completed
514136,12367,2024-03-30,2,1,0.0,72.0,34,Completed
503426,10960,2024-03-30,10,1,0.15,93.5,54,Completed
502970,14409,2024-03-30,5,2,0.0,190.0,86,Completed
517871,11065,2024-03-30,5,1,0.0,95.0,43,Completed
510501,17289,2024-03-30,5,1,0.05,90.25,43,Completed
500276,14541,2024-03-31,8,1,0.0,88.0,39,Completed
505478,12818,2024-03-31,2,1,0.0,72.0,34,Completed
513666,12548,2024-03-31,7,4,0.0,108.0,32,Completed
517246,12553,2024-03-31,4,1,0.0,280.0,155,Completed
515765,14059,2024-03-31,10,2,0.05,209.0,108,Returned
502778,14085,2024-03-31,9,4,0.0,248.0,112,Completed
503832,10095,2024-03-31,5,1,0.0,95.0,43,Completed
514586,12357,2024-03-31,5,2,0.0,190.0,86,Completed
512680,10888,2024-03-31,8,1,0.0,88.0,39,Completed
507217,12603,2024-03-31,10,2,0.0,220.0,108,Completed
505406,13524,2024-03-31,9,2,0.15,105.4,56,Completed
503685,17307,2024-03-31,6,1,0.0,35.0,13,Returned
507373,12631,2024-03-31,3,2,0.2,76.8,42,Completed
508367,10869,2024-03-31,1,1,0.2,116.0,79,Completed
509006,17610,2024-03-31,1,1,0.05,137.75,79,Completed
503721,13168,2024-03-31,5,2,0.0,190.0,86,Completed
511032,15673,2024-03-31,2,1,0.05,68.4,34,Completed
515450,14913,2024-03-31,3,2,0.1,86.4,42,Returned
513754,15603,2024-03-31,2,2,0.0,144.0,68,Completed
516225,13207,2024-03-31,5,2,0.0,190.0,86,Completed
508098,11780,2024-03-31,3,1,0.0,48.0,21,Completed
506092,15257,2024-04-01,10,1,0.2,88.0,54,Completed
516365,13074,2024-04-01,2,1,0.1,64.8,34,Completed
502044,12168,2024-04-01,6,1,0.15,29.75,13,Completed
506257,15117,2024-04-01,9,1,0.05,58.9,28,Completed
509173,15571,2024-04-01,2,2,0.0,144.0,68,Completed
508288,10367,2024-04-01,9,2,0.0,124.0,56,Completed
500419,11236,2024-04-01,6,2,0.05,66.5,26,Completed
505951,14315,2024-04-01,3,4,0.1,172.8,84,Completed
505296,12664,2024-04-01,5,1,0.05,90.25,43,Completed
510732,15424,2024-04-01,8,4,0.0,352.0,156,Returned
516654,15930,2024-04-01,4,1,0.1,252.0,155,Completed
513381,15199,2024-04-01,5,4,0.1,342.0,172,Completed
508421,13578,2024-04-01,1,1,0.15,123.25,79,Completed
509277,15188,2024-04-01,9,2,0.1,111.6,56,Completed
504686,11698,2024-04-01,1,2,0.1,261.0,158,Completed
508197,13605,2024-04-01,1,1,0.1,130.5,79,Cancelled
507314,10541,2024-04-01,7,1,0.0,27.0,8,Completed
507703,12851,2024-04-01,2,1,0.0,72.0,34,Completed
500627,14837,2024-04-01,5,3,0.1,256.5,129,Completed
506611,15502,2024-04-01,8,1,0.05,83.6,39,Completed
500930,13965,2024-04-01,10,2,0.0,220.0,108,Completed
514778,13541,2024-04-01,7,2,0.05,51.3,16,Completed
510770,18413,2024-04-01,2,2,0.05,136.8,68,Completed
504168,13697,2024-04-02,9,1,0.1,55.8,28,Completed
508043,17018,2024-04-02,3,1,0.0,48.0,21,Returned
501295,11819,2024-04-02,7,1,0.0,27.0,8,Completed
506657,16980,2024-04-02,7,3,0.0,81.0,24,Returned
500235,14054,2024-04-02,10,1,0.15,93.5,54,Completed
506014,11315,2024-04-02,9,1,0.0,62.0,28,Completed
515867,14254,2024-04-02,6,1,0.0,35.0,13,Completed
508762,13065,2024-04-02,5,1,0.0,95.0,43,Completed
504522,15948,2024-04-02,1,1,0.2,116.0,79,Completed
510199,12899,2024-04-02,9,1,0.05,58.9,28,Completed
510228,15319,2024-04-02,6,1,0.05,33.25,13,Completed
511346,16366,2024-04-02,4,1,0.0,280.0,155,Completed
500002,13347,2024-04-02,8,1,0.0,88.0,39,Completed
501689,14841,2024-04-02,7,3,0.0,81.0,24,Completed
506799,12372,2024-04-02,8,2,0.0,176.0,78,Completed
517303,13048,2024-04-02,10,1,0.1,99.0,54,Completed
507086,13367,2024-04-02,5,1,0.05,90.25,43,Completed
505365,12851,2024-04-02,9,1,0.05,58.9,28,Completed
514721,17104,2024-04-02,6,2,0.05,66.5,26,Completed
505628,12056,2024-04-02,1,3,0.05,413.25,237,Completed
515157,15324,2024-04-02,7,1,0.1,24.3,8,Completed
500369,14480,2024-04-02,5,4,0.0,380.0,172,Completed
505635,11514,2024-04-02,10,1,0.1,99.0,54,Completed
506690,12331,2024-04-02,10,2,0.0,220.0,108,Completed
506275,18205,2024-04-02,1,1,0.0,145.0,79,Completed
515444,17769,2024-04-03,3,1,0.05,45.6,21,Completed
515463,11709,2024-04-03,8,1,0.05,83.6,39,Returned
513872,17440,2024-04-03,3,1,0.0,48.0,21,Completed
516618,15556,2024-04-03,2,1,0.0,72.0,34,Returned
510138,15351,2024-04-03,7,2,0.15,45.9,16,Completed
512352,17607,2024-04-03,5,2,0.0,190.0,86,Completed
506681,14477,2024-04-03,5,1,0.05,90.25,43,Cancelled
516961,10160,2024-04-03,3,2,0.1,86.4,42,Completed
517462,18204,2024-04-03,7,1,0.15,22.95,8,Completed
517477,12071,2024-04-03,7,1,0.1,24.3,8,Returned
501402,11903,2024-04-03,7,3,0.0,81.0,24,Completed
514889,16448,2024-04-03,7,1,0.05,25.65,8,Completed
511400,12221,2024-04-03,8,2,0.05,167.2,78,Completed
510890,12710,2024-04-03,9,2,0.2,99.2,56,Completed
511366,11499,2024-04-03,4,3,0.05,798.0,465,Completed
517585,17204,2024-04-03,5,1,0.1,85.5,43,Completed
506948,18383,2024-04-03,1,1,0.0,145.0,79,Completed
504850,10425,2024-04-03,10,2,0.05,209.0,108,Completed
501521,11810,2024-04-03,7,2,0.1,48.6,16,Completed
517624,13896,2024-04-03,10,1,0.0,110.0,54,Completed
508381,11489,2024-04-03,7,1,0.2,21.6,8,Completed
513396,16144,2024-04-03,8,4,0.1,316.8,156,Completed
501060,14530,2024-04-03,1,1,0.0,145.0,79,Returned
502942,11428,2024-04-03,9,2,0.0,124.0,56,Returned
511937,10482,2024-04-03,3,3,0.2,115.2,63,Completed
502675,12288,2024-04-03,7,1,0.2,21.6,8,Completed
502655,17405,2024-04-03,4,1,0.05,266.0,155,Completed
501039,10212,2024-04-03,3,1,0.05,45.6,21,Completed
500384,14101,2024-04-03,8,1,0.1,79.2,39,Completed
510599,16923,2024-04-04,10,2,0.0,220.0,108,Completed
507266,14422,2024-04-04,9,3,0.0,186.0,84,Completed
506604,10261,2024-04-04,2,1,0.0,72.0,34,Completed
509824,12486,2024-04-04,10,2,0.0,220.0,108,Completed
502162,13405,2024-04-04,1,1,0.0,145.0,79,Completed
510554,11579,2024-04-04,2,2,0.05,136.8,68,Completed
511496,12633,2024-04-04,2,1,0.0,72.0,34,Completed
510882,11895,2024-04-04,3,1,0.1,43.2,21,Completed
509019,15116,2024-04-04,5,1,0.1,85.5,43,Completed
511323,16812,2024-04-04,7,1,0.0,27.0,8,Completed
504657,10799,2024-04-04,3,1,0.0,48.0,21,Completed
510337,18268,2024-04-04,9,4,0.0,248.0,112,Completed
512024,10044,2024-04-04,9,1,0.0,62.0,28,Returned
514138,11958,2024-04-04,2,1,0.05,68.4,34,Completed
514931,13526,2024-04-04,10,1,0.0,110.0,54,Completed
516551,17848,2024-04-04,8,1,0.1,79.2,39,Completed
516963,10398,2024-04-04,3,1,0.1,43.2,21,Completed
506095,18246,2024-04-04,3,2,0.15,81.6,42,Returned
505968,14975,2024-04-04,1,1,0.0,145.0,79,Completed
502603,11931,2024-04-04,1,1,0.05,137.75,79,Completed
513633,13832,2024-04-04,4,2,0.1,504.0,310,Completed
509416,15259,2024-04-04,5,3,0.0,285.0,129,Completed
503119,17840,2024-04-04,1,2,0.1,261.0,158,Returned
504322,11535,2024-04-04,1,2,0.1,261.0,158,Completed
513681,12531,2024-04-04,2,1,0.0,72.0,34,Completed
515587,11379,2024-04-04,3,1,0.05,45.6,21,Completed
500555,11312,2024-04-05,1,1,0.0,145.0,79,Completed
504338,16794,2024-04-05,9,1,0.0,62.0,28,Completed
514913,16893,2024-04-05,4,1,0.05,266.0,155,Completed
508349,10974,2024-04-05,10,3,0.0,330.0,162,Completed
510664,14835,2024-04-05,7,1,0.15,22.95,8,Completed
504226,10962,2024-04-05,2,2,0.05,136.8,68,Completed
501865,10834,2024-04-05,3,1,0.2,38.4,21,Completed
501017,15297,2024-04-05,1,2,0.0,290.0,158,Completed
512164,11928,2024-04-05,2,2,0.2,115.2,68,Completed
501399,11391,2024-04-05,9,1,0.0,62.0,28,Completed
503942,10128,2024-04-05,8,2,0.05,167.2,78,Completed
510577,10442,2024-04-05,5,1,0.0,95.0,43,Completed
508703,10156,2024-04-05,6,1,0.0,35.0,13,Completed
508752,12698,2024-04-05,10,1,0.1,99.0,54,Completed
504408,12745,2024-04-05,7,2,0.15,45.9,16,Completed
516091,14068,2024-04-05,2,3,0.0,216.0,102,Completed
511452,13298,2024-04-05,1,1,0.2,116.0,79,Completed
512319,11183,2024-04-05,3,2,0.05,91.2,42,Completed
514322,14798,2024-04-05,3,3,0.15,122.4,63,Returned
513326,14376,2024-04-05,5,1,0.05,90.25,43,Completed
500678,11358,2024-04-05,5,2,0.0,190.0,86,Completed
505280,11837,2024-04-05,3,2,0.1,86.4,42,Completed
503246,15394,2024-04-05,9,1,0.05,58.9,28,Completed
500642,16058,2024-04-06,6,1,0.0,35.0,13,Completed
500780,13575,2024-04-06,1,4,0.2,464.0,316,Completed
507910,17391,2024-04-06,9,1,0.1,55.8,28,Completed
510730,11393,2024-04-06,10,1,0.0,110.0,54,Completed
500081,15366,2024-04-06,5,1,0.0,95.0,43,Completed
515061,14549,2024-04-06,8,4,0.05,334.4,156,Completed
514667,11024,2024-04-06,6,2,0.1,63.0,26,Completed
511514,10445,2024-04-06,5,2,0.1,171.0,86,Completed
505154,12945,2024-04-06,9,1,0.1,55.8,28,Completed
517001,16531,2024-04-06,3,1,0.0,48.0,21,Completed
512181,10373,2024-04-06,10,1,0.1,99.0,54,Completed
512932,11319,2024-04-06,9,2,0.15,105.4,56,Completed
501377,12672,2024-04-06,2,1,0.0,72.0,34,Completed
500794,10123,2024-04-06,4,1,0.05,266.0,155,Returned
503935,16338,2024-04-06,9,1,0.05,58.9,28,Completed
503480,12387,2024-04-06,9,1,0.1,55.8,28,Completed
503604,12264,2024-04-06,2,1,0.2,57.6,34,Completed
502642,11112,2024-04-06,3,1,0.05,45.6,21,Completed
507890,12867,2024-04-06,6,1,0.2,28.0,13,Completed
516461,17101,2024-04-06,1,1,0.0,145.0,79,Completed
513637,10554,2024-04-06,2,3,0.0,216.0,102,Completed
504873,17535,2024-04-06,9,2,0.0,124.0,56,Completed
501963,13493,2024-04-06,1,2,0.0,290.0,158,Completed
508443,10103,2024-04-06,3,1,0.05,45.6,21,Completed
505034,14999,2024-04-07,10,2,0.0,220.0,108,Completed
507679,13125,2024-04-07,3,1,0.2,38.4,21,Completed
511250,16498,2024-04-07,6,3,0.05,99.75,39,Completed
500499,14335,2024-04-07,7,2,0.05,51.3,16,Completed
511246,14021,2024-04-07,5,1,0.05,90.25,43,Returned
505957,10939,2024-04-07,4,1,0.05,266.0,155,Completed
505726,14756,2024-04-07,3,1,0.05,45.6,21,Completed
513123,11426,2024-04-07,5,2,0.05,180.5,86,Returned
504366,18456,2024-04-07,4,1,0.2,224.0,155,Completed
510594,14964,2024-04-07,7,1,0.0,27.0,8,Completed
513376,13016,2024-04-07,2,3,0.2,172.8,102,Completed
504002,14729,2024-04-07,7,2,0.15,45.9,16,Completed
515545,16630,2024-04-07,3,1,0.0,48.0,21,Completed
510580,14118,2024-04-07,6,1,0.15,29.75,13,Completed
507923,13117,2024-04-07,2,1,0.05,68.4,34,Completed
500147,10462,2024-04-07,6,1,0.15,29.75,13,Returned
516701,16011,2024-04-07,3,1,0.15,40.8,21,Completed
501587,17141,2024-04-07,6,2,0.05,66.5,26,Completed
512877,15286,2024-04-07,3,2,0.0,96.0,42,Cancelled
508442,11761,2024-04-07,9,2,0.1,111.6,56,Completed
502594,16958,2024-04-08,5,2,0.0,190.0,86,Completed
515768,17590,2024-04-08,7,1,0.15,22.95,8,Completed
501083,13700,2024-04-08,9,2,0.05,117.8,56,Completed
511566,13718,2024-04-08,4,1,0.2,224.0,155,Completed
512205,11053,2024-04-08,10,1,0.15,93.5,54,Completed
517907,14231,2024-04-08,10,4,0.2,352.0,216,Completed
500141,11924,2024-04-08,7,3,0.2,64.8,24,Completed
508025,11518,2024-04-08,6,1,0.05,33.25,13,Completed
516293,11310,2024-04-08,9,2,0.1,111.6,56,Completed
513009,16347,2024-04-08,5,4,0.05,361.0,172,Completed
504302,11422,2024-04-08,10,1,0.15,93.5,54,Completed
505075,15835,2024-04-08,7,1,0.15,22.95,8,Completed
503549,11192,2024-04-08,7,3,0.0,81.0,24,Completed
515389,16377,2024-04-08,9,1,0.0,62.0,28,Completed
514643,13267,2024-04-08,4,1,0.0,280.0,155,Completed
510093,12144,2024-04-08,8,1,0.15,74.8,39,Completed
502215,12382,2024-04-08,9,2,0.15,105.4,56,Completed
515842,14643,2024-04-08,5,1,0.0,95.0,43,Completed
506107,15944,2024-04-08,2,1,0.1,64.8,34,Completed
501470,13155,2024-04-08,7,2,0.0,54.0,16,Completed
516641,10588,2024-04-08,2,1,0.1,64.8,34,Completed
502060,13324,2024-04-08,9,1,0.15,52.7,28,Completed
511924,16935,2024-04-09,8,2,0.15,149.6,78,Completed
516588,13485,2024-04-09,3,1,0.05,45.6,21,Completed
504317,10054,2024-04-09,10,1,0.0,110.0,54,Completed
515196,13569,2024-04-09,7,2,0.0,54.0,16,Completed
510403,14203,2024-04-09,7,2,0.0,54.0,16,Returned
504921,12269,2024-04-09,9,2,0.1,111.6,56,Completed
515199,12685,2024-04-09,3,3,0.15,122.4,63,Completed
510036,15324,2024-04-09,9,1,0.05,58.9,28,Cancelled
507475,10671,2024-04-09,4,1,0.0,280.0,155,Completed
514686,15243,2024-04-09,7,1,0.1,24.3,8,Returned
517948,14070,2024-04-09,7,1,0.15,22.95,8,Completed
500308,10746,2024-04-09,1,4,0.05,551.0,316,Completed
508319,16685,2024-04-09,9,2,0.05,117.8,56,Completed
516974,13734,2024-04-09,5,2,0.0,190.0,86,Completed
500042,13075,2024-04-09,2,4,0.05,273.6,136,Completed
500251,11632,2024-04-09,5,1,0.0,95.0,43,Completed
515870,15777,2024-04-09,10,1,0.0,110.0,54,Completed
509013,18038,2024-04-09,7,1,0.0,27.0,8,Completed
503725,12519,2024-04-09,9,1,0.1,55.8,28,Completed
500373,10536,2024-04-09,7,3,0.0,81.0,24,Completed
510799,11185,2024-04-09,10,1,0.1,99.0,54,Completed
508275,13653,2024-04-09,6,3,0.05,99.75,39,Returned
509457,12572,2024-04-09,8,3,0.15,224.4,117,Completed
510579,17744,2024-04-09,7,1,0.1,24.3,8,Completed
501267,14330,2024-04-09,5,1,0.1,85.5,43,Completed
507872,17611,2024-04-09,9,2,0.0,124.0,56,Cancelled
500612,16701,2024-04-10,9,1,0.0,62.0,28,Completed
507959,14826,2024-04-10,9,1,0.0,62.0,28,Completed
515523,15724,2024-04-10,8,1,0.0,88.0,39,Completed
516718,10014,2024-04-10,9,1,0.15,52.7,28,Completed
515075,10574,2024-04-10,4,3,0.0,840.0,465,Completed
517195,13637,2024-04-10,7,1,0.05,25.65,8,Completed
512039,14155,2024-04-10,10,1,0.0,110.0,54,Completed
515585,17829,2024-04-10,5,1,0.05,90.25,43,Completed
514372,18296,2024-04-10,2,1,0.1,64.8,34,Returned
503252,13423,2024-04-10,6,1,0.0,35.0,13,Completed
500597,10142,2024-04-10,1,2,0.0,290.0,158,Completed
510989,10484,2024-04-10,7,1,0.15,22.95,8,Completed
505829,15386,2024-04-10,1,1,0.15,123.25,79,Completed
513608,11243,2024-04-10,7,2,0.2,43.2,16,Completed
508858,17427,2024-04-10,3,1,0.0,48.0,21,Completed
516914,16709,2024-04-10,10,1,0.05,104.5,54,Completed
501443,14626,2024-04-10,1,2,0.05,275.5,158,Cancelled
511356,10437,2024-04-10,6,2,0.0,70.0,26,Completed
501272,18294,2024-04-10,5,2,0.1,171.0,86,Completed
506924,12506,2024-04-10,3,1,0.15,40.8,21,Completed
511941,13874,2024-04-10,5,1,0.1,85.5,43,Completed
501736,17036,2024-04-10,8,1,0.0,88.0,39,Completed
512738,11407,2024-04-10,10,1,0.1,99.0,54,Returned
514336,17756,2024-04-10,7,1,0.1,24.3,8,Cancelled
507229,15881,2024-04-10,10,2,0.0,220.0,108,Cancelled
504169,12674,2024-04-10,1,1,0.05,137.75,79,Completed
502136,10257,2024-04-11,9,3,0.2,148.8,84,Returned
506845,12347,2024-04-11,5,2,0.05,180.5,86,Completed
507480,13816,2024-04-11,9,2,0.0,124.0,56,Completed
501348,17370,2024-04-11,7,1,0.15,22.95,8,Completed
509440,17562,2024-04-11,7,2,0.05,51.3,16,Completed
503180,16061,2024-04-11,6,1,0.05,33.25,13,Completed
508699,10055,2024-04-11,5,1,0.2,76.0,43,Completed
505577,16034,2024-04-11,9,1,0.0,62.0,28,Completed
506337,10986,2024-04-11,8,2,0.1,158.4,78,Completed
514342,11851,2024-04-11,6,2,0.0,70.0,26,Completed
516742,12393,2024-04-11,1,1,0.05,137.75,79,Completed
514456,10192,2024-04-11,10,1,0.2,88.0,54,Completed
506748,11823,2024-04-11,8,3,0.0,264.0,117,Cancelled
501652,11355,2024-04-11,7,1,0.0,27.0,8,Completed
509952,10723,2024-04-11,7,1,0.0,27.0,8,Completed
501780,11730,2024-04-11,5,1,0.1,85.5,43,Completed
501178,16908,2024-04-11,9,3,0.15,158.1,84,Completed
502622,15563,2024-04-11,8,1,0.0,88.0,39,Completed
512196,11204,2024-04-12,5,3,0.1,256.5,129,Completed
510446,13337,2024-04-12,8,1,0.1,79.2,39,Completed
503588,16295,2024-04-12,3,2,0.0,96.0,42,Completed
514537,15315,2024-04-12,6,1,0.2,28.0,13,Completed
500763,14365,2024-04-12,3,1,0.0,48.0,21,Returned
505696,16284,2024-04-12,7,1,0.0,27.0,8,Completed
510656,11036,2024-04-12,9,1,0.05,58.9,28,Completed
517575,12481,2024-04-12,5,1,0.0,95.0,43,Completed
504127,12133,2024-04-12,3,2,0.0,96.0,42,Completed
502014,12150,2024-04-12,8,1,0.0,88.0,39,Completed
502606,12560,2024-04-12,6,1,0.15,29.75,13,Completed
507215,12112,2024-04-12,1,4,0.0,580.0,316,Completed
515723,13473,2024-04-12,9,1,0.05,58.9,28,Completed
505285,15386,2024-04-12,8,1,0.0,88.0,39,Completed
513860,14331,2024-04-12,9,2,0.0,124.0,56,Completed
512043,12899,2024-04-12,9,1,0.0,62.0,28,Completed
512059,18301,2024-04-12,5,1,0.2,76.0,43,Completed
508019,16469,2024-04-12,6,1,0.05,33.25,13,Completed
509661,13397,2024-04-12,7,1,0.05,25.65,8,Completed
510357,10401,2024-04-12,10,1,0.0,110.0,54,Completed
512003,10445,2024-04-12,6,2,0.0,70.0,26,Cancelled
515696,13415,2024-04-12,5,1,0.0,95.0,43,Completed
510222,17634,2024-04-12,10,1,0.1,99.0,54,Completed
501724,10746,2024-04-12,8,1,0.2,70.4,39,Completed
514070,11504,2024-04-12,1,1,0.05,137.75,79,Completed
501531,11126,2024-04-12,1,1,0.05,137.75,79,Completed
514840,12085,2024-04-12,3,1,0.0,48.0,21,Completed
513767,13882,2024-04-13,7,1,0.2,21.6,8,Completed
508592,14360,2024-04-13,5,2,0.0,190.0,86,Completed
507578,17447,2024-04-13,6,2,0.0,70.0,26,Completed
507896,14443,2024-04-13,2,2,0.0,144.0,68,Completed
503183,12537,2024-04-13,1,1,0.05,137.75,79,Completed
502113,15794,2024-04-13,2,2,0.0,144.0,68,Completed
511911,13805,2024-04-13,10,1,0.0,110.0,54,Completed
517583,14616,2024-04-13,7,1,0.0,27.0,8,Completed
502741,14992,2024-04-13,1,1,0.15,123.25,79,Completed
502795,18166,2024-04-13,7,1,0.05,25.65,8,Returned
501803,15646,2024-04-13,3,1,0.1,43.2,21,Completed
502456,15766,2024-04-13,5,2,0.05,180.5,86,Completed
502170,15233,2024-04-13,1,2,0.2,232.0,158,Completed
502132,16266,2024-04-13,2,3,0.1,194.4,102,Completed
500194,15748,2024-04-13,3,1,0.0,48.0,21,Completed
512031,10110,2024-04-13,6,2,0.0,70.0,26,Completed
514077,13980,2024-04-13,9,2,0.0,124.0,56,Completed
510949,12737,2024-04-13,5,2,0.2,152.0,86,Completed
517399,11432,2024-04-13,9,1,0.0,62.0,28,Completed
516884,14845,2024-04-13,6,1,0.05,33.25,13,Completed
502930,14523,2024-04-13,9,1,0.2,49.6,28,Returned
504498,17407,2024-04-13,9,2,0.0,124.0,56,Completed
506117,16459,2024-04-13,6,2,0.0,70.0,26,Completed
510332,12744,2024-04-13,5,1,0.0,95.0,43,Completed
517159,16935,2024-04-13,5,1,0.05,90.25,43,Completed
505308,15765,2024-04-13,10,2,0.15,187.0,108,Completed
502513,13947,2024-04-13,5,1,0.0,95.0,43,Completed
516985,11540,2024-04-13,5,1,0.05,90.25,43,Completed
501387,12112,2024-04-13,3,2,0.0,96.0,42,Completed
500945,10003,2024-04-13,5,1,0.05,90.25,43,Completed
507675,12357,2024-04-13,2,1,0.0,72.0,34,Completed
500549,10863,2024-04-13,6,2,0.1,63.0,26,Completed
511574,13062,2024-04-13,10,1,0.05,104.5,54,Cancelled
511808,13628,2024-04-14,1,1,0.05,137.75,79,Completed
517906,13498,2024-04-14,10,1,0.2,88.0,54,Completed
512548,18155,2024-04-14,5,1,0.05,90.25,43,Completed
514180,17329,2024-04-14,2,1,0.0,72.0,34,Completed
505317,10519,2024-04-14,10,2,0.0,220.0,108,Completed
501209,10086,2024-04-14,2,1,0.0,72.0,34,Completed
513889,16566,2024-04-14,6,3,0.1,94.5,39,Completed
503268,14615,2024-04-14,1,1,0.0,145.0,79,Completed
513657,13458,2024-04-14,10,1,0.0,110.0,54,Completed
512061,12632,2024-04-14,10,2,0.0,220.0,108,Completed
506064,17711,2024-04-14,7,1,0.1,24.3,8,Completed
517941,16264,2024-04-14,1,2,0.05,275.5,158,Completed
509145,11378,2024-04-14,1,1,0.0,145.0,79,Completed
515257,10283,2024-04-14,5,4,0.15,323.0,172,Completed
505372,18309,2024-04-14,1,1,0.1,130.5,79,Completed
517962,12898,2024-04-14,9,3,0.2,148.8,84,Completed
502307,14699,2024-04-14,8,1,0.0,88.0,39,Returned
502494,10879,2024-04-14,5,1,0.0,95.0,43,Completed
509937,10315,2024-04-14,5,3,0.05,270.75,129,Completed
505368,18371,2024-04-14,7,1,0.0,27.0,8,Completed
504285,11616,2024-04-14,5,1,0.0,95.0,43,Cancelled
507132,16517,2024-04-14,5,1,0.0,95.0,43,Completed
505893,15733,2024-04-14,1,1,0.15,123.25,79,Completed
502213,11759,2024-04-15,2,1,0.05,68.4,34,Completed
508318,17974,2024-04-15,9,1,0.1,55.8,28,Completed
508811,13543,2024-04-15,10,1,0.0,110.0,54,Completed
507111,11896,2024-04-15,3,2,0.0,96.0,42,Completed
517848,11509,2024-04-15,1,2,0.0,290.0,158,Completed
507195,10997,2024-04-15,1,1,0.1,130.5,79,Cancelled
517627,14990,2024-04-15,4,2,0.1,504.0,310,Completed
514086,18240,2024-04-15,8,2,0.05,167.2,78,Completed
503818,11171,2024-04-15,2,1,0.0,72.0,34,Completed
510657,10044,2024-04-15,8,1,0.05,83.6,39,Completed
509701,15745,2024-04-15,7,1,0.05,25.65,8,Completed
507153,15627,2024-04-15,3,2,0.0,96.0,42,Completed
509975,11533,2024-04-15,9,1,0.15,52.7,28,Completed
507859,10004,2024-04-15,2,3,0.05,205.2,102,Completed
511885,14633,2024-04-15,1,1,0.05,137.75,79,Completed
505469,16939,2024-04-15,5,1,0.05,90.25,43,Completed
506211,14175,2024-04-15,9,2,0.0,124.0,56,Completed
507687,10431,2024-04-15,2,1,0.05,68.4,34,Completed
506857,12852,2024-04-16,1,3,0.05,413.25,237,Completed
501605,12658,2024-04-16,3,1,0.2,38.4,21,Completed
515228,10430,2024-04-16,9,1,0.0,62.0,28,Completed
517149,16585,2024-04-16,5,3,0.1,256.5,129,Completed
510040,17311,2024-04-16,1,2,0.2,232.0,158,Completed
507208,11773,2024-04-16,6,1,0.0,35.0,13,Completed
515454,15034,2024-04-16,9,2,0.15,105.4,56,Completed
510750,13570,2024-04-16,3,1,0.1,43.2,21,Returned
502980,15029,2024-04-16,4,1,0.15,238.0,155,Completed
516019,16588,2024-04-16,10,2,0.2,176.0,108,Completed
509057,17279,2024-04-16,3,2,0.0,96.0,42,Completed
511115,12264,2024-04-16,8,2,0.05,167.2,78,Completed
515888,17773,2024-04-16,7,2,0.2,43.2,16,Completed
510653,15905,2024-04-16,1,1,0.0,145.0,79,Completed
511778,15507,2024-04-16,2,1,0.0,72.0,34,Completed
501541,13428,2024-04-16,2,1,0.1,64.8,34,Completed
511784,16193,2024-04-16,10,1,0.15,93.5,54,Returned
503879,13452,2024-04-16,1,2,0.0,290.0,158,Completed
515371,18308,2024-04-16,8,1,0.05,83.6,39,Returned
502250,14827,2024-04-17,7,1,0.0,27.0,8,Completed
511698,15409,2024-04-17,4,1,0.15,238.0,155,Completed
516910,12316,2024-04-17,6,2,0.0,70.0,26,Completed
517609,15714,2024-04-17,2,1,0.15,61.2,34,Completed
511253,16749,2024-04-17,5,1,0.05,90.25,43,Completed
501808,12912,2024-04-17,4,1,0.1,252.0,155,Completed
504243,18316,2024-04-17,3,1,0.15,40.8,21,Completed
509724,13319,2024-04-17,10,2,0.05,209.0,108,Completed
516759,10258,2024-04-17,2,1,0.1,64.8,34,Completed
511672,16685,2024-04-17,5,1,0.0,95.0,43,Completed
501252,11234,2024-04-17,6,1,0.0,35.0,13,Completed
514251,15863,2024-04-17,9,2,0.0,124.0,56,Completed
507157,15844,2024-04-17,7,1,0.1,24.3,8,Completed
501481,10646,2024-04-17,8,2,0.0,176.0,78,Completed
510248,15920,2024-04-17,7,2,0.0,54.0,16,Completed
516343,12844,2024-04-17,8,1,0.05,83.6,39,Completed
505701,17621,2024-04-17,5,1,0.05,90.25,43,Completed
514150,12968,2024-04-17,9,1,0.05,58.9,28,Completed
501216,15871,2024-04-17,10,2,0.2,176.0,108,Completed
500889,15504,2024-04-17,7,2,0.05,51.3,16,Completed
514978,15450,2024-04-17,1,1,0.0,145.0,79,Completed
509689,13551,2024-04-17,8,4,0.05,334.4,156,Completed
500177,10509,2024-04-17,3,1,0.0,48.0,21,Completed
512467,17540,2024-04-17,8,1,0.05,83.6,39,Completed
508015,12993,2024-04-17,10,2,0.0,220.0,108,Completed
502088,10335,2024-04-17,9,1,0.0,62.0,28,Completed
507025,14794,2024-04-17,9,1,0.1,55.8,28,Completed
508038,14663,2024-04-17,2,1,0.05,68.4,34,Completed
516741,17298,2024-04-17,7,1,0.0,27.0,8,Completed
515424,16866,2024-04-17,1,3,0.0,435.0,237,Completed
508805,15252,2024-04-18,10,1,0.0,110.0,54,Completed
506315,12597,2024-04-18,9,1,0.05,58.9,28,Completed
511683,11802,2024-04-18,7,2,0.05,51.3,16,Completed
506420,11504,2024-04-18,1,1,0.0,145.0,79,Completed
504903,11833,2024-04-18,6,2,0.0,70.0,26,Completed
513211,14525,2024-04-18,1,1,0.0,145.0,79,Completed
517898,15312,2024-04-18,6,1,0.05,33.25,13,Completed
511177,10502,2024-04-18,9,2,0.15,105.4,56,Completed
503257,15710,2024-04-18,9,2,0.1,111.6,56,Completed
509291,14506,2024-04-18,4,1,0.05,266.0,155,Completed
513380,11459,2024-04-18,7,3,0.1,72.9,24,Completed
509591,15718,2024-04-18,6,1,0.1,31.5,13,Returned
501266,11430,2024-04-18,1,2,0.0,290.0,158,Completed
508741,12108,2024-04-18,7,1,0.05,25.65,8,Completed
504165,16326,2024-04-18,5,2,0.0,190.0,86,Completed
513537,14412,2024-04-18,5,1,0.1,85.5,43,Completed
515476,11328,2024-04-18,6,1,0.05,33.25,13,Completed
513672,15250,2024-04-18,4,1,0.0,280.0,155,Completed
509231,11606,2024-04-18,8,1,0.05,83.6,39,Cancelled
502159,14226,2024-04-18,9,2,0.1,111.6,56,Completed
505199,13101,2024-04-18,8,1,0.0,88.0,39,Completed
511212,16352,2024-04-18,8,2,0.1,158.4,78,Completed
511190,15267,2024-04-19,5,1,0.1,85.5,43,Completed
505490,10323,2024-04-19,7,1,0.1,24.3,8,Completed
517193,14036,2024-04-19,9,1,0.1,55.8,28,Completed
503678,13865,2024-04-19,7,1,0.0,27.0,8,Completed
503550,10501,2024-04-19,7,1,0.0,27.0,8,Completed
516652,16489,2024-04-19,6,1,0.05,33.25,13,Completed
507635,11724,2024-04-19,8,2,0.1,158.4,78,Completed
503016,12341,2024-04-19,2,1,0.0,72.0,34,Completed
508598,11984,2024-04-19,4,1,0.2,224.0,155,Completed
511853,11154,2024-04-19,4,3,0.1,756.0,465,Completed
505995,11849,2024-04-19,10,1,0.1,99.0,54,Completed
515521,13026,2024-04-19,3,1,0.1,43.2,21,Completed
501893,12911,2024-04-19,6,1,0.1,31.5,13,Cancelled
507814,11115,2024-04-19,5,1,0.05,90.25,43,Completed
505335,11123,2024-04-19,7,2,0.15,45.9,16,Completed
506313,14192,2024-04-19,5,1,0.0,95.0,43,Completed
505429,10915,2024-04-19,7,4,0.0,108.0,32,Completed
513287,14850,2024-04-19,7,1,0.1,24.3,8,Completed
501549,11309,2024-04-19,9,3,0.0,186.0,84,Returned
517026,18125,2024-04-19,5,1,0.1,85.5,43,Completed
517881,17206,2024-04-19,9,2,0.05,117.8,56,Completed
504191,10095,2024-04-19,2,3,0.15,183.6,102,Completed
505820,10712,2024-04-19,7,2,0.2,43.2,16,Completed
512020,12561,2024-04-20,6,1,0.1,31.5,13,Completed
510923,12059,2024-04-20,4,1,0.05,266.0,155,Completed
503375,10640,2024-04-20,6,3,0.0,105.0,39,Completed
509101,11018,2024-04-20,10,3,0.05,313.5,162,Completed
517670,12995,2024-04-20,8,1,0.05,83.6,39,Completed
500305,10909,2024-04-20,7,1,0.05,25.65,8,Completed
516262,11276,2024-04-20,6,1,0.2,28.0,13,Completed
517724,12207,2024-04-20,6,3,0.0,105.0,39,Completed
505352,14847,2024-04-20,8,1,0.1,79.2,39,Completed
513335,11989,2024-04-20,2,1,0.05,68.4,34,Completed
512828,12150,2024-04-20,7,1,0.0,27.0,8,Completed
504699,10960,2024-04-20,1,2,0.05,275.5,158,Completed
504201,10407,2024-04-20,7,1,0.05,25.65,8,Completed
500068,13211,2024-04-20,7,2,0.0,54.0,16,Completed
505920,13181,2024-04-20,9,2,0.2,99.2,56,Completed
509969,17078,2024-04-20,1,1,0.15,123.25,79,Completed
502432,10090,2024-04-21,5,1,0.0,95.0,43,Completed
513477,12494,2024-04-21,8,1,0.1,79.2,39,Completed
501884,14841,2024-04-21,7,1,0.0,27.0,8,Completed
503994,12177,2024-04-21,8,2,0.15,149.6,78,Completed
513340,10756,2024-04-21,7,1,0.0,27.0,8,Completed
514622,14614,2024-04-21,9,2,0.0,124.0,56,Completed
501566,13419,2024-04-21,6,1,0.0,35.0,13,Completed
503117,10911,2024-04-21,5,1,0.0,95.0,43,Returned
507167,14876,2024-04-21,5,2,0.0,190.0,86,Completed
517398,12590,2024-04-21,1,4,0.0,580.0,316,Completed
517312,15960,2024-04-21,5,1,0.1,85.5,43,Completed
511107,11159,2024-04-21,9,1,0.05,58.9,28,Completed
505859,16478,2024-04-21,6,1,0.05,33.25,13,Completed
512946,17915,2024-04-21,8,1,0.05,83.6,39,Completed
515518,16096,2024-04-21,7,2,0.15,45.9,16,Completed
501718,13214,2024-04-21,9,1,0.05,58.9,28,Completed
508250,13836,2024-04-21,1,3,0.0,435.0,237,Cancelled
511798,15811,2024-04-21,5,1,0.05,90.25,43,Cancelled
501871,17876,2024-04-21,8,1,0.2,70.4,39,Completed
516381,18174,2024-04-21,7,3,0.15,68.85,24,Completed
515677,11177,2024-04-21,4,1,0.1,252.0,155,Completed
514973,11104,2024-04-22,3,3,0.0,144.0,63,Completed
502615,18241,2024-04-22,1,1,0.1,130.5,79,Completed
503281,13816,2024-04-22,5,1,0.0,95.0,43,Completed
500320,16774,2024-04-22,1,2,0.1,261.0,158,Completed
516835,13327,2024-04-22,7,1,0.1,24.3,8,Completed
509614,15404,2024-04-22,9,1,0.0,62.0,28,Completed
509391,17447,2024-04-22,2,1,0.0,72.0,34,Completed
506751,14709,2024-04-22,1,1,0.0,145.0,79,Completed
501500,11274,2024-04-22,7,1,0.0,27.0,8,Completed
510953,11138,2024-04-22,10,1,0.0,110.0,54,Completed
510097,14325,2024-04-22,5,1,0.05,90.25,43,Returned
508781,17214,2024-04-22,2,4,0.05,273.6,136,Completed
501570,13226,2024-04-22,7,2,0.1,48.6,16,Completed
502915,14064,2024-04-22,9,3,0.0,186.0,84,Completed
507089,10055,2024-04-22,9,1,0.15,52.7,28,Completed
502095,10076,2024-04-22,7,1,0.0,27.0,8,Completed
502488,11867,2024-04-22,3,1,0.1,43.2,21,Completed
502987,13981,2024-04-22,8,2,0.0,176.0,78,Completed
512730,15705,2024-04-22,1,1,0.0,145.0,79,Cancelled
508600,11527,2024-04-22,7,2,0.0,54.0,16,Completed
508613,14139,2024-04-22,8,1,0.0,88.0,39,Completed
517702,11607,2024-04-22,5,1,0.0,95.0,43,Completed
506863,10168,2024-04-22,5,2,0.1,171.0,86,Completed
516885,10831,2024-04-22,2,2,0.0,144.0,68,Completed
506100,17541,2024-04-22,6,2,0.2,56.0,26,Completed
513407,12405,2024-04-22,1,1,0.0,145.0,79,Completed
513497,12961,2024-04-22,9,1,0.15,52.7,28,Completed
504707,14543,2024-04-22,7,1,0.15,22.95,8,Completed
500868,17500,2024-04-22,1,2,0.0,290.0,158,Completed
512593,10392,2024-04-22,9,1,0.05,58.9,28,Completed
514412,16963,2024-04-22,1,2,0.0,290.0,158,Completed
505194,10508,2024-04-22,3,1,0.05,45.6,21,Completed
514000,15338,2024-04-23,2,1,0.1,64.8,34,Completed
516631,11942,2024-04-23,10,1,0.15,93.5,54,Cancelled
508841,14194,2024-04-23,8,1,0.15,74.8,39,Completed
502726,10671,2024-04-23,9,1,0.05,58.9,28,Completed
501479,11489,2024-04-23,10,1,0.0,110.0,54,Completed
514569,15681,2024-04-23,4,1,0.0,280.0,155,Completed
504761,15573,2024-04-23,9,1,0.0,62.0,28,Completed
507197,10120,2024-04-23,3,1,0.05,45.6,21,Completed
503294,13035,2024-04-23,9,3,0.0,186.0,84,Returned
512009,12045,2024-04-23,5,2,0.0,190.0,86,Completed
503714,13360,2024-04-23,5,1,0.1,85.5,43,Completed
514450,13634,2024-04-23,5,1,0.0,95.0,43,Completed
515489,16912,2024-04-23,1,1,0.1,130.5,79,Completed
513951,12848,2024-04-23,2,1,0.0,72.0,34,Completed
501512,17151,2024-04-23,3,3,0.1,129.6,63,Completed
513085,11810,2024-04-23,5,1,0.1,85.5,43,Completed
513430,14116,2024-04-23,1,1,0.05,137.75,79,Completed
500953,10951,2024-04-23,7,4,0.0,108.0,32,Completed
503096,12770,2024-04-24,2,1,0.1,64.8,34,Completed
511902,15580,2024-04-24,2,1,0.05,68.4,34,Completed
513220,13320,2024-04-24,6,2,0.15,59.5,26,Completed
507246,11866,2024-04-24,10,1,0.0,110.0,54,Completed
511933,10877,2024-04-24,2,1,0.05,68.4,34,Completed
510307,15070,2024-04-24,7,2,0.2,43.2,16,Completed
501941,12594,2024-04-24,9,1,0.1,55.8,28,Completed
509349,14711,2024-04-24,7,1,0.05,25.65,8,Completed
514919,10187,2024-04-24,7,1,0.0,27.0,8,Completed
503778,15697,2024-04-24,8,1,0.0,88.0,39,Completed
503792,11655,2024-04-24,1,1,0.1,130.5,79,Cancelled
512744,15047,2024-04-24,8,1,0.0,88.0,39,Completed
503959,17300,2024-04-24,9,2,0.1,111.6,56,Completed
517135,12149,2024-04-24,1,2,0.0,290.0,158,Completed
510802,11051,2024-04-24,3,4,0.05,182.4,84,Completed
505229,15514,2024-04-24,3,2,0.1,86.4,42,Completed
503683,10158,2024-04-24,5,1,0.15,80.75,43,Returned
514125,10227,2024-04-24,3,1,0.0,48.0,21,Completed
514986,10967,2024-04-24,3,1,0.0,48.0,21,Completed
509901,11402,2024-04-25,1,2,0.0,290.0,158,Completed
512784,10305,2024-04-25,1,2,0.05,275.5,158,Completed
512094,15030,2024-04-25,9,1,0.15,52.7,28,Completed
506503,10650,2024-04-25,8,1,0.0,88.0,39,Completed
508155,18401,2024-04-25,7,1,0.0,27.0,8,Completed
509051,17912,2024-04-25,6,1,0.15,29.75,13,Completed
505166,17256,2024-04-25,1,1,0.0,145.0,79,Completed
504900,18492,2024-04-25,6,1,0.0,35.0,13,Completed
505487,14735,2024-04-25,5,1,0.1,85.5,43,Completed
506886,16262,2024-04-25,6,3,0.05,99.75,39,Completed
513902,10118,2024-04-25,5,1,0.1,85.5,43,Completed
515317,13503,2024-04-25,10,2,0.05,209.0,108,Completed
502577,14353,2024-04-25,6,2,0.0,70.0,26,Completed
508068,13119,2024-04-25,8,2,0.15,149.6,78,Completed
510885,11936,2024-04-25,5,1,0.0,95.0,43,Completed
514398,12751,2024-04-25,2,1,0.15,61.2,34,Completed
503681,18313,2024-04-25,2,1,0.0,72.0,34,Returned
516569,13365,2024-04-25,10,2,0.05,209.0,108,Completed
516787,13079,2024-04-25,8,2,0.05,167.2,78,Completed
506343,11421,2024-04-25,10,1,0.1,99.0,54,Cancelled
514295,14203,2024-04-25,2,3,0.0,216.0,102,Completed
513090,10766,2024-04-25,4,1,0.0,280.0,155,Completed
502491,16574,2024-04-25,10,3,0.2,264.0,162,Completed
504811,12964,2024-04-25,1,1,0.1,130.5,79,Completed
507298,13737,2024-04-25,4,2,0.0,560.0,310,Completed
504532,10044,2024-04-26,8,3,0.0,264.0,117,Completed
505093,11988,2024-04-26,8,2,0.0,176.0,78,Completed
517875,16697,2024-04-26,4,2,0.0,560.0,310,Completed
508450,11496,2024-04-26,1,1,0.0,145.0,79,Completed
503348,15248,2024-04-26,7,1,0.05,25.65,8,Completed
512156,15110,2024-04-26,1,2,0.0,290.0,158,Completed
512718,12011,2024-04-26,5,4,0.2,304.0,172,Completed
502505,14630,2024-04-26,4,3,0.0,840.0,465,Completed
511282,10838,2024-04-26,4,1,0.1,252.0,155,Completed
502046,15531,2024-04-26,9,1,0.05,58.9,28,Completed
500951,16063,2024-04-26,2,1,0.2,57.6,34,Cancelled
500552,15259,2024-04-26,1,4,0.05,551.0,316,Completed
516635,14554,2024-04-26,8,1,0.15,74.8,39,Completed
516991,15854,2024-04-26,1,1,0.1,130.5,79,Completed
516497,18088,2024-04-26,10,1,0.15,93.5,54,Completed
513162,14017,2024-04-26,6,2,0.0,70.0,26,Completed
506049,12984,2024-04-26,5,2,0.0,190.0,86,Completed
503173,12512,2024-04-26,10,1,0.0,110.0,54,Completed
509601,15218,2024-04-26,5,1,0.1,85.5,43,Completed
517190,11132,2024-04-26,5,2,0.05,180.5,86,Completed
504638,13383,2024-04-26,7,1,0.0,27.0,8,Completed
506862,12485,2024-04-26,1,1,0.1,130.5,79,Completed
514507,17198,2024-04-26,8,1,0.0,88.0,39,Completed
503136,11328,2024-04-26,7,2,0.0,54.0,16,Completed
509376,13638,2024-04-26,3,1,0.05,45.6,21,Completed
514298,16057,2024-04-26,4,1,0.0,280.0,155,Completed
500454,13444,2024-04-26,5,1,0.05,90.25,43,Completed
512812,10854,2024-04-26,9,1,0.1,55.8,28,Completed
514158,17460,2024-04-26,1,1,0.15,123.25,79,Completed
505131,13233,2024-04-26,7,1,0.0,27.0,8,Completed
506575,17760,2024-04-26,5,1,0.05,90.25,43,Completed
513310,18421,2024-04-26,5,4,0.05,361.0,172,Completed
503313,14091,2024-04-27,7,1,0.0,27.0,8,Completed
500049,15112,2024-04-27,1,1,0.0,145.0,79,Completed
510426,14455,2024-04-27,5,1,0.0,95.0,43,Completed
504968,16128,2024-04-27,3,1,0.15,40.8,21,Completed
502107,14362,2024-04-27,7,2,0.0,54.0,16,Completed
510182,13833,2024-04-27,2,1,0.0,72.0,34,Completed
500638,14260,2024-04-27,7,4,0.0,108.0,32,Completed
505439,11857,2024-04-27,8,1,0.2,70.4,39,Completed
509493,15672,2024-04-27,5,1,0.05,90.25,43,Completed
504585,14660,2024-04-27,6,1,0.05,33.25,13,Completed
515251,13222,2024-04-27,6,1,0.05,33.25,13,Returned
509955,12190,2024-04-27,9,2,0.15,105.4,56,Completed
513839,14770,2024-04-27,10,4,0.0,440.0,216,Completed
506628,16995,2024-04-27,1,1,0.15,123.25,79,Completed
505625,13370,2024-04-27,2,3,0.0,216.0,102,Completed
507932,15370,2024-04-27,9,1,0.1,55.8,28,Completed
504153,12359,2024-04-27,7,1,0.05,25.65,8,Completed
505463,13409,2024-04-27,1,1,0.0,145.0,79,Completed
512598,14577,2024-04-27,5,1,0.0,95.0,43,Completed
515709,10817,2024-04-27,7,2,0.15,45.9,16,Returned
501003,14603,2024-04-27,7,1,0.0,27.0,8,Completed
514093,15098,2024-04-27,10,1,0.05,104.5,54,Completed
515096,11379,2024-04-27,6,3,0.05,99.75,39,Completed
512257,14769,2024-04-27,1,1,0.05,137.75,79,Completed
510561,11334,2024-04-27,7,1,0.15,22.95,8,Cancelled
513502,16453,2024-04-27,10,1,0.0,110.0,54,Completed
513992,12608,2024-04-28,9,1,0.15,52.7,28,Completed
504678,10766,2024-04-28,3,3,0.15,122.4,63,Completed
506578,11836,2024-04-28,6,1,0.0,35.0,13,Completed
509945,12053,2024-04-28,2,1,0.15,61.2,34,Completed
505385,11344,2024-04-28,6,4,0.0,140.0,52,Completed
513654,12408,2024-04-28,8,2,0.1,158.4,78,Completed
508989,13763,2024-04-28,1,1,0.1,130.5,79,Completed
505056,13756,2024-04-28,5,4,0.0,380.0,172,Completed
502570,15866,2024-04-28,6,2,0.05,66.5,26,Completed
513424,14345,2024-04-28,8,2,0.05,167.2,78,Completed
516638,10463,2024-04-28,1,1,0.1,130.5,79,Completed
506759,14815,2024-04-28,4,1,0.05,266.0,155,Completed
505109,15104,2024-04-28,2,2,0.0,144.0,68,Completed
500022,17737,2024-04-28,6,1,0.0,35.0,13,Completed
515156,10011,2024-04-28,3,2,0.15,81.6,42,Completed
509316,12470,2024-04-28,10,1,0.1,99.0,54,Completed
512457,12485,2024-04-28,8,1,0.0,88.0,39,Completed
515178,11091,2024-04-28,6,3,0.0,105.0,39,Completed
501888,10688,2024-04-28,5,1,0.0,95.0,43,Completed
507126,12080,2024-04-28,5,1,0.15,80.75,43,Completed
514197,11547,2024-04-28,3,1,0.05,45.6,21,Completed
500408,12977,2024-04-28,8,1,0.05,83.6,39,Completed
514767,10335,2024-04-28,2,1,0.0,72.0,34,Completed
515173,10629,2024-04-28,5,1,0.15,80.75,43,Completed
516706,13041,2024-04-28,9,3,0.0,186.0,84,Completed
510122,13829,2024-04-28,3,1,0.0,48.0,21,Completed
507294,17700,2024-04-29,2,2,0.05,136.8,68,Completed
515740,16956,2024-04-29,6,1,0.15,29.75,13,Completed
504697,11980,2024-04-29,1,1,0.2,116.0,79,Completed
510575,13555,2024-04-29,3,3,0.05,136.8,63,Completed
508008,15895,2024-04-29,6,1,0.0,35.0,13,Completed
510231,15223,2024-04-29,3,3,0.1,129.6,63,Cancelled
513469,14562,2024-04-29,2,3,0.05,205.2,102,Completed
513495,16242,2024-04-29,2,1,0.05,68.4,34,Completed
509460,11920,2024-04-29,5,1,0.1,85.5,43,Completed
507455,11413,2024-04-29,1,2,0.0,290.0,158,Completed
517606,15928,2024-04-29,7,1,0.0,27.0,8,Completed
500550,12015,2024-04-29,6,1,0.15,29.75,13,Completed
509964,13780,2024-04-29,6,2,0.15,59.5,26,Completed
502586,13015,2024-04-29,4,1,0.0,280.0,155,Completed
500680,14803,2024-04-29,5,2,0.0,190.0,86,Completed
517407,18241,2024-04-29,7,1,0.0,27.0,8,Completed
503006,13662,2024-04-29,3,2,0.0,96.0,42,Completed
505376,10731,2024-04-29,2,1,0.0,72.0,34,Completed
516342,10866,2024-04-29,9,2,0.2,99.2,56,Completed
515588,11085,2024-04-29,7,2,0.2,43.2,16,Completed
516938,10909,2024-04-29,4,2,0.0,560.0,310,Completed
507977,12115,2024-04-29,10,1,0.15,93.5,54,Completed
510225,10172,2024-04-30,1,1,0.0,145.0,79,Completed
504622,10734,2024-04-30,4,1,0.1,252.0,155,Completed
515439,17174,2024-04-30,2,1,0.15,61.2,34,Completed
510064,13897,2024-04-30,7,2,0.0,54.0,16,Completed
500802,11991,2024-04-30,1,1,0.05,137.75,79,Completed
504296,14818,2024-04-30,9,2,0.0,124.0,56,Completed
512577,14865,2024-04-30,1,1,0.0,145.0,79,Returned
510384,13109,2024-04-30,10,1,0.0,110.0,54,Completed
516482,15055,2024-04-30,6,2,0.0,70.0,26,Completed
507915,10452,2024-04-30,5,1,0.0,95.0,43,Completed
515721,12664,2024-04-30,1,4,0.15,493.0,316,Completed
500548,15060,2024-04-30,7,4,0.2,86.4,32,Completed
516231,11956,2024-04-30,9,1,0.1,55.8,28,Completed
503901,11671,2024-04-30,10,1,0.05,104.5,54,Completed
516645,14964,2024-04-30,8,2,0.1,158.4,78,Cancelled
510323,14188,2024-04-30,5,1,0.1,85.5,43,Completed
507420,12579,2024-04-30,3,1,0.1,43.2,21,Completed
502910,15729,2024-04-30,9,2,0.1,111.6,56,Completed
502428,10964,2024-05-01,1,1,0.15,123.25,79,Cancelled
506265,12943,2024-05-01,5,1,0.05,90.25,43,Completed
509769,14291,2024-05-01,7,1,0.0,27.0,8,Completed
516829,16305,2024-05-01,8,1,0.1,79.2,39,Completed
512941,13656,2024-05-01,5,3,0.0,285.0,129,Completed
501374,10072,2024-05-01,6,1,0.1,31.5,13,Completed
507397,13473,2024-05-01,1,1,0.15,123.25,79,Completed
507462,10883,2024-05-01,2,3,0.0,216.0,102,Completed
502087,16224,2024-05-01,5,1,0.1,85.5,43,Returned
500225,14088,2024-05-01,5,1,0.0,95.0,43,Completed
516325,12285,2024-05-01,7,1,0.05,25.65,8,Completed
517038,13347,2024-05-01,5,2,0.1,171.0,86,Completed
506774,10861,2024-05-01,9,1,0.0,62.0,28,Completed
500587,13838,2024-05-01,2,2,0.0,144.0,68,Completed
511619,12665,2024-05-01,3,2,0.0,96.0,42,Completed
510933,14627,2024-05-01,3,3,0.15,122.4,63,Completed
509371,10105,2024-05-01,2,2,0.2,115.2,68,Completed
515320,14652,2024-05-01,1,2,0.1,261.0,158,Completed
503963,12512,2024-05-01,1,1,0.0,145.0,79,Completed
501984,12471,2024-05-01,8,1,0.0,88.0,39,Completed
515152,15554,2024-05-01,9,2,0.0,124.0,56,Completed
515989,14658,2024-05-01,7,1,0.0,27.0,8,Completed
511165,18012,2024-05-01,6,1,0.0,35.0,13,Completed
516001,10615,2024-05-01,6,3,0.05,99.75,39,Completed
505799,18264,2024-05-02,2,1,0.0,72.0,34,Completed
506619,17627,2024-05-02,7,1,0.0,27.0,8,Completed
504125,10490,2024-05-02,5,1,0.0,95.0,43,Completed
503418,13001,2024-05-02,1,1,0.05,137.75,79,Completed
504477,11592,2024-05-02,6,1,0.15,29.75,13,Completed
501977,11593,2024-05-02,3,2,0.2,76.8,42,Completed
510973,12364,2024-05-02,1,1,0.05,137.75,79,Completed
511270,17748,2024-05-02,2,2,0.0,144.0,68,Completed
503917,15624,2024-05-02,4,1,0.0,280.0,155,Completed
502079,10919,2024-05-02,3,3,0.0,144.0,63,Completed
507474,17908,2024-05-02,8,3,0.0,264.0,117,Returned
504703,15660,2024-05-02,1,1,0.0,145.0,79,Completed
506758,12529,2024-05-02,10,3,0.15,280.5,162,Completed
517857,11652,2024-05-02,8,1,0.1,79.2,39,Completed
510297,11422,2024-05-02,5,1,0.05,90.25,43,Completed
517788,16330,2024-05-02,8,2,0.05,167.2,78,Completed
510841,17516,2024-05-02,6,1,0.0,35.0,13,Returned
502337,11191,2024-05-02,8,1,0.0,88.0,39,Completed
514302,16378,2024-05-02,6,1,0.0,35.0,13,Completed
500840,15982,2024-05-02,2,2,0.1,129.6,68,Completed
509520,11172,2024-05-02,2,2,0.1,129.6,68,Completed
501437,12988,2024-05-03,6,1,0.0,35.0,13,Completed
512259,15335,2024-05-03,1,3,0.0,435.0,237,Completed
516251,11650,2024-05-03,7,1,0.0,27.0,8,Completed
515471,14151,2024-05-03,7,2,0.0,54.0,16,Completed
503367,14138,2024-05-03,5,2,0.2,152.0,86,Completed
502775,12275,2024-05-03,4,2,0.0,560.0,310,Completed
512374,10538,2024-05-03,9,1,0.05,58.9,28,Completed
511809,10010,2024-05-03,4,3,0.15,714.0,465,Completed
508390,11568,2024-05-03,2,1,0.05,68.4,34,Completed
513258,13083,2024-05-03,8,1,0.05,83.6,39,Completed
504846,14083,2024-05-03,4,1,0.1,252.0,155,Completed
514628,12900,2024-05-03,5,4,0.15,323.0,172,Completed
509151,11784,2024-05-03,7,2,0.0,54.0,16,Completed
510055,17586,2024-05-03,2,1,0.0,72.0,34,Completed
507203,11028,2024-05-03,9,1,0.05,58.9,28,Completed
504514,11580,2024-05-03,1,1,0.0,145.0,79,Completed
509589,16640,2024-05-03,7,1,0.15,22.95,8,Completed
502984,14514,2024-05-03,2,1,0.0,72.0,34,Completed
510026,14050,2024-05-03,9,2,0.05,117.8,56,Completed
508585,16386,2024-05-03,10,1,0.0,110.0,54,Completed
505050,10153,2024-05-03,3,3,0.2,115.2,63,Completed
509357,13558,2024-05-03,1,1,0.0,145.0,79,Completed
514736,12323,2024-05-03,10,2,0.1,198.0,108,Completed
514916,11189,2024-05-03,5,1,0.0,95.0,43,Completed
504504,12708,2024-05-03,5,2,0.0,190.0,86,Returned
516362,10664,2024-05-03,7,2,0.2,43.2,16,Completed
502853,13644,2024-05-03,1,1,0.1,130.5,79,Completed
514257,11569,2024-05-03,6,3,0.05,99.75,39,Completed
511187,10381,2024-05-03,7,1,0.1,24.3,8,Completed
505496,11154,2024-05-03,6,1,0.05,33.25,13,Completed
505289,13974,2024-05-03,5,2,0.0,190.0,86,Completed
510537,14698,2024-05-04,6,2,0.05,66.5,26,Completed
515381,17670,2024-05-04,2,1,0.1,64.8,34,Completed
516062,14424,2024-05-04,9,3,0.0,186.0,84,Completed
516717,17208,2024-05-04,9,1,0.05,58.9,28,Completed
506882,10863,2024-05-04,1,1,0.15,123.25,79,Completed
515866,13131,2024-05-04,9,2,0.15,105.4,56,Completed
505014,12605,2024-05-04,8,1,0.0,88.0,39,Completed
508248,12241,2024-05-04,1,2,0.0,290.0,158,Completed
510706,10230,2024-05-04,1,1,0.1,130.5,79,Completed
508581,10368,2024-05-04,2,3,0.1,194.4,102,Completed
507005,18120,2024-05-04,10,1,0.0,110.0,54,Completed
505899,18340,2024-05-04,3,2,0.0,96.0,42,Completed
507225,12015,2024-05-04,9,2,0.0,124.0,56,Completed
506707,10552,2024-05-04,5,1,0.2,76.0,43,Completed
508898,14123,2024-05-04,4,1,0.15,238.0,155,Cancelled
513886,12035,2024-05-04,8,1,0.0,88.0,39,Completed
501836,12397,2024-05-04,4,3,0.1,756.0,465,Completed
510330,10951,2024-05-04,2,1,0.2,57.6,34,Completed
508110,16953,2024-05-04,5,1,0.05,90.25,43,Returned
516406,12183,2024-05-04,5,3,0.15,242.25,129,Cancelled
505986,15154,2024-05-04,1,3,0.15,369.75,237,Completed
515447,12941,2024-05-04,4,1,0.0,280.0,155,Completed
511973,10748,2024-05-04,1,1,0.0,145.0,79,Completed
515982,13434,2024-05-04,7,1,0.05,25.65,8,Completed
517156,16309,2024-05-04,2,1,0.0,72.0,34,Completed
501338,13638,2024-05-04,4,1,0.05,266.0,155,Completed
517662,10677,2024-05-04,5,1,0.05,90.25,43,Completed
500515,15657,2024-05-04,6,1,0.05,33.25,13,Completed
506803,10597,2024-05-04,10,1,0.0,110.0,54,Completed
507873,16855,2024-05-04,5,1,0.0,95.0,43,Completed
515171,11187,2024-05-04,9,1,0.05,58.9,28,Completed
503450,15198,2024-05-04,1,1,0.05,137.75,79,Completed
500605,11482,2024-05-04,6,1,0.05,33.25,13,Completed
512496,15382,2024-05-05,7,1,0.0,27.0,8,Completed
501657,13944,2024-05-05,10,1,0.1,99.0,54,Completed
512743,14117,2024-05-05,3,1,0.1,43.2,21,Completed
509382,18271,2024-05-05,9,1,0.0,62.0,28,Completed
503561,17169,2024-05-05,8,2,0.15,149.6,78,Returned
514722,16591,2024-05-05,4,3,0.0,840.0,465,Completed
503914,10508,2024-05-05,7,1,0.1,24.3,8,Completed
506026,11364,2024-05-05,8,2,0.0,176.0,78,Returned
500950,16133,2024-05-05,4,1,0.0,280.0,155,Completed
508845,13010,2024-05-05,7,2,0.1,48.6,16,Completed
517452,15421,2024-05-05,9,1,0.05,58.9,28,Completed
514495,10402,2024-05-05,9,1,0.0,62.0,28,Completed
516305,14135,2024-05-05,5,2,0.0,190.0,86,Cancelled
507894,11884,2024-05-05,1,2,0.15,246.5,158,Completed
510642,13162,2024-05-05,9,4,0.1,223.2,112,Completed
507357,13426,2024-05-05,6,2,0.0,70.0,26,Completed
512778,12795,2024-05-05,5,1,0.1,85.5,43,Returned
513240,11987,2024-05-05,7,1,0.0,27.0,8,Completed
502056,15675,2024-05-05,5,3,0.0,285.0,129,Completed
504159,15542,2024-05-05,9,1,0.05,58.9,28,Completed
508737,11396,2024-05-05,8,1,0.0,88.0,39,Completed
505010,13417,2024-05-05,7,3,0.0,81.0,24,Completed
517215,12144,2024-05-05,6,1,0.1,31.5,13,Completed
509226,13978,2024-05-05,10,2,0.0,220.0,108,Completed
506167,13062,2024-05-05,9,2,0.1,111.6,56,Completed
514982,17524,2024-05-05,9,2,0.15,105.4,56,Completed
504839,11834,2024-05-06,4,1,0.1,252.0,155,Completed
516762,10999,2024-05-06,8,2,0.1,158.4,78,Completed
515068,12206,2024-05-06,1,1,0.0,145.0,79,Completed
507154,12628,2024-05-06,8,2,0.05,167.2,78,Completed
500695,11167,2024-05-06,6,1,0.0,35.0,13,Completed
501497,12886,2024-05-06,10,2,0.0,220.0,108,Completed
500519,18192,2024-05-06,10,1,0.0,110.0,54,Cancelled
509994,12204,2024-05-06,9,2,0.1,111.6,56,Completed
516533,16780,2024-05-06,7,1,0.0,27.0,8,Cancelled
512994,16068,2024-05-06,7,1,0.05,25.65,8,Completed
505532,12590,2024-05-06,7,1,0.0,27.0,8,Completed
507544,16367,2024-05-06,9,1,0.15,52.7,28,Completed
504564,15888,2024-05-06,10,1,0.15,93.5,54,Completed
510612,13333,2024-05-06,7,1,0.05,25.65,8,Completed
511794,15730,2024-05-06,4,2,0.1,504.0,310,Completed
504196,14428,2024-05-06,5,2,0.0,190.0,86,Cancelled
517127,15856,2024-05-06,7,1,0.1,24.3,8,Completed
503782,10190,2024-05-06,1,2,0.1,261.0,158,Completed
512964,13085,2024-05-06,5,1,0.05,90.25,43,Completed
516649,11428,2024-05-06,6,2,0.1,63.0,26,Completed
513804,12200,2024-05-06,5,1,0.0,95.0,43,Completed
517261,18051,2024-05-06,10,2,0.0,220.0,108,Completed
502895,12613,2024-05-06,8,2,0.1,158.4,78,Completed
506402,16869,2024-05-06,1,1,0.2,116.0,79,Completed
502772,11497,2024-05-06,9,1,0.0,62.0,28,Completed
502061,10692,2024-05-06,10,1,0.05,104.5,54,Cancelled
515990,13638,2024-05-06,7,1,0.0,27.0,8,Completed
505396,15013,2024-05-06,8,4,0.0,352.0,156,Completed
504745,13414,2024-05-06,6,2,0.05,66.5,26,Completed
512309,12919,2024-05-06,8,1,0.05,83.6,39,Completed
505641,12240,2024-05-07,8,1,0.0,88.0,39,Completed
513508,11317,2024-05-07,7,1,0.0,27.0,8,Completed
515481,11671,2024-05-07,7,1,0.15,22.95,8,Completed
516577,13498,2024-05-07,4,1,0.0,280.0,155,Completed
513819,11845,2024-05-07,7,2,0.1,48.6,16,Completed
504693,11878,2024-05-07,1,2,0.0,290.0,158,Completed
509954,15679,2024-05-07,3,2,0.0,96.0,42,Completed
514627,10052,2024-05-07,9,2,0.0,124.0,56,Completed
516822,15623,2024-05-07,1,1,0.05,137.75,79,Completed
501289,15633,2024-05-07,6,1,0.0,35.0,13,Completed
507673,12762,2024-05-07,7,1,0.05,25.65,8,Completed
502454,11856,2024-05-07,4,2,0.0,560.0,310,Completed
512766,11063,2024-05-07,1,1,0.1,130.5,79,Completed
506158,10291,2024-05-07,10,1,0.1,99.0,54,Completed
503799,16801,2024-05-07,5,1,0.15,80.75,43,Completed
508590,10931,2024-05-07,9,1,0.0,62.0,28,Completed
507402,14794,2024-05-07,10,1,0.05,104.5,54,Completed
516940,16664,2024-05-08,5,2,0.0,190.0,86,Completed
508192,11742,2024-05-08,5,3,0.15,242.25,129,Completed
514708,16061,2024-05-08,2,1,0.0,72.0,34,Completed
510194,11381,2024-05-08,10,1,0.2,88.0,54,Completed
507895,14329,2024-05-08,9,2,0.0,124.0,56,Completed
510711,18347,2024-05-08,8,1,0.1,79.2,39,Completed
507587,14929,2024-05-08,5,3,0.05,270.75,129,Completed
511665,15730,2024-05-08,10,1,0.0,110.0,54,Completed
507914,13377,2024-05-08,3,1,0.05,45.6,21,Cancelled
510673,17852,2024-05-08,1,1,0.05,137.75,79,Completed
508072,17752,2024-05-08,8,4,0.0,352.0,156,Returned
511279,10322,2024-05-08,6,2,0.1,63.0,26,Cancelled
501124,11732,2024-05-08,10,2,0.1,198.0,108,Completed
515882,11616,2024-05-08,3,2,0.0,96.0,42,Completed
509199,12337,2024-05-08,1,2,0.0,290.0,158,Completed
506485,17212,2024-05-08,6,1,0.05,33.25,13,Completed
515784,13118,2024-05-08,1,1,0.05,137.75,79,Completed
506648,11212,2024-05-08,5,1,0.15,80.75,43,Cancelled
517128,13219,2024-05-08,8,1,0.0,88.0,39,Completed
502837,12081,2024-05-08,1,3,0.15,369.75,237,Completed
507711,11581,2024-05-08,9,4,0.0,248.0,112,Completed
517598,12549,2024-05-08,4,1,0.2,224.0,155,Completed
511790,12511,2024-05-08,1,2,0.05,275.5,158,Completed
508412,13603,2024-05-08,3,1,0.0,48.0,21,Completed
517888,11662,2024-05-08,9,2,0.0,124.0,56,Completed
502173,14741,2024-05-08,9,2,0.15,105.4,56,Completed
515288,11692,2024-05-08,5,1,0.0,95.0,43,Completed
514291,15686,2024-05-08,3,1,0.0,48.0,21,Completed
515931,12551,2024-05-08,6,2,0.1,63.0,26,Completed
502352,14534,2024-05-08,1,2,0.0,290.0,158,Completed
502141,12688,2024-05-08,3,2,0.0,96.0,42,Completed
515504,14040,2024-05-08,2,2,0.15,122.4,68,Returned
513065,11306,2024-05-08,9,2,0.1,111.6,56,Completed
507437,12399,2024-05-08,9,1,0.15,52.7,28,Completed
513640,14674,2024-05-08,7,2,0.05,51.3,16,Completed
511456,15060,2024-05-08,9,1,0.05,58.9,28,Completed
503333,15038,2024-05-08,4,2,0.15,476.0,310,Completed
517456,10598,2024-05-08,10,1,0.0,110.0,54,Completed
508379,12988,2024-05-08,8,2,0.0,176.0,78,Completed
504825,16303,2024-05-09,1,1,0.0,145.0,79,Completed
504061,17667,2024-05-09,1,2,0.15,246.5,158,Completed
515679,13232,2024-05-09,10,1,0.0,110.0,54,Completed
505248,18353,2024-05-09,6,1,0.0,35.0,13,Completed
516465,10998,2024-05-09,10,1,0.0,110.0,54,Completed
507451,11190,2024-05-09,10,1,0.0,110.0,54,Cancelled
517935,11636,2024-05-09,2,1,0.1,64.8,34,Completed
508894,17915,2024-05-09,1,1,0.0,145.0,79,Completed
514415,11118,2024-05-09,8,1,0.0,88.0,39,Completed
512449,11508,2024-05-09,9,2,0.0,124.0,56,Completed
517296,14529,2024-05-09,3,2,0.0,96.0,42,Completed
512755,12746,2024-05-09,9,1,0.2,49.6,28,Completed
510749,11800,2024-05-09,6,1,0.0,35.0,13,Completed
515138,12998,2024-05-09,5,1,0.0,95.0,43,Completed
501010,10621,2024-05-09,3,3,0.05,136.8,63,Completed
503284,17521,2024-05-09,5,1,0.0,95.0,43,Completed
517593,11897,2024-05-09,6,1,0.0,35.0,13,Cancelled
515134,13540,2024-05-09,7,1,0.05,25.65,8,Completed
513903,16773,2024-05-09,7,1,0.2,21.6,8,Completed
502144,10117,2024-05-09,2,1,0.0,72.0,34,Completed
501275,15583,2024-05-09,2,2,0.0,144.0,68,Completed
502665,11378,2024-05-09,9,1,0.1,55.8,28,Completed
514375,10807,2024-05-09,7,1,0.1,24.3,8,Completed
506246,12369,2024-05-10,1,4,0.05,551.0,316,Completed
510039,15060,2024-05-10,2,1,0.1,64.8,34,Completed
515742,16015,2024-05-10,2,1,0.1,64.8,34,Completed
513022,15696,2024-05-10,4,1,0.0,280.0,155,Completed
515901,17715,2024-05-10,1,1,0.0,145.0,79,Completed
510884,10520,2024-05-10,3,1,0.05,45.6,21,Completed
500093,16831,2024-05-10,7,1,0.05,25.65,8,Completed
503996,16180,2024-05-10,5,1,0.0,95.0,43,Returned
512972,12690,2024-05-10,10,3,0.05,313.5,162,Completed
505173,13422,2024-05-10,5,4,0.05,361.0,172,Completed
502463,14232,2024-05-10,6,2,0.1,63.0,26,Completed
501173,11174,2024-05-10,10,1,0.05,104.5,54,Returned
514327,10741,2024-05-10,1,1,0.05,137.75,79,Completed
505357,11265,2024-05-10,3,1,0.15,40.8,21,Completed
511887,12585,2024-05-10,9,2,0.0,124.0,56,Completed
517751,15985,2024-05-10,7,1,0.0,27.0,8,Completed
506039,16079,2024-05-10,9,1,0.05,58.9,28,Returned
512474,10546,2024-05-11,9,2,0.0,124.0,56,Completed
511196,10777,2024-05-11,9,1,0.05,58.9,28,Completed
507806,12576,2024-05-11,2,2,0.1,129.6,68,Completed
513452,17988,2024-05-11,6,1,0.0,35.0,13,Completed
500987,14629,2024-05-11,3,2,0.0,96.0,42,Completed
506558,12928,2024-05-11,3,1,0.15,40.8,21,Completed
503785,10441,2024-05-11,6,1,0.0,35.0,13,Completed
514076,12610,2024-05-11,7,1,0.1,24.3,8,Completed
503972,12803,2024-05-11,2,2,0.05,136.8,68,Completed
501786,10603,2024-05-11,3,2,0.15,81.6,42,Completed
503838,18060,2024-05-11,5,2,0.1,171.0,86,Completed
511575,11634,2024-05-11,1,2,0.0,290.0,158,Completed
512264,11624,2024-05-11,6,1,0.1,31.5,13,Completed
505112,13118,2024-05-11,7,2,0.2,43.2,16,Completed
501761,11338,2024-05-11,8,1,0.0,88.0,39,Completed
506192,13877,2024-05-11,3,1,0.0,48.0,21,Completed
511189,10338,2024-05-11,5,1,0.0,95.0,43,Completed
511948,16947,2024-05-11,5,1,0.0,95.0,43,Completed
514177,13436,2024-05-11,8,1,0.0,88.0,39,Completed
504042,17789,2024-05-11,5,1,0.1,85.5,43,Completed
507572,12368,2024-05-11,8,4,0.1,316.8,156,Completed
511134,10595,2024-05-11,7,2,0.0,54.0,16,Completed
508708,14984,2024-05-11,5,1,0.05,90.25,43,Completed
505184,16779,2024-05-11,6,3,0.05,99.75,39,Completed
511118,10071,2024-05-12,10,2,0.0,220.0,108,Completed
501183,17035,2024-05-12,1,1,0.0,145.0,79,Completed
515242,11448,2024-05-12,8,2,0.05,167.2,78,Completed
502004,14247,2024-05-12,6,1,0.15,29.75,13,Completed
500606,16267,2024-05-12,3,2,0.05,91.2,42,Completed
508870,17721,2024-05-12,3,1,0.15,40.8,21,Completed
516504,16558,2024-05-12,10,1,0.05,104.5,54,Completed
501831,13865,2024-05-12,7,2,0.0,54.0,16,Completed
502574,10262,2024-05-12,4,1,0.05,266.0,155,Completed
514816,13949,2024-05-12,8,1,0.05,83.6,39,Completed
514838,13695,2024-05-12,8,1,0.0,88.0,39,Returned
511071,11410,2024-05-12,5,1,0.0,95.0,43,Completed
517973,12972,2024-05-12,1,1,0.15,123.25,79,Completed
502121,10636,2024-05-12,4,2,0.2,448.0,310,Completed
503428,15164,2024-05-12,5,1,0.0,95.0,43,Completed
500195,15282,2024-05-12,7,1,0.0,27.0,8,Completed
510644,12382,2024-05-12,1,1,0.0,145.0,79,Completed
503890,16063,2024-05-12,2,1,0.1,64.8,34,Completed
515180,10738,2024-05-12,7,4,0.1,97.2,32,Completed
505069,10623,2024-05-12,5,3,0.0,285.0,129,Completed
504568,15620,2024-05-12,10,1,0.0,110.0,54,Completed
511499,16422,2024-05-12,1,4,0.0,580.0,316,Completed
504615,12351,2024-05-13,2,1,0.0,72.0,34,Completed
506995,12450,2024-05-13,6,2,0.15,59.5,26,Completed
516375,10350,2024-05-13,5,2,0.1,171.0,86,Completed
505453,15658,2024-05-13,3,1,0.0,48.0,21,Completed
516109,10667,2024-05-13,10,2,0.05,209.0,108,Completed
514637,15322,2024-05-13,5,2,0.05,180.5,86,Completed
515750,11189,2024-05-13,1,1,0.15,123.25,79,Completed
501873,10577,2024-05-13,4,1,0.2,224.0,155,Completed
500924,10162,2024-05-13,6,1,0.05,33.25,13,Completed
507727,16678,2024-05-13,1,1,0.0,145.0,79,Completed
511065,13161,2024-05-13,7,1,0.0,27.0,8,Completed
510566,11146,2024-05-13,4,1,0.1,252.0,155,Completed
503024,12717,2024-05-13,10,1,0.2,88.0,54,Completed
503382,16490,2024-05-13,10,3,0.0,330.0,162,Completed
502276,12870,2024-05-13,1,3,0.15,369.75,237,Completed
501537,12338,2024-05-14,8,1,0.0,88.0,39,Completed
500689,10072,2024-05-14,8,1,0.15,74.8,39,Completed
517719,12146,2024-05-14,1,1,0.1,130.5,79,Completed
508650,15656,2024-05-14,8,1,0.0,88.0,39,Completed
510993,13483,2024-05-14,10,2,0.15,187.0,108,Completed
513593,14646,2024-05-14,2,1,0.0,72.0,34,Completed
505929,15331,2024-05-14,5,2,0.2,152.0,86,Completed
508808,14457,2024-05-14,8,1,0.0,88.0,39,Completed
510862,17416,2024-05-14,6,2,0.0,70.0,26,Completed
513205,10903,2024-05-14,2,1,0.05,68.4,34,Completed
502971,10297,2024-05-14,1,1,0.0,145.0,79,Completed
502411,18115,2024-05-14,5,1,0.05,90.25,43,Completed
512375,10283,2024-05-14,7,3,0.1,72.9,24,Completed
500079,13362,2024-05-14,6,2,0.0,70.0,26,Completed
515823,12118,2024-05-14,1,1,0.05,137.75,79,Completed
509627,15506,2024-05-14,2,1,0.15,61.2,34,Completed
510651,12035,2024-05-14,7,1,0.15,22.95,8,Completed
503567,13159,2024-05-14,1,2,0.0,290.0,158,Completed
510592,10512,2024-05-14,2,2,0.1,129.6,68,Completed
506729,13353,2024-05-14,3,2,0.15,81.6,42,Completed
507529,10041,2024-05-14,8,3,0.1,237.6,117,Completed
505777,15403,2024-05-14,6,1,0.1,31.5,13,Completed
515968,17991,2024-05-14,2,2,0.05,136.8,68,Completed
502530,12390,2024-05-14,5,1,0.05,90.25,43,Completed
517605,15435,2024-05-14,7,1,0.0,27.0,8,Completed
515460,17888,2024-05-14,1,1,0.05,137.75,79,Completed
503915,17064,2024-05-14,2,1,0.0,72.0,34,Completed
514943,11949,2024-05-14,5,2,0.15,161.5,86,Completed
514090,10631,2024-05-14,3,1,0.15,40.8,21,Completed
504313,11895,2024-05-14,7,3,0.2,64.8,24,Completed
503700,10622,2024-05-14,10,2,0.05,209.0,108,Completed
509906,10316,2024-05-14,8,1,0.15,74.8,39,Completed
513007,10913,2024-05-14,7,2,0.0,54.0,16,Completed
500739,13515,2024-05-15,1,1,0.1,130.5,79,Completed
513647,13812,2024-05-15,3,1,0.05,45.6,21,Completed
514433,10987,2024-05-15,3,3,0.05,136.8,63,Completed
504107,11968,2024-05-15,5,3,0.0,285.0,129,Completed
513238,13425,2024-05-15,2,2,0.0,144.0,68,Completed
502500,14876,2024-05-15,5,1,0.05,90.25,43,Completed
503448,17904,2024-05-15,1,3,0.0,435.0,237,Completed
509385,12790,2024-05-15,3,1,0.0,48.0,21,Completed
508505,11949,2024-05-15,3,2,0.0,96.0,42,Completed
500610,17787,2024-05-15,2,1,0.1,64.8,34,Completed
511502,16481,2024-05-15,7,2,0.0,54.0,16,Completed
500581,10265,2024-05-15,10,1,0.1,99.0,54,Completed
511166,13745,2024-05-15,2,1,0.0,72.0,34,Completed
509012,13125,2024-05-15,1,1,0.0,145.0,79,Completed
511001,10253,2024-05-15,1,1,0.2,116.0,79,Completed
512017,10528,2024-05-15,4,2,0.05,532.0,310,Completed
513808,11845,2024-05-15,8,4,0.05,334.4,156,Completed
502133,11919,2024-05-15,9,2,0.05,117.8,56,Returned
507719,16961,2024-05-15,3,1,0.05,45.6,21,Returned
515703,12770,2024-05-15,1,2,0.05,275.5,158,Completed
510593,14422,2024-05-15,10,1,0.1,99.0,54,Completed
500760,16863,2024-05-15,9,1,0.0,62.0,28,Completed
508739,18341,2024-05-15,8,1,0.0,88.0,39,Completed
513795,13169,2024-05-15,5,2,0.1,171.0,86,Completed
510033,13968,2024-05-15,6,1,0.0,35.0,13,Completed
512690,18077,2024-05-15,9,2,0.0,124.0,56,Completed
506854,11155,2024-05-15,5,2,0.05,180.5,86,Completed
509671,12499,2024-05-16,10,2,0.0,220.0,108,Completed
508606,16151,2024-05-16,8,3,0.1,237.6,117,Completed
505484,15186,2024-05-16,3,3,0.0,144.0,63,Completed
515626,12723,2024-05-16,7,1,0.0,27.0,8,Returned
502377,10076,2024-05-16,3,1,0.05,45.6,21,Completed
503987,15267,2024-05-16,7,1,0.0,27.0,8,Completed
510436,13568,2024-05-16,7,3,0.0,81.0,24,Completed
515430,12199,2024-05-16,5,2,0.05,180.5,86,Cancelled
515879,16927,2024-05-16,7,4,0.0,108.0,32,Completed
506023,13241,2024-05-16,5,2,0.05,180.5,86,Completed
503325,11413,2024-05-16,5,2,0.0,190.0,86,Completed
511470,17901,2024-05-16,7,1,0.1,24.3,8,Returned
514311,13672,2024-05-16,9,2,0.1,111.6,56,Completed
516692,13320,2024-05-16,9,2,0.05,117.8,56,Completed
515349,12233,2024-05-16,8,2,0.2,140.8,78,Completed
501930,16350,2024-05-16,2,3,0.05,205.2,102,Completed
507351,10150,2024-05-16,3,2,0.15,81.6,42,Completed
500591,15214,2024-05-16,7,2,0.2,43.2,16,Completed
504954,10668,2024-05-16,1,1,0.0,145.0,79,Completed
505508,17254,2024-05-16,6,3,0.0,105.0,39,Returned
500532,12878,2024-05-16,10,1,0.2,88.0,54,Completed
500257,12219,2024-05-16,5,2,0.15,161.5,86,Completed
509635,14648,2024-05-16,9,1,0.15,52.7,28,Cancelled
502916,10929,2024-05-16,9,1,0.0,62.0,28,Completed
515932,13005,2024-05-17,2,1,0.05,68.4,34,Completed
517863,14551,2024-05-17,5,1,0.0,95.0,43,Completed
500457,14896,2024-05-17,3,1,0.1,43.2,21,Completed
510090,14683,2024-05-17,8,1,0.1,79.2,39,Completed
516737,15360,2024-05-17,1,1,0.15,123.25,79,Completed
516332,12779,2024-05-17,3,1,0.1,43.2,21,Completed
504318,11843,2024-05-17,9,4,0.1,223.2,112,Completed
516639,18094,2024-05-17,6,2,0.05,66.5,26,Completed
501859,10475,2024-05-17,9,2,0.0,124.0,56,Completed
504909,10202,2024-05-17,5,1,0.2,76.0,43,Completed
502645,14124,2024-05-17,10,1,0.0,110.0,54,Completed
517701,13680,2024-05-17,7,1,0.0,27.0,8,Completed
501268,13052,2024-05-17,7,2,0.15,45.9,16,Completed
503784,13103,2024-05-17,6,2,0.2,56.0,26,Completed
513188,12841,2024-05-17,6,1,0.15,29.75,13,Completed
512058,14270,2024-05-17,3,1,0.05,45.6,21,Completed
517405,15801,2024-05-17,5,2,0.0,190.0,86,Completed
506644,15279,2024-05-17,9,1,0.1,55.8,28,Returned
506058,10033,2024-05-17,10,2,0.0,220.0,108,Completed
500064,10229,2024-05-17,8,2,0.0,176.0,78,Completed
509271,10905,2024-05-17,7,3,0.15,68.85,24,Completed
502822,12709,2024-05-17,1,1,0.0,145.0,79,Returned
501109,14764,2024-05-17,3,1,0.1,43.2,21,Completed
504866,11941,2024-05-17,8,1,0.1,79.2,39,Completed
502727,16893,2024-05-17,10,1,0.05,104.5,54,Completed
517956,11450,2024-05-17,5,1,0.1,85.5,43,Completed
506301,10018,2024-05-17,5,1,0.1,85.5,43,Completed
503533,13243,2024-05-17,5,1,0.15,80.75,43,Completed
517445,16265,2024-05-17,10,3,0.0,330.0,162,Completed
504489,15373,2024-05-18,9,2,0.0,124.0,56,Completed
512904,11247,2024-05-18,5,3,0.0,285.0,129,Completed
505008,10090,2024-05-18,5,1,0.15,80.75,43,Completed
514417,12911,2024-05-18,10,2,0.05,209.0,108,Completed
514261,14206,2024-05-18,6,1,0.1,31.5,13,Completed
507978,12272,2024-05-18,8,1,0.0,88.0,39,Completed
508665,15293,2024-05-18,1,1,0.05,137.75,79,Completed
505813,12412,2024-05-18,9,1,0.0,62.0,28,Completed
511264,18036,2024-05-18,10,1,0.0,110.0,54,Completed
500667,13254,2024-05-18,9,2,0.0,124.0,56,Completed
502123,12940,2024-05-18,3,1,0.0,48.0,21,Completed
503258,10888,2024-05-18,3,1,0.1,43.2,21,Completed
505276,11679,2024-05-18,7,1,0.05,25.65,8,Completed
513719,11231,2024-05-18,5,2,0.0,190.0,86,Completed
502554,13418,2024-05-18,3,2,0.0,96.0,42,Completed
509247,12061,2024-05-18,1,1,0.1,130.5,79,Completed
509832,13551,2024-05-18,5,1,0.0,95.0,43,Completed
508010,10275,2024-05-18,2,2,0.0,144.0,68,Completed
517694,14474,2024-05-18,3,1,0.2,38.4,21,Completed
501659,11846,2024-05-18,10,1,0.0,110.0,54,Completed
515191,14313,2024-05-18,1,1,0.05,137.75,79,Completed
510491,11183,2024-05-18,3,1,0.2,38.4,21,Completed
513248,10136,2024-05-18,8,1,0.0,88.0,39,Completed
516712,11782,2024-05-18,1,1,0.0,145.0,79,Completed
515225,16827,2024-05-19,5,1,0.05,90.25,43,Completed
515814,11817,2024-05-19,3,2,0.1,86.4,42,Completed
515122,16349,2024-05-19,5,1,0.0,95.0,43,Completed
509482,12949,2024-05-19,10,2,0.0,220.0,108,Completed
505095,14326,2024-05-19,8,2,0.05,167.2,78,Completed
504144,13156,2024-05-19,8,1,0.2,70.4,39,Cancelled
512742,12206,2024-05-19,2,1,0.0,72.0,34,Completed
512775,10551,2024-05-19,9,1,0.15,52.7,28,Completed
510363,12217,2024-05-19,9,1,0.0,62.0,28,Completed
513746,14440,2024-05-19,5,2,0.0,190.0,86,Completed
501569,15234,2024-05-19,8,1,0.05,83.6,39,Completed
515985,17813,2024-05-19,5,4,0.05,361.0,172,Completed
501911,11656,2024-05-19,2,1,0.05,68.4,34,Completed
510087,11323,2024-05-19,3,1,0.0,48.0,21,Completed
511201,12728,2024-05-19,9,1,0.0,62.0,28,Returned
508326,18321,2024-05-19,8,2,0.05,167.2,78,Cancelled
512864,14416,2024-05-19,7,1,0.2,21.6,8,Returned
503098,17003,2024-05-19,7,1,0.0,27.0,8,Completed
514502,12320,2024-05-19,5,1,0.2,76.0,43,Completed
500493,10010,2024-05-19,9,1,0.05,58.9,28,Completed
502128,12168,2024-05-19,8,2,0.1,158.4,78,Completed
504537,17104,2024-05-19,8,1,0.1,79.2,39,Completed
505541,14213,2024-05-19,8,1,0.15,74.8,39,Completed
504507,10347,2024-05-19,7,1,0.0,27.0,8,Completed
517958,13162,2024-05-19,7,2,0.05,51.3,16,Completed
506051,12948,2024-05-19,8,1,0.2,70.4,39,Completed
515329,10825,2024-05-19,1,1,0.05,137.75,79,Completed
504082,13454,2024-05-19,4,1,0.1,252.0,155,Completed
513881,12161,2024-05-19,6,1,0.05,33.25,13,Completed
509186,12752,2024-05-19,1,2,0.1,261.0,158,Completed
509225,15799,2024-05-19,1,2,0.1,261.0,158,Completed
517008,14372,2024-05-20,3,1,0.0,48.0,21,Completed
501676,12305,2024-05-20,8,2,0.0,176.0,78,Returned
505379,10479,2024-05-20,5,1,0.0,95.0,43,Completed
515155,13263,2024-05-20,9,2,0.05,117.8,56,Completed
517165,10549,2024-05-20,9,2,0.1,111.6,56,Completed
504650,13119,2024-05-20,7,1,0.0,27.0,8,Completed
505580,14687,2024-05-20,1,2,0.05,275.5,158,Completed
514179,10535,2024-05-20,8,1,0.0,88.0,39,Completed
510896,11616,2024-05-20,7,1,0.05,25.65,8,Returned
513213,17345,2024-05-20,9,2,0.15,105.4,56,Completed
513203,10043,2024-05-20,7,1,0.05,25.65,8,Completed
506296,18457,2024-05-20,10,2,0.1,198.0,108,Completed
510168,12664,2024-05-20,4,2,0.0,560.0,310,Completed
501880,11782,2024-05-20,10,2,0.0,220.0,108,Completed
515892,10010,2024-05-20,1,2,0.0,290.0,158,Completed
506069,14846,2024-05-20,5,1,0.05,90.25,43,Completed
516544,13764,2024-05-20,10,2,0.0,220.0,108,Completed
508360,10963,2024-05-20,9,2,0.05,117.8,56,Completed
512225,10903,2024-05-20,5,2,0.0,190.0,86,Cancelled
517648,17665,2024-05-20,6,1,0.2,28.0,13,Completed
517550,11273,2024-05-20,6,1,0.05,33.25,13,Completed
503637,14956,2024-05-20,3,2,0.1,86.4,42,Completed
503064,13460,2024-05-21,4,1,0.1,252.0,155,Returned
516032,18021,2024-05-21,5,2,0.15,161.5,86,Completed
506307,11341,2024-05-21,6,1,0.1,31.5,13,Cancelled
516811,16576,2024-05-21,6,1,0.15,29.75,13,Completed
504717,16829,2024-05-21,6,1,0.0,35.0,13,Completed
502103,11111,2024-05-21,3,2,0.0,96.0,42,Completed
503241,14203,2024-05-21,8,2,0.2,140.8,78,Completed
501011,13382,2024-05-21,2,1,0.0,72.0,34,Completed
516898,15775,2024-05-21,6,2,0.05,66.5,26,Completed
507537,10345,2024-05-21,7,1,0.0,27.0,8,Completed
514370,12752,2024-05-21,5,1,0.0,95.0,43,Completed
502873,11387,2024-05-21,3,1,0.1,43.2,21,Completed
511234,11292,2024-05-21,9,2,0.0,124.0,56,Cancelled
516673,15111,2024-05-21,10,2,0.15,187.0,108,Completed
514033,14385,2024-05-21,2,1,0.0,72.0,34,Completed
508637,10467,2024-05-21,1,1,0.05,137.75,79,Completed
507576,14159,2024-05-21,7,1,0.2,21.6,8,Completed
500726,15239,2024-05-21,1,3,0.1,391.5,237,Completed
501257,13197,2024-05-21,2,1,0.0,72.0,34,Completed
511669,15579,2024-05-21,4,2,0.05,532.0,310,Completed
506153,14882,2024-05-21,8,1,0.15,74.8,39,Completed
509963,16166,2024-05-21,9,2,0.1,111.6,56,Completed
512482,15480,2024-05-21,5,1,0.1,85.5,43,Completed
507660,10185,2024-05-22,5,2,0.0,190.0,86,Completed
502344,13559,2024-05-22,1,3,0.15,369.75,237,Completed
512530,15359,2024-05-22,9,3,0.05,176.7,84,Completed
516081,17649,2024-05-22,9,1,0.05,58.9,28,Completed
500479,14799,2024-05-22,9,1,0.2,49.6,28,Cancelled
502063,11256,2024-05-22,5,2,0.1,171.0,86,Completed
515550,18087,2024-05-22,1,2,0.2,232.0,158,Completed
512469,16867,2024-05-22,5,1,0.05,90.25,43,Completed
505645,17315,2024-05-22,10,2,0.0,220.0,108,Completed
505853,16179,2024-05-22,4,1,0.2,224.0,155,Completed
517404,17933,2024-05-22,1,2,0.0,290.0,158,Completed
504927,16281,2024-05-22,6,1,0.0,35.0,13,Completed
509573,15287,2024-05-22,3,1,0.0,48.0,21,Completed
504743,12835,2024-05-22,9,1,0.05,58.9,28,Completed
502892,18212,2024-05-22,10,1,0.0,110.0,54,Completed
510881,10923,2024-05-22,3,1,0.1,43.2,21,Returned
507313,14456,2024-05-22,4,1,0.1,252.0,155,Completed
513948,15204,2024-05-22,2,2,0.0,144.0,68,Completed
506057,13555,2024-05-22,6,2,0.15,59.5,26,Completed
514555,10527,2024-05-22,4,1,0.2,224.0,155,Completed
502403,16616,2024-05-22,10,1,0.05,104.5,54,Completed
501213,13432,2024-05-23,7,1,0.0,27.0,8,Completed
514984,13766,2024-05-23,10,2,0.0,220.0,108,Completed
515040,15089,2024-05-23,4,1,0.2,224.0,155,Completed
510187,12127,2024-05-23,3,2,0.0,96.0,42,Completed
504398,12276,2024-05-23,8,3,0.1,237.6,117,Completed
505411,12645,2024-05-23,7,1,0.15,22.95,8,Completed
511614,11671,2024-05-23,5,2,0.05,180.5,86,Completed
507257,11467,2024-05-23,8,1,0.0,88.0,39,Completed
517317,11040,2024-05-23,5,4,0.0,380.0,172,Completed
505643,11553,2024-05-23,5,3,0.0,285.0,129,Completed
510929,11181,2024-05-23,8,2,0.1,158.4,78,Returned
507160,15705,2024-05-23,1,1,0.1,130.5,79,Completed
515451,17688,2024-05-23,1,3,0.15,369.75,237,Returned
501480,15450,2024-05-23,9,3,0.1,167.4,84,Completed
507350,12603,2024-05-23,1,1,0.1,130.5,79,Completed
509583,14094,2024-05-23,1,4,0.05,551.0,316,Completed
505709,16714,2024-05-23,7,4,0.0,108.0,32,Completed
509605,10796,2024-05-23,3,1,0.0,48.0,21,Cancelled
506746,14406,2024-05-23,6,2,0.0,70.0,26,Completed
511757,16777,2024-05-24,5,1,0.0,95.0,43,Completed
506615,11342,2024-05-24,5,3,0.2,228.0,129,Completed
511735,10176,2024-05-24,6,1,0.2,28.0,13,Completed
505210,15673,2024-05-24,7,1,0.1,24.3,8,Completed
507661,10437,2024-05-24,2,1,0.1,64.8,34,Completed
506015,14256,2024-05-24,10,3,0.0,330.0,162,Completed
505033,16140,2024-05-24,10,1,0.0,110.0,54,Completed
513097,13932,2024-05-24,10,2,0.0,220.0,108,Completed
506655,12357,2024-05-24,2,2,0.1,129.6,68,Completed
503060,13903,2024-05-24,1,1,0.0,145.0,79,Completed
502844,13441,2024-05-24,2,1,0.0,72.0,34,Completed
514876,12388,2024-05-24,2,2,0.0,144.0,68,Completed
500294,10478,2024-05-24,5,3,0.2,228.0,129,Completed
513883,11142,2024-05-24,1,1,0.0,145.0,79,Completed
509223,13651,2024-05-24,7,2,0.0,54.0,16,Completed
517233,10610,2024-05-24,3,2,0.0,96.0,42,Completed
507433,10457,2024-05-24,4,1,0.1,252.0,155,Cancelled
504863,17878,2024-05-24,5,1,0.05,90.25,43,Completed
506934,18090,2024-05-24,10,1,0.15,93.5,54,Completed
509464,13285,2024-05-24,1,3,0.05,413.25,237,Completed
512889,13202,2024-05-25,4,2,0.0,560.0,310,Completed
516061,12151,2024-05-25,9,1,0.2,49.6,28,Completed
503008,16540,2024-05-25,10,4,0.05,418.0,216,Completed
507147,10725,2024-05-25,2,1,0.1,64.8,34,Completed
502877,11245,2024-05-25,8,1,0.15,74.8,39,Completed
500719,12750,2024-05-25,8,1,0.05,83.6,39,Completed
513899,11306,2024-05-25,1,1,0.0,145.0,79,Completed
503255,12392,2024-05-25,9,1,0.1,55.8,28,Completed
509455,10504,2024-05-25,7,4,0.05,102.6,32,Completed
505383,16941,2024-05-25,10,2,0.05,209.0,108,Completed
504114,12767,2024-05-25,6,1,0.05,33.25,13,Completed
500789,12968,2024-05-25,8,2,0.15,149.6,78,Completed
507777,16965,2024-05-25,5,1,0.1,85.5,43,Completed
516576,15092,2024-05-25,1,1,0.15,123.25,79,Completed
502076,12481,2024-05-25,7,2,0.1,48.6,16,Completed
513884,14081,2024-05-25,5,4,0.05,361.0,172,Completed
514998,11005,2024-05-25,2,1,0.05,68.4,34,Completed
501300,13994,2024-05-25,3,1,0.0,48.0,21,Completed
509842,15003,2024-05-25,10,1,0.1,99.0,54,Completed
503687,15018,2024-05-25,2,2,0.0,144.0,68,Completed
517160,15741,2024-05-25,3,1,0.1,43.2,21,Completed
508243,14560,2024-05-25,3,1,0.0,48.0,21,Completed
501409,13442,2024-05-26,9,3,0.1,167.4,84,Completed
511439,15365,2024-05-26,3,2,0.0,96.0,42,Completed
512816,10336,2024-05-26,4,1,0.2,224.0,155,Completed
510756,11111,2024-05-26,8,1,0.05,83.6,39,Completed
505528,11155,2024-05-26,4,1,0.0,280.0,155,Completed
516806,12590,2024-05-26,2,1,0.0,72.0,34,Completed
501166,15423,2024-05-26,5,3,0.0,285.0,129,Completed
513051,10611,2024-05-26,9,1,0.2,49.6,28,Completed
506826,12535,2024-05-26,2,1,0.0,72.0,34,Completed
501121,10696,2024-05-26,5,2,0.0,190.0,86,Completed
512802,15825,2024-05-26,9,1,0.15,52.7,28,Completed
509239,12985,2024-05-26,10,2,0.0,220.0,108,Completed
510189,15426,2024-05-26,7,1,0.0,27.0,8,Completed
500502,13253,2024-05-26,2,1,0.0,72.0,34,Completed
516183,11420,2024-05-26,8,1,0.05,83.6,39,Completed
507640,12427,2024-05-26,2,1,0.15,61.2,34,Completed
508175,17100,2024-05-26,8,1,0.05,83.6,39,Completed
512914,13185,2024-05-26,7,1,0.05,25.65,8,Completed
507131,14208,2024-05-26,9,1,0.1,55.8,28,Completed
510836,12484,2024-05-26,7,2,0.05,51.3,16,Completed
507618,12371,2024-05-26,7,1,0.05,25.65,8,Completed
511835,11634,2024-05-26,6,1,0.1,31.5,13,Completed
505498,15836,2024-05-26,6,4,0.0,140.0,52,Completed
508572,12677,2024-05-26,2,2,0.05,136.8,68,Completed
504158,17441,2024-05-26,9,1,0.0,62.0,28,Completed
500062,16829,2024-05-26,2,1,0.15,61.2,34,Completed
503471,15076,2024-05-27,8,1,0.05,83.6,39,Completed
515739,16524,2024-05-27,1,3,0.1,391.5,237,Completed
510918,13276,2024-05-27,3,1,0.0,48.0,21,Completed
505839,10096,2024-05-27,7,2,0.05,51.3,16,Completed
502836,14325,2024-05-27,7,3,0.05,76.95,24,Completed
513307,17071,2024-05-27,1,1,0.0,145.0,79,Completed
503723,17170,2024-05-27,7,1,0.1,24.3,8,Returned
502280,13148,2024-05-27,1,1,0.1,130.5,79,Completed
503597,15807,2024-05-27,1,1,0.0,145.0,79,Completed
506664,15151,2024-05-27,3,2,0.2,76.8,42,Completed
502176,11510,2024-05-27,6,2,0.1,63.0,26,Completed
516483,13949,2024-05-27,7,4,0.2,86.4,32,Completed
506482,16596,2024-05-27,5,1,0.15,80.75,43,Completed
502534,18434,2024-05-27,5,2,0.2,152.0,86,Cancelled
508153,14595,2024-05-27,5,1,0.05,90.25,43,Completed
503572,11564,2024-05-27,2,1,0.0,72.0,34,Completed
509561,15859,2024-05-27,7,2,0.1,48.6,16,Completed
506413,18427,2024-05-27,5,2,0.0,190.0,86,Completed
514330,17971,2024-05-27,8,1,0.0,88.0,39,Completed
503243,12976,2024-05-27,5,1,0.05,90.25,43,Completed
505998,12670,2024-05-27,2,2,0.0,144.0,68,Completed
515394,15603,2024-05-28,7,2,0.0,54.0,16,Completed
513766,14419,2024-05-28,4,2,0.0,560.0,310,Completed
512396,16500,2024-05-28,7,1,0.1,24.3,8,Completed
503834,15764,2024-05-28,1,2,0.05,275.5,158,Completed
508537,15699,2024-05-28,6,1,0.0,35.0,13,Completed
500663,12947,2024-05-28,5,1,0.05,90.25,43,Returned
516459,17059,2024-05-28,7,1,0.1,24.3,8,Returned
516446,12081,2024-05-28,10,3,0.05,313.5,162,Cancelled
501949,16109,2024-05-28,6,1,0.0,35.0,13,Completed
504673,15369,2024-05-28,7,1,0.05,25.65,8,Completed
508519,10671,2024-05-28,5,1,0.1,85.5,43,Returned
503803,13295,2024-05-28,3,2,0.0,96.0,42,Completed
512848,17433,2024-05-28,2,1,0.0,72.0,34,Completed
508144,14202,2024-05-28,9,1,0.2,49.6,28,Completed
502474,13452,2024-05-28,9,1,0.05,58.9,28,Completed
500531,13425,2024-05-28,7,1,0.05,25.65,8,Completed
517954,11067,2024-05-28,1,4,0.1,522.0,316,Completed
511966,14968,2024-05-28,5,2,0.15,161.5,86,Completed
501037,15446,2024-05-28,10,2,0.1,198.0,108,Completed
510139,12754,2024-05-28,5,3,0.05,270.75,129,Completed
510617,11543,2024-05-28,6,1,0.1,31.5,13,Completed
503953,15101,2024-05-28,10,4,0.05,418.0,216,Completed
509984,17544,2024-05-28,8,1,0.05,83.6,39,Completed
509783,17056,2024-05-28,6,1,0.0,35.0,13,Completed
500948,10822,2024-05-28,8,2,0.05,167.2,78,Completed
515215,10375,2024-05-28,3,2,0.05,91.2,42,Completed
500259,15536,2024-05-28,1,3,0.15,369.75,237,Completed
503389,16671,2024-05-28,5,2,0.05,180.5,86,Completed
512437,15435,2024-05-28,5,1,0.0,95.0,43,Completed
508563,18369,2024-05-29,5,3,0.1,256.5,129,Completed
516094,12669,2024-05-29,4,1,0.2,224.0,155,Completed
509025,11420,2024-05-29,9,3,0.15,158.1,84,Completed
510790,16539,2024-05-29,7,1,0.1,24.3,8,Returned
516355,14633,2024-05-29,10,1,0.05,104.5,54,Completed
511127,15685,2024-05-29,1,1,0.0,145.0,79,Cancelled
517326,15847,2024-05-29,1,2,0.15,246.5,158,Completed
501625,12113,2024-05-29,6,1,0.0,35.0,13,Completed
511530,17500,2024-05-29,10,1,0.05,104.5,54,Completed
511490,16381,2024-05-29,3,1,0.0,48.0,21,Completed
510352,10342,2024-05-29,3,2,0.15,81.6,42,Completed
502744,13727,2024-05-29,9,1,0.1,55.8,28,Completed
507886,11691,2024-05-29,2,3,0.0,216.0,102,Completed
505483,11701,2024-05-29,3,2,0.1,86.4,42,Completed
502658,16332,2024-05-29,2,2,0.05,136.8,68,Completed
512640,10119,2024-05-29,5,1,0.0,95.0,43,Completed
511816,10292,2024-05-29,5,1,0.0,95.0,43,Completed
507188,10654,2024-05-29,10,1,0.0,110.0,54,Completed
517826,12262,2024-05-29,2,4,0.05,273.6,136,Completed
504309,10882,2024-05-29,9,1,0.05,58.9,28,Completed
503385,12545,2024-05-29,1,3,0.15,369.75,237,Completed
516818,14685,2024-05-29,3,1,0.0,48.0,21,Completed
504853,11820,2024-05-29,6,1,0.0,35.0,13,Completed
516595,11705,2024-05-29,3,1,0.1,43.2,21,Completed
500092,11211,2024-05-30,7,1,0.05,25.65,8,Completed
502796,10361,2024-05-30,5,2,0.1,171.0,86,Completed
506906,16577,2024-05-30,6,1,0.1,31.5,13,Completed
501207,10575,2024-05-30,10,3,0.1,297.0,162,Completed
512121,13598,2024-05-30,7,2,0.0,54.0,16,Completed
517298,17939,2024-05-30,4,1,0.0,280.0,155,Completed
512653,13787,2024-05-30,7,1,0.05,25.65,8,Completed
514976,11738,2024-05-30,1,1,0.1,130.5,79,Completed
505659,17363,2024-05-30,9,2,0.15,105.4,56,Completed
507597,12685,2024-05-30,1,2,0.05,275.5,158,Completed
517794,10523,2024-05-30,10,1,0.0,110.0,54,Completed
506571,14372,2024-05-30,4,1,0.1,252.0,155,Completed
512137,11963,2024-05-30,8,1,0.05,83.6,39,Completed
500887,18123,2024-05-30,3,3,0.0,144.0,63,Completed
514796,17985,2024-05-30,9,1,0.05,58.9,28,Completed
507760,13383,2024-05-30,3,3,0.05,136.8,63,Completed
502883,16843,2024-05-30,10,2,0.0,220.0,108,Completed
516681,15926,2024-05-30,5,1,0.0,95.0,43,Cancelled
501731,17288,2024-05-30,9,1,0.1,55.8,28,Completed
512533,10257,2024-05-30,8,1,0.05,83.6,39,Completed
508506,14007,2024-05-30,9,2,0.0,124.0,56,Completed
515154,13286,2024-05-30,9,1,0.1,55.8,28,Completed
500009,11073,2024-05-30,7,2,0.0,54.0,16,Completed
515363,11281,2024-05-30,5,1,0.2,76.0,43,Completed
512385,17207,2024-05-30,9,2,0.05,117.8,56,Completed
504804,10473,2024-05-30,5,1,0.0,95.0,43,Completed
514653,10853,2024-05-30,2,1,0.15,61.2,34,Completed
514739,12319,2024-05-30,10,1,0.1,99.0,54,Completed
501914,14374,2024-05-30,6,2,0.05,66.5,26,Completed
502954,10381,2024-05-30,5,2,0.0,190.0,86,Completed
505631,10669,2024-05-31,1,2,0.05,275.5,158,Completed
512860,10878,2024-05-31,7,1,0.1,24.3,8,Completed
516560,10509,2024-05-31,1,1,0.05,137.75,79,Cancelled
506386,17634,2024-05-31,7,2,0.0,54.0,16,Completed
503615,12449,2024-05-31,3,2,0.1,86.4,42,Completed
508244,18460,2024-05-31,5,1,0.05,90.25,43,Completed
516592,10441,2024-05-31,9,1,0.1,55.8,28,Completed
509347,13257,2024-05-31,2,1,0.1,64.8,34,Completed
517918,14519,2024-05-31,2,1,0.2,57.6,34,Completed
501138,14391,2024-05-31,6,1,0.0,35.0,13,Completed
501396,18388,2024-05-31,7,1,0.0,27.0,8,Completed
506993,11637,2024-05-31,3,1,0.0,48.0,21,Completed
508983,10591,2024-05-31,9,1,0.0,62.0,28,Completed
500514,10435,2024-05-31,2,2,0.05,136.8,68,Completed
512620,12300,2024-05-31,6,2,0.0,70.0,26,Completed
502546,14521,2024-05-31,9,1,0.0,62.0,28,Completed
508881,13773,2024-05-31,3,3,0.0,144.0,63,Completed
507461,11567,2024-05-31,6,1,0.05,33.25,13,Completed
504806,10201,2024-05-31,9,1,0.0,62.0,28,Completed
501967,11860,2024-05-31,8,1,0.0,88.0,39,Completed
509579,10065,2024-05-31,1,1,0.0,145.0,79,Completed
513257,12743,2024-05-31,9,1,0.0,62.0,28,Completed
509314,13573,2024-05-31,9,2,0.0,124.0,56,Completed
512263,12006,2024-05-31,6,2,0.1,63.0,26,Completed
502573,12101,2024-05-31,10,1,0.05,104.5,54,Completed
511186,16889,2024-06-01,9,2,0.1,111.6,56,Cancelled
517984,11713,2024-06-01,5,1,0.0,95.0,43,Completed
513067,18343,2024-06-01,5,1,0.1,85.5,43,Completed
501294,11678,2024-06-01,7,1,0.0,27.0,8,Completed
501381,13469,2024-06-01,7,1,0.0,27.0,8,Completed
510570,12562,2024-06-01,6,2,0.1,63.0,26,Completed
510293,14493,2024-06-01,8,1,0.2,70.4,39,Completed
501643,13329,2024-06-01,10,1,0.0,110.0,54,Completed
513321,13662,2024-06-01,3,1,0.0,48.0,21,Completed
508308,12111,2024-06-01,2,1,0.05,68.4,34,Completed
505752,12280,2024-06-01,5,1,0.0,95.0,43,Completed
504275,10263,2024-06-01,6,2,0.0,70.0,26,Completed
509860,10369,2024-06-01,7,1,0.05,25.65,8,Completed
504992,17459,2024-06-01,10,2,0.05,209.0,108,Completed
503558,11274,2024-06-01,3,2,0.0,96.0,42,Completed
513737,13977,2024-06-01,5,1,0.05,90.25,43,Completed
506888,11561,2024-06-01,2,2,0.0,144.0,68,Completed
515719,13994,2024-06-01,3,1,0.0,48.0,21,Completed
502536,14601,2024-06-01,10,1,0.05,104.5,54,Completed
507926,11713,2024-06-01,3,4,0.0,192.0,84,Completed
503706,14118,2024-06-01,4,1,0.1,252.0,155,Completed
506617,12431,2024-06-01,7,2,0.05,51.3,16,Returned
514714,15011,2024-06-01,5,1,0.1,85.5,43,Completed
502281,14858,2024-06-01,2,1,0.0,72.0,34,Completed
515663,13439,2024-06-01,8,1,0.1,79.2,39,Returned
513909,14515,2024-06-01,3,1,0.2,38.4,21,Completed
502973,15963,2024-06-01,6,1,0.0,35.0,13,Completed
507039,14511,2024-06-01,2,1,0.0,72.0,34,Completed
507647,13033,2024-06-02,3,1,0.05,45.6,21,Completed
505018,13305,2024-06-02,2,2,0.05,136.8,68,Completed
509443,10772,2024-06-02,10,1,0.0,110.0,54,Completed
506705,11749,2024-06-02,5,2,0.1,171.0,86,Completed
513559,13111,2024-06-02,7,1,0.05,25.65,8,Completed
505935,10922,2024-06-02,1,2,0.05,275.5,158,Completed
507302,10824,2024-06-02,9,1,0.0,62.0,28,Completed
503409,11944,2024-06-02,6,1,0.0,35.0,13,Returned
506704,15374,2024-06-02,9,2,0.0,124.0,56,Completed
516496,14063,2024-06-02,4,1,0.0,280.0,155,Completed
510180,15303,2024-06-02,6,3,0.0,105.0,39,Completed
503200,17839,2024-06-02,1,1,0.15,123.25,79,Completed
510630,14172,2024-06-02,3,2,0.0,96.0,42,Completed
507943,14728,2024-06-02,10,1,0.1,99.0,54,Completed
503131,13406,2024-06-02,2,1,0.0,72.0,34,Completed
512881,10042,2024-06-02,9,1,0.0,62.0,28,Completed
517817,11345,2024-06-02,5,1,0.0,95.0,43,Completed
517978,12186,2024-06-02,8,1,0.1,79.2,39,Completed
507609,14863,2024-06-02,2,1,0.0,72.0,34,Completed
505452,11054,2024-06-02,3,1,0.05,45.6,21,Completed
507901,17749,2024-06-02,7,3,0.1,72.9,24,Completed
511969,14348,2024-06-02,9,2,0.05,117.8,56,Completed
502263,12959,2024-06-02,10,1,0.0,110.0,54,Completed
512040,11187,2024-06-02,2,2,0.0,144.0,68,Completed
516789,11390,2024-06-02,6,1,0.1,31.5,13,Completed
513010,13982,2024-06-02,2,1,0.15,61.2,34,Completed
513688,11717,2024-06-02,1,1,0.05,137.75,79,Completed
516350,11533,2024-06-02,9,2,0.05,117.8,56,Completed
504870,13072,2024-06-02,7,1,0.05,25.65,8,Completed
503653,10367,2024-06-02,3,2,0.0,96.0,42,Cancelled
503730,15888,2024-06-02,9,1,0.0,62.0,28,Completed
511436,14387,2024-06-02,4,4,0.2,896.0,620,Completed
500337,13209,2024-06-02,1,1,0.0,145.0,79,Completed
508482,11629,2024-06-02,5,4,0.1,342.0,172,Completed
502535,14060,2024-06-02,6,1,0.0,35.0,13,Completed
512320,15352,2024-06-02,7,1,0.05,25.65,8,Completed
501233,14445,2024-06-03,9,1,0.15,52.7,28,Completed
517608,11156,2024-06-03,6,3,0.1,94.5,39,Completed
513410,14208,2024-06-03,7,1,0.1,24.3,8,Completed
503083,17182,2024-06-03,9,1,0.1,55.8,28,Completed
507098,12127,2024-06-03,5,1,0.0,95.0,43,Completed
509217,14518,2024-06-03,4,1,0.0,280.0,155,Cancelled
517145,11543,2024-06-03,6,2,0.1,63.0,26,Completed
511040,17101,2024-06-03,6,1,0.0,35.0,13,Completed
517815,15684,2024-06-03,10,2,0.15,187.0,108,Completed
510691,12017,2024-06-03,3,1,0.0,48.0,21,Completed
503694,10024,2024-06-03,2,1,0.0,72.0,34,Completed
515807,10010,2024-06-03,2,2,0.15,122.4,68,Completed
508696,15838,2024-06-03,9,1,0.0,62.0,28,Completed
514888,11164,2024-06-03,9,1,0.05,58.9,28,Cancelled
501211,14438,2024-06-03,9,2,0.0,124.0,56,Completed
501369,10066,2024-06-03,10,1,0.1,99.0,54,Completed
510559,13325,2024-06-03,6,1,0.0,35.0,13,Completed
516184,10764,2024-06-03,7,2,0.0,54.0,16,Completed
512190,17244,2024-06-03,4,1,0.05,266.0,155,Completed
505474,11012,2024-06-03,3,4,0.1,172.8,84,Returned
507861,18055,2024-06-03,1,1,0.15,123.25,79,Completed
507786,12854,2024-06-03,7,1,0.2,21.6,8,Completed
503648,17542,2024-06-03,5,4,0.05,361.0,172,Completed
504672,12692,2024-06-03,9,1,0.1,55.8,28,Completed
506342,14516,2024-06-03,8,1,0.1,79.2,39,Completed
510103,11865,2024-06-03,6,1,0.05,33.25,13,Completed
512961,12049,2024-06-03,6,3,0.0,105.0,39,Completed
506725,15014,2024-06-04,6,3,0.2,84.0,39,Completed
510195,10515,2024-06-04,10,1,0.05,104.5,54,Completed
509713,14407,2024-06-04,5,1,0.1,85.5,43,Completed
511810,17676,2024-06-04,5,3,0.1,256.5,129,Completed
502300,12084,2024-06-04,5,1,0.0,95.0,43,Completed
513728,10726,2024-06-04,8,2,0.0,176.0,78,Completed
501589,10039,2024-06-04,4,3,0.05,798.0,465,Completed
502251,12306,2024-06-04,1,1,0.0,145.0,79,Completed
509931,13725,2024-06-04,10,1,0.0,110.0,54,Returned
503633,15699,2024-06-04,1,2,0.0,290.0,158,Completed
515893,17451,2024-06-04,3,1,0.1,43.2,21,Completed
506509,13930,2024-06-04,6,2,0.1,63.0,26,Completed
509512,15649,2024-06-04,6,2,0.0,70.0,26,Completed
505736,11130,2024-06-04,3,1,0.0,48.0,21,Completed
500644,10247,2024-06-04,2,1,0.0,72.0,34,Returned
506250,12854,2024-06-04,7,1,0.0,27.0,8,Cancelled
515357,10981,2024-06-04,3,2,0.05,91.2,42,Completed
510416,12139,2024-06-04,5,1,0.05,90.25,43,Completed
514617,13297,2024-06-04,9,1,0.0,62.0,28,Completed
500138,15156,2024-06-04,5,1,0.0,95.0,43,Completed
509196,18196,2024-06-04,10,1,0.0,110.0,54,Completed
504347,14615,2024-06-04,10,1,0.1,99.0,54,Completed
501137,13534,2024-06-04,8,2,0.05,167.2,78,Completed
512774,14257,2024-06-04,10,1,0.0,110.0,54,Completed
509859,11082,2024-06-04,3,1,0.05,45.6,21,Completed
501455,15348,2024-06-05,8,1,0.1,79.2,39,Completed
505422,13528,2024-06-05,3,4,0.15,163.2,84,Completed
517466,12866,2024-06-05,8,1,0.0,88.0,39,Completed
514903,13710,2024-06-05,9,1,0.0,62.0,28,Completed
512943,12924,2024-06-05,7,1,0.15,22.95,8,Completed
506741,13461,2024-06-05,1,1,0.0,145.0,79,Completed
512388,12355,2024-06-05,10,1,0.05,104.5,54,Completed
513223,10885,2024-06-05,6,2,0.0,70.0,26,Completed
510819,11261,2024-06-05,5,1,0.0,95.0,43,Completed
509926,12445,2024-06-05,2,3,0.05,205.2,102,Completed
503027,17820,2024-06-05,10,1,0.0,110.0,54,Completed
504041,14087,2024-06-05,1,1,0.1,130.5,79,Completed
509283,18021,2024-06-05,3,1,0.0,48.0,21,Completed
505510,10474,2024-06-05,2,1,0.05,68.4,34,Completed
513570,13439,2024-06-05,5,3,0.0,285.0,129,Completed
509694,11158,2024-06-05,6,3,0.0,105.0,39,Completed
516980,12482,2024-06-05,3,1,0.05,45.6,21,Completed
512874,10834,2024-06-05,4,2,0.05,532.0,310,Completed
501201,11370,2024-06-05,6,2,0.05,66.5,26,Completed
514058,11581,2024-06-05,8,1,0.05,83.6,39,Completed
509161,14780,2024-06-05,4,1,0.05,266.0,155,Returned
501292,15782,2024-06-05,5,1,0.0,95.0,43,Completed
511562,12773,2024-06-05,5,1,0.1,85.5,43,Completed
508036,15113,2024-06-05,6,1,0.0,35.0,13,Completed
501804,16616,2024-06-05,9,2,0.0,124.0,56,Completed
513785,17152,2024-06-05,5,1,0.05,90.25,43,Completed
513463,13043,2024-06-06,3,1,0.05,45.6,21,Completed
504817,12163,2024-06-06,1,2,0.0,290.0,158,Completed
502017,13420,2024-06-06,9,1,0.05,58.9,28,Completed
517455,17185,2024-06-06,9,3,0.05,176.7,84,Completed
507908,17542,2024-06-06,9,1,0.2,49.6,28,Completed
504032,17591,2024-06-06,4,1,0.0,280.0,155,Completed
505233,16771,2024-06-06,3,1,0.15,40.8,21,Completed
512882,14874,2024-06-06,1,3,0.1,391.5,237,Completed
506108,15635,2024-06-06,1,1,0.05,137.75,79,Completed
514673,13888,2024-06-06,5,2,0.0,190.0,86,Completed
515561,13594,2024-06-06,9,4,0.05,235.6,112,Completed
509851,18356,2024-06-06,7,2,0.1,48.6,16,Completed
503482,16215,2024-06-06,1,1,0.1,130.5,79,Completed
514646,11177,2024-06-06,7,2,0.0,54.0,16,Completed
514857,11757,2024-06-06,8,3,0.05,250.8,117,Returned
517254,16301,2024-06-06,9,3,0.05,176.7,84,Completed
500742,10698,2024-06-06,3,2,0.0,96.0,42,Completed
517946,11140,2024-06-06,9,1,0.1,55.8,28,Returned
509073,10358,2024-06-06,8,1,0.05,83.6,39,Returned
513470,10888,2024-06-06,5,3,0.05,270.75,129,Completed
511303,12204,2024-06-06,9,1,0.0,62.0,28,Completed
507751,15159,2024-06-06,1,1,0.15,123.25,79,Completed
504515,15931,2024-06-06,7,1,0.15,22.95,8,Completed
502171,10597,2024-06-06,1,1,0.1,130.5,79,Completed
509708,13579,2024-06-07,9,2,0.2,99.2,56,Completed
514808,11524,2024-06-07,3,2,0.05,91.2,42,Completed
503626,16976,2024-06-07,3,2,0.1,86.4,42,Completed
505771,12646,2024-06-07,9,1,0.0,62.0,28,Completed
500853,17458,2024-06-07,5,1,0.0,95.0,43,Completed
509131,11335,2024-06-07,9,1,0.05,58.9,28,Completed
505711,14233,2024-06-07,3,1,0.05,45.6,21,Completed
511547,15577,2024-06-07,7,1,0.15,22.95,8,Completed
516057,14595,2024-06-07,7,1,0.05,25.65,8,Completed
512659,13547,2024-06-07,1,1,0.05,137.75,79,Completed
517060,12808,2024-06-07,8,2,0.0,176.0,78,Completed
505997,11382,2024-06-07,3,1,0.05,45.6,21,Returned
509640,15202,2024-06-07,1,1,0.0,145.0,79,Cancelled
502792,12252,2024-06-07,3,2,0.1,86.4,42,Returned
500291,15196,2024-06-07,1,1,0.05,137.75,79,Completed
516351,12783,2024-06-07,7,2,0.05,51.3,16,Completed
513038,12527,2024-06-07,9,1,0.0,62.0,28,Completed
513267,17966,2024-06-08,3,3,0.15,122.4,63,Completed
514641,17037,2024-06-08,5,1,0.0,95.0,43,Completed
501771,15747,2024-06-08,4,1,0.0,280.0,155,Completed
512212,11280,2024-06-08,8,1,0.1,79.2,39,Completed
513553,15222,2024-06-08,3,2,0.0,96.0,42,Completed
514170,17613,2024-06-08,7,2,0.0,54.0,16,Completed
507265,12956,2024-06-08,1,2,0.0,290.0,158,Completed
514438,14794,2024-06-08,4,1,0.0,280.0,155,Completed
502598,10213,2024-06-08,2,2,0.1,129.6,68,Completed
511921,16296,2024-06-08,10,3,0.1,297.0,162,Cancelled
505300,16172,2024-06-08,7,2,0.05,51.3,16,Completed
503603,10617,2024-06-08,3,3,0.05,136.8,63,Returned
513120,15836,2024-06-08,4,2,0.05,532.0,310,Completed
505741,12381,2024-06-08,8,3,0.0,264.0,117,Returned
502686,13180,2024-06-08,9,1,0.0,62.0,28,Completed
515688,17663,2024-06-08,2,1,0.0,72.0,34,Completed
516886,11689,2024-06-08,5,3,0.15,242.25,129,Cancelled
511840,14159,2024-06-08,5,1,0.05,90.25,43,Completed
510851,10936,2024-06-08,3,1,0.15,40.8,21,Completed
516117,15230,2024-06-08,2,1,0.0,72.0,34,Completed
509547,16793,2024-06-08,10,3,0.05,313.5,162,Completed
512514,14724,2024-06-08,7,1,0.1,24.3,8,Completed
512100,10404,2024-06-08,6,2,0.0,70.0,26,Completed
504389,10218,2024-06-08,8,4,0.05,334.4,156,Completed
506773,10136,2024-06-08,8,1,0.05,83.6,39,Completed
515850,12785,2024-06-08,9,4,0.1,223.2,112,Completed
508842,14850,2024-06-08,10,2,0.1,198.0,108,Completed
503896,12633,2024-06-08,3,2,0.0,96.0,42,Completed
515526,10595,2024-06-09,1,1,0.1,130.5,79,Completed
509278,16692,2024-06-09,1,1,0.0,145.0,79,Completed
500156,10276,2024-06-09,4,3,0.1,756.0,465,Returned
508645,12706,2024-06-09,3,1,0.1,43.2,21,Completed
512936,14309,2024-06-09,1,1,0.0,145.0,79,Completed
502590,10009,2024-06-09,6,1,0.05,33.25,13,Completed
512839,12795,2024-06-09,2,1,0.2,57.6,34,Returned
500752,12126,2024-06-09,3,2,0.1,86.4,42,Completed
511205,15509,2024-06-09,7,1,0.0,27.0,8,Cancelled
513545,11589,2024-06-09,2,4,0.05,273.6,136,Completed
503630,11335,2024-06-09,5,3,0.0,285.0,129,Completed
512787,13726,2024-06-09,6,2,0.2,56.0,26,Completed
504595,16580,2024-06-09,5,3,0.0,285.0,129,Cancelled
506160,17207,2024-06-09,8,1,0.1,79.2,39,Completed
515643,12482,2024-06-09,4,1,0.0,280.0,155,Completed
507729,12034,2024-06-09,7,1,0.0,27.0,8,Completed
517513,11347,2024-06-09,6,1,0.0,35.0,13,Completed
501394,17845,2024-06-09,8,3,0.1,237.6,117,Completed
502319,10405,2024-06-09,7,1,0.1,24.3,8,Completed
511022,14860,2024-06-09,3,2,0.05,91.2,42,Completed
517943,15088,2024-06-09,2,1,0.0,72.0,34,Completed
503689,15290,2024-06-09,5,1,0.05,90.25,43,Completed
513583,10749,2024-06-09,1,1,0.15,123.25,79,Completed
500758,17623,2024-06-09,7,3,0.1,72.9,24,Completed
509843,14736,2024-06-10,8,1,0.05,83.6,39,Completed
507151,14749,2024-06-10,7,1,0.05,25.65,8,Completed
512368,11021,2024-06-10,1,1,0.2,116.0,79,Completed
512959,12622,2024-06-10,6,1,0.1,31.5,13,Completed
514140,13750,2024-06-10,7,4,0.0,108.0,32,Completed
509390,18305,2024-06-10,9,2,0.0,124.0,56,Completed
509714,14300,2024-06-10,9,2,0.0,124.0,56,Completed
515994,12807,2024-06-10,6,1,0.1,31.5,13,Completed
517378,17243,2024-06-10,7,2,0.0,54.0,16,Completed
512175,12087,2024-06-10,3,1,0.15,40.8,21,Completed
505088,13331,2024-06-10,9,3,0.0,186.0,84,Completed
504790,17796,2024-06-10,7,2,0.05,51.3,16,Completed
507028,16689,2024-06-10,1,3,0.1,391.5,237,Completed
501573,12912,2024-06-10,5,1,0.0,95.0,43,Completed
507548,11941,2024-06-10,10,1,0.0,110.0,54,Completed
513276,12395,2024-06-10,6,1,0.0,35.0,13,Completed
508774,18154,2024-06-10,7,2,0.0,54.0,16,Returned
512023,11624,2024-06-10,5,3,0.15,242.25,129,Completed
508927,16275,2024-06-10,10,3,0.05,313.5,162,Completed
507744,14514,2024-06-10,5,3,0.0,285.0,129,Completed
513807,15479,2024-06-10,8,2,0.05,167.2,78,Completed
516688,10548,2024-06-10,7,1,0.0,27.0,8,Completed
515499,14419,2024-06-10,7,1,0.0,27.0,8,Completed
505832,12263,2024-06-10,7,2,0.05,51.3,16,Completed
509294,13680,2024-06-11,10,2,0.0,220.0,108,Completed
506819,14361,2024-06-11,5,1,0.0,95.0,43,Completed
508725,10530,2024-06-11,10,2,0.1,198.0,108,Completed
510689,17974,2024-06-11,9,1,0.1,55.8,28,Completed
503613,16257,2024-06-11,5,2,0.15,161.5,86,Completed
501970,11902,2024-06-11,9,2,0.0,124.0,56,Completed
509607,13516,2024-06-11,9,1,0.0,62.0,28,Completed
507643,10242,2024-06-11,3,3,0.1,129.6,63,Completed
507092,15475,2024-06-11,10,2,0.05,209.0,108,Completed
502106,10219,2024-06-11,5,1,0.1,85.5,43,Completed
516105,15054,2024-06-11,1,1,0.05,137.75,79,Completed
511769,12871,2024-06-11,7,1,0.0,27.0,8,Completed
515005,15868,2024-06-11,8,1,0.05,83.6,39,Completed
512245,12754,2024-06-11,2,1,0.0,72.0,34,Completed
512602,12659,2024-06-11,3,1,0.1,43.2,21,Completed
515137,12853,2024-06-11,1,1,0.15,123.25,79,Completed
517318,12210,2024-06-11,5,1,0.0,95.0,43,Completed
502600,11747,2024-06-11,1,2,0.05,275.5,158,Completed
507460,14340,2024-06-11,3,1,0.0,48.0,21,Completed
509912,12493,2024-06-11,1,3,0.0,435.0,237,Returned
508632,10031,2024-06-11,1,1,0.0,145.0,79,Completed
503493,16133,2024-06-11,6,1,0.05,33.25,13,Completed
516924,16961,2024-06-12,5,1,0.0,95.0,43,Completed
509330,12966,2024-06-12,10,3,0.0,330.0,162,Completed
514111,13687,2024-06-12,9,1,0.15,52.7,28,Completed
502751,15666,2024-06-12,8,1,0.2,70.4,39,Completed
506470,14123,2024-06-12,1,1,0.1,130.5,79,Completed
514748,10505,2024-06-12,6,1,0.1,31.5,13,Completed
500106,10159,2024-06-12,6,1,0.0,35.0,13,Completed
515614,10753,2024-06-12,2,1,0.0,72.0,34,Cancelled
507612,13500,2024-06-12,3,2,0.0,96.0,42,Completed
515516,14167,2024-06-12,8,1,0.15,74.8,39,Completed
505486,15076,2024-06-12,5,1,0.05,90.25,43,Completed
504601,10656,2024-06-12,3,2,0.15,81.6,42,Completed
512494,17802,2024-06-12,3,2,0.2,76.8,42,Completed
500099,12678,2024-06-12,7,3,0.0,81.0,24,Completed
509940,14930,2024-06-12,7,1,0.1,24.3,8,Returned
512957,12450,2024-06-12,6,2,0.0,70.0,26,Completed
504472,16250,2024-06-12,2,3,0.0,216.0,102,Completed
512280,16825,2024-06-12,2,1,0.0,72.0,34,Completed
507138,13009,2024-06-12,1,1,0.0,145.0,79,Completed
508810,11897,2024-06-12,2,1,0.0,72.0,34,Completed
502565,13403,2024-06-12,7,1,0.0,27.0,8,Returned
505005,15843,2024-06-12,3,1,0.0,48.0,21,Cancelled
511898,11512,2024-06-12,8,2,0.0,176.0,78,Completed
503217,10276,2024-06-12,7,2,0.1,48.6,16,Completed
503999,10370,2024-06-12,8,3,0.0,264.0,117,Completed
510316,18138,2024-06-12,3,1,0.15,40.8,21,Completed
517539,18425,2024-06-12,5,1,0.05,90.25,43,Completed
505695,15533,2024-06-13,1,2,0.0,290.0,158,Completed
502789,16554,2024-06-13,5,1,0.15,80.75,43,Returned
512283,10216,2024-06-13,1,1,0.0,145.0,79,Completed
506868,15097,2024-06-13,6,1,0.05,33.25,13,Completed
512247,10371,2024-06-13,3,1,0.0,48.0,21,Completed
505761,14049,2024-06-13,1,1,0.0,145.0,79,Completed
513597,16822,2024-06-13,6,1,0.1,31.5,13,Completed
508375,12180,2024-06-13,3,4,0.15,163.2,84,Completed
500809,15070,2024-06-13,1,1,0.15,123.25,79,Completed
514823,16846,2024-06-13,3,1,0.0,48.0,21,Completed
509426,14546,2024-06-13,5,1,0.0,95.0,43,Completed
501320,12288,2024-06-13,9,1,0.0,62.0,28,Completed
511185,15478,2024-06-13,4,2,0.2,448.0,310,Completed
502900,14627,2024-06-13,8,1,0.0,88.0,39,Completed
503272,12103,2024-06-13,7,1,0.0,27.0,8,Completed
515648,14309,2024-06-13,10,1,0.1,99.0,54,Completed
512733,16700,2024-06-13,1,1,0.1,130.5,79,Completed
504731,15865,2024-06-13,6,2,0.15,59.5,26,Returned
507797,12741,2024-06-13,4,1,0.05,266.0,155,Completed
501796,17169,2024-06-13,5,2,0.0,190.0,86,Completed
505188,14122,2024-06-13,1,2,0.2,232.0,158,Returned
517211,13417,2024-06-14,1,3,0.0,435.0,237,Cancelled
510877,14442,2024-06-14,4,1,0.15,238.0,155,Completed
505026,17176,2024-06-14,7,1,0.15,22.95,8,Completed
504095,13164,2024-06-14,7,2,0.15,45.9,16,Completed
508233,15803,2024-06-14,9,3,0.0,186.0,84,Cancelled
502241,17037,2024-06-14,9,1,0.05,58.9,28,Completed
509333,11599,2024-06-14,9,2,0.0,124.0,56,Completed
512078,18233,2024-06-14,6,1,0.1,31.5,13,Completed
506595,12451,2024-06-14,5,2,0.05,180.5,86,Completed
511399,12695,2024-06-14,4,1,0.0,280.0,155,Completed
502702,10685,2024-06-14,5,4,0.05,361.0,172,Returned
512285,12368,2024-06-14,5,1,0.0,95.0,43,Completed
505174,11634,2024-06-14,8,1,0.05,83.6,39,Completed
514830,13589,2024-06-14,2,1,0.0,72.0,34,Cancelled
500797,12089,2024-06-14,8,1,0.0,88.0,39,Completed
513360,10811,2024-06-14,10,2,0.0,220.0,108,Completed
503889,15842,2024-06-14,1,1,0.15,123.25,79,Completed
511929,10029,2024-06-14,7,1,0.15,22.95,8,Completed
508730,10045,2024-06-14,3,1,0.05,45.6,21,Completed
504019,15178,2024-06-14,4,1,0.0,280.0,155,Completed
513900,14910,2024-06-14,1,2,0.05,275.5,158,Completed
514094,16601,2024-06-14,8,2,0.0,176.0,78,Completed
504593,16088,2024-06-14,1,1,0.1,130.5,79,Completed
512391,12540,2024-06-14,5,1,0.0,95.0,43,Completed
511688,12996,2024-06-14,4,3,0.0,840.0,465,Completed
513677,16603,2024-06-14,7,1,0.0,27.0,8,Completed
502072,11554,2024-06-14,7,1,0.15,22.95,8,Completed
507155,15999,2024-06-14,9,1,0.1,55.8,28,Completed
514880,12922,2024-06-14,1,1,0.15,123.25,79,Completed
513159,16552,2024-06-14,1,4,0.1,522.0,316,Returned
501618,14381,2024-06-14,10,2,0.0,220.0,108,Completed
503421,15417,2024-06-14,1,1,0.0,145.0,79,Completed
510766,15981,2024-06-14,7,2,0.0,54.0,16,Completed
511753,14877,2024-06-14,9,1,0.15,52.7,28,Returned
513490,11889,2024-06-15,7,2,0.0,54.0,16,Completed
505430,16314,2024-06-15,8,1,0.0,88.0,39,Completed
505566,11120,2024-06-15,2,3,0.0,216.0,102,Completed
515314,11334,2024-06-15,7,2,0.15,45.9,16,Completed
510990,10204,2024-06-15,5,1,0.1,85.5,43,Completed
516971,17557,2024-06-15,5,4,0.1,342.0,172,Completed
508692,11260,2024-06-15,5,1,0.05,90.25,43,Completed
512794,13227,2024-06-15,7,2,0.1,48.6,16,Completed
510648,13063,2024-06-15,9,2,0.0,124.0,56,Completed
516328,15190,2024-06-15,1,2,0.05,275.5,158,Completed
512478,12122,2024-06-15,9,1,0.15,52.7,28,Returned
517260,18499,2024-06-15,1,1,0.0,145.0,79,Completed
506985,16360,2024-06-15,5,1,0.1,85.5,43,Completed
502522,11113,2024-06-15,8,1,0.0,88.0,39,Completed
516012,12830,2024-06-15,3,2,0.0,96.0,42,Completed
507486,11580,2024-06-15,7,2,0.0,54.0,16,Completed
507568,14779,2024-06-15,8,1,0.1,79.2,39,Completed
504640,16165,2024-06-15,5,3,0.0,285.0,129,Completed
510413,10260,2024-06-15,10,1,0.0,110.0,54,Completed
511673,15052,2024-06-15,7,1,0.0,27.0,8,Completed
514099,10775,2024-06-15,7,1,0.05,25.65,8,Completed
504800,13127,2024-06-15,1,3,0.1,391.5,237,Completed
504795,13046,2024-06-15,2,2,0.0,144.0,68,Completed
517482,10584,2024-06-15,9,2,0.0,124.0,56,Completed
506652,12927,2024-06-15,3,1,0.0,48.0,21,Completed
507625,10065,2024-06-15,5,1,0.0,95.0,43,Completed
515764,15034,2024-06-15,9,3,0.0,186.0,84,Completed
509807,11241,2024-06-15,2,1,0.05,68.4,34,Returned
501350,14486,2024-06-15,1,1,0.05,137.75,79,Completed
503004,12851,2024-06-16,1,2,0.05,275.5,158,Completed
511865,10926,2024-06-16,1,2,0.2,232.0,158,Completed
505867,11551,2024-06-16,10,4,0.05,418.0,216,Completed
511257,18115,2024-06-16,7,2,0.05,51.3,16,Completed
506796,14510,2024-06-16,7,1,0.05,25.65,8,Completed
511126,10019,2024-06-16,6,3,0.0,105.0,39,Completed
515761,10564,2024-06-16,8,1,0.05,83.6,39,Completed
504109,14381,2024-06-16,10,2,0.15,187.0,108,Returned
504035,12775,2024-06-16,7,3,0.0,81.0,24,Completed
507557,10361,2024-06-16,10,1,0.0,110.0,54,Cancelled
511892,15119,2024-06-16,3,1,0.15,40.8,21,Completed
501327,12818,2024-06-16,9,2,0.15,105.4,56,Completed
505519,11629,2024-06-16,2,1,0.0,72.0,34,Completed
500735,10458,2024-06-16,9,1,0.15,52.7,28,Completed
514290,14519,2024-06-16,7,2,0.1,48.6,16,Completed
512253,13175,2024-06-16,3,1,0.05,45.6,21,Completed
517896,11995,2024-06-16,5,1,0.0,95.0,43,Completed
517108,17758,2024-06-16,3,1,0.15,40.8,21,Completed
503705,13617,2024-06-16,5,1,0.0,95.0,43,Completed
505665,17804,2024-06-16,1,2,0.0,290.0,158,Completed
517901,14357,2024-06-16,5,3,0.15,242.25,129,Completed
512328,12701,2024-06-16,1,1,0.0,145.0,79,Completed
513592,16188,2024-06-16,2,2,0.0,144.0,68,Completed
510638,13392,2024-06-16,9,1,0.05,58.9,28,Completed
502871,11098,2024-06-17,9,1,0.05,58.9,28,Completed
511851,11317,2024-06-17,5,2,0.2,152.0,86,Completed
509895,13525,2024-06-17,1,1,0.15,123.25,79,Completed
504741,15597,2024-06-17,2,1,0.0,72.0,34,Completed
515680,17018,2024-06-17,9,1,0.0,62.0,28,Completed
507725,11597,2024-06-17,3,1,0.0,48.0,21,Completed
515572,13848,2024-06-17,9,1,0.0,62.0,28,Cancelled
503193,10984,2024-06-17,5,1,0.0,95.0,43,Completed
511729,10001,2024-06-17,3,1,0.1,43.2,21,Completed
507862,12953,2024-06-17,9,1,0.0,62.0,28,Completed
517666,13850,2024-06-17,9,4,0.0,248.0,112,Completed
502637,14181,2024-06-17,7,1,0.2,21.6,8,Returned
500798,11530,2024-06-17,9,2,0.1,111.6,56,Completed
507190,13001,2024-06-17,4,1,0.1,252.0,155,Completed
503249,12687,2024-06-17,2,2,0.1,129.6,68,Completed
510509,14801,2024-06-17,4,1,0.05,266.0,155,Completed
512034,11528,2024-06-17,7,4,0.0,108.0,32,Completed
504365,17563,2024-06-17,9,2,0.0,124.0,56,Completed
501820,14338,2024-06-17,1,1,0.05,137.75,79,Completed
503305,18175,2024-06-17,5,2,0.05,180.5,86,Completed
503631,12394,2024-06-17,1,2,0.1,261.0,158,Completed
503240,10492,2024-06-18,1,1,0.2,116.0,79,Completed
512112,13100,2024-06-18,5,3,0.0,285.0,129,Completed
507212,11002,2024-06-18,8,2,0.15,149.6,78,Completed
513896,15935,2024-06-18,2,1,0.1,64.8,34,Completed
507902,15221,2024-06-18,1,1,0.0,145.0,79,Completed
502486,14892,2024-06-18,9,3,0.0,186.0,84,Completed
507600,12916,2024-06-18,5,1,0.1,85.5,43,Returned
500003,16454,2024-06-18,1,2,0.2,232.0,158,Completed
500176,13897,2024-06-18,1,2,0.0,290.0,158,Returned
500249,15253,2024-06-18,3,1,0.1,43.2,21,Cancelled
510178,12945,2024-06-18,7,2,0.2,43.2,16,Completed
500857,13408,2024-06-18,1,1,0.0,145.0,79,Completed
517212,16896,2024-06-18,2,1,0.0,72.0,34,Completed
509088,15851,2024-06-18,8,3,0.1,237.6,117,Completed
509056,10122,2024-06-18,1,1,0.1,130.5,79,Returned
507586,11864,2024-06-18,2,2,0.1,129.6,68,Completed
516755,14000,2024-06-18,7,1,0.05,25.65,8,Completed
508707,12347,2024-06-18,5,2,0.0,190.0,86,Completed
516617,13185,2024-06-18,1,1,0.05,137.75,79,Completed
502273,11373,2024-06-18,3,2,0.0,96.0,42,Completed
508159,12925,2024-06-18,1,2,0.0,290.0,158,Completed
511549,14943,2024-06-18,8,2,0.1,158.4,78,Completed
505827,18011,2024-06-18,4,4,0.2,896.0,620,Completed
515712,13832,2024-06-18,7,1,0.0,27.0,8,Completed
502904,16423,2024-06-18,5,2,0.15,161.5,86,Completed
501642,10617,2024-06-18,4,2,0.1,504.0,310,Completed
505974,14182,2024-06-18,3,1,0.0,48.0,21,Completed
509972,16568,2024-06-18,7,1,0.0,27.0,8,Completed
514718,11890,2024-06-18,5,3,0.0,285.0,129,Cancelled
514781,11731,2024-06-18,1,2,0.15,246.5,158,Completed
506798,10224,2024-06-18,7,1,0.15,22.95,8,Completed
504787,11992,2024-06-18,6,2,0.05,66.5,26,Completed
514596,16451,2024-06-18,5,2,0.1,171.0,86,Completed
504500,13308,2024-06-18,3,1,0.0,48.0,21,Completed
511255,13915,2024-06-19,10,2,0.0,220.0,108,Completed
515559,12516,2024-06-19,6,1,0.05,33.25,13,Returned
513838,16218,2024-06-19,9,1,0.15,52.7,28,Completed
502504,12959,2024-06-19,8,1,0.0,88.0,39,Cancelled
508584,12075,2024-06-19,9,3,0.15,158.1,84,Completed
509393,18179,2024-06-19,5,1,0.05,90.25,43,Completed
504077,11704,2024-06-19,7,2,0.15,45.9,16,Completed
500391,15665,2024-06-19,5,1,0.05,90.25,43,Completed
514200,14764,2024-06-19,5,1,0.1,85.5,43,Completed
515847,11297,2024-06-19,6,2,0.1,63.0,26,Completed
517362,14175,2024-06-19,7,1,0.0,27.0,8,Completed
515915,10263,2024-06-19,4,1,0.0,280.0,155,Completed
511793,10355,2024-06-19,8,1,0.1,79.2,39,Completed
507911,12753,2024-06-19,4,3,0.0,840.0,465,Completed
516473,13215,2024-06-19,5,4,0.0,380.0,172,Completed
508582,17619,2024-06-19,4,1,0.1,252.0,155,Completed
515355,15109,2024-06-19,6,3,0.15,89.25,39,Completed
517084,14178,2024-06-19,10,1,0.0,110.0,54,Completed
506462,12286,2024-06-19,3,1,0.0,48.0,21,Completed
506938,11241,2024-06-19,3,1,0.05,45.6,21,Completed
515707,10481,2024-06-19,2,3,0.05,205.2,102,Completed
505356,15790,2024-06-19,6,1,0.05,33.25,13,Completed
501227,14424,2024-06-19,8,1,0.0,88.0,39,Completed
509068,11984,2024-06-19,1,1,0.0,145.0,79,Returned
511206,13572,2024-06-19,9,1,0.0,62.0,28,Returned
509876,13268,2024-06-19,7,1,0.0,27.0,8,Completed
514911,16857,2024-06-19,3,2,0.0,96.0,42,Completed
501356,13769,2024-06-19,5,1,0.0,95.0,43,Completed
500674,17379,2024-06-20,7,1,0.0,27.0,8,Completed
517421,10868,2024-06-20,4,1,0.1,252.0,155,Completed
513192,17364,2024-06-20,9,1,0.0,62.0,28,Completed
516877,17993,2024-06-20,7,3,0.0,81.0,24,Completed
517203,10907,2024-06-20,5,2,0.0,190.0,86,Completed
510667,11955,2024-06-20,10,4,0.0,440.0,216,Completed
504505,14877,2024-06-20,6,2,0.0,70.0,26,Completed
503058,17089,2024-06-20,8,3,0.15,224.4,117,Completed
506350,17815,2024-06-20,10,1,0.05,104.5,54,Completed
504126,13175,2024-06-20,2,1,0.0,72.0,34,Completed
513371,13697,2024-06-20,10,3,0.0,330.0,162,Completed
501301,15522,2024-06-20,8,1,0.0,88.0,39,Completed
512035,16353,2024-06-20,1,1,0.15,123.25,79,Completed
508317,13756,2024-06-20,2,2,0.05,136.8,68,Completed
508611,10103,2024-06-20,4,2,0.05,532.0,310,Completed
515983,11472,2024-06-20,1,2,0.1,261.0,158,Completed
508655,13767,2024-06-20,1,2,0.2,232.0,158,Completed
514520,12918,2024-06-20,3,1,0.0,48.0,21,Completed
507301,11033,2024-06-20,2,2,0.0,144.0,68,Completed
511351,13562,2024-06-20,2,1,0.2,57.6,34,Completed
504721,11701,2024-06-20,6,3,0.1,94.5,39,Completed
500546,10987,2024-06-20,8,2,0.05,167.2,78,Completed
504241,15377,2024-06-20,4,2,0.05,532.0,310,Completed
515092,15079,2024-06-20,5,1,0.05,90.25,43,Completed
500562,10323,2024-06-20,1,1,0.0,145.0,79,Completed
502150,12480,2024-06-20,2,1,0.05,68.4,34,Completed
511026,13405,2024-06-20,7,4,0.05,102.6,32,Completed
517508,17991,2024-06-20,1,1,0.0,145.0,79,Completed
506215,18034,2024-06-20,6,1,0.0,35.0,13,Completed
515350,17812,2024-06-20,1,1,0.1,130.5,79,Completed
514602,14891,2024-06-21,1,1,0.0,145.0,79,Completed
500297,17693,2024-06-21,1,1,0.15,123.25,79,Completed
503599,17359,2024-06-21,6,1,0.1,31.5,13,Completed
507223,18396,2024-06-21,7,1,0.2,21.6,8,Completed
511112,15589,2024-06-21,8,1,0.05,83.6,39,Completed
501978,11838,2024-06-21,7,1,0.0,27.0,8,Completed
505837,17111,2024-06-21,3,2,0.0,96.0,42,Completed
512780,12573,2024-06-21,5,3,0.15,242.25,129,Completed
512152,14415,2024-06-21,5,1,0.2,76.0,43,Completed
510533,12968,2024-06-21,10,1,0.1,99.0,54,Returned
505926,12282,2024-06-21,9,3,0.0,186.0,84,Completed
508671,10298,2024-06-21,1,2,0.05,275.5,158,Completed
505159,14833,2024-06-21,9,3,0.1,167.4,84,Completed
502671,10651,2024-06-21,7,1,0.0,27.0,8,Cancelled
506298,11240,2024-06-21,5,2,0.0,190.0,86,Completed
514997,17613,2024-06-21,6,2,0.0,70.0,26,Completed
505823,15111,2024-06-21,3,1,0.05,45.6,21,Completed
511974,16119,2024-06-21,9,2,0.0,124.0,56,Completed
513646,15195,2024-06-21,10,1,0.05,104.5,54,Returned
507012,18042,2024-06-21,10,1,0.0,110.0,54,Completed
503188,10525,2024-06-21,7,1,0.0,27.0,8,Returned
514619,12835,2024-06-21,4,2,0.05,532.0,310,Completed
511664,18390,2024-06-21,1,1,0.0,145.0,79,Completed
506608,12630,2024-06-22,5,3,0.1,256.5,129,Completed
508467,10756,2024-06-22,9,1,0.0,62.0,28,Returned
516347,18411,2024-06-22,2,1,0.0,72.0,34,Completed
501363,12793,2024-06-22,3,1,0.1,43.2,21,Completed
505264,12525,2024-06-22,6,1,0.15,29.75,13,Completed
504210,18247,2024-06-22,5,2,0.0,190.0,86,Completed
505222,17910,2024-06-22,7,2,0.0,54.0,16,Completed
502202,10935,2024-06-22,4,2,0.0,560.0,310,Completed
513041,12179,2024-06-22,6,2,0.0,70.0,26,Completed
501491,13495,2024-06-22,4,1,0.0,280.0,155,Completed
506032,14934,2024-06-22,2,1,0.05,68.4,34,Completed
502639,15101,2024-06-22,8,1,0.2,70.4,39,Completed
515758,13541,2024-06-22,9,1,0.15,52.7,28,Completed
504388,13180,2024-06-22,6,1,0.1,31.5,13,Completed
502157,15205,2024-06-22,6,1,0.0,35.0,13,Completed
511785,10486,2024-06-22,3,2,0.05,91.2,42,Returned
517469,12256,2024-06-22,6,1,0.1,31.5,13,Completed
514793,17536,2024-06-22,3,1,0.05,45.6,21,Completed
504675,12630,2024-06-22,2,1,0.15,61.2,34,Completed
507198,11703,2024-06-22,7,2,0.0,54.0,16,Completed
510251,13471,2024-06-22,8,1,0.0,88.0,39,Completed
512613,10189,2024-06-22,9,1,0.0,62.0,28,Completed
517011,12606,2024-06-22,3,1,0.2,38.4,21,Completed
507498,12747,2024-06-22,3,4,0.0,192.0,84,Completed
513587,14273,2024-06-22,6,1,0.0,35.0,13,Completed
502956,17795,2024-06-22,1,1,0.05,137.75,79,Completed
502919,11230,2024-06-22,2,2,0.1,129.6,68,Completed
508084,15310,2024-06-23,8,1,0.05,83.6,39,Completed
516439,10743,2024-06-23,8,1,0.0,88.0,39,Completed
505608,11430,2024-06-23,6,1,0.0,35.0,13,Completed
507321,14184,2024-06-23,4,3,0.05,798.0,465,Cancelled
511386,12388,2024-06-23,10,1,0.0,110.0,54,Completed
501901,11361,2024-06-23,1,1,0.0,145.0,79,Completed
514459,10120,2024-06-23,3,2,0.05,91.2,42,Completed
514837,11707,2024-06-23,1,1,0.0,145.0,79,Completed
503939,17390,2024-06-23,8,1,0.05,83.6,39,Completed
509777,16942,2024-06-23,5,2,0.1,171.0,86,Completed
500741,10349,2024-06-23,1,2,0.1,261.0,158,Completed
505734,12643,2024-06-23,1,1,0.0,145.0,79,Completed
510808,11366,2024-06-23,8,1,0.05,83.6,39,Completed
508779,12126,2024-06-23,5,1,0.05,90.25,43,Returned
507865,16843,2024-06-23,6,1,0.15,29.75,13,Completed
508440,15743,2024-06-23,8,1,0.2,70.4,39,Completed
504755,14404,2024-06-23,10,4,0.0,440.0,216,Completed
510829,13634,2024-06-23,10,1,0.2,88.0,54,Completed
502818,11220,2024-06-23,10,1,0.0,110.0,54,Completed
503583,16083,2024-06-23,6,4,0.0,140.0,52,Returned
511311,11211,2024-06-23,5,1,0.0,95.0,43,Completed
501422,12616,2024-06-23,6,1,0.0,35.0,13,Completed
504087,10519,2024-06-23,4,1,0.0,280.0,155,Completed
514542,14542,2024-06-23,3,1,0.0,48.0,21,Completed
507549,12928,2024-06-23,1,1,0.05,137.75,79,Completed
507539,12374,2024-06-23,9,1,0.1,55.8,28,Completed
513063,13739,2024-06-23,4,3,0.0,840.0,465,Completed
507503,12400,2024-06-23,3,1,0.0,48.0,21,Completed
517782,11179,2024-06-23,3,1,0.1,43.2,21,Completed
511919,13459,2024-06-23,6,1,0.05,33.25,13,Completed
505783,13386,2024-06-24,5,3,0.0,285.0,129,Completed
507034,11186,2024-06-24,4,2,0.2,448.0,310,Completed
511287,17000,2024-06-24,8,4,0.05,334.4,156,Completed
515071,11887,2024-06-24,10,1,0.0,110.0,54,Completed
501897,12428,2024-06-24,8,1,0.0,88.0,39,Completed
508558,12285,2024-06-24,5,1,0.05,90.25,43,Completed
505321,12257,2024-06-24,9,2,0.15,105.4,56,Completed
508416,15485,2024-06-24,7,1,0.0,27.0,8,Completed
509756,15641,2024-06-24,9,1,0.0,62.0,28,Completed
512291,17747,2024-06-24,4,1,0.0,280.0,155,Completed
508639,15533,2024-06-24,3,1,0.0,48.0,21,Completed
509712,11007,2024-06-24,10,3,0.15,280.5,162,Completed
510778,12870,2024-06-24,10,1,0.0,110.0,54,Completed
508439,13616,2024-06-24,10,1,0.0,110.0,54,Completed
509187,18106,2024-06-24,4,1,0.1,252.0,155,Completed
504448,15286,2024-06-24,3,1,0.05,45.6,21,Completed
505897,18256,2024-06-24,1,1,0.15,123.25,79,Completed
504234,10219,2024-06-24,1,1,0.0,145.0,79,Completed
503981,17188,2024-06-24,3,1,0.1,43.2,21,Completed
513856,11652,2024-06-24,1,1,0.15,123.25,79,Completed
507438,16742,2024-06-24,4,2,0.0,560.0,310,Completed
513272,17683,2024-06-24,7,1,0.05,25.65,8,Completed
515967,16300,2024-06-24,3,1,0.05,45.6,21,Completed
512692,12712,2024-06-24,5,1,0.1,85.5,43,Completed
504395,12940,2024-06-24,9,2,0.05,117.8,56,Completed
514829,10827,2024-06-24,8,1,0.0,88.0,39,Completed
504926,11345,2024-06-24,8,1,0.0,88.0,39,Completed
502635,15998,2024-06-24,5,1,0.1,85.5,43,Completed
510336,11112,2024-06-25,8,2,0.0,176.0,78,Completed
505706,14590,2024-06-25,6,1,0.0,35.0,13,Returned
509767,10939,2024-06-25,7,1,0.05,25.65,8,Completed
501924,13370,2024-06-25,9,1,0.05,58.9,28,Completed
513450,10181,2024-06-25,1,1,0.2,116.0,79,Completed
504441,13000,2024-06-25,6,1,0.05,33.25,13,Completed
504756,11174,2024-06-25,4,3,0.1,756.0,465,Completed
504884,15336,2024-06-25,10,1,0.0,110.0,54,Completed
513630,14825,2024-06-25,2,2,0.2,115.2,68,Completed
504869,15342,2024-06-25,5,1,0.05,90.25,43,Completed
506035,11462,2024-06-25,2,1,0.1,64.8,34,Completed
516452,12275,2024-06-25,7,1,0.05,25.65,8,Completed
514069,18241,2024-06-25,7,3,0.0,81.0,24,Completed
504098,17753,2024-06-25,8,2,0.1,158.4,78,Completed
502313,12382,2024-06-25,7,1,0.2,21.6,8,Completed
515206,14391,2024-06-25,7,2,0.05,51.3,16,Cancelled
506618,16844,2024-06-25,2,2,0.0,144.0,68,Completed
506969,12392,2024-06-25,3,1,0.0,48.0,21,Completed
505293,13298,2024-06-25,3,4,0.0,192.0,84,Completed
511308,11097,2024-06-25,1,1,0.0,145.0,79,Completed
507880,11053,2024-06-25,5,1,0.15,80.75,43,Completed
502602,13232,2024-06-25,2,2,0.0,144.0,68,Completed
515838,11499,2024-06-25,9,1,0.0,62.0,28,Completed
502940,10788,2024-06-25,1,1,0.05,137.75,79,Cancelled
507983,14804,2024-06-25,8,1,0.05,83.6,39,Completed
514635,14593,2024-06-25,2,1,0.0,72.0,34,Completed
513261,17918,2024-06-26,10,1,0.0,110.0,54,Cancelled
504941,12933,2024-06-26,5,3,0.05,270.75,129,Completed
501406,15447,2024-06-26,2,1,0.05,68.4,34,Completed
509377,10696,2024-06-26,9,1,0.05,58.9,28,Completed
501694,13840,2024-06-26,7,1,0.0,27.0,8,Completed
515752,16445,2024-06-26,6,1,0.2,28.0,13,Completed
504135,14737,2024-06-26,6,1,0.1,31.5,13,Completed
515710,12453,2024-06-26,3,3,0.0,144.0,63,Completed
512813,17630,2024-06-26,5,1,0.1,85.5,43,Completed
510796,13697,2024-06-26,1,1,0.1,130.5,79,Completed
504484,10483,2024-06-26,8,2,0.15,149.6,78,Completed
514406,17023,2024-06-26,1,1,0.05,137.75,79,Completed
508433,13233,2024-06-26,9,1,0.0,62.0,28,Completed
504443,12462,2024-06-26,2,1,0.05,68.4,34,Completed
508953,17997,2024-06-26,5,1,0.1,85.5,43,Completed
512007,15502,2024-06-26,10,1,0.2,88.0,54,Completed
513815,15633,2024-06-26,5,1,0.05,90.25,43,Returned
514527,16947,2024-06-26,2,1,0.0,72.0,34,Completed
509922,10046,2024-06-26,7,2,0.1,48.6,16,Completed
516198,13883,2024-06-26,1,1,0.15,123.25,79,Completed
500169,12594,2024-06-26,7,2,0.1,48.6,16,Completed
512188,10721,2024-06-26,5,2,0.05,180.5,86,Completed
503548,14154,2024-06-26,9,1,0.0,62.0,28,Completed
516561,12047,2024-06-26,4,1,0.15,238.0,155,Completed
512141,11861,2024-06-26,10,1,0.0,110.0,54,Completed
501992,12475,2024-06-26,10,1,0.0,110.0,54,Completed
508030,13329,2024-06-26,4,1,0.15,238.0,155,Completed
509677,16145,2024-06-27,10,1,0.0,110.0,54,Completed
506450,16347,2024-06-27,4,1,0.1,252.0,155,Completed
500032,13208,2024-06-27,3,2,0.0,96.0,42,Completed
508702,10372,2024-06-27,10,1,0.15,93.5,54,Completed
508257,12686,2024-06-27,2,2,0.0,144.0,68,Completed
511222,11968,2024-06-27,2,1,0.0,72.0,34,Completed
500994,11347,2024-06-27,1,2,0.1,261.0,158,Completed
510834,17320,2024-06-27,10,1,0.0,110.0,54,Completed
508458,12224,2024-06-27,7,2,0.05,51.3,16,Completed
507345,12198,2024-06-27,2,2,0.0,144.0,68,Completed
503127,10768,2024-06-27,2,1,0.05,68.4,34,Completed
509032,13629,2024-06-27,6,1,0.05,33.25,13,Cancelled
506550,14930,2024-06-27,9,1,0.05,58.9,28,Cancelled
516911,15841,2024-06-27,4,2,0.1,504.0,310,Completed
511938,17752,2024-06-27,9,3,0.0,186.0,84,Completed
510472,12679,2024-06-27,6,1,0.05,33.25,13,Completed
501567,11091,2024-06-27,1,3,0.0,435.0,237,Completed
511262,18332,2024-06-27,8,1,0.2,70.4,39,Completed
516936,12273,2024-06-27,6,1,0.15,29.75,13,Completed
515830,10122,2024-06-27,7,1,0.05,25.65,8,Completed
505999,10428,2024-06-28,5,1,0.0,95.0,43,Completed
513920,10748,2024-06-28,10,1,0.05,104.5,54,Completed
517485,10277,2024-06-28,5,1,0.15,80.75,43,Completed
509730,12645,2024-06-28,9,1,0.15,52.7,28,Completed
503521,17630,2024-06-28,10,1,0.0,110.0,54,Completed
510456,11425,2024-06-28,6,1,0.2,28.0,13,Completed
505161,11931,2024-06-28,2,2,0.1,129.6,68,Completed
514271,11447,2024-06-28,3,2,0.0,96.0,42,Completed
507332,12646,2024-06-28,7,1,0.0,27.0,8,Completed
509484,11791,2024-06-28,1,1,0.0,145.0,79,Completed
503849,11925,2024-06-28,5,1,0.0,95.0,43,Completed
508422,14547,2024-06-28,7,4,0.0,108.0,32,Completed
512572,17054,2024-06-28,7,1,0.0,27.0,8,Completed
512696,18129,2024-06-28,8,1,0.05,83.6,39,Returned
502254,12440,2024-06-28,10,1,0.0,110.0,54,Completed
516798,13451,2024-06-28,7,1,0.0,27.0,8,Completed
516630,11442,2024-06-28,5,1,0.2,76.0,43,Completed
501560,13157,2024-06-28,5,1,0.0,95.0,43,Completed
504997,11950,2024-06-28,8,1,0.0,88.0,39,Completed
508279,17772,2024-06-28,6,1,0.0,35.0,13,Completed
509046,11202,2024-06-28,1,1,0.0,145.0,79,Completed
508037,15779,2024-06-28,4,1,0.05,266.0,155,Returned
515674,17161,2024-06-28,7,4,0.15,91.8,32,Completed
507277,10510,2024-06-29,9,1,0.1,55.8,28,Completed
504073,14856,2024-06-29,7,1,0.0,27.0,8,Completed
515997,10307,2024-06-29,5,1,0.0,95.0,43,Completed
515001,18404,2024-06-29,3,3,0.0,144.0,63,Completed
508726,10578,2024-06-29,5,1,0.1,85.5,43,Returned
514886,12324,2024-06-29,1,1,0.1,130.5,79,Completed
515271,18030,2024-06-29,5,3,0.05,270.75,129,Completed
512022,15497,2024-06-29,1,4,0.0,580.0,316,Returned
514811,12717,2024-06-29,3,1,0.2,38.4,21,Completed
502633,10786,2024-06-29,7,1,0.2,21.6,8,Cancelled
517735,10299,2024-06-29,6,3,0.05,99.75,39,Completed
517515,11142,2024-06-29,6,2,0.05,66.5,26,Completed
500682,13577,2024-06-29,10,3,0.1,297.0,162,Completed
503357,15813,2024-06-29,3,1,0.0,48.0,21,Completed
513923,17502,2024-06-29,8,1,0.1,79.2,39,Completed
500980,17397,2024-06-29,10,1,0.0,110.0,54,Completed
517304,13929,2024-06-29,10,1,0.0,110.0,54,Completed
512631,13458,2024-06-29,1,1,0.05,137.75,79,Completed
504793,16295,2024-06-29,9,2,0.0,124.0,56,Completed
500094,13607,2024-06-29,8,2,0.0,176.0,78,Completed
501416,16729,2024-06-29,6,1,0.1,31.5,13,Completed
500931,17852,2024-06-29,7,1,0.15,22.95,8,Completed
506918,12675,2024-06-29,2,2,0.15,122.4,68,Completed
503063,12620,2024-06-29,1,1,0.0,145.0,79,Completed
513420,13946,2024-06-29,8,1,0.05,83.6,39,Completed
500076,15855,2024-06-29,5,3,0.0,285.0,129,Completed
517961,11594,2024-06-29,7,2,0.2,43.2,16,Completed
513324,12482,2024-06-30,8,1,0.2,70.4,39,Returned
509720,12344,2024-06-30,3,2,0.0,96.0,42,Cancelled
508178,16812,2024-06-30,8,1,0.15,74.8,39,Completed
502427,14895,2024-06-30,3,1,0.0,48.0,21,Completed
506965,14559,2024-06-30,2,1,0.0,72.0,34,Completed
502156,12300,2024-06-30,2,2,0.0,144.0,68,Completed
506867,10385,2024-06-30,5,2,0.0,190.0,86,Completed
509764,11093,2024-06-30,6,1,0.05,33.25,13,Completed
503623,15338,2024-06-30,8,3,0.05,250.8,117,Completed
510133,11260,2024-06-30,2,1,0.0,72.0,34,Completed
500232,15709,2024-06-30,7,2,0.0,54.0,16,Cancelled
513467,17297,2024-06-30,7,1,0.1,24.3,8,Completed
506463,16483,2024-06-30,7,1,0.15,22.95,8,Completed
506987,15664,2024-06-30,10,2,0.05,209.0,108,Completed
514648,16512,2024-06-30,7,2,0.05,51.3,16,Completed
501722,12582,2024-06-30,1,1,0.0,145.0,79,Completed
515529,14968,2024-06-30,5,1,0.2,76.0,43,Cancelled
514733,16637,2024-06-30,3,2,0.15,81.6,42,Completed
511618,10164,2024-06-30,1,1,0.05,137.75,79,Completed
513552,10160,2024-06-30,6,1,0.0,35.0,13,Completed
504990,14014,2024-06-30,9,4,0.15,210.8,112,Completed
500730,11376,2024-06-30,7,2,0.2,43.2,16,Completed
513080,15868,2024-06-30,5,1,0.0,95.0,43,Completed
514353,15157,2024-06-30,5,2,0.0,190.0,86,Completed
505259,14228,2024-06-30,3,3,0.1,129.6,63,Returned
515406,12233,2024-06-30,2,2,0.0,144.0,68,Completed
512759,11906,2024-06-30,8,1,0.05,83.6,39,Completed
502993,11673,2024-06-30,6,1,0.05,33.25,13,Completed
513882,15935,2024-06-30,1,1,0.0,145.0,79,Completed
502620,13951,2024-06-30,9,3,0.0,186.0,84,Completed
511857,10157,2024-06-30,6,3,0.05,99.75,39,Completed
510409,10076,2024-06-30,7,4,0.15,91.8,32,Completed
504203,12927,2024-07-01,8,2,0.2,140.8,78,Completed
503087,10722,2024-07-01,1,1,0.0,145.0,79,Completed
502945,12628,2024-07-01,2,1,0.1,64.8,34,Completed
504694,10701,2024-07-01,8,2,0.1,158.4,78,Completed
517893,15703,2024-07-01,1,1,0.05,137.75,79,Completed
515479,10597,2024-07-01,9,1,0.1,55.8,28,Completed
503534,12091,2024-07-01,9,1,0.0,62.0,28,Completed
515904,12086,2024-07-01,7,1,0.0,27.0,8,Completed
514909,13635,2024-07-01,9,1,0.15,52.7,28,Completed
514908,17342,2024-07-01,7,1,0.15,22.95,8,Completed
513738,10773,2024-07-01,1,2,0.0,290.0,158,Completed
504539,15511,2024-07-01,8,4,0.05,334.4,156,Completed
504051,14422,2024-07-01,7,1,0.05,25.65,8,Completed
500001,11343,2024-07-01,3,1,0.0,48.0,21,Returned
506072,13871,2024-07-01,9,1,0.15,52.7,28,Completed
511797,10099,2024-07-01,2,1,0.05,68.4,34,Completed
510807,11657,2024-07-01,3,1,0.2,38.4,21,Completed
511625,10945,2024-07-01,10,1,0.05,104.5,54,Completed
508181,11036,2024-07-01,2,3,0.15,183.6,102,Completed
512187,17783,2024-07-01,8,2,0.0,176.0,78,Completed
512086,11479,2024-07-02,9,2,0.0,124.0,56,Completed
505189,17132,2024-07-02,2,1,0.1,64.8,34,Completed
514096,14610,2024-07-02,7,1,0.15,22.95,8,Completed
516190,11414,2024-07-02,4,1,0.05,266.0,155,Completed
512016,13312,2024-07-02,2,1,0.0,72.0,34,Cancelled
508840,13570,2024-07-02,3,2,0.0,96.0,42,Completed
516740,16391,2024-07-02,5,2,0.1,171.0,86,Completed
505797,12728,2024-07-02,9,1,0.0,62.0,28,Returned
502120,10251,2024-07-02,5,2,0.2,152.0,86,Completed
513349,10720,2024-07-02,5,2,0.0,190.0,86,Completed
517194,10586,2024-07-02,6,1,0.0,35.0,13,Completed
501746,12500,2024-07-02,9,1,0.15,52.7,28,Completed
502387,11671,2024-07-02,2,1,0.0,72.0,34,Completed
511889,13455,2024-07-02,1,1,0.0,145.0,79,Completed
502420,11859,2024-07-02,8,1,0.0,88.0,39,Completed
507674,11032,2024-07-02,8,1,0.1,79.2,39,Completed
516110,14064,2024-07-02,8,2,0.0,176.0,78,Completed
512129,10906,2024-07-02,9,2,0.0,124.0,56,Completed
512521,13391,2024-07-02,7,1,0.05,25.65,8,Completed
512498,12139,2024-07-02,1,2,0.2,232.0,158,Completed
501343,10162,2024-07-02,6,2,0.1,63.0,26,Completed
516901,12302,2024-07-02,8,1,0.15,74.8,39,Completed
509234,14694,2024-07-02,1,2,0.05,275.5,158,Completed
513016,14948,2024-07-03,3,2,0.0,96.0,42,Completed
514907,10620,2024-07-03,1,1,0.2,116.0,79,Completed
502023,15954,2024-07-03,9,4,0.1,223.2,112,Completed
504695,14803,2024-07-03,6,3,0.1,94.5,39,Completed
502064,13933,2024-07-03,3,2,0.15,81.6,42,Completed
517489,11465,2024-07-03,9,2,0.05,117.8,56,Completed
512908,13969,2024-07-03,4,1,0.0,280.0,155,Completed
514977,10306,2024-07-03,4,1,0.05,266.0,155,Completed
512622,13566,2024-07-03,2,1,0.0,72.0,34,Completed
507588,10696,2024-07-03,1,1,0.0,145.0,79,Completed
501458,11695,2024-07-03,7,1,0.05,25.65,8,Completed
503343,13805,2024-07-03,3,1,0.0,48.0,21,Completed
500672,11659,2024-07-03,5,1,0.1,85.5,43,Completed
502609,15121,2024-07-03,8,2,0.05,167.2,78,Completed
513615,12717,2024-07-03,9,1,0.0,62.0,28,Returned
508150,11394,2024-07-03,1,2,0.15,246.5,158,Completed
509825,12701,2024-07-03,3,3,0.1,129.6,63,Completed
505138,17968,2024-07-03,2,1,0.0,72.0,34,Completed
513365,11891,2024-07-03,7,2,0.05,51.3,16,Completed
512451,15296,2024-07-03,7,1,0.15,22.95,8,Returned
502375,12667,2024-07-03,9,1,0.1,55.8,28,Completed
504074,10358,2024-07-04,7,1,0.05,25.65,8,Completed
505042,11595,2024-07-04,2,1,0.0,72.0,34,Completed
501553,12200,2024-07-04,7,1,0.05,25.65,8,Completed
500574,12604,2024-07-04,9,1,0.0,62.0,28,Returned
509479,12417,2024-07-04,1,2,0.15,246.5,158,Completed
509848,16453,2024-07-04,9,4,0.0,248.0,112,Completed
503485,11894,2024-07-04,10,4,0.0,440.0,216,Completed
515704,12210,2024-07-04,6,2,0.0,70.0,26,Completed
515090,14130,2024-07-04,2,2,0.15,122.4,68,Completed
511424,13424,2024-07-04,6,2,0.0,70.0,26,Completed
512179,14214,2024-07-04,4,1,0.0,280.0,155,Completed
517939,12914,2024-07-04,1,1,0.0,145.0,79,Completed
510867,13301,2024-07-04,8,1,0.1,79.2,39,Completed
516541,12766,2024-07-04,3,2,0.1,86.4,42,Completed
508871,17967,2024-07-04,4,1,0.15,238.0,155,Completed
500363,13598,2024-07-04,8,1,0.05,83.6,39,Returned
501812,13935,2024-07-04,1,2,0.0,290.0,158,Completed
516324,14521,2024-07-04,5,1,0.0,95.0,43,Completed
504323,10899,2024-07-04,5,2,0.0,190.0,86,Returned
506038,13392,2024-07-04,8,4,0.15,299.2,156,Completed
500957,12637,2024-07-04,8,1,0.1,79.2,39,Completed
517183,13236,2024-07-04,4,1,0.1,252.0,155,Completed
513683,10168,2024-07-04,2,1,0.05,68.4,34,Cancelled
514921,11129,2024-07-04,9,1,0.1,55.8,28,Completed
500755,14706,2024-07-04,4,1,0.1,252.0,155,Completed
501919,10001,2024-07-05,6,3,0.1,94.5,39,Completed
509739,13279,2024-07-05,3,1,0.0,48.0,21,Completed
505702,11653,2024-07-05,8,3,0.05,250.8,117,Completed
511052,10158,2024-07-05,8,1,0.0,88.0,39,Completed
515150,10805,2024-07-05,9,1,0.0,62.0,28,Completed
504386,16816,2024-07-05,5,1,0.05,90.25,43,Completed
512202,10237,2024-07-05,6,1,0.15,29.75,13,Completed
507571,12835,2024-07-05,2,2,0.0,144.0,68,Completed
517963,16411,2024-07-05,9,1,0.2,49.6,28,Completed
513707,11938,2024-07-05,3,1,0.0,48.0,21,Completed
506344,18336,2024-07-05,1,3,0.0,435.0,237,Completed
513139,15125,2024-07-05,5,2,0.0,190.0,86,Completed
500263,16844,2024-07-05,10,2,0.15,187.0,108,Completed
512997,11904,2024-07-05,5,2,0.0,190.0,86,Completed
516770,14626,2024-07-05,1,1,0.05,137.75,79,Completed
512604,11314,2024-07-05,8,1,0.1,79.2,39,Completed
502673,13326,2024-07-05,9,1,0.1,55.8,28,Completed
506097,17445,2024-07-05,8,1,0.05,83.6,39,Completed
511687,11198,2024-07-05,2,1,0.05,68.4,34,Completed
514856,12712,2024-07-05,7,2,0.15,45.9,16,Completed
504901,11171,2024-07-05,5,1,0.0,95.0,43,Cancelled
506837,11661,2024-07-05,1,1,0.1,130.5,79,Completed
517911,15859,2024-07-05,9,1,0.15,52.7,28,Completed
517123,14319,2024-07-05,8,1,0.1,79.2,39,Completed
511504,12673,2024-07-05,7,1,0.15,22.95,8,Completed
517904,17671,2024-07-05,2,2,0.0,144.0,68,Completed
512930,17270,2024-07-05,2,1,0.05,68.4,34,Completed
509804,11664,2024-07-05,5,1,0.05,90.25,43,Completed
507756,16898,2024-07-05,1,3,0.2,348.0,237,Completed
512485,11686,2024-07-06,2,1,0.0,72.0,34,Completed
500540,17634,2024-07-06,4,1,0.1,252.0,155,Completed
512199,10711,2024-07-06,10,2,0.1,198.0,108,Completed
504088,17247,2024-07-06,5,2,0.0,190.0,86,Completed
502672,16042,2024-07-06,5,2,0.0,190.0,86,Completed
509269,11364,2024-07-06,9,1,0.15,52.7,28,Completed
517063,14974,2024-07-06,7,3,0.0,81.0,24,Completed
504469,10206,2024-07-06,10,2,0.0,220.0,108,Completed
504436,12435,2024-07-06,8,1,0.05,83.6,39,Completed
517942,17787,2024-07-06,9,2,0.0,124.0,56,Completed
505730,14241,2024-07-06,3,2,0.0,96.0,42,Completed
504897,10656,2024-07-06,6,1,0.0,35.0,13,Completed
511193,10898,2024-07-06,6,2,0.15,59.5,26,Completed
515127,14353,2024-07-06,1,1,0.0,145.0,79,Returned
501974,15652,2024-07-06,3,1,0.0,48.0,21,Completed
507642,13597,2024-07-06,8,1,0.0,88.0,39,Completed
510161,14036,2024-07-06,10,1,0.0,110.0,54,Cancelled
507546,11010,2024-07-06,7,3,0.05,76.95,24,Completed
513428,12894,2024-07-06,3,2,0.0,96.0,42,Completed
507778,12277,2024-07-06,9,1,0.2,49.6,28,Returned
507930,13366,2024-07-06,6,1,0.0,35.0,13,Completed
516987,18478,2024-07-06,6,2,0.0,70.0,26,Completed
509989,14199,2024-07-06,1,2,0.0,290.0,158,Completed
512842,14854,2024-07-06,6,1,0.0,35.0,13,Completed
510459,10457,2024-07-06,9,1,0.1,55.8,28,Completed
508550,13950,2024-07-07,7,2,0.05,51.3,16,Cancelled
505883,15336,2024-07-07,2,1,0.0,72.0,34,Completed
503339,10167,2024-07-07,1,1,0.15,123.25,79,Completed
511403,12477,2024-07-07,2,2,0.05,136.8,68,Completed
503160,16805,2024-07-07,8,1,0.0,88.0,39,Completed
501858,10530,2024-07-07,3,3,0.0,144.0,63,Completed
515821,14893,2024-07-07,3,1,0.05,45.6,21,Returned
517176,10170,2024-07-07,1,2,0.15,246.5,158,Completed
500335,10504,2024-07-07,9,1,0.05,58.9,28,Completed
507526,11660,2024-07-07,3,2,0.05,91.2,42,Completed
501277,15174,2024-07-07,5,1,0.1,85.5,43,Completed
500908,11434,2024-07-07,10,2,0.0,220.0,108,Completed
506324,13581,2024-07-07,2,1,0.1,64.8,34,Completed
506028,11313,2024-07-07,6,3,0.0,105.0,39,Completed
515372,14084,2024-07-07,9,1,0.15,52.7,28,Completed
512837,15514,2024-07-07,5,2,0.1,171.0,86,Completed
516826,10916,2024-07-07,10,3,0.0,330.0,162,Completed
505403,18392,2024-07-07,10,1,0.0,110.0,54,Completed
512158,10261,2024-07-07,10,2,0.0,220.0,108,Completed
515117,15260,2024-07-07,1,1,0.15,123.25,79,Cancelled
510379,10346,2024-07-07,7,4,0.2,86.4,32,Completed
514600,17343,2024-07-07,3,1,0.15,40.8,21,Completed
501360,11422,2024-07-08,4,2,0.1,504.0,310,Completed
510842,15564,2024-07-08,3,1,0.1,43.2,21,Completed
510584,14216,2024-07-08,9,1,0.0,62.0,28,Completed
509809,11352,2024-07-08,5,1,0.2,76.0,43,Completed
500816,13097,2024-07-08,5,1,0.1,85.5,43,Completed
508395,14349,2024-07-08,1,1,0.0,145.0,79,Completed
501797,11193,2024-07-08,2,1,0.15,61.2,34,Completed
504625,12705,2024-07-08,8,1,0.1,79.2,39,Completed
514220,12726,2024-07-08,5,1,0.1,85.5,43,Completed
502401,10048,2024-07-08,10,3,0.1,297.0,162,Completed
503650,15423,2024-07-08,5,1,0.1,85.5,43,Completed
513111,16575,2024-07-08,7,1,0.0,27.0,8,Completed
511096,11904,2024-07-08,5,2,0.05,180.5,86,Completed
509477,11721,2024-07-08,1,2,0.15,246.5,158,Completed
508310,17790,2024-07-08,1,1,0.0,145.0,79,Completed
514184,12051,2024-07-08,2,2,0.0,144.0,68,Completed
505888,10888,2024-07-08,5,1,0.0,95.0,43,Completed
509230,15125,2024-07-08,7,4,0.0,108.0,32,Completed
501727,11318,2024-07-08,1,1,0.0,145.0,79,Completed
517597,17775,2024-07-08,6,4,0.1,126.0,52,Completed
515854,14076,2024-07-08,5,1,0.0,95.0,43,Completed
505479,17970,2024-07-08,3,1,0.0,48.0,21,Cancelled
513283,10770,2024-07-08,10,2,0.05,209.0,108,Completed
503468,13082,2024-07-08,7,2,0.0,54.0,16,Completed
511713,12613,2024-07-08,1,1,0.0,145.0,79,Completed
506330,15228,2024-07-08,1,1,0.05,137.75,79,Cancelled
515270,14590,2024-07-08,1,2,0.1,261.0,158,Completed
500782,12269,2024-07-08,8,1,0.05,83.6,39,Completed
500551,13703,2024-07-08,10,1,0.2,88.0,54,Completed
511742,11123,2024-07-08,7,1,0.15,22.95,8,Completed
505724,14685,2024-07-08,8,2,0.0,176.0,78,Completed
504606,10093,2024-07-09,2,1,0.05,68.4,34,Completed
501611,17679,2024-07-09,10,2,0.0,220.0,108,Completed
504584,11563,2024-07-09,3,1,0.05,45.6,21,Completed
503285,14197,2024-07-09,7,1,0.0,27.0,8,Completed
511523,14890,2024-07-09,8,1,0.05,83.6,39,Completed
507168,10887,2024-07-09,10,1,0.0,110.0,54,Completed
505135,14363,2024-07-09,1,1,0.0,145.0,79,Completed
516977,13840,2024-07-09,7,4,0.0,108.0,32,Completed
508024,17195,2024-07-09,6,2,0.05,66.5,26,Completed
500072,12753,2024-07-09,5,1,0.0,95.0,43,Completed
511741,10572,2024-07-09,2,1,0.1,64.8,34,Returned
517388,16703,2024-07-09,8,3,0.0,264.0,117,Completed
504291,11488,2024-07-09,3,1,0.05,45.6,21,Completed
504906,13844,2024-07-09,6,3,0.0,105.0,39,Completed
502684,14731,2024-07-09,1,1,0.0,145.0,79,Completed
515010,11405,2024-07-09,9,1,0.1,55.8,28,Completed
511416,16019,2024-07-09,1,1,0.1,130.5,79,Completed
512349,14633,2024-07-09,5,1,0.0,95.0,43,Completed
503602,13245,2024-07-09,10,3,0.05,313.5,162,Completed
514443,11763,2024-07-09,9,1,0.05,58.9,28,Completed
510506,16268,2024-07-09,7,3,0.0,81.0,24,Completed
503416,10260,2024-07-09,2,1,0.15,61.2,34,Completed
501517,16125,2024-07-09,1,1,0.0,145.0,79,Completed
504725,10632,2024-07-09,1,1,0.0,145.0,79,Completed
511871,12011,2024-07-09,8,1,0.0,88.0,39,Completed
504349,14912,2024-07-09,10,1,0.0,110.0,54,Completed
514895,11459,2024-07-09,10,2,0.0,220.0,108,Completed
505344,15156,2024-07-09,1,1,0.15,123.25,79,Completed
516120,13968,2024-07-09,8,1,0.0,88.0,39,Completed
511812,16312,2024-07-10,3,1,0.05,45.6,21,Completed
504163,16797,2024-07-10,6,1,0.05,33.25,13,Completed
509401,13857,2024-07-10,6,1,0.0,35.0,13,Completed
502781,13332,2024-07-10,5,4,0.0,380.0,172,Cancelled
516907,14584,2024-07-10,6,2,0.0,70.0,26,Completed
503206,16441,2024-07-10,9,1,0.15,52.7,28,Completed
516396,13148,2024-07-10,3,1,0.1,43.2,21,Completed
505798,14971,2024-07-10,4,1,0.0,280.0,155,Completed
501938,15747,2024-07-10,4,1,0.05,266.0,155,Completed
516695,18476,2024-07-10,2,1,0.0,72.0,34,Completed
502651,10378,2024-07-10,5,1,0.15,80.75,43,Completed
509890,13876,2024-07-10,7,1,0.05,25.65,8,Completed
516484,12100,2024-07-10,1,1,0.0,145.0,79,Completed
514914,15415,2024-07-10,6,3,0.0,105.0,39,Completed
510837,10774,2024-07-10,3,3,0.05,136.8,63,Completed
511734,15736,2024-07-10,10,2,0.1,198.0,108,Completed
513618,16268,2024-07-10,1,3,0.05,413.25,237,Completed
504045,15603,2024-07-10,2,1,0.15,61.2,34,Completed
513906,14994,2024-07-10,7,1,0.0,27.0,8,Completed
500161,18217,2024-07-10,3,2,0.1,86.4,42,Completed
501805,12597,2024-07-10,7,1,0.0,27.0,8,Completed
505716,12509,2024-07-10,1,1,0.05,137.75,79,Completed
513072,15883,2024-07-10,9,2,0.0,124.0,56,Completed
511379,16060,2024-07-10,3,1,0.1,43.2,21,Completed
510407,10167,2024-07-10,9,1,0.15,52.7,28,Completed
512490,12513,2024-07-10,9,2,0.0,124.0,56,Completed
511124,11484,2024-07-10,9,1,0.05,58.9,28,Completed
512424,17498,2024-07-11,4,1,0.2,224.0,155,Completed
500855,10996,2024-07-11,6,1,0.0,35.0,13,Completed
508620,18257,2024-07-11,10,1,0.0,110.0,54,Completed
511587,11623,2024-07-11,1,1,0.0,145.0,79,Completed
504208,10880,2024-07-11,1,2,0.2,232.0,158,Completed
503429,10968,2024-07-11,9,1,0.0,62.0,28,Completed
505660,16374,2024-07-11,1,1,0.0,145.0,79,Completed
500960,15718,2024-07-11,4,1,0.05,266.0,155,Completed
514523,10542,2024-07-11,5,1,0.0,95.0,43,Completed
514671,16821,2024-07-11,1,1,0.05,137.75,79,Completed
516945,13465,2024-07-11,2,1,0.1,64.8,34,Completed
508999,12408,2024-07-11,4,1,0.0,280.0,155,Completed
505384,17862,2024-07-11,7,2,0.15,45.9,16,Completed
506487,14069,2024-07-11,1,1,0.1,130.5,79,Completed
517543,14760,2024-07-11,3,1,0.1,43.2,21,Completed
509481,13208,2024-07-11,1,1,0.0,145.0,79,Completed
502823,11292,2024-07-11,8,3,0.05,250.8,117,Returned
515231,16264,2024-07-11,7,1,0.0,27.0,8,Completed
505054,14125,2024-07-11,9,1,0.0,62.0,28,Completed
501057,10406,2024-07-11,2,3,0.1,194.4,102,Returned
507488,13289,2024-07-11,9,1,0.05,58.9,28,Completed
511527,15700,2024-07-11,7,3,0.05,76.95,24,Completed
510825,13211,2024-07-11,9,1,0.05,58.9,28,Completed
504589,12667,2024-07-11,5,1,0.0,95.0,43,Completed
511570,11498,2024-07-11,5,1,0.2,76.0,43,Completed
511420,11959,2024-07-12,8,3,0.2,211.2,117,Completed
517861,12162,2024-07-12,3,2,0.15,81.6,42,Cancelled
517403,11068,2024-07-12,10,1,0.0,110.0,54,Completed
507685,17254,2024-07-12,2,3,0.0,216.0,102,Completed
506667,16467,2024-07-12,5,1,0.0,95.0,43,Completed
506034,11187,2024-07-12,5,1,0.15,80.75,43,Completed
511767,17280,2024-07-12,7,1,0.15,22.95,8,Completed
511972,17621,2024-07-12,8,1,0.1,79.2,39,Completed
515596,10104,2024-07-12,2,1,0.0,72.0,34,Cancelled
509360,10147,2024-07-12,5,2,0.05,180.5,86,Completed
508104,17021,2024-07-12,1,1,0.1,130.5,79,Completed
510263,13809,2024-07-12,2,1,0.1,64.8,34,Completed
502952,13777,2024-07-12,7,3,0.0,81.0,24,Completed
509409,12876,2024-07-12,1,1,0.2,116.0,79,Completed
505977,11139,2024-07-12,3,2,0.05,91.2,42,Completed
506321,16259,2024-07-12,5,1,0.0,95.0,43,Completed
515086,11688,2024-07-12,7,2,0.0,54.0,16,Completed
510408,16309,2024-07-12,2,2,0.05,136.8,68,Completed
503796,18209,2024-07-12,2,1,0.0,72.0,34,Completed
508946,17532,2024-07-13,5,2,0.15,161.5,86,Completed
510130,14584,2024-07-13,8,3,0.1,237.6,117,Completed
500954,13459,2024-07-13,8,1,0.1,79.2,39,Completed
505626,15441,2024-07-13,7,3,0.05,76.95,24,Completed
511559,11186,2024-07-13,3,4,0.0,192.0,84,Completed
501383,11798,2024-07-13,7,2,0.1,48.6,16,Completed
509624,12384,2024-07-13,5,1,0.15,80.75,43,Completed
511138,15046,2024-07-13,5,2,0.15,161.5,86,Completed
507807,16993,2024-07-13,7,2,0.0,54.0,16,Returned
505912,10876,2024-07-13,3,1,0.0,48.0,21,Completed
500212,16114,2024-07-13,5,1,0.2,76.0,43,Completed
500425,11995,2024-07-13,3,1,0.0,48.0,21,Returned
511578,14782,2024-07-13,1,2,0.0,290.0,158,Completed
515085,16479,2024-07-13,8,3,0.05,250.8,117,Returned
516443,11865,2024-07-13,4,2,0.0,560.0,310,Completed
501308,17663,2024-07-13,2,2,0.15,122.4,68,Completed
503346,14712,2024-07-13,7,1,0.1,24.3,8,Completed
507443,10665,2024-07-13,2,1,0.05,68.4,34,Completed
505023,12024,2024-07-13,8,3,0.0,264.0,117,Completed
517577,13882,2024-07-13,6,3,0.0,105.0,39,Completed
513710,12636,2024-07-13,6,1,0.05,33.25,13,Completed
508071,16552,2024-07-13,1,1,0.1,130.5,79,Completed
504435,11361,2024-07-13,5,2,0.0,190.0,86,Completed
514890,10603,2024-07-13,9,1,0.0,62.0,28,Completed
514846,11686,2024-07-13,4,1,0.0,280.0,155,Completed
508759,12270,2024-07-13,2,1,0.05,68.4,34,Completed
517106,14700,2024-07-13,2,1,0.05,68.4,34,Completed
516578,11427,2024-07-13,5,1,0.15,80.75,43,Returned
515027,13836,2024-07-13,2,1,0.05,68.4,34,Completed
506045,13811,2024-07-13,4,2,0.05,532.0,310,Completed
513525,17190,2024-07-14,8,1,0.15,74.8,39,Completed
500997,10562,2024-07-14,7,1,0.1,24.3,8,Completed
511647,11406,2024-07-14,4,1,0.05,266.0,155,Completed
508347,16444,2024-07-14,10,1,0.05,104.5,54,Completed
511676,14957,2024-07-14,10,1,0.1,99.0,54,Completed
503902,10775,2024-07-14,4,1,0.0,280.0,155,Completed
510595,11882,2024-07-14,9,1,0.0,62.0,28,Completed
516290,12025,2024-07-14,4,2,0.05,532.0,310,Completed
513629,12629,2024-07-14,9,2,0.0,124.0,56,Completed
500793,11823,2024-07-14,1,4,0.05,551.0,316,Completed
517467,10794,2024-07-14,3,3,0.0,144.0,63,Returned
507032,10190,2024-07-14,3,1,0.0,48.0,21,Completed
504643,17395,2024-07-14,5,2,0.0,190.0,86,Completed
512711,10051,2024-07-14,8,2,0.05,167.2,78,Completed
512619,15261,2024-07-14,1,2,0.0,290.0,158,Completed
506345,17728,2024-07-14,2,2,0.05,136.8,68,Completed
502012,14790,2024-07-14,10,1,0.0,110.0,54,Completed
515582,11059,2024-07-14,7,2,0.05,51.3,16,Completed
515665,16466,2024-07-14,9,3,0.0,186.0,84,Completed
509957,10620,2024-07-14,8,1,0.15,74.8,39,Completed
516104,15055,2024-07-14,7,3,0.05,76.95,24,Completed
503842,10030,2024-07-14,5,3,0.05,270.75,129,Completed
512127,13235,2024-07-14,6,2,0.15,59.5,26,Completed
509506,10761,2024-07-14,6,3,0.15,89.25,39,Completed
514819,18326,2024-07-15,9,2,0.05,117.8,56,Completed
503262,14987,2024-07-15,2,3,0.0,216.0,102,Completed
503275,15499,2024-07-15,3,2,0.0,96.0,42,Completed
502245,10606,2024-07-15,3,2,0.05,91.2,42,Completed
516415,11078,2024-07-15,5,1,0.0,95.0,43,Completed
517213,16921,2024-07-15,9,1,0.1,55.8,28,Completed
513392,16415,2024-07-15,9,1,0.0,62.0,28,Completed
515973,14670,2024-07-15,6,1,0.0,35.0,13,Completed
504492,10586,2024-07-15,10,3,0.15,280.5,162,Completed
512149,10619,2024-07-15,7,3,0.0,81.0,24,Completed
510179,16708,2024-07-15,3,3,0.15,122.4,63,Returned
516849,10784,2024-07-15,10,1,0.0,110.0,54,Completed
509925,15546,2024-07-15,9,1,0.0,62.0,28,Completed
517625,15756,2024-07-15,9,1,0.0,62.0,28,Completed
500262,13514,2024-07-15,7,1,0.2,21.6,8,Completed
517402,15827,2024-07-15,6,1,0.15,29.75,13,Completed
515105,10152,2024-07-15,5,1,0.2,76.0,43,Completed
506512,12062,2024-07-15,4,2,0.05,532.0,310,Completed
506436,15695,2024-07-15,7,1,0.0,27.0,8,Cancelled
508947,15094,2024-07-15,9,3,0.0,186.0,84,Cancelled
510746,13727,2024-07-16,2,2,0.15,122.4,68,Completed
507171,16783,2024-07-16,9,1,0.0,62.0,28,Completed
517927,10678,2024-07-16,1,1,0.0,145.0,79,Completed
513639,17626,2024-07-16,5,3,0.0,285.0,129,Completed
511455,13722,2024-07-16,5,3,0.0,285.0,129,Completed
516139,10322,2024-07-16,2,2,0.0,144.0,68,Completed
505015,12342,2024-07-16,10,1,0.05,104.5,54,Completed
501034,14379,2024-07-16,3,2,0.1,86.4,42,Completed
516056,10756,2024-07-16,10,1,0.15,93.5,54,Completed
513606,18125,2024-07-16,6,1,0.05,33.25,13,Completed
500775,14435,2024-07-16,1,2,0.0,290.0,158,Completed
507173,11025,2024-07-16,1,1,0.1,130.5,79,Completed
513855,10749,2024-07-16,9,2,0.15,105.4,56,Completed
507699,15990,2024-07-16,6,3,0.1,94.5,39,Completed
509691,13987,2024-07-16,6,2,0.0,70.0,26,Returned
512879,12387,2024-07-16,8,1,0.05,83.6,39,Completed
510684,14804,2024-07-16,9,4,0.2,198.4,112,Completed
508368,11103,2024-07-16,8,1,0.05,83.6,39,Completed
510147,14535,2024-07-16,3,2,0.05,91.2,42,Completed
503898,12961,2024-07-16,6,1,0.05,33.25,13,Completed
506898,13738,2024-07-16,10,4,0.15,374.0,216,Completed
512422,16901,2024-07-16,2,1,0.1,64.8,34,Completed
505237,15326,2024-07-16,4,2,0.1,504.0,310,Completed
513297,15963,2024-07-16,5,1,0.0,95.0,43,Cancelled
511176,10843,2024-07-16,10,2,0.0,220.0,108,Completed
502027,16640,2024-07-16,6,2,0.0,70.0,26,Completed
514284,13601,2024-07-16,3,1,0.05,45.6,21,Completed
502714,16122,2024-07-17,8,1,0.0,88.0,39,Completed
506754,12467,2024-07-17,7,3,0.0,81.0,24,Completed
510414,12354,2024-07-17,2,3,0.1,194.4,102,Completed
502498,10484,2024-07-17,10,1,0.2,88.0,54,Completed
506514,16057,2024-07-17,5,2,0.0,190.0,86,Completed
502038,10938,2024-07-17,2,2,0.1,129.6,68,Completed
506280,17855,2024-07-17,5,1,0.0,95.0,43,Completed
517494,10667,2024-07-17,5,2,0.0,190.0,86,Completed
514566,12024,2024-07-17,3,2,0.0,96.0,42,Cancelled
514505,16450,2024-07-17,1,4,0.1,522.0,316,Completed
510285,10398,2024-07-17,2,1,0.1,64.8,34,Completed
511309,12297,2024-07-17,9,1,0.1,55.8,28,Completed
509513,11373,2024-07-17,4,1,0.05,266.0,155,Completed
506447,11073,2024-07-17,10,1,0.05,104.5,54,Completed
501630,12754,2024-07-17,7,2,0.0,54.0,16,Completed
516732,12721,2024-07-17,9,1,0.0,62.0,28,Completed
516493,12719,2024-07-17,10,1,0.05,104.5,54,Completed
514572,16427,2024-07-17,7,2,0.1,48.6,16,Completed
511721,16445,2024-07-17,5,1,0.0,95.0,43,Completed
502581,11011,2024-07-17,5,2,0.05,180.5,86,Completed
507782,12581,2024-07-17,7,1,0.05,25.65,8,Completed
515925,17001,2024-07-17,10,1,0.0,110.0,54,Completed
517778,10438,2024-07-17,6,2,0.0,70.0,26,Completed
517571,14363,2024-07-17,3,2,0.0,96.0,42,Completed
515669,14998,2024-07-18,10,1,0.05,104.5,54,Returned
515143,14976,2024-07-18,1,2,0.0,290.0,158,Completed
515273,15974,2024-07-18,3,1,0.05,45.6,21,Completed
505354,10063,2024-07-18,1,2,0.05,275.5,158,Completed
508221,17957,2024-07-18,7,1,0.0,27.0,8,Completed
502773,13360,2024-07-18,1,1,0.0,145.0,79,Completed
506769,10100,2024-07-18,6,3,0.05,99.75,39,Completed
507732,15622,2024-07-18,4,1,0.2,224.0,155,Completed
510605,10051,2024-07-18,7,3,0.1,72.9,24,Completed
504075,16445,2024-07-18,5,2,0.15,161.5,86,Completed
508971,14097,2024-07-18,5,1,0.1,85.5,43,Completed
509267,15909,2024-07-18,5,1,0.05,90.25,43,Completed
515500,12109,2024-07-18,6,1,0.05,33.25,13,Cancelled
508051,10145,2024-07-18,8,3,0.0,264.0,117,Completed
509069,17707,2024-07-18,10,1,0.0,110.0,54,Completed
506065,18118,2024-07-18,1,1,0.05,137.75,79,Completed
502018,13598,2024-07-18,9,2,0.05,117.8,56,Completed
505590,12496,2024-07-18,7,4,0.15,91.8,32,Completed
506545,11334,2024-07-18,4,2,0.0,560.0,310,Completed
502178,10134,2024-07-18,6,1,0.0,35.0,13,Completed
512544,10698,2024-07-18,5,2,0.0,190.0,86,Completed
503061,15293,2024-07-18,6,2,0.0,70.0,26,Completed
503295,13812,2024-07-18,3,1,0.0,48.0,21,Completed
515123,15434,2024-07-18,4,1,0.1,252.0,155,Returned
500773,17336,2024-07-18,8,1,0.15,74.8,39,Completed
514640,11392,2024-07-19,9,3,0.2,148.8,84,Completed
507822,16137,2024-07-19,9,1,0.0,62.0,28,Completed
514319,16350,2024-07-19,2,1,0.0,72.0,34,Completed
514557,10948,2024-07-19,8,4,0.1,316.8,156,Completed
506776,14320,2024-07-19,2,2,0.2,115.2,68,Completed
512912,16499,2024-07-19,7,1,0.05,25.65,8,Completed
514354,11852,2024-07-19,2,1,0.05,68.4,34,Completed
509768,12364,2024-07-19,1,1,0.05,137.75,79,Completed
514896,12877,2024-07-19,7,2,0.0,54.0,16,Completed
500484,10604,2024-07-19,5,1,0.2,76.0,43,Completed
514445,12736,2024-07-19,10,1,0.1,99.0,54,Completed
506187,11324,2024-07-19,10,1,0.15,93.5,54,Completed
511678,11103,2024-07-19,4,1,0.0,280.0,155,Completed
511382,13997,2024-07-19,6,3,0.0,105.0,39,Completed
501741,13484,2024-07-19,5,2,0.0,190.0,86,Completed
505740,13530,2024-07-19,7,1,0.1,24.3,8,Completed
509872,18204,2024-07-19,5,1,0.05,90.25,43,Completed
505931,10040,2024-07-19,1,3,0.0,435.0,237,Completed
513504,11973,2024-07-19,1,2,0.0,290.0,158,Completed
501352,14310,2024-07-19,5,1,0.1,85.5,43,Completed
501979,17333,2024-07-19,7,1,0.15,22.95,8,Completed
501351,15732,2024-07-19,7,1,0.1,24.3,8,Completed
510992,12109,2024-07-19,2,2,0.0,144.0,68,Completed
516748,13760,2024-07-19,8,1,0.1,79.2,39,Cancelled
504195,13633,2024-07-20,5,1,0.05,90.25,43,Completed
510301,16118,2024-07-20,6,2,0.0,70.0,26,Completed
512781,12046,2024-07-20,2,1,0.05,68.4,34,Completed
506415,12222,2024-07-20,3,2,0.0,96.0,42,Completed
510930,17951,2024-07-20,6,1,0.0,35.0,13,Cancelled
503229,16014,2024-07-20,2,2,0.05,136.8,68,Completed
516863,12655,2024-07-20,3,1,0.1,43.2,21,Completed
517844,16779,2024-07-20,9,2,0.1,111.6,56,Completed
511774,14573,2024-07-20,1,1,0.05,137.75,79,Completed
516858,13834,2024-07-20,7,1,0.15,22.95,8,Completed
503307,10714,2024-07-20,3,3,0.0,144.0,63,Completed
514032,10631,2024-07-20,9,1,0.1,55.8,28,Completed
515660,10469,2024-07-20,8,1,0.15,74.8,39,Completed
500490,17727,2024-07-20,3,1,0.0,48.0,21,Completed
515480,14526,2024-07-20,6,1,0.05,33.25,13,Completed
516240,13885,2024-07-20,1,1,0.0,145.0,79,Completed
500253,14881,2024-07-20,6,1,0.15,29.75,13,Returned
514774,10594,2024-07-20,5,1,0.0,95.0,43,Completed
507509,14153,2024-07-20,9,1,0.1,55.8,28,Completed
504848,11703,2024-07-20,1,2,0.05,275.5,158,Completed
511328,10203,2024-07-21,2,1,0.0,72.0,34,Completed
501260,15578,2024-07-21,4,2,0.1,504.0,310,Completed
502641,13442,2024-07-21,3,1,0.05,45.6,21,Completed
504679,10616,2024-07-21,10,1,0.05,104.5,54,Completed
508215,13683,2024-07-21,9,1,0.0,62.0,28,Completed
514650,11482,2024-07-21,3,1,0.0,48.0,21,Completed
502360,15577,2024-07-21,7,1,0.0,27.0,8,Completed
501529,11004,2024-07-21,8,1,0.05,83.6,39,Completed
515028,11910,2024-07-21,3,4,0.0,192.0,84,Completed
508879,13130,2024-07-21,4,1,0.1,252.0,155,Completed
507299,14663,2024-07-21,7,2,0.15,45.9,16,Completed
513541,11847,2024-07-21,10,1,0.0,110.0,54,Completed
514424,10585,2024-07-21,2,1,0.0,72.0,34,Completed
515263,13561,2024-07-21,8,1,0.0,88.0,39,Completed
500383,15747,2024-07-21,9,2,0.0,124.0,56,Completed
507493,10549,2024-07-21,9,1,0.05,58.9,28,Completed
505052,10231,2024-07-21,7,1,0.0,27.0,8,Completed
512639,14543,2024-07-21,4,2,0.15,476.0,310,Completed
500198,14107,2024-07-22,3,2,0.0,96.0,42,Completed
500880,15887,2024-07-22,10,1,0.05,104.5,54,Completed
506903,17953,2024-07-22,2,1,0.05,68.4,34,Completed
517658,15027,2024-07-22,7,2,0.05,51.3,16,Completed
515365,18253,2024-07-22,9,1,0.15,52.7,28,Completed
507372,11706,2024-07-22,4,1,0.05,266.0,155,Completed
512063,16231,2024-07-22,4,2,0.0,560.0,310,Completed
514854,13655,2024-07-22,10,2,0.15,187.0,108,Completed
515908,13298,2024-07-22,3,1,0.15,40.8,21,Completed
517690,17299,2024-07-22,7,2,0.2,43.2,16,Completed
510540,10838,2024-07-22,9,3,0.05,176.7,84,Completed
507629,16357,2024-07-22,8,4,0.0,352.0,156,Completed
508205,12898,2024-07-22,1,1,0.1,130.5,79,Completed
507428,10285,2024-07-22,10,1,0.1,99.0,54,Completed
513226,13125,2024-07-22,8,2,0.0,176.0,78,Completed
515877,10693,2024-07-22,10,1,0.1,99.0,54,Cancelled
509358,14703,2024-07-22,2,2,0.15,122.4,68,Completed
501179,14121,2024-07-22,7,1,0.05,25.65,8,Completed
503793,14533,2024-07-22,7,1,0.1,24.3,8,Completed
505246,15707,2024-07-22,6,3,0.0,105.0,39,Completed
512675,13359,2024-07-23,6,1,0.1,31.5,13,Completed
504118,15588,2024-07-23,4,1,0.05,266.0,155,Completed
500382,10777,2024-07-23,3,1,0.15,40.8,21,Completed
508293,16125,2024-07-23,5,2,0.05,180.5,86,Completed
501799,16003,2024-07-23,6,3,0.0,105.0,39,Completed
511756,10190,2024-07-23,8,1,0.0,88.0,39,Completed
513578,13845,2024-07-23,2,3,0.0,216.0,102,Completed
511598,10651,2024-07-23,7,1,0.1,24.3,8,Completed
508297,14404,2024-07-23,6,1,0.05,33.25,13,Completed
505454,12229,2024-07-23,6,1,0.0,35.0,13,Completed
501557,17498,2024-07-23,8,1,0.1,79.2,39,Returned
500580,12936,2024-07-23,10,2,0.05,209.0,108,Completed
504143,10799,2024-07-23,9,1,0.0,62.0,28,Completed
510928,10168,2024-07-23,7,1,0.2,21.6,8,Completed
510564,16278,2024-07-23,9,2,0.1,111.6,56,Completed
503682,12962,2024-07-23,9,1,0.0,62.0,28,Completed
502355,14057,2024-07-23,2,1,0.0,72.0,34,Completed
506391,13171,2024-07-23,7,1,0.1,24.3,8,Completed
502960,11443,2024-07-23,5,1,0.2,76.0,43,Completed
513160,11388,2024-07-23,8,1,0.1,79.2,39,Completed
504016,15715,2024-07-23,2,1,0.05,68.4,34,Completed
515255,12894,2024-07-23,7,1,0.1,24.3,8,Completed
502476,11214,2024-07-23,1,1,0.0,145.0,79,Completed
507676,12105,2024-07-23,5,2,0.0,190.0,86,Completed
513996,12038,2024-07-23,3,2,0.05,91.2,42,Completed
503476,11459,2024-07-23,3,2,0.05,91.2,42,Completed
506828,10526,2024-07-23,7,2,0.1,48.6,16,Completed
503152,10122,2024-07-23,3,2,0.15,81.6,42,Completed
501960,16170,2024-07-23,10,1,0.05,104.5,54,Completed
510057,14901,2024-07-24,5,2,0.05,180.5,86,Cancelled
516958,10809,2024-07-24,7,3,0.0,81.0,24,Completed
513098,15813,2024-07-24,1,2,0.1,261.0,158,Completed
513366,18221,2024-07-24,5,1,0.1,85.5,43,Completed
515297,14292,2024-07-24,9,3,0.0,186.0,84,Completed
501766,13207,2024-07-24,10,2,0.05,209.0,108,Cancelled
511100,12483,2024-07-24,10,2,0.0,220.0,108,Completed
503957,12439,2024-07-24,3,2,0.2,76.8,42,Completed
515223,10970,2024-07-24,3,2,0.1,86.4,42,Completed
512308,15080,2024-07-24,7,2,0.05,51.3,16,Completed
507759,14054,2024-07-24,6,2,0.1,63.0,26,Completed
512721,13305,2024-07-24,9,2,0.0,124.0,56,Completed
515449,17312,2024-07-24,5,1,0.1,85.5,43,Completed
504611,10799,2024-07-24,8,1,0.1,79.2,39,Completed
504273,13503,2024-07-24,7,1,0.05,25.65,8,Completed
514337,10203,2024-07-24,7,2,0.15,45.9,16,Completed
505119,10142,2024-07-24,5,1,0.05,90.25,43,Completed
509099,12538,2024-07-24,2,2,0.15,122.4,68,Completed
509048,11547,2024-07-24,5,1,0.0,95.0,43,Completed
500604,12737,2024-07-24,10,1,0.0,110.0,54,Completed
510545,14976,2024-07-24,2,1,0.05,68.4,34,Completed
510085,14982,2024-07-24,5,1,0.0,95.0,43,Completed
504222,13189,2024-07-24,9,1,0.0,62.0,28,Completed
510703,10435,2024-07-24,3,1,0.0,48.0,21,Completed
507843,11037,2024-07-24,6,1,0.1,31.5,13,Completed
508245,14737,2024-07-24,3,1,0.15,40.8,21,Completed
500902,16392,2024-07-24,5,1,0.05,90.25,43,Completed
517007,10526,2024-07-24,7,2,0.2,43.2,16,Completed
500466,13134,2024-07-24,7,1,0.0,27.0,8,Completed
501154,14373,2024-07-24,10,2,0.05,209.0,108,Completed
517071,16268,2024-07-24,8,1,0.1,79.2,39,Completed
504626,11671,2024-07-24,3,2,0.15,81.6,42,Completed
502028,15386,2024-07-24,1,1,0.0,145.0,79,Completed
500582,17595,2024-07-24,5,3,0.0,285.0,129,Completed
508196,11593,2024-07-24,9,2,0.15,105.4,56,Completed
506749,11550,2024-07-25,9,1,0.05,58.9,28,Completed
505669,14818,2024-07-25,1,2,0.05,275.5,158,Completed
517025,17818,2024-07-25,5,4,0.0,380.0,172,Completed
508565,10847,2024-07-25,8,1,0.1,79.2,39,Completed
513128,10592,2024-07-25,4,3,0.05,798.0,465,Completed
515590,10232,2024-07-25,1,1,0.0,145.0,79,Completed
507805,16320,2024-07-25,7,2,0.0,54.0,16,Completed
516574,16634,2024-07-25,7,1,0.05,25.65,8,Completed
505283,12148,2024-07-25,7,1,0.15,22.95,8,Completed
514979,13501,2024-07-25,8,1,0.15,74.8,39,Completed
508062,10166,2024-07-25,9,1,0.0,62.0,28,Completed
517835,10166,2024-07-25,1,2,0.0,290.0,158,Completed
508978,14167,2024-07-25,2,1,0.0,72.0,34,Cancelled
512182,11845,2024-07-25,3,1,0.0,48.0,21,Cancelled
509616,11421,2024-07-25,6,1,0.05,33.25,13,Completed
508137,12820,2024-07-25,8,2,0.0,176.0,78,Completed
510317,10394,2024-07-25,6,2,0.1,63.0,26,Completed
502022,16495,2024-07-25,5,3,0.0,285.0,129,Completed
507495,15147,2024-07-25,4,1,0.2,224.0,155,Completed
513164,16332,2024-07-25,9,1,0.0,62.0,28,Completed
503417,12614,2024-07-25,8,1,0.0,88.0,39,Completed
512194,14713,2024-07-25,4,1,0.05,266.0,155,Returned
509878,18289,2024-07-25,3,2,0.0,96.0,42,Completed
502172,10049,2024-07-25,8,3,0.0,264.0,117,Completed
515445,12407,2024-07-25,9,2,0.05,117.8,56,Completed
500365,12937,2024-07-25,8,1,0.0,88.0,39,Completed
501062,17523,2024-07-25,8,1,0.0,88.0,39,Completed
516650,10770,2024-07-25,5,1,0.2,76.0,43,Completed
503486,13605,2024-07-26,7,1,0.1,24.3,8,Completed
515032,15255,2024-07-26,6,2,0.05,66.5,26,Completed
514577,17882,2024-07-26,3,1,0.05,45.6,21,Completed
517965,16491,2024-07-26,10,2,0.1,198.0,108,Completed
513241,11574,2024-07-26,7,2,0.1,48.6,16,Completed
509469,10646,2024-07-26,2,1,0.1,64.8,34,Completed
510086,13006,2024-07-26,8,1,0.15,74.8,39,Completed
515022,13709,2024-07-26,2,1,0.0,72.0,34,Completed
507261,14036,2024-07-26,1,1,0.0,145.0,79,Completed
504951,16403,2024-07-26,10,1,0.1,99.0,54,Completed
505861,16647,2024-07-26,3,2,0.0,96.0,42,Completed
515699,10057,2024-07-26,1,1,0.05,137.75,79,Completed
506860,12918,2024-07-26,1,1,0.0,145.0,79,Completed
514468,14919,2024-07-26,1,1,0.05,137.75,79,Completed
507244,15887,2024-07-26,6,1,0.0,35.0,13,Cancelled
502203,10267,2024-07-26,9,1,0.15,52.7,28,Completed
514930,11609,2024-07-26,5,1,0.0,95.0,43,Completed
516246,17012,2024-07-26,9,1,0.0,62.0,28,Completed
514658,16118,2024-07-26,2,1,0.15,61.2,34,Completed
503763,16759,2024-07-26,5,2,0.0,190.0,86,Completed
514053,11298,2024-07-26,2,2,0.2,115.2,68,Completed
503387,12388,2024-07-26,5,1,0.0,95.0,43,Completed
506999,17153,2024-07-26,3,2,0.0,96.0,42,Completed
516552,10492,2024-07-26,1,2,0.15,246.5,158,Completed
505842,14155,2024-07-26,7,1,0.05,25.65,8,Completed
514413,15437,2024-07-26,5,1,0.1,85.5,43,Completed
504272,15476,2024-07-26,4,1,0.2,224.0,155,Completed
504993,14690,2024-07-26,3,1,0.15,40.8,21,Completed
516066,13353,2024-07-26,4,1,0.1,252.0,155,Completed
503593,13542,2024-07-27,6,1,0.0,35.0,13,Completed
501699,14059,2024-07-27,1,1,0.1,130.5,79,Completed
502026,11145,2024-07-27,1,1,0.05,137.75,79,Completed
500668,13543,2024-07-27,5,2,0.0,190.0,86,Returned
513576,15194,2024-07-27,4,1,0.0,280.0,155,Completed
507792,14961,2024-07-27,2,3,0.0,216.0,102,Completed
508435,12716,2024-07-27,6,1,0.1,31.5,13,Completed
500831,15171,2024-07-27,7,1,0.0,27.0,8,Completed
500866,11401,2024-07-27,10,1,0.05,104.5,54,Cancelled
500681,12494,2024-07-27,6,1,0.15,29.75,13,Completed
506238,14233,2024-07-27,5,1,0.0,95.0,43,Completed
511179,11889,2024-07-27,3,1,0.05,45.6,21,Completed
503062,18494,2024-07-27,3,2,0.1,86.4,42,Completed
508861,13263,2024-07-27,10,1,0.1,99.0,54,Completed
511458,12509,2024-07-27,5,2,0.0,190.0,86,Completed
511299,13412,2024-07-27,10,1,0.1,99.0,54,Completed
508580,16058,2024-07-27,4,2,0.0,560.0,310,Completed
505981,10402,2024-07-27,6,2,0.15,59.5,26,Completed
515461,10082,2024-07-27,9,2,0.05,117.8,56,Completed
517143,11284,2024-07-27,4,1,0.05,266.0,155,Completed
515012,11668,2024-07-27,6,1,0.1,31.5,13,Completed
503853,10670,2024-07-27,7,2,0.0,54.0,16,Completed
504034,10453,2024-07-27,7,2,0.05,51.3,16,Completed
517111,14322,2024-07-27,5,3,0.2,228.0,129,Completed
502114,17378,2024-07-27,2,1,0.0,72.0,34,Completed
507409,17475,2024-07-27,10,1,0.1,99.0,54,Completed
502718,13812,2024-07-28,2,3,0.0,216.0,102,Completed
513282,11898,2024-07-28,10,1,0.05,104.5,54,Completed
509454,12189,2024-07-28,9,2,0.05,117.8,56,Completed
507333,11152,2024-07-28,8,1,0.0,88.0,39,Completed
509889,11281,2024-07-28,9,1,0.0,62.0,28,Completed
513259,10595,2024-07-28,6,1,0.0,35.0,13,Completed
502126,13585,2024-07-28,4,1,0.0,280.0,155,Completed
513304,10090,2024-07-28,3,1,0.05,45.6,21,Completed
501679,12510,2024-07-28,1,1,0.0,145.0,79,Completed
508145,16918,2024-07-28,4,1,0.0,280.0,155,Completed
509856,12741,2024-07-28,6,4,0.0,140.0,52,Completed
507184,18170,2024-07-28,10,2,0.05,209.0,108,Completed
513556,17498,2024-07-28,7,1,0.1,24.3,8,Cancelled
508240,10564,2024-07-28,5,1,0.0,95.0,43,Completed
516596,11570,2024-07-28,10,1,0.0,110.0,54,Completed
510743,14820,2024-07-28,1,1,0.1,130.5,79,Completed
500634,16231,2024-07-28,3,2,0.0,96.0,42,Completed
507254,15419,2024-07-28,8,1,0.1,79.2,39,Completed
513732,16090,2024-07-28,6,2,0.0,70.0,26,Completed
505876,12774,2024-07-28,6,1,0.0,35.0,13,Completed
504346,10666,2024-07-28,3,1,0.0,48.0,21,Completed
503670,10528,2024-07-28,8,2,0.1,158.4,78,Returned
509009,13685,2024-07-28,1,1,0.0,145.0,79,Completed
510052,11364,2024-07-28,9,2,0.0,124.0,56,Completed
514486,15411,2024-07-29,5,1,0.05,90.25,43,Completed
517663,16381,2024-07-29,10,1,0.0,110.0,54,Completed
501094,16350,2024-07-29,10,1,0.0,110.0,54,Completed
505391,14731,2024-07-29,7,2,0.15,45.9,16,Completed
509938,13636,2024-07-29,8,1,0.1,79.2,39,Returned
509227,12317,2024-07-29,8,1,0.0,88.0,39,Completed
513121,13607,2024-07-29,1,2,0.2,232.0,158,Completed
512415,10084,2024-07-29,8,1,0.0,88.0,39,Completed
515069,13242,2024-07-29,1,1,0.05,137.75,79,Completed
503846,15515,2024-07-29,9,1,0.0,62.0,28,Completed
500396,13190,2024-07-29,6,1,0.1,31.5,13,Completed
515133,12372,2024-07-29,3,2,0.0,96.0,42,Completed
517676,14708,2024-07-29,2,1,0.0,72.0,34,Completed
517502,16467,2024-07-29,6,1,0.0,35.0,13,Completed
500309,14694,2024-07-29,9,2,0.0,124.0,56,Completed
502846,17323,2024-07-29,6,1,0.15,29.75,13,Completed
503756,13312,2024-07-29,7,1,0.05,25.65,8,Completed
509555,13182,2024-07-29,5,1,0.0,95.0,43,Completed
506217,10315,2024-07-30,6,1,0.15,29.75,13,Completed
517711,10697,2024-07-30,5,1,0.0,95.0,43,Completed
503979,16671,2024-07-30,9,1,0.05,58.9,28,Completed
516336,15882,2024-07-30,3,1,0.1,43.2,21,Completed
508428,14502,2024-07-30,6,2,0.1,63.0,26,Completed
501711,13462,2024-07-30,5,1,0.05,90.25,43,Completed
500073,14473,2024-07-30,8,2,0.0,176.0,78,Completed
502520,17350,2024-07-30,9,1,0.05,58.9,28,Completed
514145,17424,2024-07-30,9,2,0.0,124.0,56,Completed
511856,15481,2024-07-30,1,3,0.15,369.75,237,Completed
513911,11346,2024-07-30,2,2,0.0,144.0,68,Completed
515825,14370,2024-07-30,10,1,0.1,99.0,54,Cancelled
511272,16681,2024-07-30,4,1,0.05,266.0,155,Completed
512819,14297,2024-07-30,5,2,0.05,180.5,86,Completed
510048,15230,2024-07-30,5,1,0.1,85.5,43,Completed
501103,12126,2024-07-30,4,2,0.0,560.0,310,Completed
513230,11434,2024-07-30,7,1,0.05,25.65,8,Completed
510607,10553,2024-07-30,7,1,0.0,27.0,8,Completed
507808,10916,2024-07-30,10,1,0.0,110.0,54,Completed
508429,14968,2024-07-30,5,2,0.05,180.5,86,Completed
502191,12058,2024-07-30,3,4,0.2,153.6,84,Completed
508356,14672,2024-07-30,7,1,0.2,21.6,8,Completed
505151,15907,2024-07-30,6,1,0.15,29.75,13,Completed
516488,15499,2024-07-30,9,1,0.05,58.9,28,Completed
510600,16109,2024-07-30,1,1,0.0,145.0,79,Completed
504269,11617,2024-07-30,2,1,0.0,72.0,34,Completed
506889,12532,2024-07-30,8,1,0.05,83.6,39,Cancelled
503798,12232,2024-07-30,5,1,0.0,95.0,43,Completed
515387,15679,2024-07-31,9,1,0.0,62.0,28,Completed
502739,14216,2024-07-31,9,1,0.0,62.0,28,Returned
517678,11307,2024-07-31,9,2,0.0,124.0,56,Completed
517814,10502,2024-07-31,2,3,0.05,205.2,102,Completed
507110,16794,2024-07-31,8,1,0.05,83.6,39,Completed
503415,15365,2024-07-31,1,2,0.05,275.5,158,Completed
517201,12159,2024-07-31,9,1,0.05,58.9,28,Completed
512858,10640,2024-07-31,1,3,0.0,435.0,237,Completed
506076,13323,2024-07-31,1,2,0.05,275.5,158,Completed
505061,12307,2024-07-31,3,1,0.1,43.2,21,Completed
502146,13583,2024-07-31,5,1,0.0,95.0,43,Completed
507130,12588,2024-07-31,7,3,0.05,76.95,24,Completed
508466,12591,2024-07-31,5,2,0.05,180.5,86,Completed
500400,16762,2024-07-31,6,2,0.05,66.5,26,Completed
502512,12053,2024-07-31,3,2,0.05,91.2,42,Completed
509210,11456,2024-07-31,7,1,0.15,22.95,8,Completed
506338,12982,2024-07-31,4,2,0.0,560.0,310,Completed
512578,14801,2024-07-31,5,2,0.15,161.5,86,Completed
511405,12197,2024-07-31,10,1,0.0,110.0,54,Completed
513752,10866,2024-07-31,10,1,0.2,88.0,54,Completed
516462,10248,2024-07-31,9,1,0.15,52.7,28,Completed
504767,12297,2024-07-31,2,1,0.05,68.4,34,Completed
500166,13930,2024-07-31,9,1,0.05,58.9,28,Completed
515193,14638,2024-07-31,1,1,0.15,123.25,79,Completed
506883,15529,2024-07-31,10,3,0.05,313.5,162,Completed
503760,14408,2024-07-31,2,1,0.05,68.4,34,Completed
505340,16982,2024-07-31,7,1,0.1,24.3,8,Completed
504416,13108,2024-07-31,10,1,0.05,104.5,54,Completed
503221,10880,2024-07-31,7,1,0.1,24.3,8,Completed
512969,17354,2024-07-31,9,4,0.1,223.2,112,Completed
511518,16061,2024-07-31,2,1,0.0,72.0,34,Completed
507291,10609,2024-08-01,2,2,0.15,122.4,68,Completed
510169,14335,2024-08-01,1,1,0.0,145.0,79,Completed
511064,13602,2024-08-01,6,2,0.0,70.0,26,Completed
514277,14777,2024-08-01,1,2,0.0,290.0,158,Completed
508541,12448,2024-08-01,9,1,0.15,52.7,28,Completed
500059,17879,2024-08-01,7,1,0.2,21.6,8,Completed
513927,10546,2024-08-01,5,2,0.2,152.0,86,Completed
501641,13915,2024-08-01,2,2,0.05,136.8,68,Completed
514124,13660,2024-08-01,6,2,0.2,56.0,26,Completed
515055,10531,2024-08-01,2,1,0.0,72.0,34,Cancelled
512979,13747,2024-08-01,1,2,0.0,290.0,158,Completed
513575,11341,2024-08-01,3,1,0.1,43.2,21,Returned
516973,13341,2024-08-01,5,1,0.0,95.0,43,Completed
511728,10317,2024-08-01,3,1,0.05,45.6,21,Completed
503765,10431,2024-08-01,8,1,0.1,79.2,39,Completed
505477,14065,2024-08-01,2,1,0.05,68.4,34,Completed
502069,10752,2024-08-01,3,1,0.1,43.2,21,Completed
506198,11350,2024-08-01,10,2,0.0,220.0,108,Completed
501385,13620,2024-08-01,9,1,0.0,62.0,28,Completed
511462,15388,2024-08-01,7,2,0.1,48.6,16,Completed
508182,13278,2024-08-01,9,2,0.0,124.0,56,Completed
514613,13393,2024-08-01,7,1,0.05,25.65,8,Completed
500874,10518,2024-08-01,7,1,0.1,24.3,8,Completed
501251,13547,2024-08-01,5,1,0.2,76.0,43,Completed
513921,12213,2024-08-01,3,1,0.0,48.0,21,Completed
504988,13742,2024-08-02,5,2,0.0,190.0,86,Completed
505877,15332,2024-08-02,8,1,0.0,88.0,39,Completed
502765,14491,2024-08-02,2,2,0.0,144.0,68,Completed
504586,14742,2024-08-02,7,1,0.0,27.0,8,Completed
502261,16844,2024-08-02,6,2,0.0,70.0,26,Completed
506135,16316,2024-08-02,2,2,0.05,136.8,68,Completed
500217,15669,2024-08-02,10,2,0.1,198.0,108,Completed
516031,13496,2024-08-02,4,1,0.2,224.0,155,Completed
517681,13672,2024-08-02,8,1,0.0,88.0,39,Completed
503034,11121,2024-08-02,2,2,0.05,136.8,68,Completed
513524,15890,2024-08-02,1,1,0.1,130.5,79,Completed
502568,11596,2024-08-02,5,2,0.0,190.0,86,Completed
503177,11106,2024-08-02,3,2,0.0,96.0,42,Completed
501559,11811,2024-08-02,3,1,0.0,48.0,21,Completed
504214,17502,2024-08-02,8,2,0.15,149.6,78,Completed
514066,11169,2024-08-02,6,1,0.0,35.0,13,Completed
503172,17702,2024-08-02,5,1,0.05,90.25,43,Completed
509700,13491,2024-08-02,5,1,0.0,95.0,43,Returned
515687,11283,2024-08-02,9,1,0.0,62.0,28,Completed
506456,13442,2024-08-02,10,2,0.05,209.0,108,Completed
511914,11910,2024-08-02,7,2,0.05,51.3,16,Completed
516899,11880,2024-08-02,9,1,0.05,58.9,28,Completed
506977,17325,2024-08-02,1,3,0.0,435.0,237,Completed
501860,10334,2024-08-02,9,2,0.15,105.4,56,Completed
505812,15467,2024-08-02,1,1,0.0,145.0,79,Completed
516361,10183,2024-08-02,9,1,0.1,55.8,28,Completed
504740,12098,2024-08-02,1,1,0.1,130.5,79,Completed
510978,14090,2024-08-02,7,1,0.0,27.0,8,Completed
503802,18040,2024-08-02,5,1,0.0,95.0,43,Completed
515832,17478,2024-08-02,10,2,0.05,209.0,108,Completed
514967,14159,2024-08-02,8,2,0.2,140.8,78,Completed
501561,16887,2024-08-03,10,2,0.1,198.0,108,Completed
513517,12584,2024-08-03,5,1,0.0,95.0,43,Completed
503764,11076,2024-08-03,8,1,0.0,88.0,39,Completed
508405,17456,2024-08-03,8,1,0.0,88.0,39,Completed
502326,16333,2024-08-03,4,4,0.2,896.0,620,Completed
514652,15162,2024-08-03,6,4,0.0,140.0,52,Cancelled
514850,16629,2024-08-03,9,1,0.05,58.9,28,Completed
502331,10079,2024-08-03,2,1,0.1,64.8,34,Completed
517411,11042,2024-08-03,8,1,0.0,88.0,39,Returned
510032,15129,2024-08-03,10,2,0.1,198.0,108,Completed
503178,12701,2024-08-03,9,2,0.2,99.2,56,Completed
506676,10494,2024-08-03,8,1,0.2,70.4,39,Completed
512715,13441,2024-08-03,8,2,0.1,158.4,78,Completed
509920,13541,2024-08-03,1,2,0.0,290.0,158,Completed
512808,13427,2024-08-03,5,2,0.2,152.0,86,Completed
500483,16906,2024-08-03,2,2,0.15,122.4,68,Completed
504027,16262,2024-08-03,3,1,0.05,45.6,21,Completed
514754,10528,2024-08-03,6,1,0.1,31.5,13,Completed
514478,11999,2024-08-03,10,1,0.05,104.5,54,Completed
506180,15028,2024-08-03,2,1,0.05,68.4,34,Completed
509704,16731,2024-08-03,6,3,0.1,94.5,39,Completed
509133,16954,2024-08-03,8,1,0.05,83.6,39,Completed
517258,11943,2024-08-03,6,1,0.2,28.0,13,Completed
507134,15207,2024-08-03,2,2,0.15,122.4,68,Completed
514434,11489,2024-08-03,9,1,0.1,55.8,28,Completed
513740,18425,2024-08-03,6,1,0.0,35.0,13,Completed
511111,18272,2024-08-03,2,1,0.0,72.0,34,Returned
507446,14752,2024-08-04,6,1,0.1,31.5,13,Completed
514728,11355,2024-08-04,7,1,0.15,22.95,8,Cancelled
507408,13515,2024-08-04,4,1,0.0,280.0,155,Completed
505982,11653,2024-08-04,4,4,0.05,1064.0,620,Completed
500154,13329,2024-08-04,3,2,0.15,81.6,42,Completed
508906,13938,2024-08-04,9,1,0.15,52.7,28,Completed
510083,16383,2024-08-04,8,2,0.05,167.2,78,Completed
501431,14741,2024-08-04,6,1,0.0,35.0,13,Completed
517746,14375,2024-08-04,6,2,0.1,63.0,26,Completed
517236,10369,2024-08-04,1,2,0.0,290.0,158,Completed
513542,14996,2024-08-04,7,1,0.05,25.65,8,Completed
500060,12027,2024-08-04,1,2,0.0,290.0,158,Completed
513052,18278,2024-08-04,1,3,0.05,413.25,237,Completed
509162,12056,2024-08-04,2,4,0.05,273.6,136,Completed
502104,10065,2024-08-04,1,1,0.05,137.75,79,Completed
501994,15202,2024-08-04,2,2,0.0,144.0,68,Cancelled
507624,12975,2024-08-04,9,2,0.0,124.0,56,Completed
512926,13140,2024-08-04,8,2,0.0,176.0,78,Completed
517247,13666,2024-08-04,5,1,0.05,90.25,43,Completed
512114,10216,2024-08-04,7,2,0.05,51.3,16,Completed
506448,12470,2024-08-04,2,2,0.1,129.6,68,Completed
510383,10489,2024-08-04,1,1,0.0,145.0,79,Completed
505268,11176,2024-08-04,4,1,0.1,252.0,155,Completed
514469,11931,2024-08-05,4,1,0.15,238.0,155,Completed
504320,11437,2024-08-05,10,2,0.0,220.0,108,Completed
512707,12420,2024-08-05,1,1,0.05,137.75,79,Completed
510015,13197,2024-08-05,8,1,0.05,83.6,39,Completed
500468,12564,2024-08-05,7,1,0.05,25.65,8,Completed
508583,11391,2024-08-05,3,1,0.0,48.0,21,Completed
501685,13258,2024-08-05,4,1,0.1,252.0,155,Completed
506896,15559,2024-08-05,8,3,0.05,250.8,117,Completed
501407,10372,2024-08-05,7,3,0.0,81.0,24,Completed
512214,11531,2024-08-05,1,2,0.1,261.0,158,Completed
504215,10003,2024-08-05,9,1,0.0,62.0,28,Completed
510200,14820,2024-08-05,6,3,0.0,105.0,39,Completed
503461,16268,2024-08-05,8,1,0.0,88.0,39,Completed
503587,10043,2024-08-05,7,2,0.0,54.0,16,Completed
504528,11676,2024-08-05,1,1,0.0,145.0,79,Completed
515971,12484,2024-08-05,7,3,0.0,81.0,24,Completed
506297,12893,2024-08-05,2,2,0.05,136.8,68,Completed
509295,12967,2024-08-05,3,1,0.1,43.2,21,Completed
509290,17958,2024-08-05,5,1,0.0,95.0,43,Completed
511289,14818,2024-08-05,7,2,0.0,54.0,16,Completed
513142,10098,2024-08-05,10,1,0.0,110.0,54,Completed
510665,16556,2024-08-05,1,2,0.05,275.5,158,Returned
507459,11265,2024-08-05,1,1,0.2,116.0,79,Completed
504570,13759,2024-08-06,5,1,0.1,85.5,43,Completed
513678,15692,2024-08-06,8,3,0.0,264.0,117,Completed
503500,10230,2024-08-06,4,2,0.05,532.0,310,Completed
515738,17116,2024-08-06,8,1,0.0,88.0,39,Completed
501177,15455,2024-08-06,1,2,0.0,290.0,158,Cancelled
502662,18003,2024-08-06,10,2,0.1,198.0,108,Completed
514483,12293,2024-08-06,5,1,0.1,85.5,43,Completed
510101,16095,2024-08-06,4,1,0.15,238.0,155,Completed
505835,11921,2024-08-06,5,1,0.0,95.0,43,Completed
511039,11028,2024-08-06,7,2,0.15,45.9,16,Completed
501496,13377,2024-08-06,6,1,0.2,28.0,13,Completed
512746,11781,2024-08-06,7,1,0.05,25.65,8,Completed
515612,13477,2024-08-06,7,4,0.0,108.0,32,Completed
500439,17612,2024-08-06,7,2,0.1,48.6,16,Completed
510254,13975,2024-08-06,1,2,0.15,246.5,158,Returned
513457,10027,2024-08-06,8,1,0.1,79.2,39,Completed
500814,11090,2024-08-06,5,1,0.15,80.75,43,Completed
509844,15544,2024-08-06,7,3,0.0,81.0,24,Completed
503736,13339,2024-08-06,7,1,0.2,21.6,8,Completed
504620,14041,2024-08-06,7,1,0.0,27.0,8,Completed
506930,16679,2024-08-06,6,2,0.0,70.0,26,Completed
500014,11186,2024-08-06,6,1,0.05,33.25,13,Completed
510941,16982,2024-08-06,9,1,0.15,52.7,28,Completed
500536,16357,2024-08-06,6,1,0.0,35.0,13,Completed
514884,14555,2024-08-06,2,1,0.15,61.2,34,Completed
504855,11409,2024-08-06,10,2,0.0,220.0,108,Completed
500806,10702,2024-08-07,7,2,0.05,51.3,16,Completed
512145,10278,2024-08-07,7,2,0.05,51.3,16,Completed
500734,15865,2024-08-07,9,1,0.1,55.8,28,Completed
500184,11506,2024-08-07,7,1,0.0,27.0,8,Completed
509248,15729,2024-08-07,9,1,0.2,49.6,28,Completed
515546,18240,2024-08-07,7,2,0.05,51.3,16,Completed
513339,12405,2024-08-07,9,1,0.15,52.7,28,Completed
511867,11457,2024-08-07,1,3,0.0,435.0,237,Completed
510548,11004,2024-08-07,9,3,0.0,186.0,84,Completed
513949,18431,2024-08-07,1,1,0.1,130.5,79,Cancelled
505200,16634,2024-08-07,1,1,0.05,137.75,79,Completed
512318,10126,2024-08-07,7,1,0.05,25.65,8,Completed
517895,12243,2024-08-07,6,3,0.05,99.75,39,Completed
514132,11113,2024-08-07,2,1,0.0,72.0,34,Completed
507876,12105,2024-08-07,7,4,0.15,91.8,32,Completed
511273,16703,2024-08-07,10,1,0.0,110.0,54,Returned
509791,12936,2024-08-07,5,3,0.0,285.0,129,Completed
503787,13156,2024-08-07,9,2,0.05,117.8,56,Completed
501707,15218,2024-08-07,3,1,0.15,40.8,21,Completed
513586,13715,2024-08-07,5,1,0.0,95.0,43,Completed
502680,12877,2024-08-07,6,1,0.0,35.0,13,Completed
515292,15158,2024-08-07,1,1,0.2,116.0,79,Completed
501325,15728,2024-08-07,3,1,0.0,48.0,21,Completed
506623,12673,2024-08-07,10,1,0.05,104.5,54,Completed
501255,12435,2024-08-07,1,1,0.05,137.75,79,Completed
508911,12238,2024-08-07,8,1,0.0,88.0,39,Completed
505175,13137,2024-08-07,8,3,0.0,264.0,117,Completed
501210,18386,2024-08-07,10,1,0.0,110.0,54,Completed
513264,17705,2024-08-08,9,1,0.0,62.0,28,Completed
504833,13078,2024-08-08,5,1,0.0,95.0,43,Completed
516432,16427,2024-08-08,2,2,0.1,129.6,68,Completed
515998,10094,2024-08-08,2,1,0.0,72.0,34,Completed
505718,11060,2024-08-08,5,2,0.1,171.0,86,Completed
506036,13498,2024-08-08,4,1,0.0,280.0,155,Completed
506622,14093,2024-08-08,5,4,0.05,361.0,172,Completed
517801,15196,2024-08-08,1,1,0.0,145.0,79,Completed
516684,10442,2024-08-08,5,1,0.0,95.0,43,Completed
513627,12907,2024-08-08,5,1,0.0,95.0,43,Completed
511370,14077,2024-08-08,5,1,0.0,95.0,43,Completed
504281,11468,2024-08-08,1,1,0.1,130.5,79,Completed
509656,10013,2024-08-08,7,1,0.05,25.65,8,Completed
511864,12830,2024-08-08,3,2,0.1,86.4,42,Completed
503502,10452,2024-08-08,5,1,0.05,90.25,43,Completed
508769,13560,2024-08-08,2,1,0.0,72.0,34,Completed
511019,10262,2024-08-08,8,1,0.05,83.6,39,Completed
505388,18039,2024-08-08,5,1,0.15,80.75,43,Returned
517997,10825,2024-08-08,10,1,0.0,110.0,54,Completed
508222,11299,2024-08-08,7,1,0.0,27.0,8,Completed
512834,11042,2024-08-08,2,1,0.15,61.2,34,Completed
508908,10389,2024-08-08,1,1,0.05,137.75,79,Completed
510257,12562,2024-08-08,8,3,0.2,211.2,117,Completed
513295,12199,2024-08-08,2,1,0.2,57.6,34,Returned
503368,14433,2024-08-08,1,1,0.1,130.5,79,Completed
511141,12381,2024-08-08,8,2,0.05,167.2,78,Completed
511934,14278,2024-08-08,4,1,0.0,280.0,155,Completed
509402,15260,2024-08-09,4,1,0.05,266.0,155,Completed
514306,11702,2024-08-09,2,1,0.1,64.8,34,Completed
505910,12774,2024-08-09,1,1,0.0,145.0,79,Completed
509077,15046,2024-08-09,1,2,0.1,261.0,158,Completed
500330,10503,2024-08-09,1,1,0.0,145.0,79,Completed
503814,11003,2024-08-09,6,2,0.05,66.5,26,Completed
508012,15816,2024-08-09,7,2,0.05,51.3,16,Cancelled
508684,15938,2024-08-09,6,1,0.1,31.5,13,Completed
513255,16674,2024-08-09,8,2,0.0,176.0,78,Completed
507747,10653,2024-08-09,5,1,0.1,85.5,43,Completed
514326,10449,2024-08-09,9,1,0.05,58.9,28,Completed
510389,13380,2024-08-09,7,1,0.15,22.95,8,Completed
517014,10871,2024-08-09,10,1,0.2,88.0,54,Cancelled
505234,11739,2024-08-09,5,1,0.05,90.25,43,Cancelled
507248,15579,2024-08-09,8,1,0.05,83.6,39,Completed
515670,15708,2024-08-09,7,4,0.05,102.6,32,Completed
517530,17649,2024-08-09,4,1,0.2,224.0,155,Completed
512523,18211,2024-08-09,10,1,0.2,88.0,54,Completed
506299,12813,2024-08-09,1,2,0.05,275.5,158,Completed
503958,16096,2024-08-09,7,2,0.0,54.0,16,Completed
507452,15573,2024-08-09,9,2,0.05,117.8,56,Completed
501408,12117,2024-08-09,6,2,0.0,70.0,26,Completed
500944,10435,2024-08-09,7,1,0.15,22.95,8,Completed
501854,15685,2024-08-09,7,2,0.0,54.0,16,Completed
507516,10616,2024-08-09,2,3,0.05,205.2,102,Cancelled
502779,12731,2024-08-09,5,3,0.1,256.5,129,Completed
517332,10020,2024-08-09,3,1,0.0,48.0,21,Completed
501373,10814,2024-08-09,7,1,0.1,24.3,8,Completed
508709,10130,2024-08-10,5,1,0.1,85.5,43,Completed
511171,11821,2024-08-10,7,1,0.0,27.0,8,Completed
504557,16463,2024-08-10,6,3,0.05,99.75,39,Completed
501608,16274,2024-08-10,7,1,0.0,27.0,8,Completed
508915,10873,2024-08-10,3,1,0.0,48.0,21,Completed
515910,17162,2024-08-10,9,2,0.15,105.4,56,Completed
516890,10799,2024-08-10,8,1,0.0,88.0,39,Completed
517372,15728,2024-08-10,9,1,0.05,58.9,28,Completed
500338,10430,2024-08-10,10,2,0.05,209.0,108,Completed
512484,12571,2024-08-10,2,1,0.05,68.4,34,Completed
500824,15318,2024-08-10,5,1,0.1,85.5,43,Completed
510587,11934,2024-08-10,10,1,0.2,88.0,54,Completed
507236,12048,2024-08-10,5,1,0.0,95.0,43,Completed
511342,13469,2024-08-10,9,2,0.05,117.8,56,Completed
507363,12346,2024-08-10,5,3,0.1,256.5,129,Completed
501384,11941,2024-08-10,6,1,0.05,33.25,13,Completed
506234,10798,2024-08-10,1,2,0.0,290.0,158,Completed
512074,13187,2024-08-10,5,1,0.1,85.5,43,Completed
515118,14663,2024-08-10,6,3,0.0,105.0,39,Completed
514818,10247,2024-08-10,4,1,0.15,238.0,155,Completed
513496,13556,2024-08-10,7,1,0.0,27.0,8,Completed
513077,16153,2024-08-10,1,1,0.0,145.0,79,Completed
509941,13948,2024-08-10,7,1,0.1,24.3,8,Completed
512996,10573,2024-08-11,1,2,0.0,290.0,158,Completed
515400,13980,2024-08-11,10,1,0.1,99.0,54,Completed
508767,11501,2024-08-11,3,1,0.1,43.2,21,Completed
513332,17301,2024-08-11,5,2,0.15,161.5,86,Completed
511755,18226,2024-08-11,6,1,0.05,33.25,13,Completed
500651,10753,2024-08-11,10,2,0.05,209.0,108,Completed
516500,16272,2024-08-11,2,1,0.2,57.6,34,Completed
509016,10679,2024-08-11,10,1,0.0,110.0,54,Completed
505560,14542,2024-08-11,1,2,0.0,290.0,158,Completed
509001,17408,2024-08-11,7,1,0.0,27.0,8,Completed
507802,11776,2024-08-11,10,1,0.05,104.5,54,Completed
502447,13803,2024-08-11,9,2,0.0,124.0,56,Completed
507141,17113,2024-08-11,7,1,0.0,27.0,8,Completed
501847,16382,2024-08-11,5,2,0.05,180.5,86,Completed
504440,18185,2024-08-11,5,1,0.15,80.75,43,Completed
516068,13318,2024-08-11,1,1,0.0,145.0,79,Completed
509621,12070,2024-08-11,5,1,0.1,85.5,43,Completed
511468,16820,2024-08-11,5,1,0.15,80.75,43,Completed
504653,15315,2024-08-11,1,1,0.2,116.0,79,Completed
500321,13829,2024-08-11,6,1,0.15,29.75,13,Completed
504348,16847,2024-08-11,10,1,0.05,104.5,54,Completed
508067,15149,2024-08-11,10,1,0.05,104.5,54,Cancelled
508843,10742,2024-08-11,10,1,0.05,104.5,54,Completed
512855,13205,2024-08-11,2,1,0.05,68.4,34,Returned
504091,15877,2024-08-11,6,1,0.0,35.0,13,Completed
508301,16509,2024-08-11,3,1,0.05,45.6,21,Completed
503212,10271,2024-08-11,10,1,0.0,110.0,54,Completed
503998,17217,2024-08-11,3,3,0.0,144.0,63,Completed
506009,15259,2024-08-11,5,1,0.05,90.25,43,Completed
512873,12012,2024-08-11,6,2,0.1,63.0,26,Completed
500788,17014,2024-08-12,5,1,0.0,95.0,43,Returned
507945,16641,2024-08-12,1,1,0.0,145.0,79,Completed
502721,17528,2024-08-12,1,1,0.0,145.0,79,Completed
506341,15268,2024-08-12,5,1,0.0,95.0,43,Completed
510351,11855,2024-08-12,5,2,0.0,190.0,86,Completed
501047,16232,2024-08-12,1,2,0.0,290.0,158,Completed
513158,14096,2024-08-12,1,1,0.2,116.0,79,Completed
512954,15947,2024-08-12,4,3,0.2,672.0,465,Completed
507449,10609,2024-08-12,7,1,0.0,27.0,8,Completed
507328,14001,2024-08-12,10,3,0.1,297.0,162,Completed
509855,18248,2024-08-12,6,1,0.15,29.75,13,Completed
501069,11787,2024-08-12,5,1,0.05,90.25,43,Completed
500556,15381,2024-08-12,9,1,0.0,62.0,28,Completed
504565,12962,2024-08-12,2,1,0.1,64.8,34,Completed
509761,17796,2024-08-12,9,1,0.05,58.9,28,Completed
503866,11721,2024-08-12,3,1,0.0,48.0,21,Completed
501910,11684,2024-08-12,2,3,0.1,194.4,102,Completed
513189,12058,2024-08-12,1,1,0.05,137.75,79,Completed
513263,11765,2024-08-12,10,2,0.0,220.0,108,Completed
509898,10687,2024-08-12,7,2,0.0,54.0,16,Completed
506949,17895,2024-08-12,6,1,0.0,35.0,13,Completed
516624,12079,2024-08-12,7,1,0.0,27.0,8,Completed
510606,10848,2024-08-13,5,1,0.0,95.0,43,Completed
509637,17292,2024-08-13,9,1,0.05,58.9,28,Completed
516463,10292,2024-08-13,3,1,0.0,48.0,21,Completed
511074,10880,2024-08-13,2,1,0.0,72.0,34,Completed
512931,13415,2024-08-13,7,1,0.0,27.0,8,Completed
508568,13287,2024-08-13,1,2,0.1,261.0,158,Completed
511522,10779,2024-08-13,7,2,0.05,51.3,16,Completed
506897,13459,2024-08-13,1,1,0.0,145.0,79,Completed
512973,13541,2024-08-13,2,2,0.2,115.2,68,Completed
512124,12774,2024-08-13,5,1,0.1,85.5,43,Completed
502575,17252,2024-08-13,9,2,0.1,111.6,56,Completed
513547,13797,2024-08-13,2,2,0.1,129.6,68,Completed
515038,15348,2024-08-13,6,4,0.1,126.0,52,Completed
505792,11943,2024-08-13,6,2,0.0,70.0,26,Completed
505213,11085,2024-08-13,1,2,0.0,290.0,158,Completed
515625,12145,2024-08-13,9,2,0.05,117.8,56,Completed
501354,14319,2024-08-13,10,2,0.0,220.0,108,Completed
505347,14714,2024-08-13,6,2,0.15,59.5,26,Completed
508060,10940,2024-08-13,2,2,0.2,115.2,68,Completed
508735,14438,2024-08-13,1,2,0.0,290.0,158,Completed
504716,16772,2024-08-13,1,1,0.1,130.5,79,Completed
513348,10778,2024-08-13,1,2,0.0,290.0,158,Completed
513341,13368,2024-08-13,9,4,0.05,235.6,112,Completed
500159,12604,2024-08-13,9,1,0.0,62.0,28,Completed
515309,10880,2024-08-13,1,1,0.1,130.5,79,Completed
503475,12443,2024-08-13,10,2,0.0,220.0,108,Completed
511347,12238,2024-08-13,4,1,0.15,238.0,155,Completed
512493,11683,2024-08-14,5,1,0.0,95.0,43,Completed
513898,14838,2024-08-14,1,1,0.1,130.5,79,Completed
504998,13317,2024-08-14,7,2,0.15,45.9,16,Completed
506574,18111,2024-08-14,3,3,0.0,144.0,63,Completed
513558,13426,2024-08-14,1,2,0.0,290.0,158,Completed
505601,12762,2024-08-14,10,2,0.0,220.0,108,Completed
501601,12201,2024-08-14,9,2,0.0,124.0,56,Completed
506900,13533,2024-08-14,5,2,0.1,171.0,86,Completed
517830,11179,2024-08-14,4,2,0.0,560.0,310,Completed
501116,11732,2024-08-14,2,2,0.15,122.4,68,Completed
510643,11923,2024-08-14,4,1,0.0,280.0,155,Returned
510125,11380,2024-08-14,10,2,0.05,209.0,108,Completed
513325,13707,2024-08-14,6,2,0.0,70.0,26,Completed
504268,18337,2024-08-14,7,1,0.2,21.6,8,Completed
512892,11138,2024-08-14,8,1,0.0,88.0,39,Completed
515684,16542,2024-08-14,10,1,0.1,99.0,54,Completed
506171,11413,2024-08-14,1,4,0.1,522.0,316,Completed
510430,13001,2024-08-14,2,1,0.05,68.4,34,Completed
503452,12134,2024-08-14,7,1,0.05,25.65,8,Completed
501965,12802,2024-08-14,7,2,0.05,51.3,16,Completed
500636,11256,2024-08-14,5,1,0.0,95.0,43,Returned
517789,12404,2024-08-14,4,1,0.15,238.0,155,Completed
509332,13354,2024-08-14,9,2,0.0,124.0,56,Completed
514539,12936,2024-08-14,7,1,0.15,22.95,8,Completed
504659,11084,2024-08-14,9,2,0.05,117.8,56,Completed
509478,12676,2024-08-14,10,3,0.15,280.5,162,Completed
506138,12942,2024-08-14,2,3,0.05,205.2,102,Completed
509944,17996,2024-08-14,10,1,0.05,104.5,54,Completed
509532,13032,2024-08-14,6,4,0.2,112.0,52,Completed
500851,16373,2024-08-14,2,3,0.0,216.0,102,Completed
517720,14280,2024-08-14,1,1,0.15,123.25,79,Completed
514479,15757,2024-08-14,1,1,0.05,137.75,79,Completed
514436,13565,2024-08-15,5,4,0.05,361.0,172,Completed
503118,15021,2024-08-15,5,1,0.0,95.0,43,Completed
503219,12913,2024-08-15,4,3,0.0,840.0,465,Completed
516920,10489,2024-08-15,3,1,0.2,38.4,21,Completed
507049,17499,2024-08-15,6,1,0.2,28.0,13,Completed
516398,16507,2024-08-15,3,2,0.15,81.6,42,Completed
509760,13080,2024-08-15,2,1,0.0,72.0,34,Completed
515977,12543,2024-08-15,3,1,0.0,48.0,21,Completed
517610,10670,2024-08-15,7,1,0.0,27.0,8,Completed
512595,14092,2024-08-15,5,1,0.0,95.0,43,Completed
511198,10313,2024-08-15,9,1,0.1,55.8,28,Completed
505531,12248,2024-08-15,6,2,0.1,63.0,26,Completed
511368,12091,2024-08-15,3,1,0.05,45.6,21,Completed
504425,11562,2024-08-15,8,1,0.0,88.0,39,Completed
511813,12054,2024-08-15,1,2,0.0,290.0,158,Completed
503989,13780,2024-08-15,8,1,0.0,88.0,39,Returned
504200,13589,2024-08-15,10,2,0.1,198.0,108,Completed
500629,15339,2024-08-15,7,1,0.1,24.3,8,Completed
504792,11658,2024-08-15,5,1,0.05,90.25,43,Completed
500966,14631,2024-08-15,9,1,0.0,62.0,28,Completed
508616,15218,2024-08-15,10,1,0.0,110.0,54,Completed
511147,15126,2024-08-15,3,1,0.05,45.6,21,Completed
505662,18159,2024-08-15,7,1,0.05,25.65,8,Completed
503248,11166,2024-08-15,2,2,0.0,144.0,68,Completed
515339,13759,2024-08-15,7,1,0.05,25.65,8,Completed
502688,11910,2024-08-15,9,3,0.0,186.0,84,Completed
508766,14129,2024-08-15,2,2,0.0,144.0,68,Completed
504113,11049,2024-08-16,7,1,0.0,27.0,8,Returned
513568,14826,2024-08-16,2,1,0.0,72.0,34,Completed
504376,10180,2024-08-16,4,1,0.1,252.0,155,Completed
514255,12336,2024-08-16,5,1,0.0,95.0,43,Completed
501423,10877,2024-08-16,2,1,0.2,57.6,34,Completed
508077,16326,2024-08-16,5,2,0.15,161.5,86,Completed
504048,10290,2024-08-16,3,2,0.1,86.4,42,Completed
512918,11705,2024-08-16,5,1,0.0,95.0,43,Completed
509861,16112,2024-08-16,7,2,0.1,48.6,16,Completed
511050,10883,2024-08-16,6,3,0.05,99.75,39,Completed
503523,10319,2024-08-16,6,2,0.05,66.5,26,Completed
504173,13326,2024-08-16,1,1,0.0,145.0,79,Completed
513363,15398,2024-08-16,1,2,0.05,275.5,158,Cancelled
513994,10919,2024-08-16,7,1,0.05,25.65,8,Completed
500909,10700,2024-08-16,1,1,0.1,130.5,79,Completed
508747,13660,2024-08-16,6,3,0.15,89.25,39,Completed
504894,12991,2024-08-16,4,3,0.05,798.0,465,Completed
516002,10678,2024-08-16,7,1,0.0,27.0,8,Completed
504861,11596,2024-08-16,7,2,0.2,43.2,16,Completed
506177,10726,2024-08-16,8,2,0.1,158.4,78,Completed
511183,14147,2024-08-16,9,2,0.05,117.8,56,Completed
517967,16725,2024-08-17,8,3,0.15,224.4,117,Completed
505359,13312,2024-08-17,9,4,0.1,223.2,112,Completed
509540,14311,2024-08-17,9,4,0.1,223.2,112,Returned
511610,17240,2024-08-17,4,2,0.2,448.0,310,Completed
500334,13035,2024-08-17,5,1,0.1,85.5,43,Completed
503459,13455,2024-08-17,2,2,0.1,129.6,68,Completed
504384,16074,2024-08-17,8,1,0.0,88.0,39,Completed
506962,10264,2024-08-17,3,1,0.15,40.8,21,Completed
502616,15088,2024-08-17,5,4,0.0,380.0,172,Completed
516279,14294,2024-08-17,10,3,0.0,330.0,162,Completed
503370,12331,2024-08-17,5,1,0.0,95.0,43,Completed
513783,14354,2024-08-17,10,1,0.15,93.5,54,Completed
502035,11040,2024-08-17,2,3,0.0,216.0,102,Completed
507002,16103,2024-08-17,9,2,0.05,117.8,56,Completed
513344,14978,2024-08-18,5,3,0.0,285.0,129,Completed
514803,12913,2024-08-18,5,1,0.05,90.25,43,Completed
517343,11686,2024-08-18,1,1,0.0,145.0,79,Completed
501964,11879,2024-08-18,7,3,0.05,76.95,24,Completed
510051,10523,2024-08-18,7,2,0.05,51.3,16,Completed
515333,12964,2024-08-18,1,1,0.05,137.75,79,Completed
517122,15453,2024-08-18,8,2,0.15,149.6,78,Completed
504358,18286,2024-08-18,3,2,0.1,86.4,42,Completed
510233,18115,2024-08-18,4,2,0.0,560.0,310,Completed
514547,15471,2024-08-18,1,1,0.15,123.25,79,Completed
511854,11767,2024-08-18,1,1,0.0,145.0,79,Completed
503547,11393,2024-08-18,7,1,0.1,24.3,8,Completed
513574,14157,2024-08-18,9,1,0.05,58.9,28,Completed
508303,10750,2024-08-18,2,1,0.0,72.0,34,Completed
502048,11536,2024-08-18,9,2,0.1,111.6,56,Completed
506242,11458,2024-08-18,8,2,0.0,176.0,78,Completed
501728,12505,2024-08-18,9,1,0.1,55.8,28,Completed
506481,16390,2024-08-18,5,1,0.15,80.75,43,Completed
517037,10966,2024-08-18,7,2,0.0,54.0,16,Completed
501217,16021,2024-08-18,2,1,0.05,68.4,34,Completed
504648,17285,2024-08-18,5,1,0.0,95.0,43,Completed
510967,15722,2024-08-18,4,1,0.0,280.0,155,Completed
506098,13191,2024-08-18,7,1,0.05,25.65,8,Completed
511327,10922,2024-08-18,10,1,0.2,88.0,54,Completed
502732,14185,2024-08-19,1,3,0.15,369.75,237,Completed
504084,12823,2024-08-19,6,1,0.0,35.0,13,Completed
509654,15854,2024-08-19,3,1,0.15,40.8,21,Completed
510621,13435,2024-08-19,4,1,0.05,266.0,155,Completed
516807,13151,2024-08-19,1,2,0.1,261.0,158,Completed
508415,15199,2024-08-19,6,2,0.05,66.5,26,Completed
512632,14734,2024-08-19,6,1,0.1,31.5,13,Completed
517021,14490,2024-08-19,1,2,0.0,290.0,158,Completed
507730,11420,2024-08-19,2,1,0.0,72.0,34,Completed
501214,16700,2024-08-19,9,1,0.0,62.0,28,Completed
509980,16483,2024-08-19,9,1,0.1,55.8,28,Completed
504218,14696,2024-08-19,2,1,0.0,72.0,34,Completed
512809,14675,2024-08-19,2,2,0.1,129.6,68,Completed
516969,12393,2024-08-19,6,1,0.0,35.0,13,Completed
511043,13142,2024-08-19,2,3,0.0,216.0,102,Returned
504111,15116,2024-08-19,8,2,0.05,167.2,78,Completed
500602,15174,2024-08-19,9,2,0.15,105.4,56,Completed
507599,16602,2024-08-19,10,1,0.05,104.5,54,Completed
504662,13513,2024-08-19,1,1,0.0,145.0,79,Completed
505339,10787,2024-08-19,8,3,0.15,224.4,117,Completed
511136,11649,2024-08-19,3,1,0.05,45.6,21,Completed
501755,10577,2024-08-19,6,1,0.0,35.0,13,Completed
504439,12766,2024-08-19,1,2,0.0,290.0,158,Completed
504542,15717,2024-08-20,8,1,0.05,83.6,39,Completed
514766,13433,2024-08-20,9,2,0.1,111.6,56,Completed
501819,10238,2024-08-20,1,1,0.1,130.5,79,Completed
515774,11315,2024-08-20,7,3,0.1,72.9,24,Completed
500343,10164,2024-08-20,5,1,0.0,95.0,43,Cancelled
513935,17328,2024-08-20,5,3,0.15,242.25,129,Completed
508932,12570,2024-08-20,7,1,0.15,22.95,8,Completed
509970,17558,2024-08-20,6,2,0.2,56.0,26,Completed
507084,16973,2024-08-20,1,1,0.15,123.25,79,Completed
517553,15376,2024-08-20,4,1,0.0,280.0,155,Completed
514148,12536,2024-08-20,5,1,0.05,90.25,43,Completed
511906,10945,2024-08-20,1,1,0.0,145.0,79,Completed
513209,10920,2024-08-20,7,2,0.1,48.6,16,Completed
500307,10905,2024-08-20,5,1,0.1,85.5,43,Completed
505350,15785,2024-08-20,4,2,0.15,476.0,310,Completed
500518,11997,2024-08-20,6,1,0.0,35.0,13,Completed
501945,12010,2024-08-20,3,2,0.2,76.8,42,Completed
507775,10503,2024-08-20,5,1,0.05,90.25,43,Completed
502634,12805,2024-08-20,2,1,0.0,72.0,34,Completed
504411,10854,2024-08-20,9,2,0.05,117.8,56,Completed
503876,10815,2024-08-20,6,1,0.05,33.25,13,Completed
509327,13471,2024-08-20,6,1,0.1,31.5,13,Completed
510704,11206,2024-08-20,9,1,0.1,55.8,28,Returned
507621,16306,2024-08-20,10,2,0.0,220.0,108,Completed
500833,16297,2024-08-20,1,1,0.0,145.0,79,Completed
511371,12758,2024-08-21,6,1,0.0,35.0,13,Completed
502580,10272,2024-08-21,1,2,0.0,290.0,158,Completed
511817,14780,2024-08-21,8,2,0.0,176.0,78,Completed
509471,12166,2024-08-21,1,1,0.05,137.75,79,Completed
507785,14145,2024-08-21,8,2,0.0,176.0,78,Completed
503360,10963,2024-08-21,6,1,0.1,31.5,13,Completed
503788,16608,2024-08-21,2,1,0.1,64.8,34,Completed
508164,11018,2024-08-21,5,1,0.1,85.5,43,Completed
506827,14475,2024-08-21,5,2,0.0,190.0,86,Completed
508975,15234,2024-08-21,4,1,0.0,280.0,155,Completed
515896,12665,2024-08-21,7,2,0.05,51.3,16,Completed
507800,14579,2024-08-21,7,2,0.15,45.9,16,Completed
506235,11815,2024-08-21,9,1,0.05,58.9,28,Completed
506584,15096,2024-08-21,7,3,0.2,64.8,24,Completed
513367,10503,2024-08-21,4,1,0.1,252.0,155,Completed
514642,15294,2024-08-21,3,1,0.05,45.6,21,Completed
504253,12602,2024-08-22,9,1,0.0,62.0,28,Returned
506968,12364,2024-08-22,7,1,0.0,27.0,8,Completed
513794,10611,2024-08-22,6,1,0.0,35.0,13,Completed
500019,17613,2024-08-22,7,1,0.0,27.0,8,Completed
507883,12913,2024-08-22,3,1,0.1,43.2,21,Completed
510073,12622,2024-08-22,10,1,0.0,110.0,54,Completed
508839,10531,2024-08-22,5,1,0.0,95.0,43,Completed
508821,10007,2024-08-22,7,1,0.1,24.3,8,Cancelled
502666,18386,2024-08-22,2,1,0.15,61.2,34,Returned
502240,10662,2024-08-22,9,1,0.2,49.6,28,Completed
508807,17541,2024-08-22,8,2,0.0,176.0,78,Completed
501751,16823,2024-08-22,9,1,0.2,49.6,28,Completed
508006,14591,2024-08-22,1,1,0.1,130.5,79,Completed
508252,14585,2024-08-22,2,1,0.05,68.4,34,Cancelled
505116,12194,2024-08-22,10,3,0.0,330.0,162,Completed
505104,16736,2024-08-22,5,3,0.05,270.75,129,Completed
515975,16980,2024-08-22,1,1,0.15,123.25,79,Cancelled
511009,13939,2024-08-22,6,1,0.0,35.0,13,Completed
507982,14464,2024-08-22,6,3,0.15,89.25,39,Completed
504567,12595,2024-08-22,9,2,0.0,124.0,56,Completed
501063,14459,2024-08-22,8,1,0.1,79.2,39,Completed
504594,11909,2024-08-22,5,1,0.15,80.75,43,Completed
501961,12607,2024-08-22,3,1,0.0,48.0,21,Completed
509075,10925,2024-08-22,6,2,0.05,66.5,26,Completed
516422,14016,2024-08-22,7,1,0.15,22.95,8,Completed
503751,17807,2024-08-22,3,1,0.15,40.8,21,Completed
517998,12985,2024-08-22,1,1,0.0,145.0,79,Completed
511913,12661,2024-08-22,1,2,0.15,246.5,158,Completed
508156,16518,2024-08-23,1,2,0.1,261.0,158,Completed
509430,13004,2024-08-23,6,1,0.0,35.0,13,Returned
516478,16023,2024-08-23,3,1,0.1,43.2,21,Completed
512136,13916,2024-08-23,5,1,0.0,95.0,43,Completed
502138,12004,2024-08-23,2,1,0.05,68.4,34,Completed
501259,15337,2024-08-23,9,1,0.0,62.0,28,Completed
507035,11860,2024-08-23,10,2,0.1,198.0,108,Completed
516254,14569,2024-08-23,5,1,0.05,90.25,43,Completed
506685,15487,2024-08-23,5,2,0.0,190.0,86,Completed
509758,15457,2024-08-23,3,2,0.0,96.0,42,Completed
516722,12624,2024-08-23,4,1,0.1,252.0,155,Completed
511588,12972,2024-08-23,5,2,0.1,171.0,86,Completed
510132,17050,2024-08-23,1,1,0.05,137.75,79,Completed
517490,16434,2024-08-23,7,2,0.1,48.6,16,Completed
517660,12933,2024-08-23,9,2,0.0,124.0,56,Completed
509117,13854,2024-08-23,6,2,0.05,66.5,26,Completed
515753,17036,2024-08-23,6,2,0.05,66.5,26,Completed
513776,16070,2024-08-23,5,1,0.15,80.75,43,Completed
505778,11208,2024-08-23,2,1,0.05,68.4,34,Completed
511761,16740,2024-08-23,3,1,0.05,45.6,21,Completed
505756,10201,2024-08-23,7,1,0.0,27.0,8,Cancelled
503926,14004,2024-08-24,6,1,0.1,31.5,13,Completed
502723,14125,2024-08-24,5,2,0.0,190.0,86,Completed
513194,15357,2024-08-24,1,2,0.1,261.0,158,Returned
502985,12150,2024-08-24,10,2,0.0,220.0,108,Completed
509028,12131,2024-08-24,9,2,0.05,117.8,56,Completed
513485,16817,2024-08-24,4,1,0.0,280.0,155,Completed
504898,10635,2024-08-24,8,2,0.1,158.4,78,Completed
514320,17085,2024-08-24,1,1,0.0,145.0,79,Completed
508545,13125,2024-08-24,1,4,0.0,580.0,316,Completed
501887,15155,2024-08-24,8,1,0.0,88.0,39,Completed
516965,11541,2024-08-24,10,1,0.05,104.5,54,Completed
513674,12206,2024-08-24,6,1,0.05,33.25,13,Completed
502182,10421,2024-08-24,3,1,0.0,48.0,21,Completed
503067,15915,2024-08-24,10,1,0.15,93.5,54,Completed
514724,11707,2024-08-24,8,1,0.0,88.0,39,Completed
503526,10912,2024-08-24,9,1,0.0,62.0,28,Completed
505900,14356,2024-08-24,10,1,0.0,110.0,54,Completed
507175,12986,2024-08-24,7,1,0.0,27.0,8,Completed
504812,12268,2024-08-24,10,1,0.05,104.5,54,Completed
505260,16083,2024-08-24,1,1,0.05,137.75,79,Completed
513904,13650,2024-08-24,5,2,0.1,171.0,86,Completed
504980,16419,2024-08-24,5,2,0.0,190.0,86,Completed
513799,17464,2024-08-24,5,1,0.2,76.0,43,Completed
500478,17810,2024-08-25,10,1,0.0,110.0,54,Returned
514506,16746,2024-08-25,3,2,0.05,91.2,42,Completed
515237,11431,2024-08-25,3,3,0.1,129.6,63,Completed
511537,12238,2024-08-25,10,1,0.1,99.0,54,Completed
516186,13395,2024-08-25,2,2,0.0,144.0,68,Completed
502400,11615,2024-08-25,8,1,0.2,70.4,39,Completed
510423,11116,2024-08-25,1,3,0.0,435.0,237,Completed
515216,11395,2024-08-25,8,1,0.05,83.6,39,Completed
503320,15558,2024-08-25,9,1,0.1,55.8,28,Completed
511927,14735,2024-08-25,7,2,0.1,48.6,16,Completed
515420,13663,2024-08-25,7,1,0.1,24.3,8,Completed
517262,15506,2024-08-25,7,2,0.05,51.3,16,Completed
500982,12568,2024-08-25,1,1,0.0,145.0,79,Completed
505559,12278,2024-08-25,1,1,0.05,137.75,79,Completed
508877,11571,2024-08-25,8,1,0.15,74.8,39,Completed
514591,13840,2024-08-25,1,1,0.05,137.75,79,Completed
505571,11433,2024-08-25,9,1,0.2,49.6,28,Completed
516278,10458,2024-08-25,9,2,0.0,124.0,56,Completed
517221,13262,2024-08-25,9,1,0.05,58.9,28,Completed
504858,11074,2024-08-25,10,1,0.0,110.0,54,Completed
505548,10247,2024-08-25,1,1,0.1,130.5,79,Completed
517358,10375,2024-08-25,1,3,0.1,391.5,237,Returned
508923,14852,2024-08-25,4,4,0.0,1120.0,620,Completed
517574,12394,2024-08-25,7,3,0.0,81.0,24,Completed
509487,12711,2024-08-26,5,1,0.0,95.0,43,Completed
501996,17349,2024-08-26,9,1,0.1,55.8,28,Completed
508705,17149,2024-08-26,1,4,0.2,464.0,316,Completed
513803,10427,2024-08-26,7,2,0.0,54.0,16,Completed
516345,10429,2024-08-26,10,3,0.1,297.0,162,Completed
508411,10127,2024-08-26,6,3,0.0,105.0,39,Completed
504249,13839,2024-08-26,3,1,0.05,45.6,21,Completed
501151,12817,2024-08-26,3,1,0.05,45.6,21,Completed
506916,10699,2024-08-26,7,1,0.15,22.95,8,Completed
512409,14892,2024-08-26,2,1,0.0,72.0,34,Completed
513253,10791,2024-08-26,5,2,0.05,180.5,86,Completed
501982,14886,2024-08-26,2,1,0.15,61.2,34,Completed
515158,10527,2024-08-26,6,1,0.15,29.75,13,Completed
511139,11925,2024-08-26,7,1,0.1,24.3,8,Completed
500015,13236,2024-08-26,5,1,0.15,80.75,43,Completed
504078,14337,2024-08-26,4,1,0.0,280.0,155,Completed
507464,13386,2024-08-26,7,3,0.15,68.85,24,Completed
514822,13391,2024-08-26,6,1,0.05,33.25,13,Completed
512355,15930,2024-08-26,3,1,0.05,45.6,21,Completed
502738,11370,2024-08-26,10,1,0.05,104.5,54,Completed
511992,13479,2024-08-26,7,2,0.15,45.9,16,Completed
511608,16729,2024-08-26,8,2,0.0,176.0,78,Completed
511576,15353,2024-08-26,5,1,0.0,95.0,43,Completed
509015,13490,2024-08-26,5,1,0.15,80.75,43,Completed
502542,10024,2024-08-26,1,2,0.0,290.0,158,Completed
503208,14457,2024-08-26,3,1,0.0,48.0,21,Completed
500336,12309,2024-08-26,2,1,0.05,68.4,34,Completed
508749,18077,2024-08-26,10,1,0.15,93.5,54,Completed
501415,10325,2024-08-26,5,1,0.05,90.25,43,Completed
511482,13382,2024-08-26,2,2,0.05,136.8,68,Completed
514465,10557,2024-08-26,1,2,0.0,290.0,158,Completed
503051,14663,2024-08-26,3,1,0.05,45.6,21,Completed
500608,10982,2024-08-27,8,1,0.0,88.0,39,Completed
513709,10636,2024-08-27,3,1,0.0,48.0,21,Completed
508173,13230,2024-08-27,3,1,0.0,48.0,21,Completed
500446,15267,2024-08-27,10,2,0.1,198.0,108,Completed
506830,17993,2024-08-27,9,1,0.2,49.6,28,Completed
508341,16038,2024-08-27,5,3,0.1,256.5,129,Completed
515048,13125,2024-08-27,8,1,0.0,88.0,39,Completed
505244,15877,2024-08-27,10,2,0.0,220.0,108,Completed
508847,13049,2024-08-27,10,1,0.05,104.5,54,Completed
500006,10707,2024-08-27,2,1,0.0,72.0,34,Completed
501229,12637,2024-08-27,5,1,0.2,76.0,43,Completed
509419,10513,2024-08-27,4,1,0.05,266.0,155,Completed
513474,12056,2024-08-27,1,2,0.0,290.0,158,Completed
503366,13103,2024-08-27,10,1,0.1,99.0,54,Completed
505672,13864,2024-08-27,5,3,0.0,285.0,129,Completed
505410,16540,2024-08-27,6,2,0.05,66.5,26,Completed
504913,10673,2024-08-27,9,2,0.2,99.2,56,Completed
505082,16743,2024-08-27,5,2,0.0,190.0,86,Completed
503011,15355,2024-08-27,7,1,0.05,25.65,8,Completed
513584,10699,2024-08-27,9,3,0.0,186.0,84,Returned
504344,13284,2024-08-27,1,3,0.0,435.0,237,Completed
516155,13796,2024-08-27,6,2,0.15,59.5,26,Completed
505779,13587,2024-08-28,7,1,0.05,25.65,8,Completed
514701,11725,2024-08-28,5,1,0.1,85.5,43,Returned
513227,15893,2024-08-28,8,1,0.0,88.0,39,Completed
514753,12996,2024-08-28,5,1,0.05,90.25,43,Completed
517787,14182,2024-08-28,5,1,0.1,85.5,43,Completed
511261,15904,2024-08-28,9,1,0.1,55.8,28,Completed
503424,17762,2024-08-28,1,2,0.05,275.5,158,Completed
504068,11303,2024-08-28,3,1,0.1,43.2,21,Completed
504240,13796,2024-08-28,3,1,0.0,48.0,21,Completed
509435,12146,2024-08-28,2,2,0.0,144.0,68,Completed
514707,15649,2024-08-28,7,2,0.05,51.3,16,Completed
503244,12425,2024-08-28,1,1,0.2,116.0,79,Completed
501619,14765,2024-08-28,8,3,0.1,237.6,117,Completed
516158,15542,2024-08-28,5,2,0.2,152.0,86,Completed
509047,13395,2024-08-28,7,2,0.0,54.0,16,Completed
502248,11986,2024-08-28,4,2,0.2,448.0,310,Completed
511041,10460,2024-08-28,5,1,0.05,90.25,43,Completed
514075,10731,2024-08-28,9,2,0.1,111.6,56,Completed
513277,16923,2024-08-28,6,1,0.1,31.5,13,Cancelled
516140,14378,2024-08-28,7,1,0.15,22.95,8,Cancelled
501435,13453,2024-08-28,2,3,0.0,216.0,102,Completed
505297,11896,2024-08-29,6,2,0.15,59.5,26,Completed
513514,13467,2024-08-29,7,1,0.0,27.0,8,Completed
502968,13728,2024-08-29,5,2,0.05,180.5,86,Cancelled
504171,12024,2024-08-29,1,2,0.05,275.5,158,Completed
509549,13916,2024-08-29,5,1,0.15,80.75,43,Completed
517023,13411,2024-08-29,8,2,0.05,167.2,78,Completed
517283,14930,2024-08-29,10,4,0.1,396.0,216,Completed
504667,13717,2024-08-29,1,2,0.0,290.0,158,Cancelled
507579,13133,2024-08-29,6,1,0.1,31.5,13,Completed
517155,15028,2024-08-29,10,2,0.0,220.0,108,Completed
510177,17529,2024-08-29,2,3,0.1,194.4,102,Completed
509237,12382,2024-08-29,9,2,0.15,105.4,56,Completed
506483,12280,2024-08-29,7,2,0.0,54.0,16,Completed
501647,11930,2024-08-29,2,1,0.1,64.8,34,Completed
511494,17385,2024-08-29,1,2,0.0,290.0,158,Completed
501700,16435,2024-08-29,7,2,0.1,48.6,16,Completed
514045,18377,2024-08-29,9,2,0.0,124.0,56,Completed
506915,13784,2024-08-29,7,1,0.1,24.3,8,Completed
508306,11906,2024-08-29,7,1,0.1,24.3,8,Completed
512789,11851,2024-08-29,9,1,0.0,62.0,28,Completed
516244,15323,2024-08-29,10,1,0.1,99.0,54,Completed
504826,12306,2024-08-29,1,1,0.1,130.5,79,Completed
511686,18311,2024-08-29,5,1,0.1,85.5,43,Completed
513840,16129,2024-08-29,5,1,0.15,80.75,43,Cancelled
513842,14208,2024-08-29,6,1,0.0,35.0,13,Completed
500653,15478,2024-08-29,2,1,0.0,72.0,34,Completed
511334,15579,2024-08-30,5,1,0.15,80.75,43,Completed
511284,11360,2024-08-30,6,1,0.1,31.5,13,Cancelled
503498,14026,2024-08-30,1,1,0.05,137.75,79,Completed
506612,11424,2024-08-30,1,2,0.0,290.0,158,Completed
502457,11264,2024-08-30,3,2,0.1,86.4,42,Completed
502888,15935,2024-08-30,5,1,0.15,80.75,43,Completed
515536,11574,2024-08-30,7,1,0.0,27.0,8,Returned
508199,13513,2024-08-30,3,1,0.0,48.0,21,Completed
505074,10443,2024-08-30,2,2,0.0,144.0,68,Completed
516119,13462,2024-08-30,10,1,0.05,104.5,54,Completed
504664,14513,2024-08-30,8,1,0.1,79.2,39,Completed
507323,12417,2024-08-30,4,1,0.05,266.0,155,Completed
507219,12545,2024-08-30,6,1,0.0,35.0,13,Completed
511652,14895,2024-08-30,6,2,0.0,70.0,26,Completed
509738,14273,2024-08-30,3,1,0.1,43.2,21,Completed
509725,11781,2024-08-30,5,2,0.1,171.0,86,Completed
505908,11041,2024-08-30,9,2,0.05,117.8,56,Returned
510558,15963,2024-08-30,1,3,0.15,369.75,237,Completed
514540,11171,2024-08-30,2,1,0.0,72.0,34,Completed
512055,12173,2024-08-30,2,2,0.05,136.8,68,Completed
510518,12400,2024-08-30,9,1,0.05,58.9,28,Completed
506128,13975,2024-08-30,3,1,0.0,48.0,21,Completed
508289,11211,2024-08-30,7,1,0.05,25.65,8,Completed
517741,12696,2024-08-30,2,1,0.2,57.6,34,Completed
508771,14545,2024-08-30,7,2,0.0,54.0,16,Cancelled
505371,12509,2024-08-30,2,1,0.0,72.0,34,Returned
506865,11664,2024-08-30,2,1,0.0,72.0,34,Completed
509651,12732,2024-08-30,6,3,0.0,105.0,39,Completed
508970,12104,2024-08-30,8,2,0.1,158.4,78,Completed
512641,10122,2024-08-30,7,2,0.05,51.3,16,Completed
511033,13108,2024-08-31,3,1,0.1,43.2,21,Completed
504428,14750,2024-08-31,3,1,0.0,48.0,21,Completed
501702,16197,2024-08-31,1,1,0.15,123.25,79,Completed
507995,16074,2024-08-31,2,1,0.0,72.0,34,Completed
513336,14380,2024-08-31,10,4,0.1,396.0,216,Completed
509337,13507,2024-08-31,2,2,0.1,129.6,68,Completed
508956,15298,2024-08-31,6,2,0.15,59.5,26,Completed
517251,11531,2024-08-31,7,3,0.0,81.0,24,Completed
513798,15347,2024-08-31,5,2,0.05,180.5,86,Completed
515874,15188,2024-08-31,7,1,0.0,27.0,8,Completed
517121,10707,2024-08-31,10,2,0.05,209.0,108,Completed
513153,11010,2024-08-31,6,1,0.15,29.75,13,Cancelled
516404,16000,2024-08-31,10,1,0.1,99.0,54,Completed
501701,16149,2024-08-31,3,2,0.0,96.0,42,Completed
502780,12844,2024-08-31,1,2,0.05,275.5,158,Completed
514046,10612,2024-08-31,3,2,0.15,81.6,42,Completed
503539,12236,2024-08-31,7,2,0.05,51.3,16,Completed
516300,12170,2024-08-31,10,3,0.0,330.0,162,Completed
510655,13719,2024-08-31,3,1,0.0,48.0,21,Completed
515593,10453,2024-08-31,10,4,0.0,440.0,216,Completed
501768,14107,2024-08-31,5,1,0.1,85.5,43,Completed
503757,10928,2024-08-31,5,2,0.0,190.0,86,Completed
510329,17884,2024-08-31,6,1,0.0,35.0,13,Completed
512832,16321,2024-08-31,6,2,0.0,70.0,26,Completed
515148,10327,2024-08-31,9,1,0.05,58.9,28,Completed
501022,11348,2024-08-31,2,1,0.2,57.6,34,Completed
513083,15312,2024-08-31,8,3,0.0,264.0,117,Completed
509156,10806,2024-08-31,6,1,0.05,33.25,13,Completed
513990,14966,2024-08-31,9,1,0.1,55.8,28,Completed
510694,10809,2024-09-01,5,1,0.0,95.0,43,Completed
500913,10749,2024-09-01,9,1,0.0,62.0,28,Completed
515095,13718,2024-09-01,7,1,0.0,27.0,8,Completed
500201,10775,2024-09-01,7,1,0.05,25.65,8,Completed
513372,13678,2024-09-01,1,2,0.0,290.0,158,Completed
500319,14482,2024-09-01,7,1,0.05,25.65,8,Completed
500348,12626,2024-09-01,7,3,0.0,81.0,24,Completed
510925,11358,2024-09-01,7,2,0.15,45.9,16,Completed
510401,11280,2024-09-01,3,1,0.0,48.0,21,Cancelled
500025,12514,2024-09-01,2,1,0.05,68.4,34,Completed
517293,15730,2024-09-01,5,3,0.05,270.75,129,Completed
512218,13628,2024-09-01,5,1,0.0,95.0,43,Completed
517623,12830,2024-09-01,6,1,0.0,35.0,13,Completed
508031,10885,2024-09-01,7,1,0.0,27.0,8,Completed
500766,13362,2024-09-01,3,1,0.1,43.2,21,Returned
501336,13489,2024-09-01,6,1,0.2,28.0,13,Completed
510314,12420,2024-09-01,9,1,0.05,58.9,28,Completed
506590,10762,2024-09-01,5,1,0.0,95.0,43,Completed
517024,16844,2024-09-01,10,2,0.0,220.0,108,Completed
500510,16057,2024-09-02,6,2,0.05,66.5,26,Completed
502242,11871,2024-09-02,8,2,0.05,167.2,78,Completed
511247,15616,2024-09-02,7,2,0.05,51.3,16,Completed
501460,11632,2024-09-02,5,2,0.0,190.0,86,Cancelled
505622,13690,2024-09-02,1,1,0.05,137.75,79,Completed
512989,14357,2024-09-02,6,1,0.0,35.0,13,Completed
514681,14883,2024-09-02,5,1,0.1,85.5,43,Completed
505955,17047,2024-09-02,10,1,0.05,104.5,54,Completed
510777,11259,2024-09-02,6,1,0.0,35.0,13,Completed
513782,15991,2024-09-02,6,2,0.05,66.5,26,Completed
509979,10622,2024-09-02,3,1,0.0,48.0,21,Completed
513014,15904,2024-09-02,10,1,0.0,110.0,54,Completed
502898,13650,2024-09-02,10,2,0.05,209.0,108,Completed
506396,14836,2024-09-02,7,1,0.0,27.0,8,Completed
505565,16863,2024-09-02,10,1,0.15,93.5,54,Completed
503767,15003,2024-09-02,5,2,0.05,180.5,86,Completed
511912,12633,2024-09-02,3,1,0.0,48.0,21,Completed
511595,10928,2024-09-02,9,3,0.0,186.0,84,Completed
503975,16598,2024-09-02,2,2,0.05,136.8,68,Completed
514047,16230,2024-09-02,2,2,0.1,129.6,68,Returned
507671,10380,2024-09-02,10,1,0.1,99.0,54,Completed
507511,14145,2024-09-02,3,1,0.0,48.0,21,Completed
512366,15389,2024-09-02,9,2,0.0,124.0,56,Completed
515775,13857,2024-09-03,3,1,0.0,48.0,21,Completed
506055,10462,2024-09-03,8,4,0.0,352.0,156,Completed
511375,17777,2024-09-03,8,1,0.0,88.0,39,Completed
503804,10047,2024-09-03,3,2,0.1,86.4,42,Completed
511286,14745,2024-09-03,5,2,0.0,190.0,86,Completed
501807,12914,2024-09-03,7,1,0.1,24.3,8,Completed
510908,10736,2024-09-03,1,1,0.05,137.75,79,Completed
513064,11184,2024-09-03,9,1,0.0,62.0,28,Returned
510783,12207,2024-09-03,5,2,0.1,171.0,86,Completed
506547,16313,2024-09-03,2,1,0.05,68.4,34,Completed
501594,14842,2024-09-03,6,3,0.05,99.75,39,Completed
517290,15468,2024-09-03,7,1,0.0,27.0,8,Completed
512770,12561,2024-09-03,10,1,0.1,99.0,54,Completed
510331,10002,2024-09-03,5,1,0.1,85.5,43,Completed
505223,11522,2024-09-03,3,1,0.1,43.2,21,Completed
516897,16431,2024-09-03,6,1,0.0,35.0,13,Completed
502418,15001,2024-09-03,2,4,0.0,288.0,136,Completed
507085,15350,2024-09-03,3,1,0.05,45.6,21,Completed
508475,12538,2024-09-03,3,1,0.0,48.0,21,Completed
501314,10767,2024-09-03,4,1,0.1,252.0,155,Completed
515131,12255,2024-09-03,10,4,0.0,440.0,216,Completed
514018,14018,2024-09-03,3,1,0.0,48.0,21,Completed
503107,17725,2024-09-03,10,1,0.0,110.0,54,Completed
500841,14533,2024-09-03,7,3,0.05,76.95,24,Completed
504720,17836,2024-09-03,1,1,0.2,116.0,79,Completed
512886,13745,2024-09-03,1,1,0.1,130.5,79,Completed
515697,13621,2024-09-04,5,1,0.0,95.0,43,Completed
505305,11019,2024-09-04,9,2,0.2,99.2,56,Returned
509403,13768,2024-09-04,1,1,0.0,145.0,79,Completed
504737,13303,2024-09-04,5,1,0.2,76.0,43,Completed
503934,11815,2024-09-04,8,1,0.05,83.6,39,Completed
504526,14753,2024-09-04,5,1,0.05,90.25,43,Completed
506947,11556,2024-09-04,3,1,0.1,43.2,21,Returned
501342,13258,2024-09-04,4,1,0.2,224.0,155,Completed
503474,13134,2024-09-04,3,1,0.1,43.2,21,Completed
505806,10655,2024-09-04,7,1,0.0,27.0,8,Completed
508595,12547,2024-09-04,8,1,0.0,88.0,39,Completed
505817,15667,2024-09-04,4,1,0.0,280.0,155,Completed
507940,14249,2024-09-04,6,3,0.0,105.0,39,Completed
500359,13064,2024-09-04,1,4,0.0,580.0,316,Completed
514680,17710,2024-09-04,8,1,0.0,88.0,39,Completed
515503,14147,2024-09-04,5,2,0.1,171.0,86,Completed
504138,16488,2024-09-04,8,1,0.1,79.2,39,Completed
500028,11821,2024-09-04,8,1,0.0,88.0,39,Completed
509600,14525,2024-09-04,1,2,0.1,261.0,158,Completed
507422,12617,2024-09-05,5,1,0.0,95.0,43,Completed
513417,10771,2024-09-05,8,2,0.1,158.4,78,Completed
503364,11757,2024-09-05,5,1,0.05,90.25,43,Cancelled
510970,11206,2024-09-05,9,1,0.0,62.0,28,Completed
515224,17467,2024-09-05,2,1,0.05,68.4,34,Completed
502771,17650,2024-09-05,6,1,0.1,31.5,13,Completed
506383,14011,2024-09-05,5,1,0.0,95.0,43,Completed
501526,12358,2024-09-05,1,1,0.0,145.0,79,Completed
510645,11382,2024-09-05,6,3,0.2,84.0,39,Completed
515182,17177,2024-09-05,1,1,0.2,116.0,79,Completed
517615,11953,2024-09-05,5,1,0.05,90.25,43,Completed
506787,13813,2024-09-05,8,1,0.2,70.4,39,Completed
508092,17106,2024-09-05,3,1,0.0,48.0,21,Completed
511828,16770,2024-09-05,7,1,0.05,25.65,8,Completed
514215,11458,2024-09-05,1,2,0.2,232.0,158,Completed
516539,16340,2024-09-05,10,3,0.0,330.0,162,Completed
502918,15172,2024-09-05,9,1,0.0,62.0,28,Completed
512869,10085,2024-09-05,10,1,0.0,110.0,54,Completed
508401,13355,2024-09-05,3,1,0.0,48.0,21,Completed
512258,13183,2024-09-05,10,2,0.0,220.0,108,Completed
517313,10852,2024-09-05,3,1,0.0,48.0,21,Completed
514252,18159,2024-09-05,10,2,0.1,198.0,108,Returned
510326,16659,2024-09-05,10,1,0.2,88.0,54,Completed
507596,17544,2024-09-05,9,2,0.0,124.0,56,Completed
508615,17070,2024-09-05,2,1,0.15,61.2,34,Completed
517883,10360,2024-09-05,8,2,0.0,176.0,78,Completed
510887,14201,2024-09-06,8,1,0.0,88.0,39,Completed
510378,12208,2024-09-06,1,3,0.2,348.0,237,Cancelled
516078,14062,2024-09-06,7,2,0.1,48.6,16,Completed
512047,10098,2024-09-06,8,1,0.0,88.0,39,Completed
501391,16480,2024-09-06,8,1,0.0,88.0,39,Completed
501811,12480,2024-09-06,1,2,0.0,290.0,158,Completed
514649,16566,2024-09-06,4,2,0.05,532.0,310,Completed
517995,14364,2024-09-06,10,3,0.2,264.0,162,Completed
515715,13497,2024-09-06,1,1,0.0,145.0,79,Completed
512801,17459,2024-09-06,1,4,0.2,464.0,316,Completed
502006,15138,2024-09-06,7,1,0.15,22.95,8,Completed
513671,10389,2024-09-06,2,1,0.0,72.0,34,Completed
508397,14213,2024-09-06,7,4,0.0,108.0,32,Completed
515316,12879,2024-09-06,2,1,0.15,61.2,34,Completed
501692,10180,2024-09-06,9,1,0.1,55.8,28,Completed
505688,14774,2024-09-06,2,1,0.1,64.8,34,Completed
502972,15149,2024-09-06,10,2,0.0,220.0,108,Returned
512841,15203,2024-09-06,1,1,0.1,130.5,79,Completed
500688,10897,2024-09-06,10,1,0.0,110.0,54,Completed
505303,17718,2024-09-06,2,1,0.05,68.4,34,Completed
507615,16992,2024-09-06,1,1,0.15,123.25,79,Completed
504007,10183,2024-09-06,5,1,0.0,95.0,43,Completed
512966,11278,2024-09-06,5,1,0.0,95.0,43,Completed
503707,10962,2024-09-06,5,2,0.1,171.0,86,Completed
506635,15096,2024-09-06,1,3,0.05,413.25,237,Completed
513736,15109,2024-09-06,2,2,0.1,129.6,68,Completed
515769,11334,2024-09-06,7,1,0.1,24.3,8,Completed
513698,11418,2024-09-06,1,1,0.0,145.0,79,Completed
508856,11908,2024-09-06,2,4,0.2,230.4,136,Completed
512132,15487,2024-09-06,5,4,0.0,380.0,172,Completed
503919,12196,2024-09-07,1,1,0.05,137.75,79,Completed
504458,10184,2024-09-07,1,1,0.05,137.75,79,Completed
511617,13161,2024-09-07,10,1,0.0,110.0,54,Completed
517241,11023,2024-09-07,5,2,0.05,180.5,86,Completed
500004,12574,2024-09-07,3,1,0.05,45.6,21,Completed
511089,16119,2024-09-07,1,1,0.0,145.0,79,Completed
511645,13664,2024-09-07,9,2,0.1,111.6,56,Completed
504641,17369,2024-09-07,6,1,0.0,35.0,13,Completed
509932,14955,2024-09-07,3,1,0.1,43.2,21,Completed
504059,15394,2024-09-07,9,2,0.0,124.0,56,Completed
515453,18402,2024-09-07,6,1,0.0,35.0,13,Completed
506310,12109,2024-09-07,8,1,0.15,74.8,39,Completed
514127,17982,2024-09-07,7,2,0.05,51.3,16,Completed
503103,14127,2024-09-07,9,1,0.05,58.9,28,Completed
505890,13438,2024-09-07,1,1,0.05,137.75,79,Completed
513694,15187,2024-09-07,2,2,0.05,136.8,68,Completed
508004,16337,2024-09-07,9,2,0.2,99.2,56,Completed
503780,10890,2024-09-07,9,2,0.05,117.8,56,Completed
503635,16836,2024-09-07,10,2,0.1,198.0,108,Completed
506216,13346,2024-09-07,6,1,0.0,35.0,13,Completed
515287,15488,2024-09-07,9,1,0.0,62.0,28,Completed
505634,15924,2024-09-08,6,2,0.2,56.0,26,Completed
504367,12061,2024-09-08,8,3,0.05,250.8,117,Completed
500185,12489,2024-09-08,1,1,0.05,137.75,79,Completed
501084,13595,2024-09-08,1,1,0.1,130.5,79,Completed
502538,17975,2024-09-08,2,1,0.0,72.0,34,Completed
513265,12529,2024-09-08,4,3,0.0,840.0,465,Completed
512431,16620,2024-09-08,1,1,0.0,145.0,79,Completed
517748,15300,2024-09-08,2,1,0.0,72.0,34,Completed
509112,10080,2024-09-08,8,4,0.0,352.0,156,Cancelled
514836,10628,2024-09-08,9,2,0.0,124.0,56,Completed
511582,17876,2024-09-08,8,1,0.05,83.6,39,Completed
503094,18143,2024-09-08,5,1,0.2,76.0,43,Completed
516275,11912,2024-09-08,6,4,0.0,140.0,52,Completed
505909,16363,2024-09-08,2,1,0.1,64.8,34,Completed
512970,11316,2024-09-08,9,2,0.05,117.8,56,Completed
513180,11252,2024-09-08,5,1,0.0,95.0,43,Completed
511266,12639,2024-09-08,5,1,0.0,95.0,43,Completed
509033,16819,2024-09-08,9,1,0.0,62.0,28,Completed
516597,16980,2024-09-08,9,1,0.0,62.0,28,Completed
508259,14595,2024-09-08,10,1,0.0,110.0,54,Completed
517603,10420,2024-09-08,6,1,0.1,31.5,13,Completed
502219,15477,2024-09-08,7,1,0.1,24.3,8,Returned
516591,15316,2024-09-08,3,1,0.0,48.0,21,Completed
516937,16352,2024-09-08,9,2,0.15,105.4,56,Completed
513171,13387,2024-09-08,7,1,0.0,27.0,8,Completed
508305,16458,2024-09-08,2,1,0.05,68.4,34,Completed
512924,10413,2024-09-08,8,4,0.0,352.0,156,Completed
506671,11911,2024-09-08,1,1,0.0,145.0,79,Completed
507684,14576,2024-09-08,8,1,0.0,88.0,39,Completed
503992,14304,2024-09-08,5,1,0.0,95.0,43,Completed
512920,14031,2024-09-08,6,1,0.15,29.75,13,Completed
503861,15598,2024-09-09,8,4,0.1,316.8,156,Completed
505886,18097,2024-09-09,6,1,0.0,35.0,13,Completed
512799,10955,2024-09-09,5,1,0.05,90.25,43,Completed
506086,12502,2024-09-09,4,1,0.0,280.0,155,Completed
511786,14141,2024-09-09,2,1,0.0,72.0,34,Completed
501946,10428,2024-09-09,1,2,0.05,275.5,158,Completed
502099,10414,2024-09-09,2,2,0.2,115.2,68,Completed
503704,15525,2024-09-09,5,3,0.0,285.0,129,Completed
514553,17464,2024-09-09,10,1,0.1,99.0,54,Completed
512899,10792,2024-09-09,6,1,0.0,35.0,13,Completed
516321,10894,2024-09-09,6,1,0.0,35.0,13,Completed
503551,11865,2024-09-09,9,2,0.2,99.2,56,Completed
513656,15697,2024-09-09,4,1,0.15,238.0,155,Completed
513515,12061,2024-09-09,8,1,0.05,83.6,39,Completed
503184,10824,2024-09-09,3,1,0.05,45.6,21,Completed
509900,12751,2024-09-09,1,1,0.05,137.75,79,Completed
514545,14291,2024-09-09,1,1,0.15,123.25,79,Completed
515508,13889,2024-09-09,2,1,0.0,72.0,34,Completed
517976,14976,2024-09-09,4,1,0.0,280.0,155,Completed
514636,11699,2024-09-09,9,1,0.0,62.0,28,Completed
507686,13610,2024-09-09,7,2,0.0,54.0,16,Completed
515308,14507,2024-09-09,4,1,0.2,224.0,155,Completed
517272,17708,2024-09-09,6,1,0.05,33.25,13,Completed
506783,13904,2024-09-09,6,1,0.0,35.0,13,Completed
516547,17364,2024-09-10,1,1,0.0,145.0,79,Completed
504905,13332,2024-09-10,5,2,0.1,171.0,86,Completed
513298,17659,2024-09-10,4,2,0.2,448.0,310,Returned
500847,11765,2024-09-10,2,4,0.0,288.0,136,Completed
501752,10199,2024-09-10,5,1,0.0,95.0,43,Completed
514464,11717,2024-09-10,7,1,0.0,27.0,8,Completed
504517,16227,2024-09-10,7,1,0.05,25.65,8,Completed
515307,10545,2024-09-10,7,1,0.05,25.65,8,Completed
506871,16111,2024-09-10,1,1,0.0,145.0,79,Completed
510650,13461,2024-09-10,7,2,0.05,51.3,16,Completed
513532,17528,2024-09-10,9,2,0.0,124.0,56,Completed
517637,12987,2024-09-10,2,3,0.15,183.6,102,Completed
511829,13506,2024-09-10,5,1,0.0,95.0,43,Completed
511659,11687,2024-09-10,8,1,0.0,88.0,39,Cancelled
515673,12920,2024-09-10,9,1,0.0,62.0,28,Completed
514205,11804,2024-09-10,7,2,0.0,54.0,16,Completed
511607,15604,2024-09-10,7,1,0.05,25.65,8,Completed
507053,12191,2024-09-10,7,1,0.0,27.0,8,Completed
506424,15046,2024-09-10,3,1,0.0,48.0,21,Completed
503239,18000,2024-09-10,1,2,0.0,290.0,158,Returned
514203,12422,2024-09-10,7,1,0.0,27.0,8,Completed
511184,12812,2024-09-10,10,1,0.15,93.5,54,Completed
502643,13048,2024-09-10,5,2,0.0,190.0,86,Completed
510484,14093,2024-09-10,8,1,0.0,88.0,39,Completed
514333,13109,2024-09-10,8,1,0.05,83.6,39,Returned
511083,14925,2024-09-10,6,1,0.0,35.0,13,Completed
510235,17250,2024-09-10,10,2,0.0,220.0,108,Completed
514760,15278,2024-09-11,10,1,0.0,110.0,54,Completed
514292,13882,2024-09-11,10,1,0.15,93.5,54,Completed
512465,14101,2024-09-11,8,2,0.05,167.2,78,Completed
515955,11380,2024-09-11,10,1,0.0,110.0,54,Completed
501585,17911,2024-09-11,2,2,0.05,136.8,68,Completed
515332,12442,2024-09-11,2,2,0.2,115.2,68,Completed
506727,13962,2024-09-11,2,1,0.1,64.8,34,Completed
511569,11524,2024-09-11,5,2,0.1,171.0,86,Completed
507288,18409,2024-09-11,4,1,0.1,252.0,155,Completed
515023,17667,2024-09-11,3,2,0.0,96.0,42,Completed
505969,15607,2024-09-11,8,2,0.05,167.2,78,Completed
503467,16149,2024-09-11,1,3,0.05,413.25,237,Completed
507205,10772,2024-09-11,5,2,0.1,171.0,86,Completed
511477,11417,2024-09-11,10,1,0.05,104.5,54,Completed
513729,12020,2024-09-11,10,3,0.0,330.0,162,Completed
512168,14169,2024-09-11,10,1,0.0,110.0,54,Returned
508512,10718,2024-09-11,10,1,0.0,110.0,54,Completed
501115,14866,2024-09-11,1,2,0.05,275.5,158,Completed
511151,12031,2024-09-11,9,1,0.05,58.9,28,Completed
502361,17455,2024-09-11,8,2,0.1,158.4,78,Completed
510381,15251,2024-09-11,7,2,0.05,51.3,16,Completed
507169,14057,2024-09-11,5,2,0.05,180.5,86,Completed
511004,14364,2024-09-11,7,2,0.0,54.0,16,Completed
504374,11406,2024-09-11,8,1,0.05,83.6,39,Completed
504364,14511,2024-09-11,10,1,0.0,110.0,54,Completed
502034,15464,2024-09-11,3,1,0.1,43.2,21,Completed
503883,11923,2024-09-11,9,1,0.05,58.9,28,Completed
508723,11120,2024-09-12,4,2,0.0,560.0,310,Completed
512134,10713,2024-09-12,8,1,0.1,79.2,39,Completed
508157,16279,2024-09-12,1,1,0.15,123.25,79,Completed
508788,13251,2024-09-12,1,2,0.1,261.0,158,Completed
517769,12638,2024-09-12,9,1,0.0,62.0,28,Completed
513056,15302,2024-09-12,6,1,0.0,35.0,13,Completed
508227,11983,2024-09-12,5,2,0.0,190.0,86,Completed
513572,15554,2024-09-12,1,2,0.2,232.0,158,Completed
513744,11997,2024-09-12,6,1,0.0,35.0,13,Completed
506116,13924,2024-09-12,7,2,0.0,54.0,16,Completed
505632,11607,2024-09-12,1,1,0.0,145.0,79,Completed
502316,10105,2024-09-12,8,1,0.1,79.2,39,Completed
510521,10322,2024-09-12,5,1,0.05,90.25,43,Completed
505176,13905,2024-09-12,2,2,0.05,136.8,68,Completed
509973,13316,2024-09-12,6,2,0.0,70.0,26,Completed
503003,13309,2024-09-12,9,4,0.05,235.6,112,Returned
501046,13213,2024-09-12,8,1,0.05,83.6,39,Completed
510789,14784,2024-09-12,7,1,0.05,25.65,8,Completed
504668,11612,2024-09-12,9,2,0.0,124.0,56,Completed
508126,11988,2024-09-12,6,2,0.05,66.5,26,Completed
515493,15374,2024-09-12,7,1,0.2,21.6,8,Completed
517669,13163,2024-09-12,2,1,0.0,72.0,34,Completed
510897,16547,2024-09-12,5,2,0.0,190.0,86,Completed
507663,11725,2024-09-12,6,3,0.0,105.0,39,Completed
503032,11900,2024-09-12,6,1,0.0,35.0,13,Completed
509617,11990,2024-09-12,2,2,0.15,122.4,68,Completed
517488,14565,2024-09-12,9,2,0.0,124.0,56,Completed
511229,10700,2024-09-12,3,1,0.0,48.0,21,Completed
511956,10950,2024-09-12,4,1,0.0,280.0,155,Completed
507994,10488,2024-09-12,9,2,0.0,124.0,56,Completed
516147,11312,2024-09-12,5,1,0.0,95.0,43,Returned
506474,10711,2024-09-13,4,2,0.0,560.0,310,Completed
503916,13029,2024-09-13,5,3,0.0,285.0,129,Completed
510224,16423,2024-09-13,1,1,0.1,130.5,79,Completed
502209,10977,2024-09-13,9,4,0.15,210.8,112,Completed
506593,13622,2024-09-13,6,1,0.0,35.0,13,Completed
515017,15669,2024-09-13,3,1,0.0,48.0,21,Completed
513328,11950,2024-09-13,3,2,0.05,91.2,42,Completed
509642,12396,2024-09-13,4,1,0.2,224.0,155,Completed
513129,10477,2024-09-13,10,2,0.1,198.0,108,Completed
501756,17686,2024-09-13,5,2,0.1,171.0,86,Completed
512147,16715,2024-09-13,8,1,0.2,70.4,39,Completed
502110,12372,2024-09-13,8,1,0.0,88.0,39,Completed
513988,16280,2024-09-13,3,1,0.1,43.2,21,Completed
507008,11041,2024-09-13,7,1,0.2,21.6,8,Completed
505349,18499,2024-09-13,7,1,0.0,27.0,8,Completed
509935,15229,2024-09-13,1,4,0.0,580.0,316,Completed
500080,12407,2024-09-13,2,2,0.0,144.0,68,Completed
512588,10961,2024-09-13,6,1,0.05,33.25,13,Completed
503843,12855,2024-09-13,3,1,0.0,48.0,21,Completed
514462,10215,2024-09-13,4,2,0.1,504.0,310,Completed
517461,13182,2024-09-13,3,1,0.0,48.0,21,Completed
511922,10041,2024-09-13,9,3,0.0,186.0,84,Returned
500996,11564,2024-09-13,8,1,0.0,88.0,39,Completed
503147,11559,2024-09-13,5,3,0.2,228.0,129,Completed
513109,16047,2024-09-13,5,1,0.05,90.25,43,Completed
504651,13694,2024-09-13,4,2,0.0,560.0,310,Completed
511067,11449,2024-09-13,9,1,0.15,52.7,28,Completed
508481,14517,2024-09-13,8,1,0.0,88.0,39,Completed
502734,17531,2024-09-13,10,1,0.0,110.0,54,Completed
508469,11733,2024-09-13,2,1,0.0,72.0,34,Completed
504067,10875,2024-09-14,1,1,0.1,130.5,79,Completed
516127,12144,2024-09-14,8,1,0.05,83.6,39,Completed
508271,13574,2024-09-14,6,2,0.0,70.0,26,Completed
505107,15513,2024-09-14,2,1,0.05,68.4,34,Completed
506106,13297,2024-09-14,5,1,0.15,80.75,43,Completed
500187,13236,2024-09-14,10,1,0.0,110.0,54,Completed
516887,16656,2024-09-14,8,1,0.0,88.0,39,Completed
506453,14234,2024-09-14,10,2,0.0,220.0,108,Completed
516008,11421,2024-09-14,10,1,0.1,99.0,54,Completed
503699,17659,2024-09-14,3,1,0.0,48.0,21,Completed
502005,10663,2024-09-14,7,1,0.0,27.0,8,Completed
509474,15249,2024-09-14,8,1,0.0,88.0,39,Completed
515675,13569,2024-09-14,9,1,0.0,62.0,28,Completed
511920,17161,2024-09-14,9,3,0.05,176.7,84,Completed
503761,11335,2024-09-14,10,1,0.15,93.5,54,Returned
502181,15694,2024-09-14,8,1,0.0,88.0,39,Returned
508017,11855,2024-09-14,8,1,0.1,79.2,39,Completed
514349,14970,2024-09-14,6,1,0.05,33.25,13,Completed
515422,15469,2024-09-14,1,4,0.1,522.0,316,Completed
507367,11103,2024-09-14,5,1,0.0,95.0,43,Completed
517777,13157,2024-09-14,3,1,0.2,38.4,21,Completed
517878,12418,2024-09-15,6,1,0.0,35.0,13,Completed
516172,16243,2024-09-15,6,1,0.0,35.0,13,Cancelled
507536,11402,2024-09-15,1,1,0.05,137.75,79,Completed
515425,12934,2024-09-15,2,1,0.05,68.4,34,Completed
514633,12098,2024-09-15,9,1,0.0,62.0,28,Completed
510142,15153,2024-09-15,3,1,0.0,48.0,21,Completed
510066,11240,2024-09-15,1,3,0.0,435.0,237,Completed
509135,17392,2024-09-15,9,1,0.15,52.7,28,Completed
505193,16048,2024-09-15,5,2,0.1,171.0,86,Completed
507538,13310,2024-09-15,10,1,0.0,110.0,54,Completed
506732,13086,2024-09-15,2,2,0.15,122.4,68,Completed
506336,14825,2024-09-15,9,3,0.05,176.7,84,Completed
504162,17261,2024-09-15,6,1,0.1,31.5,13,Completed
505937,15043,2024-09-15,1,2,0.05,275.5,158,Completed
511833,16294,2024-09-15,5,3,0.05,270.75,129,Completed
512432,10283,2024-09-15,9,1,0.1,55.8,28,Completed
506131,11405,2024-09-15,6,1,0.05,33.25,13,Completed
501716,13638,2024-09-15,4,1,0.15,238.0,155,Completed
510546,17188,2024-09-15,4,2,0.1,504.0,310,Completed
514496,12088,2024-09-15,4,3,0.05,798.0,465,Completed
509255,12193,2024-09-15,2,2,0.0,144.0,68,Completed
506459,11400,2024-09-15,4,2,0.0,560.0,310,Completed
510662,13387,2024-09-16,3,1,0.1,43.2,21,Completed
514167,10226,2024-09-16,3,4,0.0,192.0,84,Completed
515899,17599,2024-09-16,10,1,0.2,88.0,54,Returned
508486,11676,2024-09-16,2,2,0.0,144.0,68,Returned
501782,16055,2024-09-16,5,1,0.0,95.0,43,Completed
516294,15752,2024-09-16,8,1,0.0,88.0,39,Completed
509827,13440,2024-09-16,6,1,0.0,35.0,13,Completed
504730,17158,2024-09-16,6,1,0.0,35.0,13,Completed
503080,13969,2024-09-16,5,3,0.0,285.0,129,Completed
509129,10344,2024-09-16,6,1,0.15,29.75,13,Completed
515565,11774,2024-09-16,8,1,0.15,74.8,39,Completed
506972,11561,2024-09-16,10,3,0.0,330.0,162,Completed
502030,11435,2024-09-16,10,1,0.05,104.5,54,Completed
502965,13683,2024-09-16,6,3,0.0,105.0,39,Cancelled
515045,11349,2024-09-16,10,1,0.0,110.0,54,Completed
508083,13264,2024-09-16,5,1,0.1,85.5,43,Completed
506008,12377,2024-09-16,3,1,0.0,48.0,21,Completed
505421,14006,2024-09-16,9,1,0.0,62.0,28,Completed
509201,11356,2024-09-16,8,1,0.15,74.8,39,Completed
505386,11818,2024-09-16,9,3,0.15,158.1,84,Completed
506253,12955,2024-09-16,10,1,0.15,93.5,54,Completed
515841,10352,2024-09-16,8,1,0.0,88.0,39,Completed
516943,10161,2024-09-16,1,1,0.2,116.0,79,Completed
510448,15295,2024-09-17,3,2,0.05,91.2,42,Completed
502722,12164,2024-09-17,1,1,0.05,137.75,79,Completed
505362,15706,2024-09-17,9,3,0.15,158.1,84,Completed
507055,13858,2024-09-17,1,1,0.0,145.0,79,Completed
512927,13335,2024-09-17,8,3,0.1,237.6,117,Completed
506556,13840,2024-09-17,9,1,0.15,52.7,28,Completed
501931,14227,2024-09-17,1,2,0.0,290.0,158,Completed
511086,16107,2024-09-17,2,2,0.0,144.0,68,Completed
503988,10563,2024-09-17,5,2,0.15,161.5,86,Completed
500279,15578,2024-09-17,6,3,0.05,99.75,39,Completed
516666,15909,2024-09-17,5,2,0.0,190.0,86,Completed
505683,16477,2024-09-17,8,1,0.05,83.6,39,Completed
501129,12756,2024-09-17,9,1,0.0,62.0,28,Completed
505833,12183,2024-09-17,3,3,0.0,144.0,63,Completed
516840,15305,2024-09-17,10,1,0.05,104.5,54,Completed
500123,16047,2024-09-17,6,1,0.05,33.25,13,Completed
508722,13859,2024-09-17,10,1,0.1,99.0,54,Completed
509452,14146,2024-09-17,3,2,0.0,96.0,42,Completed
501483,11083,2024-09-17,9,4,0.1,223.2,112,Completed
507949,13968,2024-09-17,6,1,0.0,35.0,13,Completed
516116,15205,2024-09-17,4,1,0.05,266.0,155,Completed
508189,18429,2024-09-17,2,2,0.05,136.8,68,Returned
514387,11104,2024-09-17,2,1,0.05,68.4,34,Completed
515426,14611,2024-09-17,6,2,0.1,63.0,26,Completed
504604,16012,2024-09-17,8,1,0.0,88.0,39,Completed
510971,16304,2024-09-18,10,3,0.0,330.0,162,Completed
510074,18157,2024-09-18,9,4,0.2,198.4,112,Completed
515221,11088,2024-09-18,10,3,0.15,280.5,162,Completed
510909,18050,2024-09-18,10,2,0.05,209.0,108,Completed
504904,15791,2024-09-18,2,1,0.0,72.0,34,Completed
501937,10784,2024-09-18,2,1,0.05,68.4,34,Completed
512515,16000,2024-09-18,4,1,0.1,252.0,155,Cancelled
500215,10699,2024-09-18,5,2,0.0,190.0,86,Completed
511119,15994,2024-09-18,3,2,0.2,76.8,42,Completed
500537,11285,2024-09-18,1,2,0.0,290.0,158,Completed
503492,10648,2024-09-18,5,1,0.0,95.0,43,Completed
500226,10853,2024-09-18,9,1,0.15,52.7,28,Completed
514969,13968,2024-09-18,3,1,0.1,43.2,21,Completed
501530,14724,2024-09-18,9,1,0.0,62.0,28,Completed
505048,12585,2024-09-18,7,2,0.15,45.9,16,Completed
516441,10425,2024-09-18,1,2,0.0,290.0,158,Returned
500915,11760,2024-09-19,6,2,0.0,70.0,26,Completed
503564,11620,2024-09-19,7,1,0.05,25.65,8,Completed
500801,16124,2024-09-19,10,1,0.15,93.5,54,Completed
511211,15965,2024-09-19,6,1,0.05,33.25,13,Completed
509091,17101,2024-09-19,1,2,0.15,246.5,158,Completed
516399,13333,2024-09-19,7,1,0.1,24.3,8,Completed
503713,14731,2024-09-19,2,1,0.05,68.4,34,Completed
514010,10265,2024-09-19,6,1,0.15,29.75,13,Completed
512782,10415,2024-09-19,9,1,0.05,58.9,28,Completed
509908,12818,2024-09-19,8,1,0.05,83.6,39,Completed
513550,13485,2024-09-19,9,1,0.15,52.7,28,Completed
511326,14817,2024-09-19,8,3,0.0,264.0,117,Completed
513955,10074,2024-09-19,9,2,0.0,124.0,56,Completed
510495,14783,2024-09-19,2,1,0.0,72.0,34,Completed
506469,10174,2024-09-19,10,2,0.1,198.0,108,Returned
512871,13203,2024-09-19,1,1,0.1,130.5,79,Completed
512032,12116,2024-09-19,7,2,0.0,54.0,16,Completed
504841,10388,2024-09-19,9,2,0.05,117.8,56,Completed
514887,13670,2024-09-19,1,3,0.0,435.0,237,Completed
514430,12392,2024-09-19,2,1,0.1,64.8,34,Completed
513062,11489,2024-09-19,1,1,0.05,137.75,79,Completed
509235,11818,2024-09-19,6,2,0.0,70.0,26,Completed
503191,12520,2024-09-19,6,2,0.05,66.5,26,Completed
500061,17207,2024-09-19,10,1,0.05,104.5,54,Completed
507513,15186,2024-09-20,6,3,0.2,84.0,39,Completed
505316,11414,2024-09-20,10,2,0.0,220.0,108,Completed
510045,14834,2024-09-20,1,2,0.0,290.0,158,Completed
506805,14964,2024-09-20,1,2,0.0,290.0,158,Completed
500569,11129,2024-09-20,7,2,0.1,48.6,16,Returned
511882,16815,2024-09-20,4,1,0.0,280.0,155,Completed
509424,10219,2024-09-20,5,1,0.05,90.25,43,Completed
504669,16764,2024-09-20,7,1,0.0,27.0,8,Completed
502390,16548,2024-09-20,1,1,0.1,130.5,79,Completed
517129,10737,2024-09-20,7,2,0.0,54.0,16,Completed
503554,12287,2024-09-20,7,1,0.0,27.0,8,Completed
502976,13770,2024-09-20,4,1,0.05,266.0,155,Completed
502790,11470,2024-09-20,6,1,0.15,29.75,13,Completed
501297,11752,2024-09-20,1,1,0.0,145.0,79,Completed
507270,11139,2024-09-20,10,2,0.0,220.0,108,Completed
509693,12210,2024-09-20,8,1,0.0,88.0,39,Cancelled
515745,11358,2024-09-20,9,1,0.1,55.8,28,Completed
500535,15986,2024-09-20,4,2,0.0,560.0,310,Completed
513963,13469,2024-09-20,8,1,0.15,74.8,39,Completed
514057,10685,2024-09-20,9,3,0.15,158.1,84,Completed
516122,13761,2024-09-20,8,1,0.05,83.6,39,Completed
512945,11314,2024-09-20,8,3,0.05,250.8,117,Completed
512160,17314,2024-09-20,5,3,0.05,270.75,129,Completed
504270,10988,2024-09-20,7,1,0.0,27.0,8,Completed
517886,15053,2024-09-20,1,1,0.05,137.75,79,Completed
514789,13848,2024-09-20,5,1,0.0,95.0,43,Completed
512503,15633,2024-09-20,6,1,0.0,35.0,13,Returned
507496,10239,2024-09-20,4,1,0.05,266.0,155,Completed
514790,12650,2024-09-20,7,3,0.1,72.9,24,Completed
503447,18487,2024-09-20,9,1,0.0,62.0,28,Completed
513107,10894,2024-09-20,5,1,0.05,90.25,43,Completed
500203,14135,2024-09-20,9,4,0.05,235.6,112,Completed
514983,16850,2024-09-21,6,1,0.0,35.0,13,Cancelled
514454,10012,2024-09-21,5,2,0.0,190.0,86,Returned
514855,11549,2024-09-21,1,2,0.0,290.0,158,Completed
515548,17449,2024-09-21,10,2,0.1,198.0,108,Returned
506683,11136,2024-09-21,7,3,0.05,76.95,24,Completed
502467,11023,2024-09-21,7,2,0.0,54.0,16,Completed
504911,12420,2024-09-21,8,2,0.0,176.0,78,Completed
513027,14501,2024-09-21,9,2,0.05,117.8,56,Completed
500974,10241,2024-09-21,10,1,0.1,99.0,54,Cancelled
509432,11695,2024-09-21,9,2,0.05,117.8,56,Completed
508941,15343,2024-09-21,2,1,0.1,64.8,34,Completed
507116,13856,2024-09-21,8,2,0.05,167.2,78,Completed
504242,14761,2024-09-21,10,2,0.0,220.0,108,Completed
514638,10537,2024-09-21,9,2,0.1,111.6,56,Completed
502691,13965,2024-09-21,6,2,0.05,66.5,26,Completed
508868,10915,2024-09-21,10,3,0.05,313.5,162,Completed
503629,17194,2024-09-21,1,2,0.0,290.0,158,Completed
504188,11935,2024-09-21,5,3,0.05,270.75,129,Completed
509564,13104,2024-09-21,4,3,0.2,672.0,465,Completed
503179,17345,2024-09-21,5,1,0.05,90.25,43,Completed
504151,12511,2024-09-21,8,1,0.1,79.2,39,Completed
505330,15831,2024-09-21,2,2,0.2,115.2,68,Completed
506766,16540,2024-09-21,2,1,0.05,68.4,34,Completed
508638,12248,2024-09-22,1,1,0.1,130.5,79,Completed
513867,10460,2024-09-22,7,2,0.15,45.9,16,Completed
513388,10144,2024-09-22,6,1,0.05,33.25,13,Completed
511536,14966,2024-09-22,3,1,0.0,48.0,21,Completed
501375,11547,2024-09-22,4,2,0.05,532.0,310,Completed
502243,10932,2024-09-22,8,1,0.05,83.6,39,Returned
500860,15824,2024-09-22,3,1,0.0,48.0,21,Completed
508896,16975,2024-09-22,9,2,0.05,117.8,56,Completed
517757,15813,2024-09-22,1,1,0.0,145.0,79,Completed
509238,18188,2024-09-22,6,1,0.1,31.5,13,Completed
515164,11594,2024-09-22,6,1,0.0,35.0,13,Completed
504513,12502,2024-09-22,4,4,0.05,1064.0,620,Completed
514704,15630,2024-09-22,5,3,0.1,256.5,129,Completed
512590,11047,2024-09-22,7,2,0.0,54.0,16,Completed
510393,16667,2024-09-22,6,1,0.0,35.0,13,Completed
506548,10762,2024-09-22,2,1,0.0,72.0,34,Cancelled
500818,16823,2024-09-22,1,2,0.15,246.5,158,Completed
503149,15446,2024-09-22,2,1,0.0,72.0,34,Completed
503835,14513,2024-09-22,9,1,0.0,62.0,28,Completed
515286,10987,2024-09-22,3,1,0.0,48.0,21,Completed
517582,12474,2024-09-22,1,1,0.0,145.0,79,Completed
503576,12737,2024-09-22,6,4,0.15,119.0,52,Completed
517336,13017,2024-09-22,2,2,0.1,129.6,68,Completed
509603,16837,2024-09-22,1,1,0.1,130.5,79,Completed
500586,13204,2024-09-22,7,3,0.0,81.0,24,Completed
500435,10638,2024-09-23,5,1,0.05,90.25,43,Completed
511339,10006,2024-09-23,7,2,0.0,54.0,16,Completed
515620,16394,2024-09-23,9,2,0.0,124.0,56,Completed
500035,15739,2024-09-23,9,1,0.0,62.0,28,Completed
511821,10127,2024-09-23,10,2,0.0,220.0,108,Completed
513458,12229,2024-09-23,2,1,0.15,61.2,34,Completed
509042,13357,2024-09-23,6,1,0.0,35.0,13,Completed
511314,11457,2024-09-23,2,1,0.05,68.4,34,Completed
514848,13403,2024-09-23,2,1,0.0,72.0,34,Completed
517999,17913,2024-09-23,4,1,0.1,252.0,155,Completed
515883,11430,2024-09-23,1,1,0.05,137.75,79,Returned
514484,10564,2024-09-23,7,1,0.05,25.65,8,Completed
505627,15512,2024-09-23,8,1,0.1,79.2,39,Completed
513650,12632,2024-09-23,8,1,0.0,88.0,39,Completed
513875,11533,2024-09-23,8,1,0.05,83.6,39,Completed
509518,17519,2024-09-23,7,1,0.1,24.3,8,Completed
515402,17711,2024-09-23,3,2,0.0,96.0,42,Completed
511132,12227,2024-09-23,9,1,0.0,62.0,28,Completed
517706,13297,2024-09-23,5,1,0.1,85.5,43,Completed
500135,12365,2024-09-23,1,1,0.0,145.0,79,Returned
513812,11976,2024-09-23,2,1,0.0,72.0,34,Completed
508802,16287,2024-09-23,3,2,0.05,91.2,42,Completed
506378,15930,2024-09-23,10,1,0.05,104.5,54,Completed
500928,10819,2024-09-23,4,2,0.0,560.0,310,Completed
511479,12318,2024-09-24,1,3,0.0,435.0,237,Completed
511105,11072,2024-09-24,1,1,0.15,123.25,79,Completed
507194,17194,2024-09-24,10,2,0.15,187.0,108,Completed
504141,15367,2024-09-24,5,2,0.05,180.5,86,Completed
509163,10331,2024-09-24,7,1,0.0,27.0,8,Completed
517811,15666,2024-09-24,6,2,0.1,63.0,26,Completed
515100,15717,2024-09-24,1,1,0.0,145.0,79,Completed
510108,11597,2024-09-24,3,1,0.1,43.2,21,Completed
502724,13765,2024-09-24,8,3,0.15,224.4,117,Completed
514957,15829,2024-09-24,5,2,0.0,190.0,86,Completed
503586,14676,2024-09-24,6,1,0.05,33.25,13,Completed
515441,11840,2024-09-24,1,1,0.05,137.75,79,Completed
516164,14609,2024-09-24,2,1,0.15,61.2,34,Completed
511907,12034,2024-09-24,6,1,0.0,35.0,13,Completed
516128,11309,2024-09-24,1,1,0.15,123.25,79,Completed
501565,17355,2024-09-24,8,4,0.0,352.0,156,Completed
517657,12866,2024-09-24,5,2,0.05,180.5,86,Completed
508567,15475,2024-09-25,9,2,0.1,111.6,56,Completed
503520,10346,2024-09-25,8,1,0.0,88.0,39,Completed
512647,10186,2024-09-25,1,1,0.0,145.0,79,Completed
505257,14900,2024-09-25,3,1,0.05,45.6,21,Completed
502473,11866,2024-09-25,8,1,0.0,88.0,39,Completed
500327,13137,2024-09-25,10,1,0.2,88.0,54,Completed
516024,15987,2024-09-25,7,4,0.2,86.4,32,Completed
501296,15260,2024-09-25,10,1,0.15,93.5,54,Completed
512083,13325,2024-09-25,10,2,0.1,198.0,108,Completed
504948,11606,2024-09-25,3,2,0.2,76.8,42,Completed
505342,11029,2024-09-25,5,2,0.1,171.0,86,Completed
502852,12051,2024-09-25,3,1,0.1,43.2,21,Completed
509325,12043,2024-09-25,7,1,0.1,24.3,8,Completed
510068,12085,2024-09-25,10,1,0.0,110.0,54,Completed
505765,15372,2024-09-25,7,2,0.05,51.3,16,Completed
500570,18347,2024-09-25,9,3,0.0,186.0,84,Completed
514166,12613,2024-09-25,1,1,0.0,145.0,79,Completed
508955,12234,2024-09-25,7,2,0.0,54.0,16,Completed
514244,17309,2024-09-25,1,1,0.0,145.0,79,Completed
509891,10090,2024-09-25,9,1,0.05,58.9,28,Completed
517464,17545,2024-09-25,7,1,0.0,27.0,8,Completed
508869,10355,2024-09-26,6,1,0.15,29.75,13,Cancelled
515408,15173,2024-09-26,2,1,0.05,68.4,34,Completed
517527,12025,2024-09-26,8,1,0.1,79.2,39,Completed
509098,18231,2024-09-26,6,4,0.0,140.0,52,Completed
510339,12653,2024-09-26,8,1,0.1,79.2,39,Completed
506318,10076,2024-09-26,2,1,0.0,72.0,34,Returned
514517,12582,2024-09-26,10,2,0.0,220.0,108,Completed
513086,16661,2024-09-26,6,2,0.05,66.5,26,Returned
502338,14063,2024-09-26,1,1,0.15,123.25,79,Completed
502008,16731,2024-09-26,7,3,0.0,81.0,24,Completed
507232,15675,2024-09-26,4,3,0.05,798.0,465,Completed
501321,13204,2024-09-26,1,1,0.0,145.0,79,Completed
517217,10407,2024-09-26,10,1,0.2,88.0,54,Completed
503176,14508,2024-09-26,7,1,0.15,22.95,8,Completed
508893,13173,2024-09-26,5,2,0.0,190.0,86,Completed
511445,15705,2024-09-26,2,1,0.0,72.0,34,Completed
517622,12704,2024-09-26,5,2,0.0,190.0,86,Completed
502653,11347,2024-09-26,10,1,0.0,110.0,54,Completed
504983,13662,2024-09-26,10,1,0.05,104.5,54,Completed
516017,10691,2024-09-26,6,2,0.0,70.0,26,Completed
517327,10256,2024-09-26,6,1,0.0,35.0,13,Completed
506115,12919,2024-09-26,6,1,0.1,31.5,13,Completed
504360,13088,2024-09-26,2,2,0.05,136.8,68,Completed
509556,15815,2024-09-26,3,2,0.05,91.2,42,Cancelled
501845,10778,2024-09-26,7,4,0.05,102.6,32,Completed
517775,14303,2024-09-26,2,1,0.0,72.0,34,Completed
505975,11732,2024-09-26,5,2,0.0,190.0,86,Completed
505177,14416,2024-09-26,7,1,0.05,25.65,8,Returned
515159,17501,2024-09-27,6,4,0.05,133.0,52,Completed
508358,10004,2024-09-27,6,3,0.1,94.5,39,Completed
516335,12692,2024-09-27,6,2,0.15,59.5,26,Completed
515731,10698,2024-09-27,6,2,0.05,66.5,26,Completed
512487,12149,2024-09-27,1,1,0.05,137.75,79,Completed
511946,14136,2024-09-27,8,1,0.2,70.4,39,Completed
517045,10293,2024-09-27,3,2,0.2,76.8,42,Completed
512299,11245,2024-09-27,9,1,0.0,62.0,28,Completed
504780,10142,2024-09-27,10,1,0.1,99.0,54,Completed
509755,15060,2024-09-27,10,3,0.0,330.0,162,Completed
502235,12956,2024-09-27,4,2,0.05,532.0,310,Completed
503472,10949,2024-09-27,7,1,0.2,21.6,8,Completed
506145,11880,2024-09-27,4,1,0.0,280.0,155,Completed
504380,14288,2024-09-27,3,1,0.05,45.6,21,Completed
509529,14697,2024-09-27,10,3,0.1,297.0,162,Completed
508050,16203,2024-09-27,7,1,0.0,27.0,8,Completed
505534,15196,2024-09-27,4,2,0.05,532.0,310,Completed
517229,18049,2024-09-27,6,2,0.0,70.0,26,Completed
502183,17352,2024-09-27,3,2,0.0,96.0,42,Completed
516235,12192,2024-09-27,1,1,0.2,116.0,79,Completed
517808,10100,2024-09-27,10,2,0.0,220.0,108,Completed
500346,12168,2024-09-27,10,1,0.05,104.5,54,Completed
513859,15877,2024-09-27,1,3,0.0,435.0,237,Completed
516632,13516,2024-09-27,9,1,0.0,62.0,28,Completed
507903,10636,2024-09-27,6,2,0.15,59.5,26,Completed
508579,15162,2024-09-27,1,1,0.0,145.0,79,Completed
500949,10544,2024-09-27,8,1,0.1,79.2,39,Completed
513088,10574,2024-09-28,3,1,0.0,48.0,21,Completed
506821,17979,2024-09-28,6,4,0.0,140.0,52,Completed
508748,14091,2024-09-28,5,1,0.15,80.75,43,Completed
500495,13150,2024-09-28,3,1,0.05,45.6,21,Completed
516584,10400,2024-09-28,5,3,0.0,285.0,129,Completed
503408,15939,2024-09-28,6,1,0.1,31.5,13,Completed
515583,17511,2024-09-28,1,1,0.05,137.75,79,Completed
508556,11745,2024-09-28,10,2,0.0,220.0,108,Completed
505369,15418,2024-09-28,2,1,0.0,72.0,34,Completed
506698,13009,2024-09-28,3,1,0.0,48.0,21,Completed
515995,11418,2024-09-28,5,1,0.15,80.75,43,Completed
501126,14414,2024-09-28,8,2,0.05,167.2,78,Completed
510557,17691,2024-09-28,7,2,0.05,51.3,16,Completed
500647,11300,2024-09-28,3,1,0.0,48.0,21,Completed
505235,11500,2024-09-28,7,2,0.0,54.0,16,Returned
513527,14076,2024-09-28,8,1,0.0,88.0,39,Completed
513690,13658,2024-09-28,1,2,0.1,261.0,158,Completed
512592,13610,2024-09-28,6,1,0.05,33.25,13,Completed
515393,12105,2024-09-28,3,1,0.0,48.0,21,Completed
507067,13633,2024-09-28,8,1,0.05,83.6,39,Returned
514222,14098,2024-09-28,5,2,0.0,190.0,86,Completed
504106,18374,2024-09-28,5,1,0.0,95.0,43,Completed
503247,11449,2024-09-28,8,4,0.2,281.6,156,Returned
503047,14452,2024-09-29,5,2,0.0,190.0,86,Completed
506782,10892,2024-09-29,1,1,0.05,137.75,79,Completed
511015,11154,2024-09-29,8,1,0.15,74.8,39,Completed
506428,17623,2024-09-29,2,2,0.1,129.6,68,Completed
511213,12324,2024-09-29,4,1,0.05,266.0,155,Completed
513486,13244,2024-09-29,2,1,0.0,72.0,34,Completed
500661,14451,2024-09-29,3,2,0.05,91.2,42,Completed
501449,11132,2024-09-29,6,1,0.0,35.0,13,Completed
500526,10362,2024-09-29,1,3,0.0,435.0,237,Completed
510709,11808,2024-09-29,10,1,0.0,110.0,54,Completed
509852,11821,2024-09-29,3,1,0.0,48.0,21,Completed
506577,11736,2024-09-29,5,1,0.05,90.25,43,Completed
512393,15929,2024-09-29,8,1,0.0,88.0,39,Completed
513427,17852,2024-09-29,7,4,0.0,108.0,32,Completed
511953,12534,2024-09-29,1,1,0.05,137.75,79,Completed
500693,12650,2024-09-29,1,1,0.0,145.0,79,Completed
500126,14438,2024-09-29,7,1,0.1,24.3,8,Completed
508177,15314,2024-09-29,2,1,0.0,72.0,34,Completed
500256,10619,2024-09-29,3,2,0.05,91.2,42,Completed
503456,10235,2024-09-30,3,1,0.15,40.8,21,Completed
512480,17448,2024-09-30,6,2,0.15,59.5,26,Completed
508591,10575,2024-09-30,8,1,0.0,88.0,39,Cancelled
513820,13286,2024-09-30,10,1,0.0,110.0,54,Completed
504819,11499,2024-09-30,7,2,0.05,51.3,16,Completed
508801,13876,2024-09-30,7,1,0.15,22.95,8,Completed
504491,10699,2024-09-30,1,1,0.1,130.5,79,Completed
510059,11159,2024-09-30,8,1,0.1,79.2,39,Completed
512170,13287,2024-09-30,4,3,0.0,840.0,465,Completed
509644,10083,2024-09-30,2,2,0.1,129.6,68,Completed
509498,17339,2024-09-30,10,4,0.05,418.0,216,Completed
508940,17933,2024-09-30,7,1,0.0,27.0,8,Completed
509986,13003,2024-09-30,1,1,0.05,137.75,79,Completed
502166,11018,2024-09-30,9,2,0.15,105.4,56,Completed
515657,14822,2024-09-30,5,1,0.05,90.25,43,Completed
511796,16087,2024-09-30,8,2,0.0,176.0,78,Completed
514561,11131,2024-09-30,4,1,0.05,266.0,155,Completed
510014,11826,2024-09-30,9,2,0.15,105.4,56,Completed
502511,13701,2024-09-30,10,1,0.2,88.0,54,Completed
503749,10959,2024-09-30,4,1,0.05,266.0,155,Completed
501591,11457,2024-09-30,5,1,0.0,95.0,43,Completed
504949,16182,2024-10-01,5,2,0.0,190.0,86,Returned
514669,10082,2024-10-01,5,1,0.1,85.5,43,Completed
503479,14010,2024-10-01,7,1,0.2,21.6,8,Completed
508646,11870,2024-10-01,6,2,0.0,70.0,26,Completed
514394,11552,2024-10-01,1,1,0.1,130.5,79,Completed
505576,11552,2024-10-01,9,1,0.1,55.8,28,Completed
505960,12947,2024-10-01,7,1,0.0,27.0,8,Returned
501813,16573,2024-10-01,1,2,0.15,246.5,158,Completed
500594,14766,2024-10-01,7,2,0.0,54.0,16,Completed
503201,17461,2024-10-01,10,1,0.2,88.0,54,Cancelled
511671,13784,2024-10-01,4,1,0.0,280.0,155,Completed
500673,16062,2024-10-01,1,2,0.0,290.0,158,Completed
509215,13242,2024-10-01,5,1,0.05,90.25,43,Completed
506790,15081,2024-10-01,7,2,0.15,45.9,16,Completed
503226,13597,2024-10-01,5,1,0.1,85.5,43,Completed
516933,11725,2024-10-01,9,3,0.15,158.1,84,Cancelled
500193,10147,2024-10-01,4,1,0.0,280.0,155,Completed
501304,15637,2024-10-01,3,1,0.05,45.6,21,Completed
500186,16343,2024-10-01,7,1,0.0,27.0,8,Completed
509997,13746,2024-10-01,6,1,0.0,35.0,13,Completed
516051,15130,2024-10-01,7,1,0.0,27.0,8,Completed
509629,12317,2024-10-02,2,1,0.05,68.4,34,Completed
512885,13468,2024-10-02,3,1,0.05,45.6,21,Completed
511746,13229,2024-10-02,1,1,0.15,123.25,79,Completed
514419,13885,2024-10-02,8,1,0.1,79.2,39,Completed
505492,16085,2024-10-02,9,3,0.0,186.0,84,Completed
506650,10946,2024-10-02,3,2,0.0,96.0,42,Completed
510958,11228,2024-10-02,7,1,0.05,25.65,8,Completed
506197,13222,2024-10-02,2,1,0.05,68.4,34,Completed
515945,15817,2024-10-02,3,2,0.15,81.6,42,Completed
508694,11278,2024-10-02,9,1,0.0,62.0,28,Completed
504588,13495,2024-10-02,8,1,0.0,88.0,39,Completed
517919,10043,2024-10-02,2,2,0.05,136.8,68,Completed
502843,14788,2024-10-02,8,2,0.1,158.4,78,Completed
506012,12060,2024-10-02,5,1,0.05,90.25,43,Completed
509504,13029,2024-10-02,2,1,0.05,68.4,34,Completed
500245,11004,2024-10-02,9,1,0.1,55.8,28,Completed
505196,11454,2024-10-02,7,1,0.0,27.0,8,Completed
502435,14595,2024-10-02,2,1,0.15,61.2,34,Completed
506113,17492,2024-10-02,1,2,0.05,275.5,158,Completed
505903,13187,2024-10-02,10,2,0.0,220.0,108,Completed
513087,17284,2024-10-02,6,1,0.0,35.0,13,Completed
513499,15738,2024-10-02,8,1,0.0,88.0,39,Completed
508554,14714,2024-10-03,7,1,0.0,27.0,8,Returned
500340,13588,2024-10-03,8,4,0.1,316.8,156,Completed
512698,10898,2024-10-03,3,1,0.05,45.6,21,Completed
509093,12353,2024-10-03,9,2,0.0,124.0,56,Completed
516501,15876,2024-10-03,1,1,0.0,145.0,79,Completed
516908,11638,2024-10-03,6,4,0.2,112.0,52,Completed
504829,12713,2024-10-03,2,1,0.05,68.4,34,Completed
516331,10491,2024-10-03,10,2,0.1,198.0,108,Completed
509763,10410,2024-10-03,1,1,0.1,130.5,79,Completed
517645,12896,2024-10-03,1,1,0.05,137.75,79,Completed
517430,13692,2024-10-03,1,1,0.05,137.75,79,Completed
513569,10177,2024-10-03,5,1,0.0,95.0,43,Completed
504554,16936,2024-10-03,10,2,0.0,220.0,108,Completed
511690,15566,2024-10-03,3,2,0.15,81.6,42,Completed
512123,17101,2024-10-03,9,1,0.15,52.7,28,Returned
500272,17722,2024-10-03,10,1,0.0,110.0,54,Completed
516304,17917,2024-10-03,3,1,0.0,48.0,21,Completed
504543,13172,2024-10-03,2,1,0.1,64.8,34,Completed
502155,12253,2024-10-03,9,2,0.0,124.0,56,Returned
500097,14156,2024-10-03,2,1,0.0,72.0,34,Completed
506923,14999,2024-10-03,5,1,0.0,95.0,43,Completed
505881,16375,2024-10-03,3,1,0.05,45.6,21,Completed
514768,13840,2024-10-03,10,2,0.0,220.0,108,Completed
508373,15678,2024-10-04,10,2,0.0,220.0,108,Completed
513177,11656,2024-10-04,1,1,0.1,130.5,79,Completed
501966,16260,2024-10-04,6,1,0.2,28.0,13,Completed
501544,13057,2024-10-04,6,1,0.0,35.0,13,Completed
512504,17138,2024-10-04,6,1,0.05,33.25,13,Completed
509846,15335,2024-10-04,5,1,0.0,95.0,43,Completed
501690,10262,2024-10-04,2,1,0.1,64.8,34,Completed
504558,13301,2024-10-04,4,1,0.1,252.0,155,Completed
503828,10688,2024-10-04,8,2,0.0,176.0,78,Returned
503329,11843,2024-10-04,6,3,0.1,94.5,39,Completed
500302,14980,2024-10-04,2,1,0.05,68.4,34,Completed
504789,12078,2024-10-04,7,1,0.0,27.0,8,Completed
509550,16559,2024-10-04,5,1,0.0,95.0,43,Completed
508497,17947,2024-10-04,9,1,0.0,62.0,28,Completed
514659,17473,2024-10-04,5,1,0.0,95.0,43,Completed
502840,10850,2024-10-04,5,1,0.0,95.0,43,Completed
501492,13171,2024-10-04,6,1,0.05,33.25,13,Completed
510639,15833,2024-10-04,9,1,0.0,62.0,28,Completed
514597,12197,2024-10-04,9,1,0.1,55.8,28,Cancelled
503311,13587,2024-10-04,5,1,0.0,95.0,43,Returned
501139,10503,2024-10-04,9,3,0.05,176.7,84,Completed
501299,16770,2024-10-04,9,2,0.1,111.6,56,Completed
504674,17758,2024-10-04,9,1,0.0,62.0,28,Completed
510647,12664,2024-10-04,8,1,0.1,79.2,39,Completed
505027,14384,2024-10-04,5,1,0.1,85.5,43,Completed
505588,16752,2024-10-04,5,1,0.05,90.25,43,Completed
508355,12087,2024-10-04,4,2,0.15,476.0,310,Completed
501066,11384,2024-10-04,7,1,0.0,27.0,8,Completed
504480,16481,2024-10-04,2,1,0.0,72.0,34,Completed
511045,10606,2024-10-04,9,3,0.05,176.7,84,Completed
513762,11695,2024-10-04,4,2,0.0,560.0,310,Completed
510392,14228,2024-10-04,8,2,0.05,167.2,78,Completed
507585,16867,2024-10-04,4,1,0.2,224.0,155,Completed
515533,11139,2024-10-04,3,4,0.05,182.4,84,Completed
516929,15738,2024-10-04,1,1,0.05,137.75,79,Completed
500071,15740,2024-10-04,10,2,0.15,187.0,108,Completed
510716,11391,2024-10-05,7,1,0.05,25.65,8,Completed
506493,10579,2024-10-05,3,1,0.1,43.2,21,Completed
515235,17098,2024-10-05,8,2,0.05,167.2,78,Completed
501054,13131,2024-10-05,10,1,0.05,104.5,54,Completed
504018,15040,2024-10-05,8,2,0.0,176.0,78,Completed
507075,14298,2024-10-05,10,1,0.0,110.0,54,Completed
511380,16946,2024-10-05,10,1,0.05,104.5,54,Returned
511300,17347,2024-10-05,1,1,0.05,137.75,79,Completed
513289,14152,2024-10-05,7,1,0.1,24.3,8,Completed
511467,17106,2024-10-05,9,2,0.15,105.4,56,Completed
510431,18164,2024-10-05,6,2,0.1,63.0,26,Completed
512342,14912,2024-10-05,6,1,0.0,35.0,13,Completed
507213,10099,2024-10-05,10,1,0.0,110.0,54,Completed
500745,18030,2024-10-05,6,1,0.15,29.75,13,Completed
504012,10662,2024-10-05,3,2,0.2,76.8,42,Completed
500507,17078,2024-10-05,10,2,0.2,176.0,108,Returned
500371,15703,2024-10-05,10,1,0.1,99.0,54,Completed
505542,15912,2024-10-05,1,1,0.2,116.0,79,Completed
501568,13079,2024-10-05,7,1,0.2,21.6,8,Completed
501313,12757,2024-10-05,10,2,0.1,198.0,108,Completed
504155,14201,2024-10-05,8,2,0.05,167.2,78,Completed
517356,13514,2024-10-05,5,2,0.05,180.5,86,Completed
504631,15808,2024-10-05,9,1,0.0,62.0,28,Completed
514631,13746,2024-10-05,4,1,0.0,280.0,155,Completed
507900,13349,2024-10-05,4,3,0.0,840.0,465,Completed
507772,16304,2024-10-05,3,3,0.1,129.6,63,Completed
500844,12563,2024-10-05,8,1,0.05,83.6,39,Completed
502834,10393,2024-10-05,1,1,0.0,145.0,79,Completed
506380,11786,2024-10-05,5,1,0.0,95.0,43,Completed
500588,16577,2024-10-05,7,1,0.1,24.3,8,Completed
509050,11129,2024-10-05,1,1,0.0,145.0,79,Completed
503097,14261,2024-10-05,9,1,0.0,62.0,28,Completed
517340,15815,2024-10-05,9,3,0.0,186.0,84,Completed
516947,14221,2024-10-05,5,1,0.1,85.5,43,Completed
515510,12620,2024-10-05,6,1,0.0,35.0,13,Completed
512157,16919,2024-10-06,5,1,0.0,95.0,43,Completed
517029,15110,2024-10-06,2,2,0.2,115.2,68,Completed
513871,12584,2024-10-06,3,2,0.1,86.4,42,Returned
501290,18220,2024-10-06,2,2,0.05,136.8,68,Completed
510172,16448,2024-10-06,2,2,0.2,115.2,68,Completed
503302,10429,2024-10-06,5,2,0.0,190.0,86,Completed
501283,15477,2024-10-06,1,1,0.0,145.0,79,Cancelled
517168,14283,2024-10-06,3,2,0.0,96.0,42,Returned
515277,17989,2024-10-06,8,2,0.1,158.4,78,Completed
511693,11437,2024-10-06,3,1,0.0,48.0,21,Completed
500523,12647,2024-10-06,9,1,0.0,62.0,28,Completed
511684,17257,2024-10-06,8,1,0.0,88.0,39,Completed
508462,17980,2024-10-06,8,2,0.0,176.0,78,Completed
508105,11554,2024-10-06,9,1,0.0,62.0,28,Completed
500427,16001,2024-10-06,10,3,0.05,313.5,162,Completed
513231,12777,2024-10-06,4,1,0.0,280.0,155,Completed
514917,16814,2024-10-06,1,1,0.0,145.0,79,Returned
502328,10579,2024-10-06,6,2,0.15,59.5,26,Completed
515720,12864,2024-10-06,3,1,0.0,48.0,21,Completed
501442,14794,2024-10-06,2,1,0.0,72.0,34,Completed
502887,10452,2024-10-06,5,1,0.05,90.25,43,Completed
511895,16602,2024-10-06,9,1,0.1,55.8,28,Completed
503363,10390,2024-10-06,1,1,0.05,137.75,79,Completed
507233,13878,2024-10-06,5,1,0.15,80.75,43,Completed
511605,11835,2024-10-06,7,3,0.0,81.0,24,Completed
515373,10960,2024-10-06,5,1,0.2,76.0,43,Cancelled
511155,11336,2024-10-06,1,1,0.0,145.0,79,Cancelled
517873,11216,2024-10-06,10,1,0.0,110.0,54,Returned
505301,13012,2024-10-07,10,1,0.0,110.0,54,Completed
508320,14041,2024-10-07,1,1,0.05,137.75,79,Completed
513625,13592,2024-10-07,10,1,0.0,110.0,54,Completed
506721,11068,2024-10-07,5,1,0.0,95.0,43,Completed
507779,12413,2024-10-07,1,1,0.05,137.75,79,Completed
502788,16044,2024-10-07,5,2,0.2,152.0,86,Completed
512445,11206,2024-10-07,9,1,0.0,62.0,28,Completed
513104,12997,2024-10-07,9,2,0.1,111.6,56,Completed
515469,11696,2024-10-07,4,2,0.1,504.0,310,Completed
504778,10815,2024-10-07,3,2,0.05,91.2,42,Completed
513581,11168,2024-10-07,6,2,0.1,63.0,26,Completed
507784,12948,2024-10-07,9,1,0.05,58.9,28,Completed
501581,15840,2024-10-07,5,1,0.0,95.0,43,Completed
500104,14260,2024-10-07,1,1,0.0,145.0,79,Completed
507565,13990,2024-10-07,2,3,0.15,183.6,102,Completed
511658,14187,2024-10-07,8,1,0.0,88.0,39,Completed
512704,15700,2024-10-07,5,3,0.05,270.75,129,Completed
509279,16530,2024-10-07,7,1,0.0,27.0,8,Completed
517275,17206,2024-10-07,1,1,0.0,145.0,79,Completed
503899,18030,2024-10-07,9,1,0.0,62.0,28,Completed
512119,12485,2024-10-07,5,4,0.05,361.0,172,Completed
502453,13881,2024-10-07,8,1,0.0,88.0,39,Completed
502566,10173,2024-10-07,7,1,0.1,24.3,8,Completed
510715,16750,2024-10-07,2,1,0.0,72.0,34,Completed
506565,11871,2024-10-08,10,3,0.05,313.5,162,Completed
508075,17942,2024-10-08,6,2,0.05,66.5,26,Completed
509429,14362,2024-10-08,5,1,0.05,90.25,43,Completed
513800,11466,2024-10-08,6,1,0.05,33.25,13,Completed
503222,16464,2024-10-08,7,1,0.05,25.65,8,Completed
504117,17570,2024-10-08,2,1,0.05,68.4,34,Completed
511224,15540,2024-10-08,7,1,0.05,25.65,8,Completed
511631,12858,2024-10-08,10,2,0.1,198.0,108,Completed
517369,10038,2024-10-08,5,2,0.05,180.5,86,Returned
502207,12952,2024-10-08,3,2,0.05,91.2,42,Completed
517580,15771,2024-10-08,10,3,0.1,297.0,162,Completed
511056,14287,2024-10-08,9,1,0.1,55.8,28,Completed
515382,13909,2024-10-08,7,2,0.05,51.3,16,Completed
508285,17237,2024-10-08,9,2,0.0,124.0,56,Completed
514347,15726,2024-10-08,5,4,0.15,323.0,172,Completed
512211,16878,2024-10-08,9,1,0.05,58.9,28,Completed
503253,16235,2024-10-08,3,1,0.0,48.0,21,Cancelled
512560,10522,2024-10-08,9,1,0.15,52.7,28,Completed
507636,14660,2024-10-08,6,1,0.2,28.0,13,Completed
507064,15539,2024-10-08,6,1,0.05,33.25,13,Completed
503141,11747,2024-10-08,2,1,0.05,68.4,34,Completed
506807,11328,2024-10-08,3,1,0.05,45.6,21,Completed
514750,13104,2024-10-08,3,1,0.15,40.8,21,Completed
513970,10015,2024-10-08,8,1,0.05,83.6,39,Completed
504810,13105,2024-10-08,9,1,0.2,49.6,28,Completed
512400,15083,2024-10-08,8,1,0.05,83.6,39,Completed
506311,11721,2024-10-08,2,2,0.0,144.0,68,Completed
517915,13440,2024-10-08,9,2,0.05,117.8,56,Completed
510137,15472,2024-10-09,8,1,0.05,83.6,39,Returned
507813,10398,2024-10-09,1,3,0.05,413.25,237,Cancelled
505993,13153,2024-10-09,1,2,0.0,290.0,158,Completed
507774,14010,2024-10-09,2,2,0.05,136.8,68,Completed
514614,17239,2024-10-09,8,1,0.0,88.0,39,Completed
500687,10215,2024-10-09,6,1,0.15,29.75,13,Completed
502198,12703,2024-10-09,2,2,0.0,144.0,68,Completed
501764,15175,2024-10-09,5,2,0.0,190.0,86,Completed
511583,12792,2024-10-09,8,1,0.05,83.6,39,Completed
503074,10950,2024-10-09,6,1,0.05,33.25,13,Completed
503971,13504,2024-10-09,2,1,0.0,72.0,34,Completed
509254,11540,2024-10-09,3,1,0.0,48.0,21,Completed
507040,18062,2024-10-09,7,1,0.0,27.0,8,Returned
512295,13461,2024-10-09,6,1,0.0,35.0,13,Completed
506223,15240,2024-10-09,1,2,0.0,290.0,158,Completed
513448,15498,2024-10-09,1,1,0.15,123.25,79,Completed
517870,12762,2024-10-09,3,1,0.0,48.0,21,Completed
506096,16083,2024-10-09,3,2,0.0,96.0,42,Completed
508064,11449,2024-10-09,3,1,0.0,48.0,21,Completed
503090,13338,2024-10-09,9,1,0.0,62.0,28,Completed
508345,11855,2024-10-09,2,1,0.1,64.8,34,Completed
500965,10796,2024-10-09,2,1,0.1,64.8,34,Completed
501389,12450,2024-10-09,3,2,0.1,86.4,42,Completed
504293,11618,2024-10-09,2,1,0.05,68.4,34,Completed
511532,10223,2024-10-09,9,1,0.1,55.8,28,Completed
507580,11291,2024-10-09,10,1,0.0,110.0,54,Completed
500962,16410,2024-10-09,1,1,0.0,145.0,79,Cancelled
505419,10658,2024-10-09,9,1,0.15,52.7,28,Completed
509961,17891,2024-10-09,6,1,0.0,35.0,13,Completed
505139,13296,2024-10-10,1,1,0.0,145.0,79,Completed
509784,18028,2024-10-10,10,1,0.1,99.0,54,Completed
503088,13899,2024-10-10,1,2,0.05,275.5,158,Completed
517925,12307,2024-10-10,10,1,0.0,110.0,54,Completed
507018,10361,2024-10-10,7,1,0.0,27.0,8,Completed
517966,13241,2024-10-10,5,1,0.05,90.25,43,Completed
510424,13517,2024-10-10,9,1,0.0,62.0,28,Completed
506541,18435,2024-10-10,4,2,0.0,560.0,310,Completed
500008,18282,2024-10-10,7,1,0.1,24.3,8,Completed
515646,12152,2024-10-10,1,1,0.0,145.0,79,Completed
512458,12505,2024-10-10,2,1,0.05,68.4,34,Completed
515219,11170,2024-10-10,9,1,0.0,62.0,28,Completed
501186,11735,2024-10-10,2,1,0.0,72.0,34,Completed
507070,12139,2024-10-10,7,2,0.0,54.0,16,Completed
501160,13054,2024-10-10,9,1,0.2,49.6,28,Completed
504239,11887,2024-10-10,1,2,0.1,261.0,158,Completed
515419,15338,2024-10-10,2,3,0.15,183.6,102,Completed
509638,10169,2024-10-10,2,1,0.0,72.0,34,Completed
508325,16178,2024-10-10,2,2,0.0,144.0,68,Completed
506322,11693,2024-10-10,8,1,0.1,79.2,39,Completed
506627,11886,2024-10-10,5,1,0.1,85.5,43,Completed
510503,11360,2024-10-11,5,2,0.05,180.5,86,Completed
516274,15763,2024-10-11,2,1,0.0,72.0,34,Completed
504017,18088,2024-10-11,8,1,0.0,88.0,39,Cancelled
503632,17704,2024-10-11,6,1,0.1,31.5,13,Completed
500313,10620,2024-10-11,8,1,0.15,74.8,39,Cancelled
517114,14367,2024-10-11,8,1,0.0,88.0,39,Completed
511293,11322,2024-10-11,10,3,0.0,330.0,162,Completed
504100,16193,2024-10-11,9,1,0.05,58.9,28,Cancelled
510899,13388,2024-10-11,6,1,0.05,33.25,13,Completed
511053,10665,2024-10-11,8,1,0.0,88.0,39,Completed
508714,10372,2024-10-11,1,3,0.0,435.0,237,Completed
508972,15866,2024-10-11,7,2,0.0,54.0,16,Completed
517764,10192,2024-10-11,1,1,0.0,145.0,79,Completed
501527,14764,2024-10-11,9,1,0.1,55.8,28,Completed
509731,10187,2024-10-11,2,2,0.05,136.8,68,Completed
510237,12316,2024-10-11,4,2,0.0,560.0,310,Completed
509799,16706,2024-10-11,9,1,0.05,58.9,28,Completed
513796,17875,2024-10-11,6,3,0.2,84.0,39,Completed
506620,12453,2024-10-11,4,1,0.2,224.0,155,Completed
516546,17404,2024-10-11,5,1,0.0,95.0,43,Completed
500341,12663,2024-10-11,10,1,0.2,88.0,54,Completed
517538,12560,2024-10-11,1,1,0.0,145.0,79,Completed
511443,10899,2024-10-12,6,1,0.2,28.0,13,Completed
502329,11862,2024-10-12,8,1,0.05,83.6,39,Completed
515413,13493,2024-10-12,7,1,0.1,24.3,8,Completed
512446,12802,2024-10-12,1,4,0.15,493.0,316,Completed
509251,13430,2024-10-12,10,1,0.1,99.0,54,Completed
505529,11664,2024-10-12,8,1,0.05,83.6,39,Completed
516854,13678,2024-10-12,2,1,0.1,64.8,34,Completed
500403,11026,2024-10-12,9,1,0.0,62.0,28,Completed
504148,14258,2024-10-12,10,2,0.0,220.0,108,Returned
509306,14230,2024-10-12,6,2,0.0,70.0,26,Completed
508350,14793,2024-10-12,7,1,0.05,25.65,8,Completed
507377,12771,2024-10-12,2,2,0.0,144.0,68,Completed
515232,12745,2024-10-12,6,2,0.1,63.0,26,Completed
510196,12804,2024-10-12,5,1,0.05,90.25,43,Completed
512411,16314,2024-10-12,7,1,0.0,27.0,8,Completed
500701,11162,2024-10-12,10,2,0.0,220.0,108,Completed
511751,10244,2024-10-12,9,1,0.0,62.0,28,Completed
515099,16955,2024-10-12,3,1,0.1,43.2,21,Completed
502130,14980,2024-10-12,8,1,0.15,74.8,39,Completed
517091,12795,2024-10-12,8,1,0.1,79.2,39,Completed
513715,15471,2024-10-12,10,2,0.1,198.0,108,Completed
517481,12447,2024-10-12,10,1,0.05,104.5,54,Completed
513182,14748,2024-10-12,9,1,0.1,55.8,28,Completed
501874,15215,2024-10-12,10,2,0.0,220.0,108,Completed
513561,10108,2024-10-12,7,2,0.1,48.6,16,Completed
517328,10497,2024-10-12,3,4,0.0,192.0,84,Completed
515204,12348,2024-10-12,7,2,0.1,48.6,16,Completed
501278,13957,2024-10-12,10,1,0.0,110.0,54,Cancelled
502356,10778,2024-10-13,4,2,0.05,532.0,310,Completed
512150,10105,2024-10-13,3,1,0.05,45.6,21,Completed
515125,14055,2024-10-13,3,1,0.05,45.6,21,Cancelled
507528,12625,2024-10-13,1,2,0.1,261.0,158,Completed
511425,10921,2024-10-13,1,1,0.0,145.0,79,Completed
504248,18113,2024-10-13,9,1,0.2,49.6,28,Completed
501234,16312,2024-10-13,6,2,0.0,70.0,26,Completed
506042,12658,2024-10-13,8,2,0.05,167.2,78,Completed
504108,13083,2024-10-13,7,3,0.0,81.0,24,Completed
510861,10859,2024-10-13,7,2,0.05,51.3,16,Completed
500230,10542,2024-10-13,3,2,0.05,91.2,42,Completed
506714,12233,2024-10-13,6,2,0.15,59.5,26,Completed
514587,15590,2024-10-13,5,1,0.0,95.0,43,Completed
511674,15119,2024-10-13,10,1,0.2,88.0,54,Returned
515053,15512,2024-10-13,1,1,0.0,145.0,79,Completed
509109,11305,2024-10-13,1,4,0.05,551.0,316,Completed
504521,14825,2024-10-13,5,2,0.05,180.5,86,Completed
511269,13814,2024-10-13,3,1,0.0,48.0,21,Cancelled
507143,14700,2024-10-13,7,1,0.0,27.0,8,Completed
517376,13399,2024-10-13,10,1,0.1,99.0,54,Cancelled
506357,11403,2024-10-13,2,1,0.0,72.0,34,Completed
504709,10321,2024-10-13,8,2,0.0,176.0,78,Completed
515170,17834,2024-10-13,9,1,0.0,62.0,28,Completed
516440,17355,2024-10-13,10,2,0.0,220.0,108,Completed
510510,16904,2024-10-13,10,2,0.0,220.0,108,Completed
506445,14197,2024-10-13,10,1,0.05,104.5,54,Completed
517478,10946,2024-10-13,8,1,0.1,79.2,39,Completed
516747,10114,2024-10-14,2,2,0.1,129.6,68,Completed
510764,11710,2024-10-14,6,3,0.05,99.75,39,Completed
511805,15198,2024-10-14,9,3,0.1,167.4,84,Completed
504907,13650,2024-10-14,7,1,0.0,27.0,8,Completed
510120,11088,2024-10-14,4,2,0.0,560.0,310,Completed
501791,11346,2024-10-14,5,1,0.1,85.5,43,Completed
503664,14099,2024-10-14,7,1,0.05,25.65,8,Completed
500082,10551,2024-10-14,6,2,0.05,66.5,26,Completed
516168,14255,2024-10-14,3,1,0.15,40.8,21,Completed
509778,12360,2024-10-14,2,2,0.05,136.8,68,Completed
510479,10022,2024-10-14,1,1,0.15,123.25,79,Completed
502259,13196,2024-10-14,5,1,0.15,80.75,43,Completed
501091,10696,2024-10-14,9,1,0.1,55.8,28,Completed
511298,18204,2024-10-14,5,1,0.0,95.0,43,Completed
509394,15862,2024-10-14,5,3,0.05,270.75,129,Completed
508154,17521,2024-10-14,9,1,0.1,55.8,28,Completed
501450,17226,2024-10-14,6,1,0.05,33.25,13,Completed
515881,15114,2024-10-14,2,1,0.0,72.0,34,Completed
505819,13198,2024-10-14,2,1,0.1,64.8,34,Completed
514134,17779,2024-10-14,5,2,0.1,171.0,86,Cancelled
514690,16095,2024-10-14,9,2,0.0,124.0,56,Completed
510375,14904,2024-10-15,2,1,0.05,68.4,34,Completed
514730,15735,2024-10-15,4,4,0.05,1064.0,620,Completed
505292,16756,2024-10-15,1,1,0.0,145.0,79,Completed
504183,11765,2024-10-15,5,1,0.1,85.5,43,Completed
505239,11702,2024-10-15,7,2,0.1,48.6,16,Completed
503766,14302,2024-10-15,7,1,0.0,27.0,8,Returned
516855,17785,2024-10-15,2,1,0.2,57.6,34,Completed
514051,15560,2024-10-15,1,1,0.0,145.0,79,Completed
512636,17911,2024-10-15,6,1,0.0,35.0,13,Completed
514164,14571,2024-10-15,7,1,0.0,27.0,8,Returned
504799,14040,2024-10-15,5,1,0.1,85.5,43,Completed
511320,14647,2024-10-15,5,1,0.15,80.75,43,Completed
516925,14700,2024-10-15,1,2,0.0,290.0,158,Completed
505068,11411,2024-10-15,8,2,0.05,167.2,78,Completed
510782,13695,2024-10-15,2,1,0.1,64.8,34,Completed
511387,16583,2024-10-15,4,2,0.0,560.0,310,Completed
501118,10403,2024-10-15,5,1,0.0,95.0,43,Completed
516757,13869,2024-10-15,1,1,0.0,145.0,79,Completed
516524,11700,2024-10-15,7,2,0.0,54.0,16,Completed
506366,10558,2024-10-15,2,1,0.05,68.4,34,Completed
503263,16914,2024-10-15,9,3,0.15,158.1,84,Completed
505918,16687,2024-10-15,8,3,0.1,237.6,117,Completed
504614,12761,2024-10-15,7,2,0.15,45.9,16,Completed
507400,11315,2024-10-15,5,2,0.1,171.0,86,Completed
504925,15050,2024-10-15,6,2,0.05,66.5,26,Returned
507563,10387,2024-10-16,2,2,0.0,144.0,68,Completed
515542,14541,2024-10-16,5,4,0.05,361.0,172,Completed
513312,15514,2024-10-16,8,2,0.05,167.2,78,Completed
500503,16992,2024-10-16,7,1,0.0,27.0,8,Completed
505884,13769,2024-10-16,5,2,0.0,190.0,86,Completed
513481,11106,2024-10-16,2,1,0.2,57.6,34,Cancelled
509917,11631,2024-10-16,8,1,0.0,88.0,39,Completed
515433,14649,2024-10-16,3,1,0.1,43.2,21,Completed
512611,10650,2024-10-16,9,1,0.15,52.7,28,Completed
500261,17917,2024-10-16,7,3,0.15,68.85,24,Completed
508832,11169,2024-10-16,2,1,0.0,72.0,34,Completed
500255,12332,2024-10-16,5,2,0.0,190.0,86,Completed
511799,12233,2024-10-16,9,1,0.0,62.0,28,Completed
515759,15321,2024-10-16,6,2,0.0,70.0,26,Completed
517613,15217,2024-10-16,2,1,0.1,64.8,34,Completed
502563,10081,2024-10-16,2,2,0.15,122.4,68,Completed
505208,13542,2024-10-16,2,2,0.0,144.0,68,Completed
500209,14913,2024-10-16,3,1,0.0,48.0,21,Completed
502468,17055,2024-10-16,10,2,0.1,198.0,108,Completed
500296,10281,2024-10-16,3,4,0.05,182.4,84,Completed
512555,11076,2024-10-16,6,2,0.0,70.0,26,Completed
503933,10198,2024-10-16,2,1,0.1,64.8,34,Completed
505767,17453,2024-10-16,3,2,0.1,86.4,42,Completed
515330,11813,2024-10-16,3,1,0.1,43.2,21,Completed
504321,15827,2024-10-16,5,4,0.2,304.0,172,Completed
517013,14248,2024-10-16,5,1,0.15,80.75,43,Completed
514451,13800,2024-10-16,2,1,0.0,72.0,34,Completed
517591,11253,2024-10-16,10,2,0.1,198.0,108,Completed
514442,14006,2024-10-16,6,1,0.0,35.0,13,Completed
506441,11600,2024-10-16,6,2,0.1,63.0,26,Completed
517064,10972,2024-10-16,8,2,0.0,176.0,78,Cancelled
504410,15602,2024-10-16,6,1,0.05,33.25,13,Returned
504009,14885,2024-10-17,8,2,0.1,158.4,78,Completed
510229,17080,2024-10-17,8,3,0.0,264.0,117,Completed
501335,10114,2024-10-17,9,3,0.0,186.0,84,Completed
508407,15332,2024-10-17,2,1,0.1,64.8,34,Completed
501284,10088,2024-10-17,3,2,0.0,96.0,42,Completed
502253,10034,2024-10-17,8,1,0.05,83.6,39,Completed
505140,17746,2024-10-17,7,2,0.0,54.0,16,Completed
509188,11671,2024-10-17,5,1,0.1,85.5,43,Completed
504406,15678,2024-10-17,9,4,0.0,248.0,112,Completed
517225,13094,2024-10-17,5,1,0.0,95.0,43,Completed
513019,10617,2024-10-17,3,1,0.1,43.2,21,Completed
506201,15482,2024-10-17,8,2,0.0,176.0,78,Completed
500295,11180,2024-10-17,4,1,0.2,224.0,155,Completed
508251,15770,2024-10-17,2,1,0.0,72.0,34,Completed
509462,12102,2024-10-17,8,3,0.0,264.0,117,Completed
511811,10788,2024-10-17,5,4,0.15,323.0,172,Completed
511699,16255,2024-10-17,10,1,0.05,104.5,54,Completed
509305,16466,2024-10-17,7,2,0.1,48.6,16,Completed
500712,17721,2024-10-17,5,1,0.0,95.0,43,Completed
507429,14062,2024-10-17,10,1,0.0,110.0,54,Completed
506133,14639,2024-10-17,4,2,0.05,532.0,310,Completed
506078,14250,2024-10-17,10,2,0.1,198.0,108,Completed
500229,18500,2024-10-18,6,2,0.05,66.5,26,Completed
509243,16886,2024-10-18,3,1,0.2,38.4,21,Completed
513313,15083,2024-10-18,4,2,0.0,560.0,310,Completed
513285,18203,2024-10-18,3,1,0.05,45.6,21,Completed
515878,17210,2024-10-18,7,1,0.1,24.3,8,Returned
510701,11034,2024-10-18,1,1,0.0,145.0,79,Completed
500333,18448,2024-10-18,5,3,0.0,285.0,129,Completed
500750,12691,2024-10-18,1,2,0.05,275.5,158,Returned
504004,12825,2024-10-18,3,1,0.0,48.0,21,Completed
507062,15096,2024-10-18,8,2,0.05,167.2,78,Completed
505666,12858,2024-10-18,6,1,0.0,35.0,13,Completed
510452,13906,2024-10-18,8,4,0.1,316.8,156,Completed
511433,11455,2024-10-18,2,3,0.0,216.0,102,Completed
513781,10655,2024-10-18,10,1,0.0,110.0,54,Completed
516709,13006,2024-10-18,9,2,0.0,124.0,56,Completed
503161,14399,2024-10-18,9,1,0.0,62.0,28,Completed
510952,17023,2024-10-18,7,3,0.1,72.9,24,Completed
501285,16000,2024-10-18,3,1,0.0,48.0,21,Completed
510761,13738,2024-10-18,1,2,0.0,290.0,158,Completed
513968,11915,2024-10-18,5,1,0.0,95.0,43,Completed
510582,17282,2024-10-18,5,3,0.05,270.75,129,Completed
502835,12162,2024-10-18,9,3,0.15,158.1,84,Completed
503236,11971,2024-10-19,1,1,0.0,145.0,79,Completed
504547,12241,2024-10-19,10,1,0.15,93.5,54,Completed
510573,13221,2024-10-19,6,1,0.0,35.0,13,Completed
505389,14510,2024-10-19,8,1,0.05,83.6,39,Completed
515701,11165,2024-10-19,2,1,0.0,72.0,34,Completed
516059,14284,2024-10-19,10,2,0.05,209.0,108,Completed
503609,13993,2024-10-19,3,1,0.2,38.4,21,Completed
500566,16751,2024-10-19,7,1,0.15,22.95,8,Completed
505006,11364,2024-10-19,3,1,0.05,45.6,21,Completed
509936,14870,2024-10-19,6,2,0.0,70.0,26,Completed
516983,15905,2024-10-19,10,2,0.05,209.0,108,Returned
505766,12022,2024-10-19,10,1,0.05,104.5,54,Completed
505976,10576,2024-10-19,6,1,0.0,35.0,13,Completed
502127,16730,2024-10-19,6,1,0.15,29.75,13,Completed
500083,18164,2024-10-19,2,4,0.1,259.2,136,Completed
507928,13376,2024-10-19,5,2,0.15,161.5,86,Returned
505125,15483,2024-10-19,5,1,0.0,95.0,43,Completed
516698,11809,2024-10-19,6,1,0.0,35.0,13,Completed
501150,11665,2024-10-19,8,2,0.0,176.0,78,Completed
506249,14758,2024-10-19,3,1,0.1,43.2,21,Completed
506846,12895,2024-10-19,10,1,0.1,99.0,54,Completed
503433,12798,2024-10-19,1,1,0.1,130.5,79,Completed
508258,11893,2024-10-19,7,1,0.0,27.0,8,Completed
508761,15425,2024-10-19,1,4,0.15,493.0,316,Completed
500445,13199,2024-10-19,9,3,0.0,186.0,84,Completed
510804,18469,2024-10-19,2,1,0.2,57.6,34,Completed
515485,14750,2024-10-19,1,1,0.0,145.0,79,Completed
513270,10131,2024-10-19,2,1,0.05,68.4,34,Returned
515230,10445,2024-10-20,8,1,0.0,88.0,39,Completed
515054,14534,2024-10-20,5,4,0.0,380.0,172,Completed
512725,17133,2024-10-20,1,2,0.15,246.5,158,Completed
517162,12598,2024-10-20,6,2,0.0,70.0,26,Completed
505784,18429,2024-10-20,5,1,0.0,95.0,43,Completed
511644,16598,2024-10-20,3,3,0.15,122.4,63,Completed
506646,14180,2024-10-20,9,1,0.05,58.9,28,Completed
506123,13779,2024-10-20,3,2,0.1,86.4,42,Completed
509833,15632,2024-10-20,1,2,0.0,290.0,158,Returned
505456,18476,2024-10-20,1,2,0.05,275.5,158,Completed
514249,13898,2024-10-20,6,1,0.15,29.75,13,Cancelled
506273,10193,2024-10-20,5,1,0.15,80.75,43,Returned
509810,16384,2024-10-20,7,1,0.1,24.3,8,Completed
506146,10472,2024-10-20,10,2,0.0,220.0,108,Completed
514810,10601,2024-10-20,9,1,0.0,62.0,28,Completed
503287,13287,2024-10-20,2,1,0.05,68.4,34,Returned
500065,16490,2024-10-20,10,1,0.15,93.5,54,Completed
504001,17982,2024-10-20,9,1,0.0,62.0,28,Completed
503715,15138,2024-10-20,5,1,0.0,95.0,43,Completed
516089,13767,2024-10-20,7,1,0.0,27.0,8,Cancelled
517578,11531,2024-10-20,2,1,0.15,61.2,34,Completed
505691,10924,2024-10-20,4,2,0.0,560.0,310,Returned
514737,12867,2024-10-20,8,1,0.0,88.0,39,Completed
510259,16447,2024-10-20,5,2,0.15,161.5,86,Completed
511393,15532,2024-10-20,5,1,0.05,90.25,43,Completed
504342,13573,2024-10-20,5,2,0.0,190.0,86,Completed
503210,15029,2024-10-20,7,1,0.1,24.3,8,Completed
503531,13973,2024-10-20,7,1,0.0,27.0,8,Completed
500402,13236,2024-10-20,7,2,0.2,43.2,16,Completed
506893,14593,2024-10-20,7,3,0.15,68.85,24,Completed
511419,10131,2024-10-21,6,3,0.05,99.75,39,Completed
516852,12106,2024-10-21,7,1,0.05,25.65,8,Completed
505714,14212,2024-10-21,10,1,0.1,99.0,54,Completed
513510,13123,2024-10-21,1,1,0.15,123.25,79,Cancelled
504682,10763,2024-10-21,4,2,0.0,560.0,310,Completed
506712,17094,2024-10-21,7,1,0.0,27.0,8,Completed
502312,16149,2024-10-21,7,2,0.1,48.6,16,Completed
512329,11711,2024-10-21,1,1,0.0,145.0,79,Completed
515252,13517,2024-10-21,5,1,0.1,85.5,43,Completed
514968,13406,2024-10-21,1,1,0.1,130.5,79,Completed
511140,10484,2024-10-21,6,1,0.0,35.0,13,Completed
500289,10331,2024-10-21,8,3,0.05,250.8,117,Completed
511715,10969,2024-10-21,1,1,0.05,137.75,79,Completed
502899,11447,2024-10-21,10,1,0.0,110.0,54,Completed
508471,14683,2024-10-21,6,1,0.2,28.0,13,Returned
513777,17249,2024-10-21,7,3,0.1,72.9,24,Completed
504473,14813,2024-10-21,1,2,0.2,232.0,158,Completed
513628,14833,2024-10-21,1,1,0.0,145.0,79,Completed
515690,13034,2024-10-21,5,3,0.05,270.75,129,Completed
517120,12178,2024-10-21,9,1,0.0,62.0,28,Completed
506432,10755,2024-10-21,2,1,0.0,72.0,34,Completed
501104,16912,2024-10-21,1,1,0.0,145.0,79,Completed
506405,14799,2024-10-22,9,3,0.0,186.0,84,Completed
504917,17620,2024-10-22,8,1,0.05,83.6,39,Completed
509695,13251,2024-10-22,10,2,0.05,209.0,108,Completed
515039,13829,2024-10-22,7,1,0.05,25.65,8,Completed
500731,13136,2024-10-22,1,1,0.1,130.5,79,Completed
508391,11965,2024-10-22,5,4,0.05,361.0,172,Completed
510910,11068,2024-10-22,2,1,0.05,68.4,34,Completed
513021,12673,2024-10-22,7,1,0.0,27.0,8,Completed
507014,15406,2024-10-22,8,1,0.05,83.6,39,Completed
503358,11563,2024-10-22,9,1,0.05,58.9,28,Completed
512764,10155,2024-10-22,7,1,0.0,27.0,8,Completed
502293,15821,2024-10-22,7,1,0.1,24.3,8,Completed
500149,16789,2024-10-22,1,4,0.0,580.0,316,Completed
508763,16435,2024-10-22,7,2,0.0,54.0,16,Completed
508321,13069,2024-10-22,6,1,0.0,35.0,13,Cancelled
501482,16516,2024-10-22,2,1,0.0,72.0,34,Completed
505418,15647,2024-10-22,6,1,0.0,35.0,13,Completed
506359,10694,2024-10-22,3,1,0.15,40.8,21,Completed
502228,11214,2024-10-22,6,2,0.1,63.0,26,Completed
505655,10329,2024-10-22,1,1,0.1,130.5,79,Completed
503289,11926,2024-10-22,1,1,0.1,130.5,79,Completed
505327,12805,2024-10-22,9,2,0.1,111.6,56,Completed
514675,10419,2024-10-22,8,1,0.15,74.8,39,Completed
516827,13679,2024-10-23,7,1,0.1,24.3,8,Returned
503909,10241,2024-10-23,5,1,0.0,95.0,43,Completed
510402,16296,2024-10-23,1,2,0.0,290.0,158,Completed
512671,10357,2024-10-23,6,1,0.0,35.0,13,Completed
502394,10130,2024-10-23,10,1,0.0,110.0,54,Completed
505402,11953,2024-10-23,7,1,0.2,21.6,8,Completed
514004,11426,2024-10-23,9,2,0.0,124.0,56,Completed
503230,11898,2024-10-23,1,2,0.0,290.0,158,Completed
504206,14774,2024-10-23,7,3,0.0,81.0,24,Completed
512454,16752,2024-10-23,5,1,0.0,95.0,43,Completed
516724,10702,2024-10-23,9,1,0.15,52.7,28,Completed
514421,12154,2024-10-23,1,2,0.05,275.5,158,Completed
506564,13044,2024-10-23,8,1,0.15,74.8,39,Completed
502345,16123,2024-10-23,5,2,0.0,190.0,86,Completed
502268,10136,2024-10-23,2,3,0.0,216.0,102,Completed
514268,10234,2024-10-23,1,1,0.0,145.0,79,Completed
514762,13063,2024-10-23,5,1,0.0,95.0,43,Completed
513801,10477,2024-10-23,5,1,0.1,85.5,43,Completed
501947,11938,2024-10-23,7,1,0.0,27.0,8,Completed
500567,11220,2024-10-23,6,2,0.05,66.5,26,Completed
504753,10670,2024-10-23,5,2,0.15,161.5,86,Completed
514097,17027,2024-10-23,1,2,0.0,290.0,158,Completed
502092,10318,2024-10-23,4,1,0.0,280.0,155,Cancelled
504370,11449,2024-10-23,9,3,0.0,186.0,84,Completed
511977,17379,2024-10-23,2,1,0.1,64.8,34,Completed
504455,10785,2024-10-23,1,1,0.0,145.0,79,Completed
515421,14396,2024-10-23,7,1,0.0,27.0,8,Completed
502809,13008,2024-10-23,6,2,0.0,70.0,26,Completed
502174,13293,2024-10-23,3,1,0.05,45.6,21,Completed
506610,11081,2024-10-23,1,2,0.2,232.0,158,Completed
513925,15963,2024-10-23,4,1,0.0,280.0,155,Completed
501098,17355,2024-10-23,5,4,0.0,380.0,172,Completed
501092,17106,2024-10-24,3,2,0.05,91.2,42,Completed
515374,17948,2024-10-24,1,1,0.15,123.25,79,Returned
507391,15153,2024-10-24,8,1,0.0,88.0,39,Returned
501232,12519,2024-10-24,1,1,0.0,145.0,79,Completed
517412,13649,2024-10-24,5,3,0.0,285.0,129,Completed
509613,12743,2024-10-24,7,1,0.0,27.0,8,Completed
512984,13288,2024-10-24,3,4,0.0,192.0,84,Completed
506140,11124,2024-10-24,8,2,0.0,176.0,78,Completed
508816,10010,2024-10-24,6,2,0.0,70.0,26,Completed
504791,10983,2024-10-24,2,1,0.0,72.0,34,Completed
505574,15826,2024-10-24,8,2,0.1,158.4,78,Completed
515860,12780,2024-10-24,1,2,0.05,275.5,158,Completed
505307,13261,2024-10-24,1,2,0.0,290.0,158,Completed
500877,10488,2024-10-24,2,1,0.15,61.2,34,Completed
517368,11610,2024-10-24,3,1,0.1,43.2,21,Completed
505249,15349,2024-10-24,9,1,0.05,58.9,28,Cancelled
515484,12359,2024-10-24,6,1,0.05,33.25,13,Completed
513806,12583,2024-10-24,10,1,0.15,93.5,54,Completed
511340,10141,2024-10-24,10,1,0.1,99.0,54,Completed
516830,15768,2024-10-24,3,1,0.1,43.2,21,Cancelled
501101,10904,2024-10-24,9,1,0.0,62.0,28,Completed
508928,13240,2024-10-24,10,1,0.05,104.5,54,Completed
509108,10136,2024-10-24,3,2,0.05,91.2,42,Completed
514575,12675,2024-10-24,8,1,0.0,88.0,39,Completed
504549,11931,2024-10-25,1,3,0.0,435.0,237,Completed
512359,17570,2024-10-25,5,4,0.1,342.0,172,Completed
507471,12854,2024-10-25,8,2,0.05,167.2,78,Completed
513390,15551,2024-10-25,8,3,0.2,211.2,117,Completed
505824,15685,2024-10-25,1,1,0.1,130.5,79,Completed
508635,12129,2024-10-25,10,2,0.1,198.0,108,Completed
504525,13688,2024-10-25,5,1,0.0,95.0,43,Cancelled
509754,13740,2024-10-25,1,3,0.0,435.0,237,Completed
506526,16587,2024-10-25,10,3,0.15,280.5,162,Completed
508093,12407,2024-10-25,2,1,0.0,72.0,34,Cancelled
501090,12826,2024-10-25,3,1,0.1,43.2,21,Completed
510622,12142,2024-10-25,3,1,0.05,45.6,21,Completed
502405,14527,2024-10-25,5,1,0.0,95.0,43,Completed
515259,13256,2024-10-25,4,2,0.15,476.0,310,Completed
504371,10018,2024-10-25,5,2,0.0,190.0,86,Completed
503573,15462,2024-10-25,1,1,0.0,145.0,79,Completed
504251,18263,2024-10-25,5,1,0.0,95.0,43,Completed
502052,17881,2024-10-25,5,1,0.1,85.5,43,Completed
514948,17196,2024-10-26,1,2,0.05,275.5,158,Completed
507668,12152,2024-10-26,7,3,0.0,81.0,24,Completed
503537,12186,2024-10-26,10,1,0.0,110.0,54,Returned
514960,16092,2024-10-26,3,2,0.0,96.0,42,Completed
511091,13368,2024-10-26,3,1,0.2,38.4,21,Completed
513137,10286,2024-10-26,5,1,0.1,85.5,43,Completed
510367,10297,2024-10-26,2,1,0.0,72.0,34,Completed
514583,15501,2024-10-26,5,2,0.1,171.0,86,Completed
504430,12031,2024-10-26,7,1,0.1,24.3,8,Completed
508628,14799,2024-10-26,1,3,0.05,413.25,237,Completed
517248,15378,2024-10-26,8,1,0.1,79.2,39,Completed
503753,16303,2024-10-26,2,1,0.05,68.4,34,Completed
502246,10348,2024-10-26,7,2,0.05,51.3,16,Completed
500451,10962,2024-10-26,6,3,0.0,105.0,39,Completed
517432,15225,2024-10-26,6,1,0.0,35.0,13,Completed
515432,14643,2024-10-27,5,2,0.15,161.5,86,Completed
511491,10482,2024-10-27,6,1,0.0,35.0,13,Completed
516016,14607,2024-10-27,10,1,0.1,99.0,54,Completed
506582,14127,2024-10-27,3,2,0.1,86.4,42,Completed
510397,13122,2024-10-27,5,1,0.05,90.25,43,Completed
503312,11437,2024-10-27,9,2,0.1,111.6,56,Completed
506163,17621,2024-10-27,3,3,0.1,129.6,63,Completed
510128,14447,2024-10-27,5,2,0.05,180.5,86,Completed
503310,11558,2024-10-27,5,2,0.0,190.0,86,Completed
506996,14954,2024-10-27,5,2,0.05,180.5,86,Completed
516981,10640,2024-10-27,2,2,0.15,122.4,68,Completed
509729,13284,2024-10-27,5,3,0.1,256.5,129,Completed
513938,10752,2024-10-27,2,1,0.1,64.8,34,Completed
515868,14069,2024-10-27,3,1,0.05,45.6,21,Completed
509465,10439,2024-10-27,2,1,0.1,64.8,34,Completed
509527,11063,2024-10-27,6,1,0.0,35.0,13,Completed
516159,11056,2024-10-27,6,1,0.1,31.5,13,Completed
508351,12802,2024-10-27,7,2,0.05,51.3,16,Completed
514592,13363,2024-10-27,4,1,0.05,266.0,155,Completed
512916,12226,2024-10-27,8,3,0.1,237.6,117,Completed
515494,14450,2024-10-27,6,1,0.05,33.25,13,Completed
517753,12101,2024-10-27,6,2,0.15,59.5,26,Completed
505415,12140,2024-10-27,2,2,0.2,115.2,68,Completed
504292,15855,2024-10-27,4,1,0.0,280.0,155,Completed
512429,16356,2024-10-27,3,1,0.0,48.0,21,Completed
517862,16409,2024-10-27,8,1,0.0,88.0,39,Cancelled
500029,13531,2024-10-27,3,1,0.1,43.2,21,Completed
505157,13056,2024-10-27,1,2,0.0,290.0,158,Completed
503619,11431,2024-10-27,7,1,0.05,25.65,8,Completed
516786,15004,2024-10-27,10,3,0.0,330.0,162,Returned
505919,14329,2024-10-27,10,3,0.15,280.5,162,Completed
508797,10757,2024-10-28,1,1,0.0,145.0,79,Completed
513301,17592,2024-10-28,7,1,0.2,21.6,8,Completed
515574,11565,2024-10-28,8,2,0.05,167.2,78,Cancelled
500850,10662,2024-10-28,1,2,0.05,275.5,158,Completed
509331,14654,2024-10-28,9,1,0.0,62.0,28,Completed
511294,14404,2024-10-28,1,1,0.0,145.0,79,Completed
511863,14489,2024-10-28,7,1,0.1,24.3,8,Completed
516664,15663,2024-10-28,5,1,0.0,95.0,43,Cancelled
502967,12397,2024-10-28,4,2,0.05,532.0,310,Cancelled
504266,11947,2024-10-28,10,1,0.0,110.0,54,Completed
516562,14043,2024-10-28,9,1,0.0,62.0,28,Completed
509911,13277,2024-10-28,6,4,0.2,112.0,52,Completed
503245,14787,2024-10-28,3,2,0.0,96.0,42,Completed
505133,12281,2024-10-28,9,2,0.15,105.4,56,Completed
505438,18310,2024-10-28,5,1,0.0,95.0,43,Completed
508048,11774,2024-10-28,7,2,0.0,54.0,16,Completed
508427,13502,2024-10-28,1,1,0.0,145.0,79,Completed
515991,10799,2024-10-28,7,1,0.15,22.95,8,Completed
517891,16244,2024-10-28,7,4,0.1,97.2,32,Completed
510355,12204,2024-10-28,7,1,0.0,27.0,8,Completed
505850,12120,2024-10-28,1,1,0.1,130.5,79,Completed
501231,17081,2024-10-28,2,1,0.0,72.0,34,Completed
517039,13326,2024-10-28,6,2,0.0,70.0,26,Completed
514190,15093,2024-10-29,7,2,0.05,51.3,16,Completed
500406,11702,2024-10-29,1,1,0.1,130.5,79,Completed
507652,13871,2024-10-29,7,1,0.05,25.65,8,Completed
514122,13259,2024-10-29,2,2,0.0,144.0,68,Completed
514906,10748,2024-10-29,5,1,0.1,85.5,43,Completed
506285,14422,2024-10-29,7,1,0.0,27.0,8,Completed
507593,10250,2024-10-29,10,1,0.0,110.0,54,Completed
507851,15190,2024-10-29,3,1,0.05,45.6,21,Completed
502197,11883,2024-10-29,6,2,0.0,70.0,26,Completed
514535,17257,2024-10-29,2,1,0.05,68.4,34,Completed
516288,10886,2024-10-29,2,1,0.0,72.0,34,Completed
516037,11158,2024-10-29,5,1,0.0,95.0,43,Completed
504857,12438,2024-10-29,7,2,0.0,54.0,16,Completed
511795,10727,2024-10-29,1,2,0.05,275.5,158,Completed
507128,11510,2024-10-29,7,1,0.05,25.65,8,Completed
502461,15599,2024-10-29,10,4,0.15,374.0,216,Completed
515147,10859,2024-10-29,8,3,0.0,264.0,117,Completed
512700,16721,2024-10-29,1,1,0.05,137.75,79,Completed
510334,13840,2024-10-29,4,2,0.0,560.0,310,Completed
514702,14854,2024-10-29,7,1,0.0,27.0,8,Completed
508273,16875,2024-10-29,3,2,0.0,96.0,42,Completed
505581,14346,2024-10-29,10,3,0.0,330.0,162,Completed
503400,18166,2024-10-29,8,1,0.0,88.0,39,Completed
504244,11695,2024-10-29,1,1,0.05,137.75,79,Completed
509034,10289,2024-10-29,9,1,0.05,58.9,28,Completed
505299,12143,2024-10-29,2,1,0.05,68.4,34,Completed
500799,15384,2024-10-30,3,1,0.0,48.0,21,Completed
516390,16050,2024-10-30,6,1,0.1,31.5,13,Completed
511122,12235,2024-10-30,7,2,0.15,45.9,16,Cancelled
501875,15072,2024-10-30,2,1,0.05,68.4,34,Completed
508963,14244,2024-10-30,6,2,0.05,66.5,26,Completed
512228,11002,2024-10-30,9,1,0.2,49.6,28,Completed
501331,10347,2024-10-30,3,1,0.05,45.6,21,Completed
504977,18149,2024-10-30,2,1,0.0,72.0,34,Completed
500102,14002,2024-10-30,2,2,0.1,129.6,68,Completed
514706,18270,2024-10-30,5,2,0.1,171.0,86,Completed
509543,14956,2024-10-30,4,1,0.2,224.0,155,Completed
514922,15733,2024-10-30,2,2,0.1,129.6,68,Completed
515098,15953,2024-10-30,3,1,0.0,48.0,21,Completed
507944,15364,2024-10-30,6,1,0.05,33.25,13,Completed
513025,11935,2024-10-30,2,2,0.05,136.8,68,Completed
510219,15602,2024-10-30,6,2,0.15,59.5,26,Completed
513108,17787,2024-10-30,3,1,0.05,45.6,21,Completed
510206,17183,2024-10-30,2,1,0.1,64.8,34,Completed
513931,11560,2024-10-30,1,1,0.0,145.0,79,Completed
504612,15079,2024-10-31,5,1,0.0,95.0,43,Completed
501328,16165,2024-10-31,6,1,0.05,33.25,13,Completed
503071,11559,2024-10-31,8,2,0.0,176.0,78,Completed
510542,12383,2024-10-31,1,1,0.2,116.0,79,Completed
511192,15455,2024-10-31,3,1,0.0,48.0,21,Completed
500429,10515,2024-10-31,2,1,0.0,72.0,34,Completed
513851,16389,2024-10-31,1,2,0.15,246.5,158,Completed
514501,13974,2024-10-31,2,1,0.05,68.4,34,Cancelled
500927,15992,2024-10-31,7,3,0.0,81.0,24,Completed
502567,15284,2024-10-31,1,1,0.1,130.5,79,Completed
508633,11335,2024-10-31,9,1,0.0,62.0,28,Completed
508622,15619,2024-10-31,5,1,0.0,95.0,43,Completed
513444,10414,2024-10-31,9,1,0.15,52.7,28,Completed
500529,15400,2024-10-31,7,2,0.0,54.0,16,Completed
516354,10366,2024-10-31,1,1,0.0,145.0,79,Completed
506068,16977,2024-10-31,2,1,0.05,68.4,34,Completed
505984,13374,2024-10-31,10,3,0.0,330.0,162,Completed
505404,11103,2024-10-31,6,3,0.1,94.5,39,Returned
507389,10764,2024-10-31,2,1,0.0,72.0,34,Completed
506701,12574,2024-10-31,1,1,0.0,145.0,79,Completed
515815,13793,2024-10-31,10,1,0.1,99.0,54,Completed
506099,17267,2024-10-31,1,1,0.0,145.0,79,Completed
502407,15101,2024-10-31,6,1,0.0,35.0,13,Completed
511528,13410,2024-10-31,6,1,0.15,29.75,13,Completed
504887,12021,2024-10-31,6,4,0.05,133.0,52,Returned
502709,14249,2024-10-31,4,2,0.0,560.0,310,Completed
512625,12169,2024-11-01,7,1,0.0,27.0,8,Completed
514466,10544,2024-11-01,2,1,0.05,68.4,34,Completed
512139,14387,2024-11-01,7,1,0.0,27.0,8,Completed
503566,10061,2024-11-01,5,2,0.1,171.0,86,Returned
514259,17076,2024-11-01,3,1,0.15,40.8,21,Completed
506552,14308,2024-11-01,2,1,0.1,64.8,34,Completed
509286,10445,2024-11-01,9,1,0.1,55.8,28,Completed
508314,11621,2024-11-01,7,1,0.0,27.0,8,Completed
505633,15594,2024-11-01,4,1,0.15,238.0,155,Completed
504245,10001,2024-11-01,3,1,0.2,38.4,21,Completed
514463,11609,2024-11-01,7,1,0.0,27.0,8,Completed
511961,10292,2024-11-01,6,1,0.2,28.0,13,Completed
515102,13073,2024-11-01,1,2,0.2,232.0,158,Completed
501188,10785,2024-11-01,9,3,0.05,176.7,84,Completed
513555,15901,2024-11-01,3,2,0.05,91.2,42,Completed
514467,17190,2024-11-01,1,1,0.0,145.0,79,Completed
500210,10543,2024-11-01,5,1,0.1,85.5,43,Completed
515622,11575,2024-11-01,7,2,0.0,54.0,16,Completed
501855,10889,2024-11-01,1,1,0.1,130.5,79,Completed
513461,16260,2024-11-01,10,1,0.05,104.5,54,Completed
517289,14519,2024-11-01,7,1,0.1,24.3,8,Completed
503614,15004,2024-11-01,7,2,0.0,54.0,16,Completed
508791,15300,2024-11-01,9,1,0.0,62.0,28,Completed
513919,10017,2024-11-01,9,1,0.0,62.0,28,Completed
502343,10178,2024-11-01,1,3,0.0,435.0,237,Completed
516236,12558,2024-11-01,9,1,0.05,58.9,28,Completed
504859,14153,2024-11-01,7,2,0.05,51.3,16,Completed
510922,12400,2024-11-01,2,1,0.0,72.0,34,Completed
507698,12379,2024-11-01,6,1,0.0,35.0,13,Completed
509612,13219,2024-11-01,1,2,0.1,261.0,158,Completed
503000,11414,2024-11-01,10,3,0.0,330.0,162,Completed
509026,13447,2024-11-01,4,4,0.1,1008.0,620,Completed
503038,14482,2024-11-02,1,1,0.05,137.75,79,Completed
512609,11384,2024-11-02,5,3,0.1,256.5,129,Cancelled
514875,16580,2024-11-02,7,1,0.0,27.0,8,Completed
501789,10387,2024-11-02,5,4,0.1,342.0,172,Completed
515434,12407,2024-11-02,4,1,0.0,280.0,155,Completed
504070,10387,2024-11-02,3,1,0.05,45.6,21,Completed
503204,11044,2024-11-02,3,1,0.05,45.6,21,Completed
502849,15465,2024-11-02,7,1,0.0,27.0,8,Returned
507795,11824,2024-11-02,9,1,0.05,58.9,28,Completed
507166,10378,2024-11-02,6,1,0.0,35.0,13,Completed
504204,11321,2024-11-02,9,1,0.05,58.9,28,Completed
503355,10703,2024-11-02,2,1,0.05,68.4,34,Completed
510811,13950,2024-11-02,10,4,0.1,396.0,216,Completed
507278,13662,2024-11-02,7,1,0.0,27.0,8,Completed
509059,10800,2024-11-02,6,1,0.05,33.25,13,Cancelled
510678,13607,2024-11-02,1,2,0.1,261.0,158,Completed
506290,10377,2024-11-02,9,2,0.15,105.4,56,Completed
504989,12010,2024-11-02,5,2,0.0,190.0,86,Completed
511143,16399,2024-11-02,1,1,0.0,145.0,79,Completed
506988,18311,2024-11-02,2,1,0.1,64.8,34,Completed
500241,10996,2024-11-02,4,1,0.2,224.0,155,Completed
508063,12342,2024-11-02,6,1,0.05,33.25,13,Cancelled
512483,12196,2024-11-02,4,1,0.15,238.0,155,Completed
512439,15216,2024-11-02,1,1,0.0,145.0,79,Completed
511395,10367,2024-11-02,9,1,0.0,62.0,28,Completed
500447,11507,2024-11-02,2,1,0.05,68.4,34,Completed
515266,14869,2024-11-02,3,1,0.15,40.8,21,Completed
505748,15324,2024-11-02,5,2,0.05,180.5,86,Completed
500292,11930,2024-11-03,8,1,0.0,88.0,39,Completed
510240,17615,2024-11-03,2,2,0.05,136.8,68,Completed
514713,10095,2024-11-03,8,1,0.1,79.2,39,Completed
504094,11256,2024-11-03,7,1,0.0,27.0,8,Completed
503326,10506,2024-11-03,1,1,0.15,123.25,79,Completed
513980,13882,2024-11-03,6,1,0.15,29.75,13,Completed
508996,10923,2024-11-03,9,1,0.15,52.7,28,Completed
506333,13216,2024-11-03,5,1,0.1,85.5,43,Completed
512440,15945,2024-11-03,7,1,0.0,27.0,8,Returned
503314,16379,2024-11-03,7,1,0.0,27.0,8,Completed
503022,11446,2024-11-03,4,3,0.05,798.0,465,Completed
502550,11821,2024-11-03,6,1,0.15,29.75,13,Completed
508333,17689,2024-11-03,2,2,0.05,136.8,68,Completed
505241,10247,2024-11-03,1,1,0.05,137.75,79,Completed
507274,12809,2024-11-03,4,1,0.0,280.0,155,Completed
511744,16654,2024-11-03,4,1,0.0,280.0,155,Returned
512210,17415,2024-11-03,10,2,0.1,198.0,108,Completed
504390,13549,2024-11-03,9,4,0.1,223.2,112,Completed
515110,12289,2024-11-03,6,1,0.1,31.5,13,Completed
516385,12026,2024-11-03,6,1,0.0,35.0,13,Completed
510543,11383,2024-11-03,6,4,0.15,119.0,52,Completed
513216,11635,2024-11-03,10,1,0.0,110.0,54,Completed
509981,16872,2024-11-03,6,2,0.0,70.0,26,Completed
513714,11102,2024-11-04,1,3,0.0,435.0,237,Completed
505964,15216,2024-11-04,2,1,0.05,68.4,34,Completed
503209,16267,2024-11-04,2,1,0.0,72.0,34,Completed
513649,12467,2024-11-04,9,3,0.05,176.7,84,Cancelled
501624,16103,2024-11-04,9,1,0.1,55.8,28,Completed
509398,14329,2024-11-04,4,1,0.05,266.0,155,Completed
504096,10337,2024-11-04,7,1,0.0,27.0,8,Completed
517726,15993,2024-11-04,3,3,0.0,144.0,63,Completed
515091,11553,2024-11-04,1,1,0.15,123.25,79,Cancelled
512070,12443,2024-11-04,3,3,0.2,115.2,63,Completed
507030,18445,2024-11-04,9,1,0.1,55.8,28,Completed
514593,16814,2024-11-04,10,1,0.1,99.0,54,Completed
504015,12604,2024-11-04,9,2,0.0,124.0,56,Completed
510618,15133,2024-11-04,6,2,0.0,70.0,26,Completed
504832,14486,2024-11-04,7,1,0.2,21.6,8,Completed
511670,14779,2024-11-04,3,1,0.15,40.8,21,Completed
517762,15952,2024-11-04,2,1,0.1,64.8,34,Completed
509066,17390,2024-11-04,9,2,0.1,111.6,56,Completed
503643,14910,2024-11-04,2,1,0.15,61.2,34,Completed
501472,15049,2024-11-04,9,1,0.05,58.9,28,Completed
512907,16826,2024-11-04,6,2,0.15,59.5,26,Completed
503056,11749,2024-11-05,9,2,0.0,124.0,56,Completed
514299,13418,2024-11-05,1,1,0.1,130.5,79,Completed
516866,10239,2024-11-05,4,2,0.0,560.0,310,Completed
504306,13771,2024-11-05,3,2,0.0,96.0,42,Completed
503165,15862,2024-11-05,2,1,0.0,72.0,34,Completed
507322,10094,2024-11-05,7,1,0.1,24.3,8,Returned
503585,10553,2024-11-05,2,1,0.05,68.4,34,Completed
517980,12951,2024-11-05,10,1,0.05,104.5,54,Completed
507077,17911,2024-11-05,4,2,0.05,532.0,310,Returned
513644,11881,2024-11-05,4,2,0.05,532.0,310,Completed
515240,17980,2024-11-05,10,1,0.1,99.0,54,Completed
510279,11061,2024-11-05,3,1,0.05,45.6,21,Completed
506979,12652,2024-11-05,2,1,0.0,72.0,34,Completed
510030,10063,2024-11-05,8,2,0.0,176.0,78,Completed
500269,11759,2024-11-05,7,2,0.05,51.3,16,Completed
502682,13508,2024-11-05,3,1,0.05,45.6,21,Completed
502501,18161,2024-11-05,7,1,0.1,24.3,8,Completed
501346,11151,2024-11-05,7,2,0.15,45.9,16,Completed
506820,18210,2024-11-05,9,1,0.05,58.9,28,Completed
511524,13151,2024-11-05,10,1,0.1,99.0,54,Completed
515037,13056,2024-11-05,8,1,0.0,88.0,39,Completed
517879,11100,2024-11-05,1,1,0.05,137.75,79,Completed
510462,13170,2024-11-05,3,1,0.0,48.0,21,Completed
509535,12455,2024-11-05,4,2,0.0,560.0,310,Completed
500637,16937,2024-11-05,5,1,0.0,95.0,43,Completed
502395,13283,2024-11-05,1,1,0.05,137.75,79,Completed
504932,10990,2024-11-05,5,2,0.0,190.0,86,Completed
514679,12673,2024-11-05,1,1,0.0,145.0,79,Completed
510238,12149,2024-11-05,7,2,0.1,48.6,16,Completed
508001,12136,2024-11-05,3,2,0.05,91.2,42,Completed
507912,16305,2024-11-05,6,1,0.0,35.0,13,Returned
510636,15504,2024-11-06,5,3,0.05,270.75,129,Completed
506835,17547,2024-11-06,4,3,0.1,756.0,465,Completed
502770,11608,2024-11-06,1,2,0.0,290.0,158,Completed
505124,17155,2024-11-06,7,1,0.0,27.0,8,Completed
504303,14166,2024-11-06,3,2,0.05,91.2,42,Completed
506130,15111,2024-11-06,5,1,0.0,95.0,43,Returned
514849,12955,2024-11-06,1,1,0.05,137.75,79,Cancelled
503068,10376,2024-11-06,1,1,0.0,145.0,79,Completed
505516,14782,2024-11-06,7,1,0.0,27.0,8,Completed
508241,14056,2024-11-06,3,1,0.05,45.6,21,Completed
507423,13036,2024-11-06,5,1,0.0,95.0,43,Completed
512791,10112,2024-11-06,3,3,0.05,136.8,63,Completed
514116,10400,2024-11-06,10,1,0.2,88.0,54,Completed
509214,12619,2024-11-06,2,1,0.0,72.0,34,Completed
505704,10245,2024-11-06,3,2,0.0,96.0,42,Completed
512235,11165,2024-11-06,1,1,0.05,137.75,79,Completed
517559,12765,2024-11-06,1,3,0.2,348.0,237,Completed
510230,14659,2024-11-06,1,2,0.0,290.0,158,Completed
505148,15575,2024-11-06,1,2,0.1,261.0,158,Cancelled
517557,11627,2024-11-06,5,2,0.15,161.5,86,Completed
505916,10567,2024-11-06,6,3,0.15,89.25,39,Completed
510976,10116,2024-11-06,10,1,0.05,104.5,54,Cancelled
503535,14276,2024-11-06,7,1,0.1,24.3,8,Cancelled
517759,14031,2024-11-06,5,1,0.1,85.5,43,Completed
508981,17226,2024-11-06,3,2,0.05,91.2,42,Completed
501952,14714,2024-11-07,8,1,0.2,70.4,39,Completed
517051,11784,2024-11-07,1,4,0.05,551.0,316,Completed
510013,12882,2024-11-07,8,1,0.05,83.6,39,Completed
515607,14910,2024-11-07,9,2,0.0,124.0,56,Completed
513154,17405,2024-11-07,7,1,0.15,22.95,8,Completed
509643,11906,2024-11-07,3,1,0.05,45.6,21,Completed
512519,11298,2024-11-07,6,1,0.05,33.25,13,Completed
500026,16404,2024-11-07,10,3,0.05,313.5,162,Completed
503106,10841,2024-11-07,1,1,0.15,123.25,79,Completed
509841,13569,2024-11-07,7,3,0.0,81.0,24,Cancelled
512988,11665,2024-11-07,5,2,0.0,190.0,86,Completed
503703,12560,2024-11-07,6,2,0.0,70.0,26,Completed
513184,17024,2024-11-07,7,2,0.0,54.0,16,Returned
506347,12850,2024-11-07,5,3,0.0,285.0,129,Completed
508034,14732,2024-11-07,2,1,0.1,64.8,34,Cancelled
517451,13286,2024-11-07,5,1,0.1,85.5,43,Completed
516420,14118,2024-11-07,10,3,0.2,264.0,162,Cancelled
506780,16717,2024-11-07,10,1,0.05,104.5,54,Completed
509563,14303,2024-11-07,7,3,0.05,76.95,24,Completed
508166,14081,2024-11-07,3,1,0.0,48.0,21,Completed
516690,13208,2024-11-07,7,1,0.1,24.3,8,Completed
511589,13238,2024-11-07,6,1,0.2,28.0,13,Completed
513735,16953,2024-11-07,8,1,0.1,79.2,39,Completed
505764,14667,2024-11-07,10,1,0.05,104.5,54,Completed
503075,11954,2024-11-07,1,1,0.0,145.0,79,Completed
502016,10369,2024-11-07,10,1,0.1,99.0,54,Completed
507858,12582,2024-11-07,1,1,0.05,137.75,79,Completed
514970,14623,2024-11-07,4,1,0.0,280.0,155,Completed
501833,12182,2024-11-07,2,1,0.0,72.0,34,Completed
504955,16004,2024-11-07,10,1,0.05,104.5,54,Completed
516745,14296,2024-11-08,1,1,0.05,137.75,79,Completed
501487,11618,2024-11-08,7,1,0.0,27.0,8,Completed
516777,17491,2024-11-08,7,1,0.0,27.0,8,Completed
516896,16121,2024-11-08,9,1,0.1,55.8,28,Completed
500298,13825,2024-11-08,6,2,0.05,66.5,26,Completed
511263,11271,2024-11-08,7,3,0.15,68.85,24,Completed
500168,15816,2024-11-08,10,1,0.1,99.0,54,Returned
509143,10754,2024-11-08,1,1,0.1,130.5,79,Cancelled
508133,15129,2024-11-08,10,1,0.0,110.0,54,Completed
507001,11624,2024-11-08,5,1,0.0,95.0,43,Completed
501732,14736,2024-11-08,2,3,0.1,194.4,102,Completed
515168,14617,2024-11-08,7,2,0.0,54.0,16,Completed
514449,15857,2024-11-08,2,1,0.1,64.8,34,Cancelled
515318,12880,2024-11-08,9,2,0.0,124.0,56,Completed
501170,10622,2024-11-08,2,1,0.05,68.4,34,Completed
508328,17921,2024-11-08,8,1,0.0,88.0,39,Completed
506542,13137,2024-11-08,5,1,0.0,95.0,43,Completed
505167,13064,2024-11-08,1,2,0.0,290.0,158,Completed
503641,11070,2024-11-08,7,2,0.0,54.0,16,Completed
509757,16212,2024-11-08,3,3,0.05,136.8,63,Completed
507210,11496,2024-11-08,1,1,0.1,130.5,79,Completed
504310,10440,2024-11-08,8,4,0.05,334.4,156,Completed
516146,13017,2024-11-09,7,1,0.2,21.6,8,Completed
502179,12868,2024-11-09,1,2,0.0,290.0,158,Completed
506840,11551,2024-11-09,1,1,0.0,145.0,79,Completed
505071,18242,2024-11-09,9,1,0.05,58.9,28,Returned
508130,12210,2024-11-09,3,3,0.0,144.0,63,Completed
512115,12019,2024-11-09,2,4,0.05,273.6,136,Completed
500375,17363,2024-11-09,6,1,0.2,28.0,13,Completed
514103,13332,2024-11-09,7,1,0.2,21.6,8,Completed
515766,17703,2024-11-09,1,2,0.0,290.0,158,Completed
514339,17752,2024-11-09,8,1,0.0,88.0,39,Completed
517758,11377,2024-11-09,1,3,0.0,435.0,237,Completed
515628,11109,2024-11-09,1,4,0.0,580.0,316,Completed
515578,10863,2024-11-09,8,1,0.05,83.6,39,Completed
500157,13373,2024-11-09,10,1,0.0,110.0,54,Completed
510106,12402,2024-11-09,2,1,0.05,68.4,34,Completed
501097,15152,2024-11-09,8,2,0.0,176.0,78,Completed
508523,11757,2024-11-09,5,4,0.0,380.0,172,Completed
502040,10424,2024-11-09,7,3,0.0,81.0,24,Completed
503878,13280,2024-11-09,1,1,0.0,145.0,79,Completed
506566,10364,2024-11-09,10,1,0.0,110.0,54,Completed
503956,10853,2024-11-09,10,1,0.1,99.0,54,Completed
505434,12817,2024-11-09,7,1,0.0,27.0,8,Completed
503875,16177,2024-11-09,3,1,0.0,48.0,21,Completed
506600,16281,2024-11-09,4,1,0.05,266.0,155,Completed
507022,14525,2024-11-09,7,1,0.0,27.0,8,Completed
516733,15234,2024-11-09,10,1,0.0,110.0,54,Returned
514461,16653,2024-11-10,4,2,0.0,560.0,310,Completed
506011,15493,2024-11-10,1,1,0.05,137.75,79,Completed
514042,15861,2024-11-10,5,1,0.0,95.0,43,Completed
502648,17091,2024-11-10,5,1,0.15,80.75,43,Completed
506804,14878,2024-11-10,8,1,0.15,74.8,39,Completed
515368,11713,2024-11-10,5,3,0.1,256.5,129,Completed
504238,10086,2024-11-10,5,1,0.05,90.25,43,Completed
510166,10020,2024-11-10,7,4,0.05,102.6,32,Cancelled
511843,12815,2024-11-10,1,1,0.1,130.5,79,Completed
507553,10762,2024-11-10,3,1,0.0,48.0,21,Completed
506269,17484,2024-11-10,8,1,0.2,70.4,39,Returned
513573,14379,2024-11-10,4,2,0.0,560.0,310,Completed
513412,14491,2024-11-10,2,1,0.0,72.0,34,Completed
503093,17332,2024-11-10,4,1,0.05,266.0,155,Cancelled
516675,10812,2024-11-10,1,1,0.0,145.0,79,Completed
505030,10640,2024-11-10,8,1,0.1,79.2,39,Completed
515804,16854,2024-11-10,6,1,0.15,29.75,13,Cancelled
517043,11985,2024-11-10,7,1,0.0,27.0,8,Completed
508365,16078,2024-11-11,8,1,0.05,83.6,39,Completed
506596,17637,2024-11-11,2,3,0.05,205.2,102,Completed
507201,12302,2024-11-11,6,1,0.05,33.25,13,Completed
516470,15792,2024-11-11,6,1,0.0,35.0,13,Completed
510931,12140,2024-11-11,4,2,0.05,532.0,310,Completed
509727,11304,2024-11-11,5,1,0.15,80.75,43,Completed
502943,12151,2024-11-11,10,2,0.05,209.0,108,Completed
514599,10621,2024-11-11,3,1,0.0,48.0,21,Completed
508905,10739,2024-11-11,10,3,0.1,297.0,162,Completed
505171,10673,2024-11-11,8,1,0.05,83.6,39,Returned
513434,12857,2024-11-11,9,1,0.0,62.0,28,Completed
500856,16129,2024-11-11,4,2,0.0,560.0,310,Completed
507315,12731,2024-11-11,4,1,0.15,238.0,155,Completed
502856,13574,2024-11-11,4,2,0.15,476.0,310,Completed
504783,15083,2024-11-11,3,1,0.1,43.2,21,Completed
517743,13154,2024-11-11,1,2,0.05,275.5,158,Completed
508676,13848,2024-11-11,9,2,0.0,124.0,56,Completed
516968,11404,2024-11-11,10,2,0.15,187.0,108,Completed
511306,16968,2024-11-11,10,2,0.0,220.0,108,Completed
517110,10890,2024-11-11,9,2,0.0,124.0,56,Completed
501822,17632,2024-11-11,6,1,0.1,31.5,13,Completed
501827,16487,2024-11-11,5,2,0.0,190.0,86,Completed
511870,15122,2024-11-11,1,2,0.0,290.0,158,Completed
506768,10352,2024-11-11,1,2,0.0,290.0,158,Completed
507284,15400,2024-11-11,6,2,0.0,70.0,26,Completed
515082,18113,2024-11-12,7,2,0.2,43.2,16,Completed
508399,10577,2024-11-12,2,2,0.2,115.2,68,Returned
517567,14783,2024-11-12,2,1,0.0,72.0,34,Completed
509351,10521,2024-11-12,1,2,0.1,261.0,158,Completed
502039,11463,2024-11-12,3,1,0.05,45.6,21,Completed
515599,17989,2024-11-12,4,2,0.0,560.0,310,Completed
513491,17126,2024-11-12,1,1,0.05,137.75,79,Returned
503233,11673,2024-11-12,7,4,0.1,97.2,32,Completed
503513,10133,2024-11-12,5,1,0.15,80.75,43,Completed
503772,13108,2024-11-12,10,1,0.0,110.0,54,Completed
514871,12921,2024-11-12,2,2,0.05,136.8,68,Completed
515211,17421,2024-11-12,7,2,0.2,43.2,16,Completed
510762,12549,2024-11-12,1,2,0.05,275.5,158,Completed
513960,11640,2024-11-12,3,1,0.0,48.0,21,Completed
517150,11545,2024-11-12,1,2,0.15,246.5,158,Completed
517167,10355,2024-11-12,8,2,0.0,176.0,78,Completed
516363,11371,2024-11-12,6,1,0.0,35.0,13,Completed
513073,12112,2024-11-12,7,2,0.1,48.6,16,Completed
502830,13443,2024-11-12,10,1,0.05,104.5,54,Completed
505337,13874,2024-11-12,10,1,0.0,110.0,54,Completed
503435,12863,2024-11-12,2,1,0.05,68.4,34,Completed
502646,13360,2024-11-12,10,1,0.0,110.0,54,Completed
515174,17845,2024-11-12,7,2,0.0,54.0,16,Completed
514397,13256,2024-11-12,3,2,0.0,96.0,42,Completed
510568,11082,2024-11-12,7,1,0.1,24.3,8,Completed
507412,15378,2024-11-12,4,1,0.0,280.0,155,Cancelled
503291,11646,2024-11-12,3,1,0.0,48.0,21,Completed
505705,12164,2024-11-12,2,1,0.05,68.4,34,Completed
501025,11316,2024-11-13,1,1,0.05,137.75,79,Completed
509968,14912,2024-11-13,7,1,0.15,22.95,8,Completed
509929,18257,2024-11-13,2,4,0.0,288.0,136,Completed
510530,16382,2024-11-13,6,1,0.05,33.25,13,Completed
517465,18312,2024-11-13,5,2,0.0,190.0,86,Completed
513484,13072,2024-11-13,6,2,0.0,70.0,26,Completed
503868,13901,2024-11-13,3,1,0.1,43.2,21,Completed
512963,14225,2024-11-13,1,3,0.0,435.0,237,Completed
515149,12160,2024-11-13,2,1,0.15,61.2,34,Completed
508022,17512,2024-11-13,1,2,0.0,290.0,158,Completed
516605,11766,2024-11-13,10,1,0.05,104.5,54,Completed
504494,12936,2024-11-13,8,4,0.05,334.4,156,Cancelled
504864,15486,2024-11-13,5,1,0.15,80.75,43,Completed
511202,15052,2024-11-13,5,2,0.05,180.5,86,Completed
515428,11419,2024-11-13,7,2,0.05,51.3,16,Completed
504632,12850,2024-11-13,7,1,0.0,27.0,8,Completed
507541,16077,2024-11-13,9,1,0.0,62.0,28,Completed
508149,17085,2024-11-13,9,2,0.05,117.8,56,Completed
515662,15039,2024-11-13,4,2,0.05,532.0,310,Completed
507415,15222,2024-11-13,5,1,0.05,90.25,43,Completed
501413,16034,2024-11-13,5,1,0.15,80.75,43,Completed
506312,11847,2024-11-13,7,2,0.0,54.0,16,Completed
514229,14456,2024-11-13,1,1,0.05,137.75,79,Completed
513954,15622,2024-11-13,8,1,0.0,88.0,39,Completed
511594,13057,2024-11-14,5,1,0.0,95.0,43,Completed
511070,13027,2024-11-14,6,1,0.15,29.75,13,Completed
502749,11911,2024-11-14,3,4,0.1,172.8,84,Completed
505803,11283,2024-11-14,10,2,0.0,220.0,108,Completed
511947,13517,2024-11-14,5,1,0.0,95.0,43,Completed
514801,12240,2024-11-14,10,3,0.05,313.5,162,Completed
514935,13895,2024-11-14,2,1,0.05,68.4,34,Completed
513865,10934,2024-11-14,9,1,0.05,58.9,28,Completed
505646,14325,2024-11-14,7,1,0.05,25.65,8,Completed
509795,17411,2024-11-14,9,1,0.15,52.7,28,Completed
509919,16776,2024-11-14,5,1,0.05,90.25,43,Returned
509571,17559,2024-11-14,2,1,0.0,72.0,34,Completed
503966,10073,2024-11-14,4,2,0.2,448.0,310,Completed
512683,14969,2024-11-14,3,2,0.0,96.0,42,Completed
501866,17703,2024-11-14,10,1,0.1,99.0,54,Completed
500896,11540,2024-11-14,2,1,0.0,72.0,34,Returned
502925,11303,2024-11-14,2,2,0.1,129.6,68,Completed
510850,14697,2024-11-14,6,1,0.0,35.0,13,Completed
514726,13200,2024-11-14,3,2,0.0,96.0,42,Completed
509442,16142,2024-11-14,6,2,0.0,70.0,26,Completed
512010,13221,2024-11-14,9,1,0.15,52.7,28,Completed
516804,18064,2024-11-14,10,1,0.0,110.0,54,Completed
516220,11831,2024-11-14,9,2,0.1,111.6,56,Completed
502912,11754,2024-11-14,5,2,0.0,190.0,86,Completed
506006,15361,2024-11-14,7,3,0.1,72.9,24,Completed
503491,13551,2024-11-14,4,1,0.0,280.0,155,Returned
507809,10244,2024-11-14,5,2,0.05,180.5,86,Completed
508728,14550,2024-11-14,3,1,0.05,45.6,21,Completed
500145,12427,2024-11-14,2,3,0.05,205.2,102,Completed
505338,10832,2024-11-15,3,3,0.05,136.8,63,Returned
516686,14207,2024-11-15,5,1,0.05,90.25,43,Completed
507721,15940,2024-11-15,9,2,0.2,99.2,56,Completed
501155,12550,2024-11-15,9,1,0.05,58.9,28,Completed
501258,16049,2024-11-15,5,2,0.05,180.5,86,Completed
517682,10567,2024-11-15,10,1,0.1,99.0,54,Completed
514357,12356,2024-11-15,3,1,0.0,48.0,21,Completed
504508,17590,2024-11-15,5,2,0.05,180.5,86,Completed
500085,16846,2024-11-15,9,1,0.1,55.8,28,Returned
500849,17454,2024-11-15,4,3,0.05,798.0,465,Completed
516131,15934,2024-11-15,3,1,0.0,48.0,21,Completed
507324,16940,2024-11-15,6,1,0.15,29.75,13,Completed
511072,10762,2024-11-15,4,1,0.0,280.0,155,Completed
502297,10821,2024-11-15,10,1,0.1,99.0,54,Completed
510281,13857,2024-11-15,8,1,0.0,88.0,39,Completed
506440,13007,2024-11-15,3,1,0.05,45.6,21,Completed
513822,17944,2024-11-15,6,2,0.0,70.0,26,Completed
509668,12525,2024-11-15,2,1,0.1,64.8,34,Completed
507924,10660,2024-11-15,9,1,0.1,55.8,28,Completed
510563,15632,2024-11-15,2,2,0.2,115.2,68,Completed
513443,11712,2024-11-15,9,3,0.0,186.0,84,Completed
501379,12815,2024-11-15,10,2,0.1,198.0,108,Completed
501686,12107,2024-11-16,10,2,0.05,209.0,108,Completed
509566,16133,2024-11-16,9,1,0.05,58.9,28,Completed
500781,15735,2024-11-16,4,1,0.1,252.0,155,Returned
506546,16837,2024-11-16,5,1,0.0,95.0,43,Completed
506899,11519,2024-11-16,6,2,0.1,63.0,26,Completed
504180,12057,2024-11-16,5,1,0.0,95.0,43,Completed
503466,14017,2024-11-16,1,2,0.0,290.0,158,Completed
510232,11788,2024-11-16,1,2,0.15,246.5,158,Completed
503553,15045,2024-11-16,8,1,0.05,83.6,39,Completed
505928,10999,2024-11-16,5,3,0.15,242.25,129,Completed
501646,12110,2024-11-16,6,4,0.05,133.0,52,Completed
509387,12914,2024-11-16,9,1,0.0,62.0,28,Completed
512529,15800,2024-11-16,5,1,0.1,85.5,43,Completed
515671,10237,2024-11-16,7,1,0.0,27.0,8,Completed
516067,15306,2024-11-16,5,1,0.0,95.0,43,Completed
514313,16053,2024-11-16,10,1,0.0,110.0,54,Returned
501554,17340,2024-11-16,1,1,0.0,145.0,79,Completed
513680,13049,2024-11-16,7,1,0.0,27.0,8,Completed
509300,13002,2024-11-16,1,1,0.15,123.25,79,Completed
506530,16456,2024-11-17,9,1,0.1,55.8,28,Completed
513115,13154,2024-11-17,2,3,0.2,172.8,102,Completed
509055,12283,2024-11-17,9,2,0.05,117.8,56,Completed
505992,11037,2024-11-17,8,1,0.1,79.2,39,Completed
516523,15058,2024-11-17,4,2,0.2,448.0,310,Completed
506606,13284,2024-11-17,2,3,0.0,216.0,102,Completed
511722,13461,2024-11-17,2,1,0.05,68.4,34,Completed
500796,10464,2024-11-17,7,1,0.05,25.65,8,Completed
500633,15339,2024-11-17,7,2,0.0,54.0,16,Returned
517745,15620,2024-11-17,6,1,0.0,35.0,13,Completed
509962,14587,2024-11-17,7,3,0.0,81.0,24,Completed
512281,10621,2024-11-17,9,3,0.0,186.0,84,Completed
502073,10228,2024-11-17,8,1,0.05,83.6,39,Completed
503469,13659,2024-11-17,9,2,0.1,111.6,56,Completed
507227,17673,2024-11-17,1,1,0.05,137.75,79,Completed
504608,10181,2024-11-17,5,1,0.05,90.25,43,Completed
503605,17320,2024-11-17,1,3,0.0,435.0,237,Completed
500862,15255,2024-11-17,2,1,0.1,64.8,34,Completed
517983,11171,2024-11-17,2,2,0.2,115.2,68,Completed
512797,10126,2024-11-17,1,1,0.15,123.25,79,Completed
513017,13674,2024-11-17,10,1,0.0,110.0,54,Completed
513294,11716,2024-11-17,8,1,0.15,74.8,39,Completed
502440,13996,2024-11-17,10,2,0.0,220.0,108,Returned
504723,11242,2024-11-18,1,2,0.1,261.0,158,Completed
507289,12259,2024-11-18,9,1,0.05,58.9,28,Completed
507976,17850,2024-11-18,2,1,0.15,61.2,34,Completed
504854,12876,2024-11-18,10,1,0.05,104.5,54,Completed
508887,14229,2024-11-18,3,1,0.0,48.0,21,Completed
511275,10178,2024-11-18,10,2,0.0,220.0,108,Completed
507964,12414,2024-11-18,7,1,0.05,25.65,8,Completed
506794,13238,2024-11-18,9,1,0.05,58.9,28,Completed
510683,10182,2024-11-18,9,3,0.0,186.0,84,Completed
513704,11030,2024-11-18,3,1,0.0,48.0,21,Completed
506389,13536,2024-11-18,7,1,0.05,25.65,8,Returned
501580,10169,2024-11-18,5,2,0.0,190.0,86,Completed
507087,12437,2024-11-18,7,1,0.1,24.3,8,Completed
501635,10456,2024-11-18,1,1,0.0,145.0,79,Completed
512274,15733,2024-11-18,1,1,0.0,145.0,79,Completed
517237,15412,2024-11-18,3,2,0.0,96.0,42,Completed
508680,16324,2024-11-18,6,1,0.2,28.0,13,Completed
510677,13885,2024-11-18,4,3,0.0,840.0,465,Completed
508409,12230,2024-11-19,4,1,0.05,266.0,155,Completed
502497,12075,2024-11-19,5,1,0.0,95.0,43,Completed
516349,12240,2024-11-19,7,1,0.0,27.0,8,Completed
516317,16235,2024-11-19,8,1,0.0,88.0,39,Completed
517092,12095,2024-11-19,1,1,0.1,130.5,79,Completed
504431,11806,2024-11-19,10,1,0.0,110.0,54,Completed
509802,14719,2024-11-19,8,1,0.0,88.0,39,Completed
506232,14835,2024-11-19,10,1,0.1,99.0,54,Completed
503676,15532,2024-11-19,7,2,0.1,48.6,16,Completed
501695,14790,2024-11-19,9,1,0.15,52.7,28,Completed
514999,16896,2024-11-19,9,1,0.0,62.0,28,Completed
517311,17204,2024-11-19,9,2,0.0,124.0,56,Cancelled
515603,15660,2024-11-19,3,1,0.0,48.0,21,Completed
511881,12004,2024-11-19,9,4,0.05,235.6,112,Completed
515579,18338,2024-11-19,7,1,0.1,24.3,8,Completed
510646,10174,2024-11-19,6,2,0.1,63.0,26,Completed
509350,17459,2024-11-19,7,1,0.0,27.0,8,Completed
500875,13026,2024-11-19,2,3,0.0,216.0,102,Completed
515462,10820,2024-11-19,6,3,0.0,105.0,39,Completed
505602,10471,2024-11-19,8,1,0.0,88.0,39,Completed
510264,11798,2024-11-19,2,1,0.2,57.6,34,Completed
503438,11450,2024-11-19,10,2,0.1,198.0,108,Completed
507430,11851,2024-11-19,5,1,0.1,85.5,43,Completed
503156,10372,2024-11-20,5,1,0.0,95.0,43,Completed
507566,13836,2024-11-20,6,1,0.05,33.25,13,Completed
513580,10565,2024-11-20,6,2,0.15,59.5,26,Completed
516249,11684,2024-11-20,5,2,0.2,152.0,86,Completed
502376,16934,2024-11-20,2,1,0.05,68.4,34,Returned
510693,10445,2024-11-20,9,1,0.15,52.7,28,Completed
509141,11308,2024-11-20,1,1,0.0,145.0,79,Completed
509224,11327,2024-11-20,2,2,0.0,144.0,68,Completed
510583,13684,2024-11-20,1,1,0.1,130.5,79,Completed
502085,11713,2024-11-20,3,1,0.2,38.4,21,Completed
513908,10203,2024-11-20,7,1,0.1,24.3,8,Completed
510666,11767,2024-11-20,6,2,0.0,70.0,26,Completed
505182,17360,2024-11-20,9,1,0.15,52.7,28,Completed
508294,15827,2024-11-20,2,1,0.0,72.0,34,Completed
516927,15287,2024-11-20,2,1,0.2,57.6,34,Completed
515772,11833,2024-11-20,8,4,0.0,352.0,156,Completed
516952,16423,2024-11-20,6,2,0.1,63.0,26,Completed
516259,11198,2024-11-20,4,1,0.2,224.0,155,Completed
505012,14518,2024-11-20,10,2,0.05,209.0,108,Completed
514219,10399,2024-11-20,7,1,0.0,27.0,8,Completed
511012,15943,2024-11-20,3,1,0.0,48.0,21,Completed
517793,13321,2024-11-20,3,1,0.05,45.6,21,Completed
512633,13853,2024-11-20,5,1,0.15,80.75,43,Completed
500958,14924,2024-11-21,5,1,0.0,95.0,43,Completed
502696,10625,2024-11-21,8,1,0.15,74.8,39,Completed
512772,16538,2024-11-21,4,1,0.15,238.0,155,Cancelled
500395,10515,2024-11-21,5,1,0.2,76.0,43,Completed
506239,10909,2024-11-21,2,1,0.0,72.0,34,Returned
503189,15118,2024-11-21,7,1,0.0,27.0,8,Completed
515114,16243,2024-11-21,5,1,0.0,95.0,43,Completed
512109,13609,2024-11-21,10,1,0.0,110.0,54,Completed
504758,11215,2024-11-21,7,2,0.0,54.0,16,Cancelled
503277,11534,2024-11-21,10,3,0.05,313.5,162,Completed
504453,15475,2024-11-21,8,1,0.1,79.2,39,Completed
510916,13269,2024-11-21,10,1,0.05,104.5,54,Completed
514423,13288,2024-11-21,7,2,0.0,54.0,16,Completed
516152,15549,2024-11-21,2,1,0.05,68.4,34,Completed
517845,12187,2024-11-21,2,2,0.05,136.8,68,Completed
501344,14462,2024-11-21,6,1,0.15,29.75,13,Completed
506304,14912,2024-11-21,7,2,0.0,54.0,16,Completed
513770,16726,2024-11-21,5,2,0.05,180.5,86,Completed
507048,13868,2024-11-21,2,1,0.1,64.8,34,Cancelled
509590,18238,2024-11-21,8,2,0.1,158.4,78,Completed
509816,11759,2024-11-21,6,1,0.0,35.0,13,Completed
502901,12142,2024-11-21,2,1,0.1,64.8,34,Completed
506953,14598,2024-11-21,3,2,0.05,91.2,42,Completed
516397,14290,2024-11-21,1,1,0.05,137.75,79,Returned
514938,13050,2024-11-21,1,1,0.0,145.0,79,Completed
504896,12571,2024-11-21,5,3,0.1,256.5,129,Completed
500577,10356,2024-11-21,2,1,0.0,72.0,34,Completed
515298,12919,2024-11-22,6,2,0.1,63.0,26,Completed
504414,16412,2024-11-22,8,2,0.2,140.8,78,Completed
508119,13457,2024-11-22,7,1,0.0,27.0,8,Completed
506744,17511,2024-11-22,3,2,0.1,86.4,42,Completed
510273,17095,2024-11-22,1,1,0.0,145.0,79,Completed
503997,15725,2024-11-22,5,1,0.05,90.25,43,Completed
512488,15347,2024-11-22,9,3,0.0,186.0,84,Cancelled
512191,13607,2024-11-22,3,2,0.05,91.2,42,Completed
512185,11665,2024-11-22,2,2,0.1,129.6,68,Completed
507473,13055,2024-11-22,6,1,0.0,35.0,13,Completed
503404,13052,2024-11-22,4,2,0.0,560.0,310,Returned
501056,12100,2024-11-22,8,1,0.0,88.0,39,Completed
515799,10361,2024-11-22,1,1,0.2,116.0,79,Completed
510427,10226,2024-11-22,1,1,0.0,145.0,79,Completed
513157,15570,2024-11-22,7,1,0.0,27.0,8,Completed
501609,15502,2024-11-22,5,1,0.0,95.0,43,Completed
509814,10151,2024-11-22,1,2,0.0,290.0,158,Completed
510044,12513,2024-11-22,8,2,0.0,176.0,78,Completed
510820,14100,2024-11-22,1,3,0.1,391.5,237,Returned
500113,15179,2024-11-22,10,2,0.05,209.0,108,Completed
508943,16964,2024-11-22,1,1,0.0,145.0,79,Completed
505614,13756,2024-11-22,8,1,0.0,88.0,39,Completed
516848,16477,2024-11-22,6,1,0.0,35.0,13,Completed
513161,11530,2024-11-22,1,2,0.0,290.0,158,Completed
514265,16360,2024-11-23,2,1,0.0,72.0,34,Completed
508081,12311,2024-11-23,1,1,0.0,145.0,79,Completed
512230,15211,2024-11-23,2,1,0.0,72.0,34,Completed
505444,15550,2024-11-23,1,1,0.1,130.5,79,Completed
515782,18307,2024-11-23,7,3,0.0,81.0,24,Completed
501849,14186,2024-11-23,3,1,0.2,38.4,21,Completed
507279,11786,2024-11-23,1,1,0.05,137.75,79,Completed
511544,12483,2024-11-23,10,2,0.15,187.0,108,Completed
501070,14282,2024-11-23,9,2,0.0,124.0,56,Completed
510982,10998,2024-11-23,1,1,0.05,137.75,79,Completed
506339,13760,2024-11-23,9,1,0.05,58.9,28,Completed
509672,10348,2024-11-23,1,2,0.1,261.0,158,Completed
508032,12262,2024-11-23,6,1,0.0,35.0,13,Completed
502969,10028,2024-11-23,9,1,0.05,58.9,28,Completed
516466,10665,2024-11-23,8,1,0.15,74.8,39,Completed
506990,14134,2024-11-23,7,2,0.05,51.3,16,Completed
516026,10788,2024-11-23,8,1,0.0,88.0,39,Completed
508504,16359,2024-11-23,1,2,0.0,290.0,158,Completed
501493,17366,2024-11-24,9,2,0.05,117.8,56,Cancelled
506388,10667,2024-11-24,7,1,0.0,27.0,8,Completed
501507,12254,2024-11-24,3,1,0.0,48.0,21,Completed
502409,13087,2024-11-24,6,1,0.0,35.0,13,Completed
512953,11911,2024-11-24,7,1,0.05,25.65,8,Completed
517697,11324,2024-11-24,8,2,0.0,176.0,78,Completed
516169,14618,2024-11-24,3,1,0.05,45.6,21,Completed
504775,10448,2024-11-24,5,1,0.1,85.5,43,Completed
510286,11601,2024-11-24,10,1,0.05,104.5,54,Completed
515944,11995,2024-11-24,6,2,0.15,59.5,26,Completed
500932,13815,2024-11-24,6,1,0.1,31.5,13,Completed
506815,17327,2024-11-24,2,1,0.0,72.0,34,Completed
515438,13399,2024-11-24,7,2,0.05,51.3,16,Completed
507909,17137,2024-11-24,7,2,0.0,54.0,16,Completed
517910,14373,2024-11-25,1,1,0.1,130.5,79,Completed
500998,12064,2024-11-25,7,2,0.0,54.0,16,Completed
510216,16131,2024-11-25,5,1,0.0,95.0,43,Completed
504132,13393,2024-11-25,9,3,0.0,186.0,84,Completed
505009,18452,2024-11-25,2,2,0.15,122.4,68,Completed
511428,10687,2024-11-25,8,1,0.0,88.0,39,Completed
510999,15470,2024-11-25,7,1,0.1,24.3,8,Cancelled
503665,11948,2024-11-25,9,1,0.0,62.0,28,Completed
508190,12316,2024-11-25,4,4,0.1,1008.0,620,Completed
509212,16231,2024-11-25,7,2,0.2,43.2,16,Completed
517552,13206,2024-11-25,6,1,0.2,28.0,13,Returned
502644,12767,2024-11-25,7,1,0.1,24.3,8,Returned
514396,13284,2024-11-25,7,1,0.05,25.65,8,Returned
513135,13577,2024-11-25,6,1,0.0,35.0,13,Completed
512221,12611,2024-11-25,5,1,0.05,90.25,43,Completed
501444,10129,2024-11-25,7,1,0.05,25.65,8,Returned
504225,17651,2024-11-25,7,1,0.1,24.3,8,Completed
505606,11465,2024-11-25,2,1,0.0,72.0,34,Completed
507182,13738,2024-11-25,6,1,0.1,31.5,13,Completed
514972,11848,2024-11-25,7,1,0.1,24.3,8,Completed
504352,10186,2024-11-26,1,1,0.0,145.0,79,Completed
511095,10022,2024-11-26,1,1,0.1,130.5,79,Completed
516411,10011,2024-11-26,8,2,0.05,167.2,78,Completed
510724,11188,2024-11-26,2,1,0.05,68.4,34,Completed
505314,11798,2024-11-26,7,1,0.1,24.3,8,Completed
508716,15100,2024-11-26,7,1,0.1,24.3,8,Completed
508542,11468,2024-11-26,1,1,0.15,123.25,79,Completed
512861,11096,2024-11-26,7,2,0.0,54.0,16,Completed
508204,10048,2024-11-26,3,4,0.1,172.8,84,Completed
501615,12344,2024-11-26,6,1,0.05,33.25,13,Completed
515015,12990,2024-11-26,5,1,0.0,95.0,43,Completed
511312,10297,2024-11-26,6,1,0.0,35.0,13,Completed
511244,10791,2024-11-26,3,2,0.1,86.4,42,Cancelled
510124,11322,2024-11-26,6,1,0.05,33.25,13,Completed
513358,11188,2024-11-26,1,1,0.0,145.0,79,Completed
512887,14985,2024-11-26,1,1,0.2,116.0,79,Completed
512110,10243,2024-11-26,10,1,0.0,110.0,54,Completed
510091,14648,2024-11-27,10,1,0.0,110.0,54,Completed
507476,13822,2024-11-27,3,1,0.05,45.6,21,Completed
501131,12532,2024-11-27,2,1,0.05,68.4,34,Completed
505514,14198,2024-11-27,5,2,0.05,180.5,86,Completed
514448,12975,2024-11-27,1,1,0.0,145.0,79,Completed
512518,14177,2024-11-27,8,1,0.0,88.0,39,Completed
508070,11296,2024-11-27,3,1,0.1,43.2,21,Completed
508298,14098,2024-11-27,1,2,0.2,232.0,158,Completed
502257,15349,2024-11-27,8,2,0.0,176.0,78,Completed
504424,17923,2024-11-27,5,1,0.0,95.0,43,Completed
517239,17734,2024-11-27,5,1,0.2,76.0,43,Completed
511655,10353,2024-11-27,5,1,0.0,95.0,43,Completed
517232,16348,2024-11-27,7,2,0.05,51.3,16,Completed
500722,10810,2024-11-27,2,1,0.1,64.8,34,Completed
509849,12073,2024-11-27,10,2,0.0,220.0,108,Completed
500271,16981,2024-11-27,3,3,0.05,136.8,63,Completed
512937,12834,2024-11-27,5,1,0.05,90.25,43,Cancelled
514775,12367,2024-11-27,6,1,0.0,35.0,13,Returned
505272,15239,2024-11-27,1,1,0.05,137.75,79,Completed
505869,14761,2024-11-27,5,1,0.1,85.5,43,Completed
504495,11728,2024-11-27,2,1,0.2,57.6,34,Completed
516625,18431,2024-11-27,8,2,0.2,140.8,78,Completed
514270,10033,2024-11-27,5,1,0.0,95.0,43,Cancelled
503086,15874,2024-11-27,6,1,0.0,35.0,13,Completed
501315,14213,2024-11-27,10,1,0.15,93.5,54,Completed
508857,11095,2024-11-27,5,1,0.05,90.25,43,Returned
509125,10960,2024-11-27,5,2,0.15,161.5,86,Completed
504486,17126,2024-11-27,6,1,0.0,35.0,13,Completed
513351,11441,2024-11-27,3,4,0.1,172.8,84,Completed
511801,11075,2024-11-28,3,2,0.15,81.6,42,Cancelled
512046,14846,2024-11-28,1,2,0.0,290.0,158,Completed
514211,14211,2024-11-28,1,4,0.0,580.0,316,Completed
504609,11733,2024-11-28,5,3,0.05,270.75,129,Completed
505790,14326,2024-11-28,10,1,0.2,88.0,54,Completed
504771,14865,2024-11-28,3,1,0.05,45.6,21,Completed
516525,18459,2024-11-28,7,1,0.05,25.65,8,Completed
515290,12316,2024-11-28,8,1,0.05,83.6,39,Completed
502636,12931,2024-11-28,8,1,0.05,83.6,39,Returned
515244,14422,2024-11-28,5,2,0.05,180.5,86,Completed
515046,18373,2024-11-28,3,2,0.0,96.0,42,Completed
517773,16802,2024-11-28,1,3,0.05,413.25,237,Completed
514590,10065,2024-11-28,10,2,0.0,220.0,108,Completed
501767,10958,2024-11-28,9,1,0.05,58.9,28,Completed
510276,13737,2024-11-28,9,2,0.0,124.0,56,Completed
513685,11874,2024-11-28,6,2,0.15,59.5,26,Completed
517733,13769,2024-11-28,2,1,0.2,57.6,34,Completed
508889,13097,2024-11-28,9,1,0.0,62.0,28,Completed
516027,16032,2024-11-28,6,2,0.2,56.0,26,Completed
511970,15995,2024-11-28,2,1,0.0,72.0,34,Completed
514735,17345,2024-11-29,9,2,0.05,117.8,56,Completed
515385,10557,2024-11-29,7,1,0.0,27.0,8,Completed
509565,17883,2024-11-29,6,1,0.0,35.0,13,Completed
504085,16578,2024-11-29,9,1,0.1,55.8,28,Completed
504128,18079,2024-11-29,9,2,0.0,124.0,56,Completed
509492,10541,2024-11-29,10,1,0.1,99.0,54,Completed
516828,11669,2024-11-29,5,4,0.0,380.0,172,Completed
513431,10864,2024-11-29,9,1,0.0,62.0,28,Completed
503443,10529,2024-11-29,1,1,0.05,137.75,79,Completed
512407,11311,2024-11-29,4,2,0.0,560.0,310,Completed
504043,12182,2024-11-29,7,2,0.0,54.0,16,Returned
515816,17929,2024-11-29,3,1,0.1,43.2,21,Completed
503458,12901,2024-11-29,10,3,0.05,313.5,162,Completed
511738,13891,2024-11-29,8,1,0.0,88.0,39,Completed
503921,10698,2024-11-29,5,2,0.1,171.0,86,Completed
507185,10618,2024-11-29,2,2,0.0,144.0,68,Completed
515737,12126,2024-11-29,5,1,0.2,76.0,43,Completed
512044,11873,2024-11-29,5,1,0.0,95.0,43,Returned
503427,10393,2024-11-29,7,1,0.05,25.65,8,Completed
502168,13604,2024-11-29,1,2,0.0,290.0,158,Completed
504064,10082,2024-11-29,1,1,0.2,116.0,79,Completed
501976,11433,2024-11-29,1,2,0.05,275.5,158,Completed
516039,16530,2024-11-29,7,1,0.1,24.3,8,Completed
506609,10374,2024-11-29,3,2,0.0,96.0,42,Completed
506314,13764,2024-11-29,2,1,0.05,68.4,34,Completed
504369,14894,2024-11-29,7,2,0.1,48.6,16,Completed
501000,14905,2024-11-29,8,1,0.0,88.0,39,Completed
501135,17787,2024-11-29,7,1,0.0,27.0,8,Cancelled
508548,12856,2024-11-29,6,2,0.05,66.5,26,Completed
506529,11404,2024-11-29,1,2,0.0,290.0,158,Completed
508389,12173,2024-11-29,3,2,0.0,96.0,42,Completed
508009,17517,2024-11-30,4,1,0.1,252.0,155,Completed
512998,12974,2024-11-30,10,1,0.2,88.0,54,Completed
511231,10208,2024-11-30,6,1,0.1,31.5,13,Completed
515338,11486,2024-11-30,9,1,0.15,52.7,28,Returned
501395,13310,2024-11-30,1,2,0.05,275.5,158,Completed
512922,15807,2024-11-30,1,1,0.05,137.75,79,Completed
516073,13368,2024-11-30,6,3,0.05,99.75,39,Completed
505328,15310,2024-11-30,5,1,0.05,90.25,43,Completed
505309,16609,2024-11-30,9,1,0.0,62.0,28,Completed
503871,10890,2024-11-30,1,1,0.0,145.0,79,Completed
500098,17431,2024-11-30,9,1,0.2,49.6,28,Returned
516407,12782,2024-11-30,2,1,0.1,64.8,34,Returned
506390,18132,2024-11-30,7,1,0.1,24.3,8,Completed
512591,18424,2024-11-30,3,1,0.1,43.2,21,Completed
505567,12534,2024-11-30,4,1,0.05,266.0,155,Completed
501015,14635,2024-11-30,7,2,0.0,54.0,16,Completed
514493,14156,2024-11-30,6,2,0.1,63.0,26,Completed
508478,13221,2024-11-30,9,2,0.05,117.8,56,Completed
511648,12208,2024-11-30,7,1,0.0,27.0,8,Completed
507974,16406,2024-11-30,3,1,0.15,40.8,21,Completed
511292,10274,2024-11-30,8,2,0.05,167.2,78,Completed
500304,10775,2024-11-30,8,4,0.05,334.4,156,Completed
505192,14745,2024-11-30,7,1,0.2,21.6,8,Completed
509065,10036,2024-11-30,8,1,0.05,83.6,39,Completed
514243,13560,2024-11-30,7,1,0.0,27.0,8,Completed
516794,18360,2024-11-30,1,2,0.0,290.0,158,Completed
516036,16435,2024-12-01,2,1,0.0,72.0,34,Completed
517050,11321,2024-12-01,6,3,0.0,105.0,39,Completed
514234,14788,2024-12-01,5,1,0.0,95.0,43,Completed
513973,18419,2024-12-01,5,1,0.1,85.5,43,Completed
513695,17664,2024-12-01,7,1,0.0,27.0,8,Completed
501334,16150,2024-12-01,8,1,0.15,74.8,39,Completed
501494,15578,2024-12-01,1,3,0.05,413.25,237,Completed
514392,18070,2024-12-01,8,2,0.15,149.6,78,Completed
501469,11638,2024-12-01,6,2,0.05,66.5,26,Completed
511837,10656,2024-12-01,8,1,0.0,88.0,39,Completed
516092,18328,2024-12-01,8,3,0.1,237.6,117,Completed
511964,12602,2024-12-01,1,3,0.1,391.5,237,Completed
509209,10798,2024-12-01,4,1,0.05,266.0,155,Completed
507127,14712,2024-12-01,7,1,0.1,24.3,8,Completed
513626,11523,2024-12-01,5,2,0.0,190.0,86,Completed
509515,14512,2024-12-01,10,2,0.0,220.0,108,Completed
504957,12746,2024-12-01,9,1,0.0,62.0,28,Completed
505680,18100,2024-12-01,10,1,0.0,110.0,54,Completed
503522,10854,2024-12-01,3,1,0.05,45.6,21,Completed
502135,17664,2024-12-01,10,2,0.15,187.0,108,Completed
506325,13657,2024-12-01,2,1,0.15,61.2,34,Completed
509770,10990,2024-12-01,1,1,0.2,116.0,79,Completed
506543,10901,2024-12-01,2,1,0.0,72.0,34,Completed
505858,10826,2024-12-01,2,1,0.15,61.2,34,Completed
500920,12247,2024-12-01,1,1,0.05,137.75,79,Completed
505967,15042,2024-12-01,5,1,0.0,95.0,43,Completed
511204,14416,2024-12-01,2,2,0.15,122.4,68,Completed
513144,13910,2024-12-01,1,2,0.0,290.0,158,Completed
502816,15418,2024-12-01,2,1,0.0,72.0,34,Completed
513947,10748,2024-12-01,7,1,0.0,27.0,8,Completed
505195,12292,2024-12-01,8,1,0.0,88.0,39,Completed
513959,15098,2024-12-01,7,1,0.1,24.3,8,Completed
508488,10875,2024-12-01,5,1,0.05,90.25,43,Completed
504030,15389,2024-12-01,5,1,0.05,90.25,43,Returned
515788,12880,2024-12-01,2,1,0.0,72.0,34,Completed
517105,16743,2024-12-02,3,1,0.05,45.6,21,Completed
514276,12071,2024-12-02,8,1,0.0,88.0,39,Completed
509384,12313,2024-12-02,1,2,0.0,290.0,158,Completed
513435,16776,2024-12-02,7,1,0.05,25.65,8,Completed
504300,14114,2024-12-02,3,1,0.0,48.0,21,Completed
511930,11247,2024-12-02,8,1,0.05,83.6,39,Completed
505201,13580,2024-12-02,8,3,0.0,264.0,117,Completed
510364,12579,2024-12-02,4,2,0.0,560.0,310,Completed
515089,11413,2024-12-02,8,1,0.0,88.0,39,Completed
510793,16511,2024-12-02,1,4,0.0,580.0,316,Completed
513140,13435,2024-12-02,1,2,0.0,290.0,158,Completed
511421,14644,2024-12-02,10,3,0.2,264.0,162,Completed
510258,13918,2024-12-02,7,1,0.0,27.0,8,Returned
516187,10863,2024-12-02,8,2,0.15,149.6,78,Returned
509121,14879,2024-12-02,7,1,0.0,27.0,8,Completed
501439,10929,2024-12-02,2,1,0.2,57.6,34,Completed
515743,12469,2024-12-02,4,2,0.15,476.0,310,Completed
508323,10993,2024-12-02,1,1,0.05,137.75,79,Completed
500753,12005,2024-12-02,10,1,0.05,104.5,54,Completed
517952,14072,2024-12-02,6,2,0.15,59.5,26,Completed
512934,16993,2024-12-02,9,1,0.05,58.9,28,Completed
501028,16241,2024-12-03,9,1,0.1,55.8,28,Completed
508854,16786,2024-12-03,10,1,0.0,110.0,54,Completed
516764,13469,2024-12-03,5,1,0.05,90.25,43,Completed
507346,14312,2024-12-03,4,1,0.0,280.0,155,Completed
510433,10695,2024-12-03,2,1,0.05,68.4,34,Completed
508529,12806,2024-12-03,7,1,0.0,27.0,8,Completed
515873,11730,2024-12-03,8,1,0.0,88.0,39,Completed
501113,11501,2024-12-03,7,1,0.15,22.95,8,Completed
512120,10280,2024-12-03,3,3,0.05,136.8,63,Completed
508961,13898,2024-12-03,5,3,0.1,256.5,129,Cancelled
500694,13512,2024-12-03,6,1,0.05,33.25,13,Completed
514585,17210,2024-12-03,1,1,0.05,137.75,79,Completed
506104,13076,2024-12-03,3,1,0.0,48.0,21,Completed
514054,12999,2024-12-03,7,3,0.1,72.9,24,Completed
511149,17034,2024-12-03,6,1,0.0,35.0,13,Completed
517099,15745,2024-12-03,7,3,0.1,72.9,24,Completed
516025,11349,2024-12-03,7,1,0.0,27.0,8,Completed
505733,10941,2024-12-03,9,1,0.0,62.0,28,Completed
507710,13513,2024-12-03,10,2,0.0,220.0,108,Returned
516006,11090,2024-12-03,1,1,0.05,137.75,79,Completed
502549,10939,2024-12-03,1,2,0.2,232.0,158,Completed
500078,15772,2024-12-03,2,1,0.2,57.6,34,Completed
516045,16169,2024-12-03,1,1,0.0,145.0,79,Completed
500171,18309,2024-12-03,5,1,0.1,85.5,43,Completed
517947,14630,2024-12-03,9,1,0.1,55.8,28,Completed
500539,16279,2024-12-03,8,1,0.1,79.2,39,Completed
505818,16155,2024-12-03,1,2,0.15,246.5,158,Completed
502866,15806,2024-12-03,2,1,0.2,57.6,34,Completed
508300,13388,2024-12-04,10,1,0.05,104.5,54,Completed
500800,17508,2024-12-04,2,1,0.0,72.0,34,Completed
516672,14313,2024-12-04,1,2,0.05,275.5,158,Cancelled
514082,16777,2024-12-04,5,1,0.0,95.0,43,Completed
509466,10411,2024-12-04,4,1,0.2,224.0,155,Completed
500020,11742,2024-12-04,4,1,0.0,280.0,155,Completed
507120,11082,2024-12-04,7,1,0.0,27.0,8,Completed
512923,10024,2024-12-04,2,2,0.05,136.8,68,Completed
500180,10554,2024-12-04,2,3,0.0,216.0,102,Completed
508765,13929,2024-12-04,10,2,0.1,198.0,108,Completed
505524,11730,2024-12-04,3,1,0.1,43.2,21,Completed
506941,15955,2024-12-04,1,3,0.1,391.5,237,Completed
501065,13010,2024-12-04,5,2,0.0,190.0,86,Completed
505961,11661,2024-12-04,6,3,0.0,105.0,39,Completed
512754,14454,2024-12-04,2,1,0.1,64.8,34,Completed
515809,13416,2024-12-04,5,1,0.0,95.0,43,Cancelled
513998,17499,2024-12-04,8,2,0.1,158.4,78,Completed
505715,14571,2024-12-04,2,1,0.2,57.6,34,Completed
510112,15186,2024-12-04,2,3,0.1,194.4,102,Completed
504976,10964,2024-12-04,2,1,0.05,68.4,34,Completed
515805,11814,2024-12-04,9,4,0.15,210.8,112,Completed
505412,11666,2024-12-04,6,1,0.0,35.0,13,Completed
508453,12202,2024-12-04,1,1,0.15,123.25,79,Completed
508224,16256,2024-12-04,5,1,0.05,90.25,43,Completed
506724,10072,2024-12-05,7,1,0.05,25.65,8,Completed
505746,17115,2024-12-05,6,2,0.05,66.5,26,Completed
507506,14523,2024-12-05,3,1,0.1,43.2,21,Completed
513462,17696,2024-12-05,10,1,0.2,88.0,54,Completed
510855,15719,2024-12-05,10,4,0.0,440.0,216,Completed
507762,10650,2024-12-05,4,1,0.0,280.0,155,Completed
514118,15159,2024-12-05,1,2,0.0,290.0,158,Completed
516626,11349,2024-12-05,6,1,0.2,28.0,13,Completed
512305,16681,2024-12-05,7,1,0.0,27.0,8,Completed
515762,11576,2024-12-05,5,1,0.15,80.75,43,Completed
515969,10399,2024-12-05,1,1,0.15,123.25,79,Completed
502487,17708,2024-12-05,7,2,0.0,54.0,16,Completed
513222,10031,2024-12-05,3,1,0.0,48.0,21,Completed
513105,17961,2024-12-05,3,2,0.0,96.0,42,Completed
506945,16829,2024-12-05,7,1,0.0,27.0,8,Completed
500328,15333,2024-12-05,5,1,0.15,80.75,43,Completed
500645,18074,2024-12-05,1,1,0.0,145.0,79,Completed
517532,15353,2024-12-05,8,1,0.05,83.6,39,Completed
500101,10534,2024-12-05,3,1,0.0,48.0,21,Completed
513173,13149,2024-12-05,9,3,0.15,158.1,84,Completed
500568,15954,2024-12-05,8,1,0.0,88.0,39,Returned
508266,16524,2024-12-05,2,1,0.1,64.8,34,Completed
509219,11680,2024-12-05,10,1,0.0,110.0,54,Completed
510156,10742,2024-12-05,6,1,0.0,35.0,13,Completed
508430,13646,2024-12-05,10,1,0.0,110.0,54,Completed
501376,10023,2024-12-05,3,1,0.1,43.2,21,Completed
510640,17228,2024-12-05,9,2,0.05,117.8,56,Completed
501838,15178,2024-12-05,5,2,0.05,180.5,86,Completed
500679,13371,2024-12-05,9,1,0.0,62.0,28,Completed
517476,15450,2024-12-05,4,3,0.0,840.0,465,Completed
501674,14452,2024-12-05,2,1,0.1,64.8,34,Completed
505879,16774,2024-12-05,2,1,0.15,61.2,34,Completed
500736,10949,2024-12-06,6,1,0.0,35.0,13,Completed
506227,10742,2024-12-06,7,1,0.0,27.0,8,Completed
514883,15324,2024-12-06,5,3,0.1,256.5,129,Completed
503396,17768,2024-12-06,3,2,0.2,76.8,42,Completed
513333,11735,2024-12-06,8,1,0.1,79.2,39,Completed
504213,10968,2024-12-06,6,2,0.0,70.0,26,Completed
517792,10382,2024-12-06,5,1,0.0,95.0,43,Completed
509510,16816,2024-12-06,6,1,0.1,31.5,13,Completed
513493,13848,2024-12-06,9,1,0.1,55.8,28,Completed
500148,11942,2024-12-06,6,2,0.1,63.0,26,Completed
512919,10145,2024-12-06,10,1,0.1,99.0,54,Completed
513773,13477,2024-12-06,6,1,0.1,31.5,13,Completed
506419,14281,2024-12-06,7,1,0.0,27.0,8,Completed
513987,12603,2024-12-06,5,1,0.0,95.0,43,Completed
503373,11423,2024-12-06,9,2,0.05,117.8,56,Completed
509159,14970,2024-12-06,1,2,0.05,275.5,158,Completed
516098,15721,2024-12-06,8,1,0.2,70.4,39,Completed
503288,13026,2024-12-06,7,2,0.2,43.2,16,Completed
508472,17573,2024-12-06,1,1,0.05,137.75,79,Completed
511178,11072,2024-12-06,4,1,0.05,266.0,155,Returned
516519,10186,2024-12-06,5,2,0.05,180.5,86,Completed
516283,10079,2024-12-06,10,3,0.1,297.0,162,Completed
501288,11671,2024-12-06,10,2,0.15,187.0,108,Completed
511116,11037,2024-12-06,4,1,0.0,280.0,155,Completed
501307,14318,2024-12-06,5,2,0.0,190.0,86,Returned
508819,10901,2024-12-06,1,1,0.0,145.0,79,Completed
500882,12712,2024-12-06,7,1,0.05,25.65,8,Completed
514666,12182,2024-12-07,1,2,0.1,261.0,158,Completed
500339,16656,2024-12-07,6,3,0.0,105.0,39,Completed
503984,13597,2024-12-07,9,3,0.05,176.7,84,Completed
504501,10284,2024-12-07,8,1,0.15,74.8,39,Completed
510294,17861,2024-12-07,3,1,0.15,40.8,21,Completed
510315,14633,2024-12-07,5,1,0.0,95.0,43,Completed
506276,15351,2024-12-07,8,1,0.0,88.0,39,Completed
517692,11572,2024-12-07,5,4,0.05,361.0,172,Completed
517750,10705,2024-12-07,5,1,0.0,95.0,43,Completed
513059,16951,2024-12-07,3,1,0.0,48.0,21,Completed
506082,13933,2024-12-07,5,2,0.1,171.0,86,Completed
515107,11363,2024-12-07,6,2,0.0,70.0,26,Completed
501956,13954,2024-12-07,5,1,0.2,76.0,43,Completed
505940,12968,2024-12-07,1,1,0.15,123.25,79,Completed
513789,11588,2024-12-07,5,1,0.2,76.0,43,Completed
516628,11980,2024-12-07,8,1,0.05,83.6,39,Completed
505306,13677,2024-12-07,10,3,0.05,313.5,162,Completed
505409,17905,2024-12-07,3,2,0.0,96.0,42,Completed
505649,15538,2024-12-07,7,2,0.05,51.3,16,Completed
501488,10004,2024-12-07,6,1,0.05,33.25,13,Completed
502167,10266,2024-12-07,5,2,0.2,152.0,86,Completed
512227,11539,2024-12-07,6,1,0.05,33.25,13,Completed
517146,14938,2024-12-07,5,1,0.0,95.0,43,Completed
500749,13424,2024-12-07,3,2,0.0,96.0,42,Completed
503378,12905,2024-12-07,8,1,0.0,88.0,39,Completed
511242,10572,2024-12-08,6,1,0.15,29.75,13,Completed
500283,14441,2024-12-08,7,1,0.0,27.0,8,Completed
510956,11402,2024-12-08,6,2,0.0,70.0,26,Completed
511249,16203,2024-12-08,4,1,0.1,252.0,155,Completed
502200,14112,2024-12-08,7,1,0.0,27.0,8,Completed
516538,14797,2024-12-08,2,2,0.1,129.6,68,Completed
517934,12272,2024-12-08,4,1,0.2,224.0,155,Returned
513228,15954,2024-12-08,3,1,0.0,48.0,21,Completed
507517,10433,2024-12-08,9,1,0.2,49.6,28,Completed
511975,14739,2024-12-08,9,1,0.0,62.0,28,Completed
513748,12970,2024-12-08,3,1,0.05,45.6,21,Returned
508564,14475,2024-12-08,3,1,0.05,45.6,21,Completed
500706,13648,2024-12-08,1,1,0.0,145.0,79,Completed
510527,11248,2024-12-08,2,1,0.05,68.4,34,Completed
507803,10133,2024-12-08,3,2,0.05,91.2,42,Completed
507263,13364,2024-12-08,8,3,0.05,250.8,117,Completed
517791,12865,2024-12-08,1,1,0.05,137.75,79,Completed
505585,11822,2024-12-08,7,1,0.05,25.65,8,Completed
513811,14947,2024-12-08,10,1,0.15,93.5,54,Completed
506838,13071,2024-12-08,3,2,0.0,96.0,42,Completed
510924,11849,2024-12-08,9,1,0.0,62.0,28,Completed
514414,15252,2024-12-09,1,1,0.05,137.75,79,Completed
516548,11922,2024-12-09,9,1,0.0,62.0,28,Completed
502287,10142,2024-12-09,3,1,0.15,40.8,21,Completed
504187,10698,2024-12-09,10,1,0.2,88.0,54,Completed
501824,12542,2024-12-09,4,1,0.05,266.0,155,Completed
504287,13577,2024-12-09,10,2,0.0,220.0,108,Completed
508641,15304,2024-12-09,1,1,0.05,137.75,79,Completed
512341,10247,2024-12-09,9,2,0.0,124.0,56,Completed
503965,10710,2024-12-09,8,1,0.0,88.0,39,Completed
500522,12152,2024-12-09,1,2,0.15,246.5,158,Completed
515042,11962,2024-12-09,8,1,0.1,79.2,39,Completed
513648,12916,2024-12-09,1,2,0.05,275.5,158,Completed
508575,14339,2024-12-09,10,1,0.0,110.0,54,Completed
507457,15963,2024-12-09,2,2,0.05,136.8,68,Completed
505160,14855,2024-12-09,1,1,0.05,137.75,79,Completed
514225,12263,2024-12-09,8,1,0.0,88.0,39,Completed
510372,10349,2024-12-09,10,1,0.0,110.0,54,Completed
504916,17504,2024-12-09,8,1,0.0,88.0,39,Completed
506661,12692,2024-12-09,5,1,0.05,90.25,43,Completed
513320,11435,2024-12-09,7,2,0.05,51.3,16,Completed
506020,10462,2024-12-09,3,1,0.05,45.6,21,Completed
514133,16320,2024-12-09,5,1,0.05,90.25,43,Completed
509170,11457,2024-12-09,10,1,0.0,110.0,54,Completed
502700,14170,2024-12-09,2,3,0.15,183.6,102,Completed
509885,13530,2024-12-09,1,2,0.0,290.0,158,Completed
508667,13875,2024-12-09,7,1,0.0,27.0,8,Completed
502923,13758,2024-12-09,3,2,0.05,91.2,42,Completed
508964,13640,2024-12-09,8,3,0.15,224.4,117,Completed
502189,13444,2024-12-09,9,2,0.05,117.8,56,Completed
512589,10031,2024-12-09,2,3,0.0,216.0,102,Completed
509315,13250,2024-12-10,7,2,0.0,54.0,16,Completed
509456,17330,2024-12-10,7,1,0.05,25.65,8,Completed
508023,10377,2024-12-10,6,1,0.1,31.5,13,Completed
515024,11278,2024-12-10,8,1,0.0,88.0,39,Completed
514440,17208,2024-12-10,1,3,0.0,435.0,237,Completed
504544,10415,2024-12-10,1,1,0.1,130.5,79,Completed
507287,11093,2024-12-10,4,2,0.0,560.0,310,Cancelled
500716,11224,2024-12-10,10,1,0.15,93.5,54,Completed
504578,15209,2024-12-10,9,2,0.1,111.6,56,Cancelled
511480,17397,2024-12-10,2,4,0.05,273.6,136,Completed
501220,13655,2024-12-10,10,1,0.05,104.5,54,Completed
517535,16051,2024-12-10,2,2,0.05,136.8,68,Completed
501012,18061,2024-12-10,2,1,0.1,64.8,34,Cancelled
502321,18267,2024-12-10,1,2,0.0,290.0,158,Completed
504037,14780,2024-12-10,1,1,0.05,137.75,79,Completed
504062,14465,2024-12-10,6,1,0.05,33.25,13,Completed
511260,11513,2024-12-10,7,1,0.0,27.0,8,Completed
517297,13804,2024-12-10,8,1,0.0,88.0,39,Completed
515473,15056,2024-12-10,7,1,0.0,27.0,8,Completed
515923,17037,2024-12-10,2,3,0.05,205.2,102,Completed
509030,12591,2024-12-10,2,1,0.05,68.4,34,Completed
504592,15414,2024-12-10,9,2,0.0,124.0,56,Completed
514400,15851,2024-12-10,6,2,0.1,63.0,26,Completed
516609,17300,2024-12-11,8,1,0.1,79.2,39,Returned
503278,13480,2024-12-11,5,1,0.05,90.25,43,Completed
507715,14967,2024-12-11,1,1,0.0,145.0,79,Completed
507791,18099,2024-12-11,9,2,0.2,99.2,56,Cancelled
514824,15937,2024-12-11,5,1,0.1,85.5,43,Completed
506539,12563,2024-12-11,7,2,0.0,54.0,16,Completed
513538,13605,2024-12-11,3,1,0.15,40.8,21,Completed
516779,14283,2024-12-11,2,1,0.0,72.0,34,Completed
504964,12716,2024-12-11,7,2,0.1,48.6,16,Completed
515112,18062,2024-12-11,5,1,0.0,95.0,43,Completed
507490,10719,2024-12-11,7,2,0.0,54.0,16,Completed
505464,15814,2024-12-11,2,2,0.0,144.0,68,Completed
513101,14936,2024-12-11,2,2,0.0,144.0,68,Completed
517104,17210,2024-12-11,8,2,0.0,176.0,78,Completed
516292,17096,2024-12-11,7,2,0.05,51.3,16,Completed
514712,11431,2024-12-11,1,1,0.1,130.5,79,Completed
504274,13726,2024-12-11,1,1,0.05,137.75,79,Completed
503081,10471,2024-12-11,5,1,0.05,90.25,43,Completed
504580,14874,2024-12-11,3,3,0.2,115.2,63,Completed
516434,13905,2024-12-11,5,1,0.0,95.0,43,Completed
507036,12269,2024-12-11,2,1,0.05,68.4,34,Completed
503336,18432,2024-12-11,3,1,0.0,48.0,21,Completed
503748,13716,2024-12-11,3,1,0.0,48.0,21,Completed
515875,14969,2024-12-11,10,1,0.0,110.0,54,Completed
506909,12731,2024-12-12,6,2,0.0,70.0,26,Completed
509586,14980,2024-12-12,10,2,0.0,220.0,108,Completed
500985,13840,2024-12-12,10,1,0.05,104.5,54,Completed
511603,14185,2024-12-12,8,4,0.2,281.6,156,Completed
516956,11214,2024-12-12,3,1,0.05,45.6,21,Completed
507855,17139,2024-12-12,9,1,0.05,58.9,28,Completed
503993,11197,2024-12-12,7,2,0.0,54.0,16,Completed
512428,11650,2024-12-12,5,2,0.0,190.0,86,Completed
500462,16104,2024-12-12,2,1,0.05,68.4,34,Completed
503473,11482,2024-12-12,6,1,0.0,35.0,13,Completed
506393,13078,2024-12-12,3,1,0.05,45.6,21,Returned
509241,13059,2024-12-12,5,1,0.0,95.0,43,Completed
502363,16899,2024-12-12,8,2,0.0,176.0,78,Returned
515575,10774,2024-12-12,8,1,0.0,88.0,39,Completed
513386,15962,2024-12-12,3,1,0.05,45.6,21,Completed
514262,10193,2024-12-12,2,1,0.05,68.4,34,Completed
513118,10770,2024-12-12,1,2,0.05,275.5,158,Completed
501359,13360,2024-12-12,5,1,0.0,95.0,43,Completed
517979,12841,2024-12-12,10,2,0.0,220.0,108,Completed
516048,14070,2024-12-12,1,1,0.05,137.75,79,Completed
510912,11696,2024-12-12,5,1,0.15,80.75,43,Completed
502489,10390,2024-12-12,10,1,0.0,110.0,54,Completed
501404,13599,2024-12-12,10,2,0.0,220.0,108,Cancelled
516303,14222,2024-12-12,2,3,0.0,216.0,102,Completed
510513,12114,2024-12-12,5,1,0.0,95.0,43,Completed
506213,10742,2024-12-12,10,2,0.1,198.0,108,Completed
516276,12217,2024-12-12,2,2,0.05,136.8,68,Completed
505000,10785,2024-12-12,5,2,0.15,161.5,86,Completed
516895,10046,2024-12-12,10,1,0.2,88.0,54,Completed
512596,13659,2024-12-13,6,2,0.15,59.5,26,Cancelled
512041,13541,2024-12-13,5,2,0.0,190.0,86,Completed
515187,11990,2024-12-13,5,1,0.05,90.25,43,Completed
502037,10254,2024-12-13,2,3,0.0,216.0,102,Completed
510674,12021,2024-12-13,2,1,0.0,72.0,34,Completed
512506,15463,2024-12-13,5,1,0.05,90.25,43,Completed
502787,10179,2024-12-13,1,3,0.0,435.0,237,Completed
513447,15337,2024-12-13,5,1,0.05,90.25,43,Completed
514207,12725,2024-12-13,4,1,0.05,266.0,155,Completed
511593,15273,2024-12-13,10,1,0.0,110.0,54,Completed
507831,14305,2024-12-13,5,2,0.0,190.0,86,Completed
516379,17770,2024-12-13,1,1,0.15,123.25,79,Completed
506925,10076,2024-12-13,8,4,0.0,352.0,156,Completed
500888,10756,2024-12-13,5,2,0.1,171.0,86,Completed
506430,11033,2024-12-13,10,1,0.0,110.0,54,Completed
508139,13465,2024-12-13,1,1,0.1,130.5,79,Completed
502523,12223,2024-12-13,7,2,0.05,51.3,16,Completed
510185,12738,2024-12-13,2,1,0.15,61.2,34,Completed
505382,11375,2024-12-13,7,1,0.05,25.65,8,Completed
517510,11645,2024-12-13,7,1,0.0,27.0,8,Completed
513281,13979,2024-12-13,8,1,0.0,88.0,39,Completed
506323,11973,2024-12-13,2,1,0.0,72.0,34,Completed
503717,10180,2024-12-13,7,1,0.1,24.3,8,Completed
500685,11180,2024-12-13,1,1,0.0,145.0,79,Completed
510490,14800,2024-12-13,1,2,0.2,232.0,158,Completed
510041,13214,2024-12-13,10,1,0.1,99.0,54,Completed
514664,10687,2024-12-14,9,1,0.0,62.0,28,Completed
510589,12865,2024-12-14,1,2,0.0,290.0,158,Completed
506458,13429,2024-12-14,4,1,0.0,280.0,155,Completed
504726,13844,2024-12-14,9,2,0.15,105.4,56,Completed
516464,13689,2024-12-14,3,2,0.0,96.0,42,Completed
507431,16507,2024-12-14,6,2,0.1,63.0,26,Completed
512657,15324,2024-12-14,7,2,0.1,48.6,16,Completed
509818,17282,2024-12-14,10,1,0.0,110.0,54,Completed
502089,15623,2024-12-14,10,2,0.05,209.0,108,Completed
504837,10766,2024-12-14,9,1,0.2,49.6,28,Completed
501928,12193,2024-12-14,10,2,0.0,220.0,108,Completed
509284,14200,2024-12-14,2,3,0.2,172.8,102,Completed
504821,16622,2024-12-14,7,1,0.1,24.3,8,Completed
504056,15549,2024-12-14,5,2,0.1,171.0,86,Completed
506910,10934,2024-12-14,3,1,0.15,40.8,21,Completed
511971,16976,2024-12-14,7,1,0.0,27.0,8,Completed
505302,14331,2024-12-14,3,1,0.15,40.8,21,Completed
506981,13574,2024-12-14,1,3,0.0,435.0,237,Completed
507504,13344,2024-12-14,1,2,0.1,261.0,158,Completed
511021,17359,2024-12-14,8,2,0.1,158.4,78,Completed
503162,12445,2024-12-14,3,1,0.2,38.4,21,Completed
510348,16196,2024-12-14,1,1,0.05,137.75,79,Completed
513549,10880,2024-12-14,8,2,0.05,167.2,78,Returned
503207,16193,2024-12-14,1,1,0.05,137.75,79,Completed
501410,15984,2024-12-14,8,1,0.0,88.0,39,Completed
505530,10708,2024-12-14,5,1,0.0,95.0,43,Completed
513330,14282,2024-12-14,2,1,0.0,72.0,34,Completed
503388,12883,2024-12-15,6,1,0.0,35.0,13,Completed
507680,10433,2024-12-15,8,1,0.15,74.8,39,Completed
504262,13015,2024-12-15,2,1,0.0,72.0,34,Completed
515793,14147,2024-12-15,3,2,0.0,96.0,42,Completed
500428,10599,2024-12-15,3,1,0.0,48.0,21,Completed
512173,12137,2024-12-15,8,1,0.0,88.0,39,Completed
504339,13593,2024-12-15,8,1,0.05,83.6,39,Completed
508756,12803,2024-12-15,1,1,0.0,145.0,79,Returned
500415,11050,2024-12-15,6,1,0.0,35.0,13,Completed
506959,18095,2024-12-15,7,1,0.1,24.3,8,Completed
511451,12399,2024-12-15,5,1,0.1,85.5,43,Completed
501510,12631,2024-12-15,6,1,0.15,29.75,13,Completed
512434,11134,2024-12-15,7,1,0.1,24.3,8,Completed
500963,11117,2024-12-15,2,2,0.0,144.0,68,Completed
514012,16873,2024-12-15,7,1,0.0,27.0,8,Completed
515113,17386,2024-12-15,2,1,0.0,72.0,34,Completed
509182,14042,2024-12-15,10,1,0.1,99.0,54,Completed
508701,13499,2024-12-15,1,2,0.1,261.0,158,Completed
517968,15024,2024-12-15,2,3,0.05,205.2,102,Completed
510894,13934,2024-12-15,5,1,0.05,90.25,43,Returned
502617,15190,2024-12-15,4,4,0.05,1064.0,620,Completed
510157,13174,2024-12-15,7,3,0.0,81.0,24,Completed
502382,15127,2024-12-15,8,3,0.0,264.0,117,Completed
512222,14172,2024-12-15,1,1,0.05,137.75,79,Completed
506334,10789,2024-12-15,7,1,0.15,22.95,8,Completed
513181,15337,2024-12-16,3,1,0.05,45.6,21,Completed
516161,15581,2024-12-16,7,1,0.05,25.65,8,Completed
504710,10619,2024-12-16,2,2,0.1,129.6,68,Completed
511493,11351,2024-12-16,1,1,0.0,145.0,79,Completed
507388,11470,2024-12-16,6,1,0.05,33.25,13,Returned
517133,15478,2024-12-16,5,2,0.05,180.5,86,Completed
501438,17582,2024-12-16,5,1,0.0,95.0,43,Completed
510463,16183,2024-12-16,2,2,0.0,144.0,68,Completed
517330,15167,2024-12-16,9,1,0.05,58.9,28,Completed
502591,15556,2024-12-16,9,1,0.05,58.9,28,Completed
510469,14691,2024-12-16,1,1,0.05,137.75,79,Completed
501291,11550,2024-12-16,6,3,0.0,105.0,39,Completed
510421,15150,2024-12-16,4,1,0.0,280.0,155,Completed
511632,11982,2024-12-16,1,1,0.1,130.5,79,Completed
516817,12202,2024-12-17,9,1,0.1,55.8,28,Completed
516311,10550,2024-12-17,8,2,0.0,176.0,78,Completed
502782,12239,2024-12-17,9,1,0.0,62.0,28,Completed
500664,17030,2024-12-17,7,1,0.1,24.3,8,Completed
509343,12178,2024-12-17,8,1,0.0,88.0,39,Completed
509667,12093,2024-12-17,2,1,0.0,72.0,34,Completed
508882,11894,2024-12-17,5,3,0.1,256.5,129,Completed
513172,10394,2024-12-17,9,1,0.05,58.9,28,Completed
516620,10572,2024-12-17,5,1,0.05,90.25,43,Completed
515467,14071,2024-12-17,1,1,0.1,130.5,79,Completed
500989,13479,2024-12-17,1,1,0.1,130.5,79,Completed
509353,16274,2024-12-17,10,1,0.0,110.0,54,Completed
516682,18186,2024-12-17,9,1,0.0,62.0,28,Completed
513150,13786,2024-12-17,9,4,0.05,235.6,112,Completed
517526,17577,2024-12-17,10,1,0.0,110.0,54,Completed
511110,12451,2024-12-17,8,1,0.1,79.2,39,Cancelled
509361,12852,2024-12-17,9,1,0.0,62.0,28,Completed
514661,12683,2024-12-17,5,1,0.0,95.0,43,Completed
502298,14788,2024-12-17,4,2,0.1,504.0,310,Completed
504069,17561,2024-12-17,5,2,0.05,180.5,86,Completed
500301,10666,2024-12-17,6,1,0.0,35.0,13,Completed
517500,17148,2024-12-17,6,1,0.15,29.75,13,Completed
510471,10260,2024-12-18,1,2,0.0,290.0,158,Completed
514699,11311,2024-12-18,4,2,0.0,560.0,310,Returned
507970,17062,2024-12-18,1,1,0.2,116.0,79,Completed
504838,11202,2024-12-18,9,1,0.05,58.9,28,Completed
510556,10120,2024-12-18,2,1,0.15,61.2,34,Completed
515817,14369,2024-12-18,3,1,0.05,45.6,21,Completed
503372,11402,2024-12-18,6,1,0.0,35.0,13,Completed
511463,11171,2024-12-18,8,1,0.1,79.2,39,Completed
517116,14450,2024-12-18,3,1,0.05,45.6,21,Completed
503606,16320,2024-12-18,1,1,0.05,137.75,79,Returned
510425,12243,2024-12-18,10,1,0.15,93.5,54,Completed
505295,12410,2024-12-18,1,3,0.0,435.0,237,Completed
505936,16574,2024-12-18,2,1,0.05,68.4,34,Completed
514447,10446,2024-12-18,10,1,0.0,110.0,54,Completed
508586,12592,2024-12-18,2,1,0.0,72.0,34,Completed
504867,15908,2024-12-18,4,1,0.0,280.0,155,Completed
515917,13955,2024-12-18,2,1,0.0,72.0,34,Completed
512697,14923,2024-12-18,9,1,0.0,62.0,28,Returned
517876,14443,2024-12-18,7,2,0.0,54.0,16,Completed
516803,15919,2024-12-18,1,1,0.0,145.0,79,Completed
504010,12104,2024-12-18,5,2,0.15,161.5,86,Completed
512130,12372,2024-12-18,5,1,0.2,76.0,43,Completed
503905,14844,2024-12-18,10,1,0.0,110.0,54,Completed
500432,16196,2024-12-19,2,2,0.0,144.0,68,Completed
517016,10158,2024-12-19,5,1,0.05,90.25,43,Completed
504978,11171,2024-12-19,1,2,0.0,290.0,158,Completed
502829,13159,2024-12-19,7,1,0.1,24.3,8,Cancelled
500216,11198,2024-12-19,7,2,0.0,54.0,16,Completed
517033,15710,2024-12-19,6,2,0.15,59.5,26,Completed
506174,15950,2024-12-19,10,1,0.2,88.0,54,Completed
504147,12484,2024-12-19,5,2,0.05,180.5,86,Completed
513834,12043,2024-12-19,4,1,0.1,252.0,155,Completed
515440,10596,2024-12-19,2,2,0.1,129.6,68,Completed
510972,15733,2024-12-19,10,1,0.05,104.5,54,Completed
500898,10088,2024-12-19,10,1,0.0,110.0,54,Completed
507552,11307,2024-12-19,1,2,0.0,290.0,158,Completed
516606,17325,2024-12-19,5,4,0.0,380.0,172,Completed
502354,11803,2024-12-19,8,2,0.15,149.6,78,Completed
509252,11243,2024-12-19,8,1,0.05,83.6,39,Completed
512346,15737,2024-12-19,9,2,0.0,124.0,56,Completed
510763,11182,2024-12-19,7,1,0.0,27.0,8,Completed
500160,13076,2024-12-19,8,2,0.0,176.0,78,Completed
510663,15313,2024-12-19,3,3,0.0,144.0,63,Completed
515683,16695,2024-12-19,1,4,0.05,551.0,316,Completed
516505,11722,2024-12-19,8,2,0.1,158.4,78,Completed
515624,12684,2024-12-19,1,1,0.15,123.25,79,Completed
507069,11766,2024-12-19,4,3,0.05,798.0,465,Completed
507013,10993,2024-12-19,6,1,0.0,35.0,13,Completed
500069,14425,2024-12-20,6,2,0.15,59.5,26,Completed
504503,14212,2024-12-20,5,3,0.0,285.0,129,Completed
515795,11843,2024-12-20,10,2,0.0,220.0,108,Returned
505251,16052,2024-12-20,8,2,0.1,158.4,78,Completed
504288,11992,2024-12-20,7,1,0.05,25.65,8,Completed
517331,18004,2024-12-20,6,1,0.1,31.5,13,Cancelled
507987,11060,2024-12-20,9,1,0.0,62.0,28,Completed
507951,13099,2024-12-20,3,1,0.05,45.6,21,Completed
509598,11088,2024-12-20,8,2,0.05,167.2,78,Completed
501169,10232,2024-12-20,7,2,0.0,54.0,16,Completed
511550,13358,2024-12-20,4,2,0.0,560.0,310,Completed
517028,10187,2024-12-20,9,3,0.05,176.7,84,Completed
517351,11416,2024-12-20,9,1,0.0,62.0,28,Completed
505694,12666,2024-12-20,8,1,0.1,79.2,39,Completed
502652,11193,2024-12-20,7,1,0.05,25.65,8,Completed
517549,11430,2024-12-20,8,3,0.0,264.0,117,Returned
501077,16681,2024-12-20,1,1,0.0,145.0,79,Completed
509882,10327,2024-12-20,5,1,0.0,95.0,43,Completed
506634,10926,2024-12-20,7,2,0.1,48.6,16,Completed
505676,13939,2024-12-20,3,1,0.0,48.0,21,Completed
502372,10939,2024-12-20,7,2,0.15,45.9,16,Completed
505849,17512,2024-12-20,10,2,0.1,198.0,108,Completed
516395,16618,2024-12-20,7,1,0.0,27.0,8,Completed
508890,14761,2024-12-21,2,3,0.05,205.2,102,Completed
501433,13148,2024-12-21,9,1,0.0,62.0,28,Completed
501172,12703,2024-12-21,3,2,0.05,91.2,42,Completed
502211,12002,2024-12-21,5,1,0.05,90.25,43,Completed
507492,10179,2024-12-21,4,3,0.1,756.0,465,Completed
509094,11180,2024-12-21,1,1,0.05,137.75,79,Completed
511352,11524,2024-12-21,3,2,0.0,96.0,42,Completed
505262,13219,2024-12-21,7,1,0.0,27.0,8,Completed
506672,15561,2024-12-21,5,1,0.0,95.0,43,Completed
501725,17300,2024-12-21,1,2,0.0,290.0,158,Completed
500955,10719,2024-12-21,8,1,0.0,88.0,39,Completed
507341,13514,2024-12-21,9,1,0.0,62.0,28,Completed
509659,12646,2024-12-21,6,1,0.1,31.5,13,Completed
513792,14047,2024-12-21,6,1,0.2,28.0,13,Completed
516653,13135,2024-12-21,7,1,0.1,24.3,8,Completed
512425,10385,2024-12-21,10,1,0.0,110.0,54,Completed
502884,10241,2024-12-21,7,1,0.15,22.95,8,Completed
508125,11529,2024-12-21,1,2,0.0,290.0,158,Completed
500870,13742,2024-12-21,9,1,0.05,58.9,28,Completed
502218,16729,2024-12-21,3,1,0.05,45.6,21,Completed
513145,16316,2024-12-21,1,1,0.0,145.0,79,Completed
505743,14592,2024-12-21,5,2,0.05,180.5,86,Completed
508516,15145,2024-12-21,3,1,0.0,48.0,21,Completed
513945,13429,2024-12-21,7,1,0.05,25.65,8,Completed
509551,15938,2024-12-21,7,1,0.0,27.0,8,Completed
514338,14939,2024-12-21,6,2,0.15,59.5,26,Completed
510005,16122,2024-12-21,3,1,0.05,45.6,21,Completed
512330,10722,2024-12-21,10,1,0.0,110.0,54,Completed
503770,15829,2024-12-21,6,2,0.0,70.0,26,Completed
508982,13789,2024-12-21,2,2,0.15,122.4,68,Completed
503145,12953,2024-12-21,9,1,0.1,55.8,28,Cancelled
509378,14300,2024-12-21,8,1,0.0,88.0,39,Completed
504974,11162,2024-12-21,7,1,0.15,22.95,8,Completed
505375,11397,2024-12-22,1,1,0.0,145.0,79,Completed
516368,15183,2024-12-22,8,2,0.0,176.0,78,Completed
516857,10661,2024-12-22,5,1,0.0,95.0,43,Completed
501253,10516,2024-12-22,3,4,0.1,172.8,84,Completed
516309,11275,2024-12-22,9,1,0.05,58.9,28,Completed
507317,17054,2024-12-22,8,1,0.1,79.2,39,Completed
516513,10675,2024-12-22,2,2,0.0,144.0,68,Completed
509995,11305,2024-12-22,7,1,0.0,27.0,8,Completed
513756,16601,2024-12-22,2,3,0.15,183.6,102,Completed
516082,11975,2024-12-22,3,1,0.15,40.8,21,Completed
504645,15224,2024-12-22,1,1,0.0,145.0,79,Completed
514289,14086,2024-12-22,2,1,0.0,72.0,34,Completed
516033,13117,2024-12-22,2,2,0.15,122.4,68,Returned
500696,16227,2024-12-22,3,1,0.0,48.0,21,Completed
509175,10418,2024-12-22,3,2,0.05,91.2,42,Completed
501059,17594,2024-12-22,2,2,0.1,129.6,68,Completed
517781,12010,2024-12-22,10,2,0.05,209.0,108,Returned
512734,16501,2024-12-22,9,1,0.15,52.7,28,Completed
504315,12527,2024-12-22,4,2,0.0,560.0,310,Completed
500911,10861,2024-12-22,2,1,0.1,64.8,34,Completed
507252,15510,2024-12-22,7,1,0.15,22.95,8,Completed
507273,10198,2024-12-22,5,1,0.0,95.0,43,Completed
513375,12490,2024-12-23,10,1,0.0,110.0,54,Completed
511874,11568,2024-12-23,3,3,0.0,144.0,63,Completed
509106,13575,2024-12-23,9,1,0.2,49.6,28,Completed
516044,14501,2024-12-23,6,2,0.0,70.0,26,Completed
509747,11215,2024-12-23,6,2,0.0,70.0,26,Completed
509103,14548,2024-12-23,5,1,0.0,95.0,43,Completed
509240,12387,2024-12-23,5,1,0.0,95.0,43,Completed
510198,11209,2024-12-23,7,1,0.05,25.65,8,Returned
508073,11289,2024-12-23,1,1,0.15,123.25,79,Completed
507697,10629,2024-12-23,10,1,0.0,110.0,54,Completed
510451,11642,2024-12-23,9,1,0.0,62.0,28,Completed
504335,13673,2024-12-23,1,1,0.05,137.75,79,Completed
517187,10243,2024-12-23,2,3,0.0,216.0,102,Completed
503460,10515,2024-12-23,3,2,0.05,91.2,42,Returned
502768,11395,2024-12-23,3,1,0.0,48.0,21,Completed
508574,15961,2024-12-23,10,1,0.1,99.0,54,Completed
517158,12531,2024-12-23,1,1,0.05,137.75,79,Completed
511623,18273,2024-12-23,1,3,0.05,413.25,237,Completed
517055,16235,2024-12-23,6,3,0.1,94.5,39,Completed
506093,13166,2024-12-23,3,1,0.0,48.0,21,Completed
517810,10183,2024-12-23,7,2,0.05,51.3,16,Returned
506003,13559,2024-12-24,1,3,0.0,435.0,237,Completed
503057,11482,2024-12-24,3,2,0.0,96.0,42,Completed
515943,10874,2024-12-24,5,2,0.05,180.5,86,Returned
510335,11933,2024-12-24,5,1,0.1,85.5,43,Completed
508557,11316,2024-12-24,1,1,0.0,145.0,79,Completed
517716,14447,2024-12-24,3,2,0.0,96.0,42,Completed
501881,15963,2024-12-24,1,1,0.1,130.5,79,Completed
514204,17211,2024-12-24,6,2,0.1,63.0,26,Completed
515094,13357,2024-12-24,1,3,0.0,435.0,237,Completed
512254,15231,2024-12-24,5,1,0.0,95.0,43,Completed
512251,13502,2024-12-24,9,1,0.1,55.8,28,Completed
501194,16420,2024-12-24,4,2,0.15,476.0,310,Completed
510708,12738,2024-12-24,3,2,0.1,86.4,42,Completed
500639,12987,2024-12-24,6,1,0.0,35.0,13,Completed
501120,16937,2024-12-24,1,1,0.1,130.5,79,Completed
506709,10627,2024-12-24,10,1,0.0,110.0,54,Completed
502730,16633,2024-12-24,6,2,0.05,66.5,26,Completed
510160,11737,2024-12-24,4,1,0.1,252.0,155,Completed
503301,10260,2024-12-24,1,1,0.0,145.0,79,Completed
500947,14268,2024-12-24,3,1,0.0,48.0,21,Completed
502762,12073,2024-12-24,9,1,0.05,58.9,28,Completed
517018,11100,2024-12-24,1,1,0.1,130.5,79,Returned
510134,14687,2024-12-24,10,1,0.0,110.0,54,Completed
500096,13234,2024-12-24,6,3,0.0,105.0,39,Completed
507499,16364,2024-12-24,3,2,0.05,91.2,42,Completed
503638,15975,2024-12-24,4,1,0.0,280.0,155,Completed
501821,15737,2024-12-24,1,2,0.0,290.0,158,Returned
501829,13251,2024-12-25,5,3,0.05,270.75,129,Completed
508920,14553,2024-12-25,8,2,0.0,176.0,78,Completed
505887,10306,2024-12-25,9,1,0.05,58.9,28,Returned
506013,13363,2024-12-25,6,1,0.0,35.0,13,Completed
500785,12672,2024-12-25,7,1,0.1,24.3,8,Completed
515746,11236,2024-12-25,9,2,0.0,124.0,56,Completed
515249,13122,2024-12-25,9,1,0.1,55.8,28,Completed
508720,12532,2024-12-25,8,1,0.2,70.4,39,Completed
500859,15929,2024-12-25,3,1,0.0,48.0,21,Completed
506874,14208,2024-12-25,6,1,0.1,31.5,13,Completed
509281,18221,2024-12-25,1,1,0.05,137.75,79,Completed
515876,17245,2024-12-25,2,1,0.05,68.4,34,Completed
510966,12919,2024-12-25,6,1,0.05,33.25,13,Completed
507477,10107,2024-12-25,7,1,0.0,27.0,8,Completed
504892,10027,2024-12-25,9,1,0.0,62.0,28,Completed
500968,12450,2024-12-25,5,3,0.0,285.0,129,Completed
503581,11896,2024-12-25,9,1,0.0,62.0,28,Completed
517454,17264,2024-12-25,7,2,0.0,54.0,16,Cancelled
510816,10194,2024-12-25,5,1,0.05,90.25,43,Completed
504683,12830,2024-12-25,8,1,0.0,88.0,39,Completed
504958,14565,2024-12-25,6,1,0.0,35.0,13,Completed
508162,15886,2024-12-25,3,3,0.05,136.8,63,Completed
516041,17625,2024-12-25,7,1,0.0,27.0,8,Completed
512151,10601,2024-12-25,2,1,0.05,68.4,34,Completed
510445,17751,2024-12-25,3,3,0.05,136.8,63,Completed
505604,17481,2024-12-25,8,2,0.0,176.0,78,Completed
512796,11207,2024-12-25,6,1,0.0,35.0,13,Completed
507023,11841,2024-12-25,6,2,0.0,70.0,26,Completed
508817,12077,2024-12-26,6,1,0.05,33.25,13,Completed
512566,14835,2024-12-26,8,1,0.0,88.0,39,Completed
500197,10941,2024-12-26,9,1,0.05,58.9,28,Completed
507234,11026,2024-12-26,3,1,0.15,40.8,21,Completed
513741,14499,2024-12-26,10,1,0.0,110.0,54,Completed
502054,10622,2024-12-26,5,1,0.0,95.0,43,Completed
500655,11301,2024-12-26,7,1,0.05,25.65,8,Completed
505378,11583,2024-12-26,8,1,0.0,88.0,39,Completed
514647,10438,2024-12-26,6,1,0.1,31.5,13,Completed
508874,16275,2024-12-26,1,1,0.0,145.0,79,Returned
510278,15328,2024-12-26,5,4,0.0,380.0,172,Completed
506808,13789,2024-12-26,7,1,0.0,27.0,8,Completed
505155,16529,2024-12-26,1,1,0.0,145.0,79,Completed
510496,16489,2024-12-26,9,1,0.05,58.9,28,Completed
508846,16327,2024-12-26,6,1,0.15,29.75,13,Completed
508903,10198,2024-12-26,9,2,0.05,117.8,56,Completed
512364,17641,2024-12-26,8,1,0.2,70.4,39,Completed
513853,13904,2024-12-26,10,1,0.0,110.0,54,Completed
514975,12557,2024-12-26,7,1,0.0,27.0,8,Completed
512030,13443,2024-12-26,6,2,0.05,66.5,26,Returned
508404,11400,2024-12-26,1,2,0.05,275.5,158,Completed
517040,16830,2024-12-26,9,4,0.15,210.8,112,Completed
508281,16769,2024-12-26,5,1,0.05,90.25,43,Completed
500792,12022,2024-12-26,7,1,0.0,27.0,8,Completed
509765,13744,2024-12-26,8,1,0.1,79.2,39,Completed
508806,11593,2024-12-27,7,2,0.0,54.0,16,Completed
503085,14628,2024-12-27,3,1,0.0,48.0,21,Completed
507657,11337,2024-12-27,6,1,0.1,31.5,13,Completed
500016,12828,2024-12-27,2,2,0.0,144.0,68,Completed
513482,13321,2024-12-27,1,2,0.0,290.0,158,Returned
509495,11048,2024-12-27,7,1,0.15,22.95,8,Completed
500999,17543,2024-12-27,6,2,0.1,63.0,26,Completed
506392,15945,2024-12-27,9,1,0.2,49.6,28,Completed
506765,17464,2024-12-27,8,1,0.2,70.4,39,Completed
500748,13095,2024-12-27,1,1,0.0,145.0,79,Completed
513981,12550,2024-12-27,6,1,0.1,31.5,13,Completed
506475,15963,2024-12-27,10,2,0.0,220.0,108,Cancelled
502555,12155,2024-12-27,4,1,0.05,266.0,155,Completed
504437,17622,2024-12-27,7,2,0.0,54.0,16,Completed
514231,17878,2024-12-27,7,2,0.0,54.0,16,Completed
510117,11850,2024-12-27,8,1,0.05,83.6,39,Completed
515303,10065,2024-12-27,5,1,0.0,95.0,43,Completed
515954,12268,2024-12-27,9,2,0.15,105.4,56,Completed
513215,14879,2024-12-27,7,2,0.0,54.0,16,Completed
514019,14316,2024-12-27,8,1,0.0,88.0,39,Cancelled
501002,16384,2024-12-27,2,3,0.0,216.0,102,Completed
503773,15862,2024-12-28,5,1,0.0,95.0,43,Completed
507667,10222,2024-12-28,4,1,0.1,252.0,155,Completed
505719,10002,2024-12-28,2,1,0.0,72.0,34,Completed
510809,13276,2024-12-28,7,2,0.1,48.6,16,Completed
512267,14666,2024-12-28,6,1,0.15,29.75,13,Completed
516125,17894,2024-12-28,5,1,0.15,80.75,43,Completed
506303,13569,2024-12-28,1,1,0.05,137.75,79,Completed
501117,12703,2024-12-28,8,1,0.0,88.0,39,Completed
513519,16251,2024-12-28,3,3,0.0,144.0,63,Completed
513468,16366,2024-12-28,2,1,0.2,57.6,34,Completed
506225,12823,2024-12-28,3,1,0.1,43.2,21,Completed
506205,15837,2024-12-28,4,2,0.05,532.0,310,Completed
514309,13324,2024-12-28,8,2,0.0,176.0,78,Completed
511542,10100,2024-12-28,2,3,0.0,216.0,102,Completed
514747,10880,2024-12-28,5,3,0.0,285.0,129,Completed
514536,17468,2024-12-28,2,1,0.0,72.0,34,Completed
515930,11632,2024-12-28,6,1,0.05,33.25,13,Completed
500744,10112,2024-12-28,6,1,0.0,35.0,13,Completed
508796,18170,2024-12-28,8,1,0.1,79.2,39,Completed
510535,16580,2024-12-28,7,1,0.05,25.65,8,Completed
516540,10221,2024-12-28,1,1,0.0,145.0,79,Completed
509044,12825,2024-12-28,8,4,0.0,352.0,156,Completed
513810,10754,2024-12-28,5,2,0.0,190.0,86,Completed
500822,10702,2024-12-29,1,1,0.15,123.25,79,Completed
511952,13116,2024-12-29,6,1,0.0,35.0,13,Completed
510632,14090,2024-12-29,8,1,0.0,88.0,39,Completed
508272,15623,2024-12-29,4,2,0.0,560.0,310,Completed
512681,15560,2024-12-29,3,2,0.05,91.2,42,Completed
509983,13707,2024-12-29,8,2,0.05,167.2,78,Completed
501243,15676,2024-12-29,1,3,0.2,348.0,237,Completed
514961,10394,2024-12-29,6,1,0.0,35.0,13,Completed
500220,10583,2024-12-29,6,1,0.15,29.75,13,Returned
507485,15627,2024-12-29,2,2,0.05,136.8,68,Completed
517774,18156,2024-12-29,9,2,0.05,117.8,56,Completed
503274,17368,2024-12-29,2,1,0.05,68.4,34,Completed
500464,12209,2024-12-29,5,1,0.0,95.0,43,Cancelled
505553,10023,2024-12-29,4,1,0.05,266.0,155,Completed
512579,14518,2024-12-29,10,2,0.1,198.0,108,Completed
514137,12945,2024-12-29,10,1,0.05,104.5,54,Completed
500456,11469,2024-12-29,8,1,0.05,83.6,39,Completed
513421,12745,2024-12-29,1,2,0.0,290.0,158,Completed
510838,13444,2024-12-29,9,3,0.0,186.0,84,Completed
508206,11645,2024-12-29,10,1,0.15,93.5,54,Completed
507354,10817,2024-12-29,3,1,0.0,48.0,21,Completed
501934,16583,2024-12-29,2,2,0.1,129.6,68,Completed
506939,15859,2024-12-29,7,2,0.05,51.3,16,Completed
517849,18406,2024-12-29,3,2,0.0,96.0,42,Completed
508186,18429,2024-12-29,9,1,0.0,62.0,28,Returned
514861,11534,2024-12-29,3,1,0.0,48.0,21,Completed
510076,16760,2024-12-29,4,3,0.2,672.0,465,Completed
509155,15040,2024-12-29,5,1,0.0,95.0,43,Completed
504422,18176,2024-12-29,3,1,0.1,43.2,21,Completed
510938,14662,2024-12-29,9,2,0.0,124.0,56,Completed
501972,17849,2024-12-29,6,2,0.0,70.0,26,Completed
510917,12186,2024-12-29,3,2,0.0,96.0,42,Completed
501050,12112,2024-12-29,5,3,0.1,256.5,129,Completed
507723,14459,2024-12-30,10,1,0.05,104.5,54,Completed
514689,10736,2024-12-30,5,2,0.1,171.0,86,Cancelled
502558,12420,2024-12-30,10,1,0.0,110.0,54,Completed
509043,15095,2024-12-30,5,1,0.05,90.25,43,Completed
511345,18017,2024-12-30,10,1,0.1,99.0,54,Completed
514050,16714,2024-12-30,9,1,0.1,55.8,28,Completed
517704,17504,2024-12-30,3,1,0.0,48.0,21,Completed
507316,12836,2024-12-30,10,2,0.1,198.0,108,Completed
507570,18188,2024-12-30,9,1,0.0,62.0,28,Completed
513308,10061,2024-12-30,3,1,0.1,43.2,21,Completed
517565,17637,2024-12-30,1,1,0.05,137.75,79,Completed
503283,13275,2024-12-30,2,2,0.1,129.6,68,Completed
512260,14878,2024-12-30,9,2,0.05,117.8,56,Completed
511432,17517,2024-12-30,1,1,0.0,145.0,79,Completed
506229,10658,2024-12-30,1,2,0.1,261.0,158,Completed
506954,10180,2024-12-30,7,1,0.0,27.0,8,Completed
