customer_id,signup_date,region,acquisition_channel
10001,2022-03-07,South,Referral
10002,2023-07-19,North,Organic
10003,2023-04-23,North,Email
10004,2022-11-17,East,Organic
10005,2022-11-13,West,Referral
10006,2023-09-19,North,Social
10007,2022-03-04,North,Organic
10008,2023-05-25,South,Organic
10009,2022-05-28,West,Paid Search
10010,2022-03-10,North,Paid Search
10011,2023-01-20,West,Social
10012,2023-12-14,West,Paid Search
10013,2023-06-22,South,Paid Search
10014,2023-07-10,West,Email
10015,2023-06-08,East,Paid Search
10016,2023-07-28,East,Organic
10017,2023-01-10,South,Organic
10018,2022-04-04,West,Paid Search
10019,2023-09-06,West,Email
10020,2022-11-25,West,Organic
10021,2023-01-01,West,Paid Search
10022,2022-09-28,South,Organic
10023,2022-05-14,West,Email
10024,2023-11-08,West,Organic
10025,2023-07-25,North,Paid Search
10026,2023-04-16,North,Organic
10027,2022-10-21,South,Paid Search
10028,2023-08-24,West,Organic
10029,2023-02-03,South,Paid Search
10030,2022-11-20,East,Social
10031,2022-11-25,North,Organic
10032,2022-06-15,South,Social
10033,2022-03-09,East,Email
10034,2023-02-09,North,Paid Search
10035,2023-10-11,West,Email
10036,2022-02-16,North,Paid Search
10037,2023-09-19,West,Email
10038,2023-08-28,North,Social
10039,2022-07-22,West,Social
10040,2023-04-07,East,Organic
10041,2022-05-01,North,Email
10042,2023-07-08,North,Organic
10043,2023-05-27,North,Paid Search
10044,2022-09-16,East,Organic
10045,2022-02-19,West,Organic
10046,2023-12-10,South,Email
10047,2022-11-22,South,Social
10048,2023-10-14,East,Organic
10049,2023-05-10,East,Paid Search
10050,2023-07-23,East,Email
10051,2023-07-09,South,Referral
10052,2022-05-23,East,Email
10053,2022-09-23,West,Organic
10054,2022-12-07,South,Organic
10055,2022-12-30,North,Email
10056,2022-02-01,North,Organic
10057,2023-02-03,East,Referral
10058,2022-04-23,South,Referral
10059,2023-06-27,West,Referral
10060,2023-05-14,East,Organic
10061,2023-11-05,East,Email
10062,2023-06-28,West,Email
10063,2022-09-25,North,Organic
10064,2023-12-08,West,Organic
10065,2022-10-27,North,Organic
10066,2022-08-26,East,Paid Search
10067,2023-10-24,West,Referral
10068,2022-09-28,West,Social
10069,2022-02-25,West,Organic
10070,2022-12-09,South,Paid Search
10071,2023-08-04,West,Organic
10072,2022-05-19,East,Organic
10073,2022-12-04,East,Organic
10074,2022-04-05,North,Email
10075,2023-05-17,North,Email
10076,2022-12-14,East,Social
10077,2022-08-30,North,Social
10078,2022-06-15,East,Organic
10079,2023-02-17,West,Social
10080,2023-05-04,West,Organic
10081,2023-11-18,North,Paid Search
10082,2022-11-16,West,Paid Search
10083,2022-04-28,North,Organic
10084,2023-08-31,South,Organic
10085,2023-04-05,West,Organic
10086,2023-05-27,North,Organic
10087,2022-03-12,North,Referral
10088,2022-08-17,North,Organic
10089,2023-07-15,East,Paid Search
10090,2023-08-31,West,Referral
10091,2022-11-14,North,Paid Search
10092,2023-08-11,North,Paid Search
10093,2023-09-07,East,Referral
10094,2022-10-10,North,Organic
10095,2023-10-18,East,Organic
10096,2022-07-30,West,Paid Search
10097,2022-06-24,West,Paid Search
10098,2023-05-14,West,Social
10099,2023-04-10,East,Organic
10100,2022-04-13,West,Email
10101,2023-08-31,North,Email
10102,2022-05-26,North,Referral
10103,2023-08-11,East,Organic
10104,2022-01-06,North,Organic
10105,2023-08-05,West,Referral
10106,2023-07-29,East,Email
10107,2023-07-24,West,Organic
10108,2023-05-01,South,Organic
10109,2022-12-11,South,Social
10110,2023-05-30,East,Paid Search
10111,2022-07-22,North,Paid Search
10112,2023-07-24,East,Social
10113,2023-02-10,East,Organic
10114,2022-12-02,West,Organic
10115,2023-01-05,East,Email
10116,2023-02-20,North,Social
10117,2022-01-28,South,Organic
10118,2022-04-13,East,Email
10119,2022-06-29,North,Organic
10120,2022-03-25,South,Organic
10121,2022-11-17,South,Referral
10122,2023-05-03,North,Organic
10123,2023-04-23,East,Organic
10124,2022-12-10,North,Social
10125,2023-09-17,East,Paid Search
10126,2023-02-17,North,Paid Search
10127,2022-02-27,East,Social
10128,2023-07-13,North,Organic
10129,2023-02-24,West,Email
10130,2023-04-09,North,Organic
10131,2023-02-17,East,Organic
10132,2023-02-09,South,Email
10133,2022-03-08,North,Organic
10134,2023-02-13,South,Social
10135,2023-08-04,West,Referral
10136,2022-08-10,West,Social
10137,2023-03-17,South,Paid Search
10138,2022-01-23,North,Organic
10139,2022-09-11,East,Social
10140,2022-11-15,East,Paid Search
10141,2023-12-19,North,Email
10142,2022-06-06,West,Social
10143,2022-07-21,East,Organic
10144,2022-10-26,East,Organic
10145,2023-12-26,South,Email
10146,2023-09-15,South,Email
10147,2022-01-26,North,Organic
10148,2022-06-20,West,Email
10149,2023-08-23,North,Social
10150,2022-02-12,West,Paid Search
10151,2023-09-17,West,Organic
10152,2022-07-25,East,Email
10153,2023-11-01,North,Social
10154,2022-08-03,North,Referral
10155,2022-11-14,South,Organic
10156,2023-04-29,East,Social
10157,2022-04-03,West,Social
10158,2023-02-11,South,Email
10159,2023-01-04,West,Organic
10160,2023-07-27,North,Organic
10161,2023-12-29,South,Paid Search
10162,2023-04-30,North,Organic
10163,2022-10-26,East,Organic
10164,2022-10-24,North,Referral
10165,2022-11-02,North,Organic
10166,2023-08-18,West,Referral
10167,2022-08-23,East,Paid Search
10168,2022-05-02,North,Social
10169,2022-09-02,North,Organic
10170,2022-01-17,East,Email
10171,2022-03-19,South,Paid Search
10172,2022-03-07,North,Referral
10173,2023-07-18,East,Organic
10174,2023-06-12,North,Organic
10175,2023-05-24,East,Referral
10176,2022-12-04,South,Organic
10177,2023-06-08,North,Email
10178,2022-04-28,North,Organic
10179,2023-10-20,North,Organic
10180,2023-01-01,North,Email
10181,2023-11-16,South,Paid Search
10182,2022-04-22,West,Email
10183,2022-12-30,West,Paid Search
10184,2023-05-24,South,Social
10185,2022-12-28,East,Referral
10186,2022-11-22,East,Organic
10187,2022-05-02,West,Paid Search
10188,2022-10-06,North,Paid Search
10189,2022-06-24,South,Social
10190,2022-08-09,South,Paid Search
10191,2023-05-15,North,Email
10192,2023-04-06,South,Paid Search
10193,2023-03-20,West,Email
10194,2022-09-22,West,Social
10195,2023-12-02,North,Paid Search
10196,2022-03-05,South,Paid Search
10197,2022-09-08,South,Organic
10198,2022-03-28,South,Paid Search
10199,2022-09-05,East,Organic
10200,2023-12-04,North,Social
10201,2022-09-25,West,Paid Search
10202,2023-10-26,West,Organic
10203,2022-12-28,East,Organic
10204,2023-05-26,East,Paid Search
10205,2022-11-30,East,Referral
10206,2022-07-14,South,Organic
10207,2023-07-12,North,Organic
10208,2023-12-09,East,Paid Search
10209,2022-07-12,North,Referral
10210,2023-07-23,West,Social
10211,2022-07-10,South,Organic
10212,2023-06-08,South,Email
10213,2023-07-30,South,Social
10214,2022-11-25,West,Social
10215,2023-06-22,North,Paid Search
10216,2022-07-18,North,Social
10217,2022-02-27,North,Email
10218,2022-03-12,East,Organic
10219,2022-11-23,West,Organic
10220,2023-10-21,North,Paid Search
10221,2022-04-04,West,Organic
10222,2022-11-29,North,Paid Search
10223,2023-05-29,East,Social
10224,2022-05-28,North,Social
10225,2023-06-11,South,Organic
10226,2022-08-12,East,Organic
10227,2023-08-14,East,Email
10228,2023-02-27,North,Paid Search
10229,2023-02-04,West,Organic
10230,2022-05-10,West,Social
10231,2022-12-05,South,Organic
10232,2023-09-18,East,Organic
10233,2022-01-15,West,Social
10234,2023-07-08,North,Email
10235,2022-12-26,West,Paid Search
10236,2023-06-10,South,Email
10237,2023-04-30,West,Referral
10238,2022-11-12,North,Organic
10239,2022-08-14,South,Email
10240,2023-04-03,East,Organic
10241,2022-04-13,East,Paid Search
10242,2023-03-03,West,Paid Search
10243,2022-03-11,West,Paid Search
10244,2023-04-20,North,Organic
10245,2023-04-04,North,Social
10246,2022-03-03,South,Paid Search
10247,2023-07-07,South,Social
10248,2022-10-31,South,Paid Search
10249,2023-07-29,West,Social
10250,2022-01-31,West,Paid Search
10251,2022-05-12,North,Paid Search
10252,2022-12-27,South,Email
10253,2022-05-18,East,Social
10254,2022-08-29,South,Paid Search
10255,2023-04-28,North,Paid Search
10256,2022-04-16,South,Email
10257,2023-05-10,South,Email
10258,2022-03-17,North,Paid Search
10259,2022-05-08,West,Social
10260,2023-03-05,South,Paid Search
10261,2023-08-03,East,Paid Search
10262,2022-05-05,East,Email
10263,2022-08-07,West,Referral
10264,2023-11-07,North,Organic
10265,2023-12-24,North,Organic
10266,2023-03-01,South,Organic
10267,2022-11-23,South,Email
10268,2022-09-11,South,Paid Search
10269,2023-03-24,West,Paid Search
10270,2023-03-08,North,Organic
10271,2022-08-04,North,Social
10272,2022-01-17,South,Paid Search
10273,2022-04-21,West,Email
10274,2023-12-01,West,Organic
10275,2022-11-02,East,Organic
10276,2022-12-19,East,Organic
10277,2022-12-07,East,Paid Search
10278,2023-07-26,East,Paid Search
10279,2022-02-17,North,Organic
10280,2022-03-02,East,Paid Search
10281,2022-07-21,West,Organic
10282,2022-12-22,South,Paid Search
10283,2023-05-05,East,Organic
10284,2022-12-25,South,Organic
10285,2022-11-19,East,Organic
10286,2023-11-16,North,Email
10287,2022-04-28,East,Referral
10288,2023-02-22,West,Email
10289,2023-01-31,North,Organic
10290,2022-12-12,South,Referral
10291,2023-08-13,North,Referral
10292,2022-07-14,North,Paid Search
10293,2023-11-28,West,Organic
10294,2022-08-31,South,Email
10295,2023-02-02,South,Referral
10296,2023-01-16,North,Social
10297,2023-09-13,West,Email
10298,2022-11-17,North,Email
10299,2022-07-27,East,Referral
10300,2022-01-16,South,Organic
10301,2022-09-23,North,Organic
10302,2023-08-27,East,Social
10303,2022-01-08,North,Organic
10304,2023-10-17,East,Paid Search
10305,2023-02-01,North,Organic
10306,2022-04-13,East,Organic
10307,2022-08-09,West,Organic
10308,2023-02-09,East,Paid Search
10309,2022-08-19,North,Paid Search
10310,2022-03-21,East,Paid Search
10311,2023-05-02,West,Organic
10312,2023-05-06,North,Referral
10313,2022-03-28,North,Email
10314,2022-07-25,West,Referral
10315,2022-06-28,North,Paid Search
10316,2023-04-27,East,Organic
10317,2023-06-18,West,Social
10318,2023-06-15,North,Social
10319,2023-11-17,East,Organic
10320,2023-07-16,East,Email
10321,2022-08-23,South,Email
10322,2022-03-20,West,Organic
10323,2023-03-25,North,Paid Search
10324,2023-10-31,South,Organic
10325,2023-12-13,West,Organic
10326,2022-06-18,North,Social
10327,2022-06-22,West,Paid Search
10328,2022-01-28,North,Social
10329,2022-04-14,South,Email
10330,2023-02-10,North,Referral
10331,2023-02-04,East,Paid Search
10332,2022-09-28,West,Paid Search
10333,2022-08-15,West,Organic
10334,2023-08-29,West,Email
10335,2022-12-02,East,Paid Search
10336,2023-08-14,West,Email
10337,2023-12-05,East,Paid Search
10338,2022-08-20,West,Organic
10339,2022-05-28,East,Social
10340,2023-11-27,West,Social
10341,2023-04-09,North,Paid Search
10342,2022-08-01,South,Email
10343,2023-03-30,East,Paid Search
10344,2023-01-11,North,Social
10345,2023-10-24,North,Paid Search
10346,2022-07-06,West,Paid Search
10347,2023-12-25,South,Organic
10348,2023-11-15,North,Organic
10349,2022-05-12,South,Social
10350,2022-05-01,South,Paid Search
10351,2023-01-25,East,Organic
10352,2022-02-02,West,Organic
10353,2022-08-07,West,Paid Search
10354,2022-11-14,East,Email
10355,2023-12-09,East,Paid Search
10356,2023-12-26,South,Social
10357,2022-04-21,West,Social
10358,2023-10-13,North,Paid Search
10359,2022-03-08,North,Social
10360,2023-07-01,West,Organic
10361,2023-09-10,West,Paid Search
10362,2023-10-13,South,Organic
10363,2022-06-13,East,Organic
10364,2023-10-15,South,Organic
10365,2022-03-26,South,Organic
10366,2023-01-14,South,Social
10367,2022-12-09,North,Paid Search
10368,2022-08-19,East,Referral
10369,2022-01-17,South,Paid Search
10370,2023-07-18,East,Email
10371,2022-09-02,North,Organic
10372,2023-04-29,West,Paid Search
10373,2022-10-27,East,Paid Search
10374,2022-09-30,West,Referral
10375,2023-10-09,North,Referral
10376,2022-03-10,East,Organic
10377,2023-06-22,West,Email
10378,2023-06-30,South,Email
10379,2022-10-05,North,Paid Search
10380,2022-07-11,North,Organic
10381,2022-01-04,North,Email
10382,2023-11-15,South,Social
10383,2023-11-23,South,Paid Search
10384,2022-06-25,North,Paid Search
10385,2022-01-24,East,Organic
10386,2022-03-31,North,Referral
10387,2022-02-19,South,Organic
10388,2023-08-30,East,Organic
10389,2023-10-14,North,Organic
10390,2022-04-22,North,Social
10391,2023-06-30,North,Email
10392,2022-05-11,North,Organic
10393,2022-09-26,South,Organic
10394,2023-03-14,North,Social
10395,2023-06-10,North,Paid Search
10396,2023-10-01,West,Organic
10397,2022-02-02,West,Referral
10398,2022-05-24,North,Organic
10399,2022-07-24,South,Paid Search
10400,2022-08-15,South,Organic
10401,2023-12-30,West,Social
10402,2023-07-22,West,Social
10403,2022-08-22,North,Paid Search
10404,2023-12-11,North,Email
10405,2022-12-31,South,Referral
10406,2023-01-01,West,Social
10407,2022-11-13,West,Paid Search
10408,2022-04-16,North,Paid Search
10409,2023-11-14,East,Social
10410,2022-01-11,North,Organic
10411,2022-05-08,East,Organic
10412,2022-06-17,West,Organic
10413,2022-07-23,South,Social
10414,2022-04-07,North,Organic
10415,2022-01-14,East,Organic
10416,2023-05-10,South,Email
10417,2023-12-09,West,Organic
10418,2022-03-30,South,Organic
10419,2022-08-05,West,Paid Search
10420,2023-01-05,North,Organic
10421,2023-11-09,North,Referral
10422,2023-05-22,South,Organic
10423,2023-07-14,North,Social
10424,2023-03-01,South,Paid Search
10425,2022-11-01,East,Organic
10426,2022-05-26,North,Organic
10427,2023-09-23,North,Paid Search
10428,2023-08-11,North,Paid Search
10429,2022-01-19,North,Organic
10430,2023-06-07,West,Referral
10431,2022-03-03,West,Paid Search
10432,2023-06-24,North,Referral
10433,2023-08-26,West,Organic
10434,2022-04-06,East,Organic
10435,2022-11-13,West,Email
10436,2022-04-01,South,Organic
10437,2023-02-19,South,Organic
10438,2023-11-09,South,Organic
10439,2022-03-01,West,Organic
10440,2022-10-18,East,Social
10441,2023-12-12,South,Organic
10442,2022-08-08,North,Referral
10443,2022-04-07,East,Organic
10444,2022-12-23,West,Paid Search
10445,2023-01-07,South,Paid Search
10446,2023-04-29,East,Paid Search
10447,2022-08-18,South,Social
10448,2023-11-29,South,Social
10449,2023-01-16,East,Organic
10450,2022-07-29,West,Paid Search
10451,2023-12-03,West,Social
10452,2023-11-07,South,Organic
10453,2022-12-31,South,Paid Search
10454,2022-01-19,South,Organic
10455,2023-03-12,North,Paid Search
10456,2023-02-10,South,Paid Search
10457,2022-04-19,North,Paid Search
10458,2023-04-08,South,Social
10459,2023-09-06,North,Paid Search
10460,2022-03-19,South,Referral
10461,2023-06-13,West,Email
10462,2022-04-13,North,Paid Search
10463,2023-07-01,East,Paid Search
10464,2022-11-02,West,Paid Search
10465,2022-01-05,East,Social
10466,2023-12-07,North,Organic
10467,2022-05-02,South,Referral
10468,2023-03-12,East,Email
10469,2022-05-13,East,Email
10470,2023-11-13,North,Paid Search
10471,2023-06-23,South,Paid Search
10472,2023-08-11,East,Email
10473,2022-11-12,North,Email
10474,2022-12-08,East,Organic
10475,2023-04-09,North,Email
10476,2023-07-27,South,Paid Search
10477,2023-09-11,West,Email
10478,2022-01-14,North,Paid Search
10479,2023-04-30,East,Organic
10480,2022-03-21,South,Social
10481,2022-07-30,South,Paid Search
10482,2023-08-29,West,Paid Search
10483,2022-07-02,South,Email
10484,2023-08-05,North,Email
10485,2022-12-04,West,Social
10486,2022-06-19,East,Organic
10487,2022-09-01,East,Organic
10488,2023-01-23,North,Email
10489,2023-07-13,North,Organic
10490,2023-03-19,East,Organic
10491,2023-11-13,North,Organic
10492,2023-09-26,North,Organic
10493,2023-07-04,West,Referral
10494,2023-03-17,South,Organic
10495,2022-07-31,North,Organic
10496,2022-10-29,North,Referral
10497,2022-03-28,South,Referral
10498,2022-10-01,East,Organic
10499,2023-11-08,West,Social
10500,2022-11-07,North,Organic
10501,2022-03-25,North,Social
10502,2023-04-21,East,Organic
10503,2023-12-04,South,Paid Search
10504,2023-09-26,South,Organic
10505,2022-07-20,West,Email
10506,2022-11-28,East,Organic
10507,2023-01-23,South,Paid Search
10508,2022-06-30,West,Email
10509,2022-07-16,North,Organic
10510,2022-06-22,West,Social
10511,2023-12-28,East,Paid Search
10512,2023-06-29,East,Organic
10513,2023-09-06,West,Organic
10514,2023-08-20,East,Paid Search
10515,2023-12-02,South,Organic
10516,2022-03-18,North,Paid Search
10517,2023-10-06,East,Email
10518,2022-02-18,East,Paid Search
10519,2022-12-14,North,Paid Search
10520,2023-03-10,East,Social
10521,2022-09-19,East,Organic
10522,2022-04-17,South,Email
10523,2022-05-21,North,Social
10524,2023-08-26,South,Organic
10525,2022-08-21,North,Email
10526,2022-08-15,North,Referral
10527,2023-11-06,South,Paid Search
10528,2022-04-16,North,Referral
10529,2023-10-31,North,Organic
10530,2023-11-04,East,Paid Search
10531,2023-03-13,South,Organic
10532,2022-05-01,West,Organic
10533,2022-04-24,West,Referral
10534,2022-07-27,East,Organic
10535,2023-02-26,West,Referral
10536,2022-04-23,West,Email
10537,2022-11-29,South,Referral
10538,2022-03-26,East,Referral
10539,2023-01-30,North,Paid Search
10540,2022-01-16,East,Referral
10541,2023-06-02,South,Social
10542,2022-02-10,North,Paid Search
10543,2022-05-23,North,Email
10544,2022-05-08,West,Organic
10545,2023-08-30,South,Organic
10546,2022-02-08,North,Organic
10547,2022-11-10,North,Paid Search
10548,2023-03-08,South,Organic
10549,2023-01-12,West,Paid Search
10550,2023-05-12,West,Email
10551,2023-08-10,South,Email
10552,2022-10-15,North,Social
10553,2023-08-28,North,Referral
10554,2022-08-21,South,Social
10555,2023-12-20,West,Email
10556,2023-01-04,East,Organic
10557,2023-06-22,South,Referral
10558,2023-10-01,East,Organic
10559,2023-08-02,South,Organic
10560,2023-09-14,East,Organic
10561,2023-01-27,East,Email
10562,2022-02-01,East,Email
10563,2022-12-26,East,Organic
10564,2022-05-13,West,Social
10565,2023-10-12,South,Organic
10566,2022-06-22,North,Organic
10567,2022-06-16,North,Paid Search
10568,2022-07-02,East,Paid Search
10569,2023-04-15,East,Social
10570,2023-02-21,East,Organic
10571,2023-11-24,East,Organic
10572,2022-10-31,North,Organic
10573,2022-07-26,East,Social
10574,2022-02-05,East,Referral
10575,2022-01-06,South,Email
10576,2022-09-30,South,Email
10577,2023-11-07,North,Referral
10578,2023-01-18,South,Organic
10579,2023-10-15,West,Organic
10580,2022-03-16,West,Paid Search
10581,2022-03-10,East,Organic
10582,2023-09-01,South,Paid Search
10583,2022-03-19,East,Paid Search
10584,2022-02-07,East,Organic
10585,2022-10-22,South,Paid Search
10586,2023-11-07,West,Paid Search
10587,2023-05-19,North,Organic
10588,2022-03-14,North,Social
10589,2023-09-04,North,Email
10590,2023-09-08,North,Organic
10591,2023-08-08,West,Organic
10592,2023-10-21,South,Organic
10593,2022-06-25,North,Organic
10594,2023-12-17,South,Organic
10595,2022-08-23,South,Organic
10596,2023-08-09,South,Social
10597,2023-02-27,North,Social
10598,2023-07-24,East,Social
10599,2023-04-04,North,Email
10600,2023-04-15,West,Email
10601,2023-03-26,North,Social
10602,2023-07-23,East,Social
10603,2023-06-24,West,Social
10604,2022-04-09,North,Social
10605,2023-08-27,North,Social
10606,2023-01-27,West,Paid Search
10607,2022-08-24,South,Organic
10608,2023-01-11,East,Organic
10609,2023-12-07,North,Paid Search
10610,2023-09-19,North,Organic
10611,2023-09-01,East,Organic
10612,2022-12-04,West,Organic
10613,2023-07-27,North,Organic
10614,2022-10-09,West,Referral
10615,2023-05-16,East,Paid Search
10616,2023-04-12,North,Organic
10617,2022-07-02,South,Paid Search
10618,2022-07-14,North,Organic
10619,2022-02-14,South,Email
10620,2022-04-13,East,Email
10621,2022-11-13,South,Organic
10622,2022-12-15,North,Paid Search
10623,2022-05-01,East,Organic
10624,2022-11-01,East,Email
10625,2023-03-18,East,Referral
10626,2022-06-19,East,Referral
10627,2022-09-04,North,Organic
10628,2022-09-26,East,Social
10629,2023-01-04,South,Social
10630,2022-09-25,South,Social
10631,2023-06-22,North,Organic
10632,2022-08-28,East,Paid Search
10633,2022-11-13,East,Organic
10634,2022-10-05,South,Organic
10635,2022-05-14,West,Email
10636,2023-05-16,West,Paid Search
10637,2022-06-21,North,Organic
10638,2022-08-05,East,Social
10639,2023-08-02,South,Paid Search
10640,2023-11-24,West,Referral
10641,2023-05-05,North,Social
10642,2023-10-31,South,Social
10643,2023-09-16,South,Social
10644,2022-12-18,North,Organic
10645,2023-07-17,East,Organic
10646,2022-08-28,South,Referral
10647,2022-12-03,North,Organic
10648,2023-01-26,East,Paid Search
10649,2023-12-03,West,Email
10650,2023-09-12,West,Organic
10651,2022-12-24,South,Organic
10652,2023-04-22,South,Paid Search
10653,2022-05-28,North,Paid Search
10654,2023-08-11,West,Email
10655,2023-02-08,East,Organic
10656,2023-01-24,East,Paid Search
10657,2023-07-14,West,Organic
10658,2023-04-08,North,Email
10659,2022-02-22,East,Organic
10660,2022-07-30,North,Organic
10661,2022-05-10,North,Social
10662,2023-06-21,South,Organic
10663,2022-01-26,South,Social
10664,2022-05-28,West,Organic
10665,2023-03-13,South,Organic
10666,2023-05-23,West,Organic
10667,2023-01-03,East,Social
10668,2023-09-21,East,Paid Search
10669,2023-11-02,West,Organic
10670,2022-04-07,South,Paid Search
10671,2023-11-27,South,Paid Search
10672,2023-03-25,North,Social
10673,2023-04-10,North,Referral
10674,2022-03-11,West,Paid Search
10675,2023-03-30,South,Paid Search
10676,2023-06-14,South,Paid Search
10677,2023-02-28,North,Referral
10678,2022-03-03,South,Paid Search
10679,2023-01-17,East,Organic
10680,2023-11-15,South,Referral
10681,2023-06-13,West,Referral
10682,2022-04-11,East,Paid Search
10683,2023-12-02,West,Paid Search
10684,2023-12-01,North,Email
10685,2022-05-04,East,Social
10686,2023-08-08,North,Paid Search
10687,2022-10-24,South,Paid Search
10688,2023-03-10,East,Organic
10689,2022-11-21,East,Paid Search
10690,2023-07-26,North,Organic
10691,2023-12-29,West,Social
10692,2023-08-04,North,Organic
10693,2023-11-11,East,Paid Search
10694,2023-11-22,West,Social
10695,2022-03-07,East,Paid Search
10696,2022-07-04,West,Organic
10697,2023-06-11,East,Referral
10698,2023-03-07,West,Organic
10699,2022-02-06,East,Social
10700,2022-03-11,East,Organic
10701,2023-01-15,North,Paid Search
10702,2023-03-26,East,Email
10703,2022-05-03,North,Paid Search
10704,2022-05-06,West,Paid Search
10705,2022-04-05,North,Organic
10706,2023-02-17,North,Paid Search
10707,2022-01-06,West,Organic
10708,2023-02-22,North,Social
10709,2022-12-14,South,Email
10710,2022-12-07,East,Paid Search
10711,2023-05-11,North,Organic
10712,2023-01-17,North,Paid Search
10713,2023-06-16,South,Paid Search
10714,2023-07-12,North,Organic
10715,2023-11-03,North,Email
10716,2023-08-07,North,Organic
10717,2023-01-13,South,Organic
10718,2022-12-26,South,Social
10719,2022-06-22,North,Organic
10720,2023-03-14,East,Organic
10721,2022-04-12,East,Email
10722,2023-11-11,North,Email
10723,2023-09-09,South,Organic
10724,2022-03-29,West,Organic
10725,2023-07-28,East,Paid Search
10726,2022-03-27,South,Email
10727,2023-06-11,South,Paid Search
10728,2022-03-06,North,Email
10729,2022-12-23,West,Social
10730,2023-04-26,West,Referral
10731,2023-06-17,West,Paid Search
10732,2022-11-02,North,Organic
10733,2023-11-04,South,Organic
10734,2023-07-20,North,Organic
10735,2022-06-02,South,Paid Search
10736,2023-05-05,South,Social
10737,2023-06-18,East,Paid Search
10738,2022-09-01,North,Organic
10739,2023-06-23,West,Paid Search
10740,2023-10-18,North,Referral
10741,2023-08-20,North,Organic
10742,2023-07-11,West,Social
10743,2023-04-09,East,Social
10744,2022-07-17,South,Paid Search
10745,2023-08-04,East,Email
10746,2022-09-23,North,Paid Search
10747,2023-01-24,North,Organic
10748,2022-08-18,South,Paid Search
10749,2022-08-17,South,Organic
10750,2022-04-26,East,Email
10751,2023-12-03,North,Social
10752,2022-04-18,East,Organic
10753,2022-03-04,West,Paid Search
10754,2023-11-15,North,Organic
10755,2023-02-10,North,Organic
10756,2022-11-16,South,Email
10757,2023-06-23,West,Organic
10758,2022-10-07,East,Social
10759,2022-04-04,East,Organic
10760,2023-06-17,South,Social
10761,2022-05-09,North,Paid Search
10762,2023-02-08,East,Paid Search
10763,2023-11-24,North,Social
10764,2023-11-15,East,Paid Search
10765,2022-09-21,North,Organic
10766,2023-07-24,South,Social
10767,2023-03-24,East,Paid Search
10768,2022-12-16,South,Organic
10769,2022-04-13,East,Paid Search
10770,2022-10-02,South,Email
10771,2023-04-21,West,Email
10772,2023-12-22,West,Social
10773,2022-01-04,West,Paid Search
10774,2023-06-08,East,Organic
10775,2023-09-10,East,Organic
10776,2023-11-26,East,Organic
10777,2022-11-06,South,Social
10778,2022-03-28,South,Organic
10779,2022-07-17,East,Email
10780,2023-09-13,North,Email
10781,2023-10-03,North,Social
10782,2023-04-11,West,Organic
10783,2022-03-31,North,Organic
10784,2022-03-31,East,Referral
10785,2022-12-16,East,Email
10786,2023-03-06,North,Paid Search
10787,2022-01-24,West,Social
10788,2023-05-16,North,Referral
10789,2023-02-02,West,Organic
10790,2022-01-09,West,Referral
10791,2022-03-11,North,Organic
10792,2022-11-28,North,Referral
10793,2023-06-12,South,Organic
10794,2023-08-26,South,Organic
10795,2022-11-11,North,Organic
10796,2022-08-04,West,Social
10797,2023-12-08,North,Referral
10798,2022-12-01,West,Organic
10799,2022-08-19,North,Paid Search
10800,2022-11-19,West,Organic
10801,2022-01-09,North,Organic
10802,2022-08-09,South,Social
10803,2023-01-12,East,Organic
10804,2023-11-02,North,Referral
10805,2023-06-23,West,Referral
10806,2023-07-25,North,Organic
10807,2023-02-02,East,Paid Search
10808,2022-03-22,East,Referral
10809,2022-10-13,East,Social
10810,2023-12-29,North,Email
10811,2022-02-02,North,Organic
10812,2023-10-04,North,Organic
10813,2023-05-15,South,Social
10814,2022-07-27,North,Paid Search
10815,2023-07-22,West,Email
10816,2023-09-03,East,Social
10817,2022-02-01,East,Paid Search
10818,2022-03-19,South,Organic
10819,2023-05-01,North,Paid Search
10820,2023-12-31,East,Social
10821,2022-01-18,South,Paid Search
10822,2023-05-01,South,Organic
10823,2022-04-10,South,Referral
10824,2023-04-20,East,Email
10825,2023-04-01,West,Paid Search
10826,2022-03-08,North,Social
10827,2023-05-12,South,Paid Search
10828,2023-10-17,North,Referral
10829,2023-09-23,South,Social
10830,2022-01-22,East,Organic
10831,2022-06-29,North,Paid Search
10832,2022-06-25,East,Organic
10833,2022-11-27,South,Email
10834,2022-04-15,North,Email
10835,2023-09-16,West,Paid Search
10836,2023-07-22,South,Referral
10837,2023-08-14,West,Paid Search
10838,2022-05-25,South,Social
10839,2022-01-11,West,Email
10840,2023-10-27,South,Paid Search
10841,2022-07-30,South,Organic
10842,2023-04-25,West,Email
10843,2023-10-26,South,Email
10844,2022-01-27,South,Organic
10845,2022-01-04,West,Social
10846,2022-01-04,East,Paid Search
10847,2022-04-25,East,Paid Search
10848,2022-02-07,East,Social
10849,2023-08-22,West,Paid Search
10850,2023-03-19,West,Email
10851,2023-12-17,East,Email
10852,2023-08-09,South,Organic
10853,2023-12-05,North,Paid Search
10854,2022-06-24,East,Organic
10855,2022-07-30,West,Organic
10856,2023-09-13,South,Email
10857,2022-06-28,North,Organic
10858,2022-02-11,South,Referral
10859,2023-05-04,East,Paid Search
10860,2023-08-08,West,Organic
10861,2023-12-08,North,Referral
10862,2023-11-09,East,Paid Search
10863,2022-03-29,West,Email
10864,2023-07-18,West,Email
10865,2023-09-10,North,Social
10866,2023-05-25,West,Organic
10867,2023-08-22,East,Organic
10868,2023-09-04,West,Referral
10869,2022-11-22,North,Organic
10870,2022-01-30,East,Email
10871,2022-11-30,East,Email
10872,2022-05-28,South,Paid Search
10873,2022-03-25,South,Social
10874,2022-04-02,East,Referral
10875,2023-05-25,East,Organic
10876,2023-01-04,North,Email
10877,2023-01-30,South,Email
10878,2023-06-28,North,Organic
10879,2023-02-05,West,Social
10880,2023-04-05,West,Paid Search
10881,2022-03-04,South,Organic
10882,2023-09-14,North,Social
10883,2022-11-24,North,Referral
10884,2022-04-24,South,Organic
10885,2023-08-17,West,Social
10886,2023-06-21,East,Organic
10887,2022-02-08,North,Organic
10888,2022-05-21,North,Organic
10889,2022-01-12,North,Social
10890,2022-07-17,West,Organic
10891,2022-03-14,East,Organic
10892,2023-06-03,East,Social
10893,2023-01-17,South,Paid Search
10894,2023-12-17,West,Organic
10895,2023-07-02,South,Organic
10896,2023-03-23,West,Social
10897,2023-01-07,West,Email
10898,2022-02-09,South,Social
10899,2022-02-21,West,Organic
10900,2023-03-26,North,Paid Search
10901,2022-01-04,East,Social
10902,2022-01-31,North,Organic
10903,2022-06-09,South,Organic
10904,2023-10-08,North,Paid Search
10905,2022-12-02,North,Paid Search
10906,2023-06-02,North,Organic
10907,2022-10-28,South,Referral
10908,2022-05-07,East,Paid Search
10909,2022-09-28,South,Email
10910,2022-03-08,South,Organic
10911,2023-07-17,West,Email
10912,2022-05-14,West,Paid Search
10913,2022-10-02,North,Referral
10914,2023-12-17,South,Paid Search
10915,2023-03-09,East,Social
10916,2022-12-01,East,Organic
10917,2023-02-01,South,Email
10918,2023-07-27,East,Referral
10919,2022-07-05,North,Email
10920,2023-04-10,South,Email
10921,2023-09-30,East,Social
10922,2023-02-22,East,Referral
10923,2022-11-22,West,Organic
10924,2022-04-16,North,Organic
10925,2022-07-01,North,Paid Search
10926,2023-11-22,North,Referral
10927,2023-01-31,North,Paid Search
10928,2022-08-08,North,Paid Search
10929,2022-11-02,East,Paid Search
10930,2023-02-26,East,Organic
10931,2023-01-28,East,Organic
10932,2023-05-26,South,Organic
10933,2022-07-07,North,Organic
10934,2023-04-19,East,Email
10935,2022-11-20,North,Paid Search
10936,2023-11-18,West,Organic
10937,2022-04-26,North,Paid Search
10938,2022-04-19,East,Paid Search
10939,2022-12-04,West,Paid Search
10940,2023-01-07,East,Organic
10941,2023-05-20,East,Organic
10942,2022-10-22,East,Email
10943,2023-10-30,North,Organic
10944,2022-12-13,East,Organic
10945,2022-04-05,West,Organic
10946,2022-03-29,West,Paid Search
10947,2023-12-12,South,Organic
10948,2022-04-08,South,Paid Search
10949,2023-11-23,West,Organic
10950,2022-07-22,East,Organic
10951,2022-03-10,North,Social
10952,2022-08-11,North,Organic
10953,2023-03-25,North,Organic
10954,2022-11-09,South,Paid Search
10955,2023-07-28,North,Organic
10956,2023-03-23,North,Social
10957,2022-10-20,North,Organic
10958,2023-04-09,West,Paid Search
10959,2023-12-11,North,Referral
10960,2022-10-28,North,Organic
10961,2022-04-23,South,Organic
10962,2022-10-26,North,Email
10963,2023-09-06,West,Referral
10964,2022-06-08,West,Paid Search
10965,2023-11-24,South,Email
10966,2023-03-06,South,Organic
10967,2023-03-16,South,Email
10968,2022-08-20,North,Organic
10969,2023-11-03,South,Email
10970,2022-01-27,North,Organic
10971,2022-08-07,North,Paid Search
10972,2022-11-02,East,Organic
10973,2022-12-15,North,Email
10974,2022-12-13,North,Social
10975,2022-04-18,South,Social
10976,2022-06-14,South,Referral
10977,2022-03-11,North,Paid Search
10978,2023-02-22,North,Email
10979,2022-09-14,North,Organic
10980,2023-02-18,North,Referral
10981,2023-03-07,West,Email
10982,2023-05-28,West,Paid Search
10983,2023-02-04,South,Paid Search
10984,2023-04-19,South,Social
10985,2023-03-05,East,Social
10986,2023-04-22,East,Social
10987,2023-03-27,North,Paid Search
10988,2022-08-19,North,Paid Search
10989,2022-06-29,South,Referral
10990,2023-07-29,East,Email
10991,2022-09-08,North,Paid Search
10992,2023-02-05,South,Email
10993,2022-05-24,South,Email
10994,2022-11-11,North,Email
10995,2023-01-22,South,Paid Search
10996,2023-04-02,East,Social
10997,2023-01-20,East,Social
10998,2022-09-21,North,Paid Search
10999,2023-12-04,North,Organic
11000,2023-01-10,West,Email
11001,2023-08-14,South,Email
11002,2023-06-22,North,Paid Search
11003,2023-02-12,North,Social
11004,2023-10-10,West,Organic
11005,2022-04-04,West,Organic
11006,2023-11-04,West,Social
11007,2023-09-13,East,Referral
11008,2023-01-03,South,Paid Search
11009,2023-06-20,South,Organic
11010,2023-01-15,North,Paid Search
11011,2022-07-16,East,Paid Search
11012,2023-08-07,East,Paid Search
11013,2022-06-29,North,Organic
11014,2022-08-18,West,Organic
11015,2023-01-15,South,Email
11016,2023-09-04,North,Email
11017,2022-10-08,South,Email
11018,2022-12-27,West,Paid Search
11019,2022-01-31,West,Paid Search
11020,2022-03-26,South,Paid Search
11021,2022-02-10,West,Referral
11022,2022-02-22,West,Paid Search
11023,2023-09-27,West,Email
11024,2023-09-07,West,Paid Search
11025,2023-08-23,South,Social
11026,2022-02-10,West,Paid Search
11027,2022-02-26,East,Paid Search
11028,2022-07-24,East,Social
11029,2023-02-17,North,Organic
11030,2022-09-01,East,Email
11031,2022-12-22,West,Paid Search
11032,2022-05-07,South,Referral
11033,2023-06-18,West,Email
11034,2022-08-18,South,Organic
11035,2022-02-18,North,Social
11036,2023-06-27,North,Email
11037,2023-10-22,West,Paid Search
11038,2022-01-11,East,Organic
11039,2022-11-15,South,Organic
11040,2023-08-27,East,Email
11041,2023-05-31,South,Paid Search
11042,2023-09-18,South,Social
11043,2022-10-31,West,Organic
11044,2022-09-29,East,Email
11045,2023-06-02,West,Organic
11046,2022-04-23,East,Email
11047,2022-06-24,West,Organic
11048,2023-03-15,North,Paid Search
11049,2023-05-03,North,Organic
11050,2022-03-29,North,Email
11051,2023-01-07,East,Organic
11052,2022-09-24,East,Social
11053,2023-01-02,East,Organic
11054,2023-12-01,South,Paid Search
11055,2022-02-25,North,Email
11056,2023-12-28,East,Organic
11057,2022-11-25,West,Organic
11058,2023-07-18,South,Organic
11059,2022-11-06,North,Email
11060,2022-08-16,South,Referral
11061,2023-07-17,South,Organic
11062,2023-05-17,North,Email
11063,2022-04-16,South,Email
11064,2023-05-30,East,Email
11065,2023-07-04,South,Paid Search
11066,2022-10-11,South,Referral
11067,2023-11-07,North,Paid Search
11068,2023-04-13,West,Social
11069,2022-09-01,South,Organic
11070,2022-01-08,South,Social
11071,2023-05-08,North,Referral
11072,2022-06-02,East,Referral
11073,2023-07-07,West,Organic
11074,2023-01-19,North,Social
11075,2022-12-07,North,Organic
11076,2022-04-30,North,Email
11077,2023-06-04,East,Paid Search
11078,2022-05-02,West,Email
11079,2022-11-01,South,Paid Search
11080,2023-09-03,South,Organic
11081,2023-11-03,West,Organic
11082,2023-12-24,East,Organic
11083,2023-12-01,North,Paid Search
11084,2023-02-10,North,Social
11085,2022-05-27,South,Social
11086,2023-09-05,West,Social
11087,2023-08-09,East,Social
11088,2023-12-24,East,Paid Search
11089,2023-04-21,West,Paid Search
11090,2022-04-14,North,Paid Search
11091,2023-01-03,South,Organic
11092,2022-11-24,North,Email
11093,2023-09-08,West,Email
11094,2022-10-14,East,Email
11095,2022-08-28,South,Social
11096,2022-02-28,North,Organic
11097,2023-09-02,East,Social
11098,2023-07-06,East,Organic
11099,2022-01-31,East,Social
11100,2022-11-13,North,Organic
11101,2022-12-17,West,Paid Search
11102,2022-12-09,West,Paid Search
11103,2023-11-02,East,Organic
11104,2022-04-20,East,Paid Search
11105,2022-08-12,West,Organic
11106,2022-05-13,West,Email
11107,2022-06-28,East,Referral
11108,2023-10-25,South,Organic
11109,2023-11-18,South,Paid Search
11110,2022-02-02,West,Social
11111,2023-04-07,East,Paid Search
11112,2022-06-19,North,Social
11113,2022-05-21,North,Paid Search
11114,2022-08-02,West,Paid Search
11115,2022-05-22,West,Organic
11116,2022-12-24,West,Organic
11117,2023-12-28,South,Email
11118,2023-03-05,West,Social
11119,2023-06-12,West,Organic
11120,2022-12-27,South,Referral
11121,2022-01-11,North,Paid Search
11122,2022-03-03,West,Paid Search
11123,2022-07-16,North,Social
11124,2022-06-27,East,Social
11125,2023-09-06,East,Paid Search
11126,2023-09-08,East,Organic
11127,2023-09-16,North,Organic
11128,2023-04-11,East,Organic
11129,2023-02-11,North,Social
11130,2023-04-19,West,Paid Search
11131,2022-10-24,North,Email
11132,2023-05-05,East,Organic
11133,2023-08-03,West,Paid Search
11134,2023-07-11,North,Paid Search
11135,2023-03-25,North,Paid Search
11136,2022-02-12,West,Paid Search
11137,2023-06-14,North,Referral
11138,2022-09-25,North,Social
11139,2023-06-27,South,Email
11140,2023-01-29,West,Organic
11141,2023-10-06,East,Referral
11142,2022-09-05,South,Social
11143,2023-11-11,West,Social
11144,2023-09-09,South,Paid Search
11145,2022-08-30,South,Organic
11146,2022-12-19,South,Social
11147,2023-01-23,South,Paid Search
11148,2023-07-16,South,Paid Search
11149,2023-05-19,East,Paid Search
11150,2023-09-14,North,Paid Search
11151,2022-09-28,East,Paid Search
11152,2023-01-04,North,Email
11153,2022-11-11,South,Email
11154,2023-10-26,North,Paid Search
11155,2022-08-11,East,Organic
11156,2023-03-05,East,Referral
11157,2022-03-29,South,Paid Search
11158,2023-09-13,North,Paid Search
11159,2022-10-08,North,Paid Search
11160,2022-09-06,West,Paid Search
11161,2023-03-02,North,Email
11162,2022-12-31,West,Organic
11163,2023-09-12,South,Social
11164,2023-01-23,North,Organic
11165,2023-01-13,East,Referral
11166,2022-03-18,South,Email
11167,2022-01-17,North,Organic
11168,2022-10-18,West,Paid Search
11169,2023-12-30,North,Paid Search
11170,2023-11-01,South,Referral
11171,2023-04-05,South,Social
11172,2023-04-06,South,Paid Search
11173,2022-10-13,West,Paid Search
11174,2022-05-10,North,Referral
11175,2022-01-07,West,Email
11176,2022-09-05,East,Paid Search
11177,2022-08-20,West,Paid Search
11178,2022-05-20,West,Paid Search
11179,2022-07-09,West,Email
11180,2022-01-19,East,Email
11181,2023-03-20,South,Social
11182,2023-11-09,South,Paid Search
11183,2023-05-20,East,Email
11184,2022-11-24,South,Paid Search
11185,2022-11-03,East,Social
11186,2022-08-13,North,Paid Search
11187,2022-04-14,West,Social
11188,2023-03-13,North,Paid Search
11189,2023-02-18,West,Email
11190,2022-01-06,North,Social
11191,2022-10-31,North,Social
11192,2022-07-22,West,Paid Search
11193,2022-05-05,West,Email
11194,2023-05-29,East,Organic
11195,2023-01-19,West,Organic
11196,2023-04-08,North,Social
11197,2023-06-05,West,Social
11198,2023-12-18,South,Organic
11199,2023-08-10,East,Referral
11200,2023-03-29,South,Paid Search
11201,2023-10-04,North,Referral
11202,2022-12-15,East,Social
11203,2023-12-20,East,Referral
11204,2023-07-10,North,Social
11205,2023-04-21,West,Referral
11206,2023-10-22,East,Email
11207,2023-01-12,North,Organic
11208,2023-06-11,East,Paid Search
11209,2022-07-27,North,Social
11210,2023-12-05,North,Organic
11211,2023-04-01,East,Referral
11212,2023-07-25,North,Organic
11213,2022-12-03,North,Social
11214,2023-09-25,East,Paid Search
11215,2022-02-24,North,Social
11216,2022-03-25,West,Referral
11217,2023-01-06,West,Paid Search
11218,2023-06-19,North,Email
11219,2023-08-14,East,Organic
11220,2022-11-18,North,Social
11221,2023-04-20,East,Social
11222,2023-02-08,North,Organic
11223,2023-12-03,West,Organic
11224,2023-04-23,North,Paid Search
11225,2022-11-01,East,Organic
11226,2023-12-09,North,Social
11227,2022-03-20,North,Organic
11228,2023-12-20,South,Referral
11229,2022-04-23,East,Referral
11230,2022-07-30,West,Referral
11231,2023-08-23,North,Email
11232,2023-06-20,North,Organic
11233,2023-12-10,South,Social
11234,2023-07-02,South,Email
11235,2023-04-11,West,Referral
11236,2022-09-10,West,Paid Search
11237,2022-01-04,West,Organic
11238,2022-04-01,North,Referral
11239,2022-08-06,South,Social
11240,2022-01-30,East,Organic
11241,2023-01-06,South,Email
11242,2023-07-22,East,Organic
11243,2023-12-05,North,Paid Search
11244,2022-12-24,South,Paid Search
11245,2023-10-01,West,Paid Search
11246,2023-12-21,North,Organic
11247,2023-09-20,West,Organic
11248,2022-12-06,South,Paid Search
11249,2022-08-26,North,Organic
11250,2023-12-15,North,Paid Search
11251,2022-06-26,North,Email
11252,2022-10-28,East,Email
11253,2022-02-24,North,Email
11254,2023-08-03,East,Organic
11255,2023-04-20,West,Organic
11256,2022-03-03,South,Social
11257,2022-06-12,North,Social
11258,2023-02-10,South,Referral
11259,2023-01-30,West,Referral
11260,2023-08-09,East,Email
11261,2022-07-14,North,Social
11262,2023-11-07,East,Paid Search
11263,2022-11-21,South,Social
11264,2023-08-24,South,Referral
11265,2022-06-24,North,Social
11266,2022-01-27,West,Paid Search
11267,2022-02-10,North,Paid Search
11268,2022-09-30,North,Organic
11269,2023-11-27,North,Paid Search
11270,2022-02-05,East,Social
11271,2022-09-27,South,Email
11272,2022-03-21,North,Organic
11273,2023-11-12,South,Email
11274,2023-05-08,East,Paid Search
11275,2023-07-11,South,Paid Search
11276,2023-06-05,West,Paid Search
11277,2023-04-25,South,Paid Search
11278,2023-07-19,North,Email
11279,2022-01-06,West,Social
11280,2023-09-24,West,Social
11281,2023-06-25,South,Paid Search
11282,2023-06-24,West,Email
11283,2022-10-15,East,Organic
11284,2023-08-08,South,Paid Search
11285,2022-10-06,West,Email
11286,2022-02-05,West,Email
11287,2023-10-25,South,Referral
11288,2022-06-21,East,Organic
11289,2022-03-16,South,Social
11290,2023-03-30,North,Organic
11291,2022-06-20,West,Paid Search
11292,2023-09-19,East,Social
11293,2022-11-20,East,Email
11294,2022-01-04,East,Social
11295,2023-11-26,East,Social
11296,2023-01-11,South,Organic
11297,2022-07-11,West,Referral
11298,2023-05-10,East,Referral
11299,2023-01-23,East,Paid Search
11300,2022-01-22,South,Organic
11301,2023-07-09,South,Organic
11302,2022-10-20,North,Social
11303,2023-05-26,South,Referral
11304,2023-10-16,North,Social
11305,2023-03-22,East,Paid Search
11306,2023-05-06,West,Organic
11307,2022-07-05,South,Paid Search
11308,2022-06-23,South,Paid Search
11309,2022-10-30,East,Organic
11310,2023-09-15,North,Organic
11311,2023-01-18,West,Organic
11312,2022-09-12,South,Organic
11313,2023-07-24,North,Social
11314,2023-09-15,North,Paid Search
11315,2023-10-21,West,Paid Search
11316,2022-08-07,North,Email
11317,2023-06-03,East,Referral
11318,2023-03-07,North,Social
11319,2022-11-24,North,Email
11320,2022-10-17,West,Social
11321,2022-03-25,North,Email
11322,2022-07-20,North,Email
11323,2023-02-06,East,Paid Search
11324,2023-10-10,West,Paid Search
11325,2023-09-25,South,Paid Search
11326,2022-05-17,North,Paid Search
11327,2023-05-11,West,Organic
11328,2022-03-03,East,Paid Search
11329,2023-05-08,West,Paid Search
11330,2022-09-07,West,Email
11331,2022-11-25,East,Paid Search
11332,2023-06-08,South,Organic
11333,2022-11-07,South,Paid Search
11334,2023-08-13,East,Paid Search
11335,2023-01-25,East,Email
11336,2023-12-31,West,Paid Search
11337,2023-04-11,East,Organic
11338,2022-08-05,South,Organic
11339,2023-07-20,South,Paid Search
11340,2022-10-25,East,Organic
11341,2023-01-25,South,Paid Search
11342,2022-04-10,West,Email
11343,2022-03-29,East,Referral
11344,2023-02-24,North,Email
11345,2022-05-17,East,Organic
11346,2023-12-30,East,Paid Search
11347,2023-09-17,West,Social
11348,2023-05-27,South,Organic
11349,2023-06-21,East,Referral
11350,2023-03-11,South,Paid Search
11351,2022-02-14,East,Organic
11352,2022-10-14,North,Organic
11353,2022-12-28,West,Referral
11354,2023-10-31,West,Referral
11355,2022-06-10,East,Social
11356,2022-12-29,East,Paid Search
11357,2022-09-09,North,Social
11358,2022-04-09,East,Organic
11359,2022-03-17,South,Paid Search
11360,2022-09-24,East,Email
11361,2022-03-02,North,Referral
11362,2022-02-19,East,Paid Search
11363,2022-09-14,South,Paid Search
11364,2022-05-28,East,Organic
11365,2023-02-10,East,Paid Search
11366,2022-01-13,North,Organic
11367,2022-08-09,South,Social
11368,2022-11-27,West,Organic
11369,2023-12-05,East,Email
11370,2023-04-09,North,Organic
11371,2023-10-05,South,Paid Search
11372,2022-09-08,South,Organic
11373,2022-11-25,East,Paid Search
11374,2022-11-03,East,Paid Search
11375,2023-10-10,North,Email
11376,2023-12-02,East,Referral
11377,2023-12-04,East,Paid Search
11378,2023-07-03,West,Email
11379,2023-01-03,North,Referral
11380,2023-01-30,South,Organic
11381,2023-12-17,South,Social
11382,2022-07-27,North,Referral
11383,2022-09-11,South,Social
11384,2023-10-17,North,Paid Search
11385,2022-10-10,North,Email
11386,2022-06-21,East,Paid Search
11387,2023-02-14,North,Email
11388,2022-08-26,East,Referral
11389,2023-10-13,North,Organic
11390,2023-10-26,East,Social
11391,2022-08-12,South,Paid Search
11392,2023-01-22,West,Organic
11393,2023-12-20,West,Email
11394,2023-06-26,South,Social
11395,2022-06-07,East,Paid Search
11396,2023-03-08,North,Social
11397,2023-03-29,East,Paid Search
11398,2023-04-23,North,Referral
11399,2022-01-19,South,Email
11400,2022-08-07,North,Social
11401,2023-09-16,West,Organic
11402,2022-06-26,South,Paid Search
11403,2022-08-07,East,Referral
11404,2022-08-24,South,Organic
11405,2022-05-10,South,Paid Search
11406,2022-04-24,North,Social
11407,2022-09-11,West,Social
11408,2023-10-01,West,Social
11409,2022-01-02,North,Social
11410,2022-07-26,East,Referral
11411,2022-02-14,South,Paid Search
11412,2023-02-14,North,Email
11413,2022-07-02,East,Social
11414,2023-08-02,North,Email
11415,2023-03-04,North,Organic
11416,2023-07-27,East,Paid Search
11417,2023-04-09,North,Paid Search
11418,2022-11-17,West,Social
11419,2023-09-21,East,Paid Search
11420,2022-12-14,West,Social
11421,2023-11-25,East,Social
11422,2023-12-28,West,Organic
11423,2023-03-06,South,Email
11424,2023-05-08,East,Paid Search
11425,2022-07-06,East,Organic
11426,2023-08-18,West,Paid Search
11427,2023-05-06,North,Paid Search
11428,2023-10-21,East,Social
11429,2022-07-14,West,Paid Search
11430,2023-07-29,South,Organic
11431,2022-12-10,West,Paid Search
11432,2022-05-16,South,Social
11433,2022-05-05,North,Email
11434,2023-02-15,East,Organic
11435,2022-08-22,South,Referral
11436,2022-03-16,North,Organic
11437,2022-11-08,North,Paid Search
11438,2023-04-22,North,Paid Search
11439,2022-08-21,West,Social
11440,2023-11-29,West,Social
11441,2023-07-24,East,Organic
11442,2023-01-10,North,Social
11443,2023-11-14,East,Email
11444,2022-11-13,West,Social
11445,2022-04-12,East,Referral
11446,2022-01-27,South,Social
11447,2023-11-16,North,Organic
11448,2023-12-02,West,Organic
11449,2023-06-24,West,Referral
11450,2022-03-17,North,Email
11451,2022-08-03,West,Paid Search
11452,2022-01-30,North,Referral
11453,2022-02-07,North,Social
11454,2022-06-29,West,Email
11455,2023-02-22,East,Social
11456,2022-02-17,South,Organic
11457,2023-12-20,West,Social
11458,2022-11-29,West,Referral
11459,2022-07-12,North,Organic
11460,2023-01-12,East,Organic
11461,2023-07-31,West,Social
11462,2022-08-17,East,Paid Search
11463,2022-02-04,West,Organic
11464,2022-02-07,East,Organic
11465,2023-09-14,North,Paid Search
11466,2022-03-23,North,Paid Search
11467,2023-04-09,West,Social
11468,2022-10-08,West,Email
11469,2023-07-22,North,Social
11470,2022-02-14,North,Organic
11471,2023-10-18,West,Paid Search
11472,2023-05-25,North,Organic
11473,2022-11-24,North,Social
11474,2022-06-01,West,Referral
11475,2023-12-15,West,Paid Search
11476,2022-08-09,West,Referral
11477,2022-12-25,East,Organic
11478,2022-10-15,South,Paid Search
11479,2022-06-18,West,Social
11480,2022-11-01,South,Paid Search
11481,2022-04-21,North,Referral
11482,2022-01-02,West,Organic
11483,2022-07-31,East,Social
11484,2022-03-23,West,Organic
11485,2022-10-30,North,Organic
11486,2023-09-22,West,Paid Search
11487,2022-04-29,East,Referral
11488,2022-01-01,East,Email
11489,2022-03-23,West,Email
11490,2023-01-06,South,Organic
11491,2022-07-20,East,Organic
11492,2022-12-24,East,Organic
11493,2022-01-22,West,Social
11494,2022-09-01,West,Organic
11495,2022-10-27,East,Paid Search
11496,2022-11-11,North,Email
11497,2023-02-07,North,Email
11498,2023-07-24,West,Paid Search
11499,2022-12-08,West,Organic
11500,2023-09-07,West,Paid Search
11501,2023-01-22,North,Social
11502,2022-07-10,South,Organic
11503,2022-06-17,West,Email
11504,2022-08-24,West,Organic
11505,2023-03-13,North,Referral
11506,2022-06-27,East,Referral
11507,2023-10-30,North,Organic
11508,2022-12-17,South,Paid Search
11509,2023-09-23,North,Paid Search
11510,2023-05-14,North,Social
11511,2022-09-01,North,Paid Search
11512,2022-06-16,West,Email
11513,2023-06-28,East,Organic
11514,2022-08-30,West,Organic
11515,2022-06-30,South,Email
11516,2023-11-11,South,Email
11517,2022-12-19,South,Social
11518,2022-02-05,East,Social
11519,2022-12-28,South,Email
11520,2022-12-03,East,Paid Search
11521,2023-09-23,West,Referral
11522,2023-06-04,West,Social
11523,2022-05-20,North,Social
11524,2022-04-20,East,Referral
11525,2023-03-17,North,Paid Search
11526,2022-02-04,North,Email
11527,2022-08-21,East,Email
11528,2022-04-11,East,Organic
11529,2022-01-16,East,Email
11530,2023-11-02,North,Paid Search
11531,2022-03-07,West,Paid Search
11532,2022-01-07,West,Organic
11533,2023-11-13,South,Social
11534,2022-05-18,West,Email
11535,2023-08-20,North,Paid Search
11536,2022-01-23,East,Organic
11537,2022-04-23,West,Paid Search
11538,2022-03-22,West,Organic
11539,2023-05-31,West,Paid Search
11540,2023-03-29,South,Paid Search
11541,2022-12-14,West,Social
11542,2022-06-26,East,Paid Search
11543,2022-03-06,North,Email
11544,2023-02-20,North,Social
11545,2022-06-18,West,Paid Search
11546,2023-03-07,East,Social
11547,2023-05-17,East,Organic
11548,2023-09-13,West,Paid Search
11549,2022-12-27,East,Organic
11550,2022-01-04,South,Paid Search
11551,2022-07-24,South,Referral
11552,2023-09-15,East,Email
11553,2023-01-25,West,Email
11554,2023-03-28,East,Organic
11555,2022-12-01,East,Referral
11556,2022-04-29,East,Paid Search
11557,2023-10-17,East,Organic
11558,2023-07-19,West,Referral
11559,2023-12-28,North,Paid Search
11560,2023-09-17,West,Paid Search
11561,2022-08-01,East,Organic
11562,2022-07-05,North,Organic
11563,2022-07-01,East,Social
11564,2023-11-02,East,Paid Search
11565,2023-02-11,East,Referral
11566,2022-11-28,West,Organic
11567,2023-12-08,South,Email
11568,2023-03-17,North,Email
11569,2023-10-26,South,Email
11570,2023-12-20,South,Paid Search
11571,2022-02-27,East,Email
11572,2022-09-21,West,Email
11573,2023-06-20,East,Social
11574,2023-08-17,North,Paid Search
11575,2022-04-19,South,Paid Search
11576,2022-08-21,North,Email
11577,2023-02-05,East,Organic
11578,2023-08-07,North,Organic
11579,2022-03-24,East,Referral
11580,2023-03-15,West,Organic
11581,2022-08-05,East,Organic
11582,2022-06-07,South,Email
11583,2023-01-12,South,Organic
11584,2022-10-30,East,Organic
11585,2023-04-10,East,Organic
11586,2022-08-20,North,Organic
11587,2023-08-24,West,Paid Search
11588,2022-02-27,East,Social
11589,2023-09-22,South,Paid Search
11590,2022-01-22,North,Paid Search
11591,2023-06-22,South,Email
11592,2022-09-10,South,Organic
11593,2022-10-07,North,Paid Search
11594,2022-01-14,East,Paid Search
11595,2023-05-28,South,Paid Search
11596,2022-05-01,West,Paid Search
11597,2023-04-27,West,Organic
11598,2023-06-14,North,Social
11599,2023-09-10,North,Referral
11600,2023-06-01,West,Social
11601,2022-08-09,West,Organic
11602,2023-06-24,West,Social
11603,2023-08-26,North,Email
11604,2022-08-20,North,Organic
11605,2022-04-01,North,Referral
11606,2023-10-12,West,Social
11607,2022-04-18,East,Organic
11608,2023-03-10,East,Referral
11609,2022-06-22,East,Organic
11610,2022-04-02,North,Paid Search
11611,2023-07-21,East,Organic
11612,2022-04-15,North,Organic
11613,2023-05-05,East,Referral
11614,2023-05-21,East,Email
11615,2022-02-13,East,Organic
11616,2022-05-07,South,Social
11617,2023-08-03,West,Social
11618,2023-01-06,East,Referral
11619,2022-03-30,North,Referral
11620,2023-12-25,North,Referral
11621,2022-07-13,East,Email
11622,2022-01-03,South,Paid Search
11623,2023-11-06,North,Referral
11624,2022-01-13,North,Organic
11625,2023-02-08,North,Organic
11626,2023-12-26,South,Paid Search
11627,2023-02-26,East,Organic
11628,2023-03-03,North,Email
11629,2022-10-11,East,Referral
11630,2022-04-03,South,Paid Search
11631,2023-02-23,South,Paid Search
11632,2023-10-18,North,Paid Search
11633,2022-03-08,West,Email
11634,2023-10-05,West,Organic
11635,2022-10-30,South,Organic
11636,2023-01-27,North,Email
11637,2022-05-01,North,Paid Search
11638,2023-03-30,North,Paid Search
11639,2022-05-14,West,Paid Search
11640,2022-07-19,North,Organic
11641,2023-06-11,West,Email
11642,2022-02-06,East,Paid Search
11643,2022-11-23,East,Paid Search
11644,2023-03-11,West,Social
11645,2022-04-07,North,Social
11646,2022-08-04,West,Organic
11647,2022-09-08,North,Email
11648,2023-04-30,West,Organic
11649,2023-12-14,East,Organic
11650,2023-09-03,North,Email
11651,2022-05-19,West,Organic
11652,2022-01-14,North,Organic
11653,2022-02-07,North,Social
11654,2023-03-11,West,Social
11655,2022-04-25,South,Referral
11656,2022-06-18,West,Social
11657,2023-09-11,East,Organic
11658,2023-09-30,East,Email
11659,2023-09-05,South,Paid Search
11660,2022-07-05,North,Email
11661,2023-03-29,West,Paid Search
11662,2023-03-22,North,Organic
11663,2022-05-16,East,Organic
11664,2023-02-09,North,Social
11665,2023-01-19,North,Organic
11666,2022-10-17,East,Email
11667,2023-07-03,West,Social
11668,2023-05-10,West,Social
11669,2023-01-24,West,Paid Search
11670,2023-06-14,South,Organic
11671,2023-07-12,South,Referral
11672,2023-02-18,North,Paid Search
11673,2022-07-15,East,Paid Search
11674,2023-07-08,South,Referral
11675,2023-06-08,East,Organic
11676,2023-12-19,North,Paid Search
11677,2022-04-20,West,Organic
11678,2022-11-03,West,Organic
11679,2023-11-06,West,Paid Search
11680,2023-01-11,North,Email
11681,2023-11-20,West,Paid Search
11682,2022-01-10,North,Email
11683,2022-01-26,South,Social
11684,2023-08-05,North,Social
11685,2022-09-19,North,Organic
11686,2023-01-15,East,Social
11687,2022-11-09,North,Organic
11688,2022-10-25,South,Email
11689,2023-11-17,East,Paid Search
11690,2022-03-10,West,Email
11691,2023-07-18,East,Organic
11692,2023-10-12,East,Email
11693,2023-04-25,North,Organic
11694,2022-10-16,West,Organic
11695,2022-04-27,North,Email
11696,2023-05-14,North,Paid Search
11697,2022-12-09,North,Email
11698,2022-04-20,East,Email
11699,2022-09-20,South,Email
11700,2023-12-03,East,Social
11701,2022-07-13,South,Social
11702,2022-05-11,South,Referral
11703,2023-05-13,South,Organic
11704,2022-05-26,North,Email
11705,2023-11-03,South,Social
11706,2023-09-20,East,Organic
11707,2023-12-19,East,Organic
11708,2023-10-29,North,Organic
11709,2022-06-27,East,Email
11710,2022-06-04,South,Paid Search
11711,2022-09-08,North,Email
11712,2022-12-09,North,Email
11713,2023-10-05,South,Email
11714,2023-06-20,South,Organic
11715,2023-04-16,East,Social
11716,2023-10-04,North,Email
11717,2023-04-17,West,Organic
11718,2022-10-04,South,Organic
11719,2022-10-29,East,Organic
11720,2023-01-13,West,Referral
11721,2022-03-06,South,Paid Search
11722,2023-06-26,North,Organic
11723,2023-04-22,East,Organic
11724,2023-06-18,West,Organic
11725,2023-01-25,West,Paid Search
11726,2023-07-26,North,Social
11727,2023-11-25,West,Paid Search
11728,2023-02-21,South,Social
11729,2022-11-21,North,Organic
11730,2022-03-18,East,Paid Search
11731,2023-07-23,East,Social
11732,2023-10-22,East,Email
11733,2023-05-26,West,Social
11734,2023-09-24,South,Organic
11735,2023-09-21,East,Paid Search
11736,2023-08-06,South,Email
11737,2023-01-03,North,Organic
11738,2022-03-14,South,Social
11739,2022-01-03,West,Organic
11740,2022-05-30,South,Organic
11741,2022-11-11,North,Social
11742,2023-06-27,East,Email
11743,2022-11-29,West,Social
11744,2022-01-17,West,Social
11745,2022-06-03,East,Organic
11746,2023-12-16,South,Email
11747,2023-12-23,East,Referral
11748,2022-10-03,West,Organic
11749,2023-08-11,West,Paid Search
11750,2023-06-10,West,Referral
11751,2023-11-11,South,Organic
11752,2023-10-10,North,Referral
11753,2023-04-04,East,Paid Search
11754,2022-10-16,North,Social
11755,2023-04-03,North,Email
11756,2022-08-21,South,Email
11757,2022-09-12,East,Social
11758,2023-03-21,West,Organic
11759,2023-02-22,West,Email
11760,2023-03-01,West,Referral
11761,2022-10-08,West,Referral
11762,2022-10-26,East,Referral
11763,2022-01-08,North,Email
11764,2023-03-16,East,Email
11765,2023-02-25,North,Paid Search
11766,2023-11-14,North,Email
11767,2023-01-04,North,Email
11768,2022-12-08,West,Organic
11769,2022-02-19,East,Organic
11770,2022-05-24,West,Email
11771,2022-09-04,West,Organic
11772,2022-10-03,West,Organic
11773,2022-09-22,North,Organic
11774,2022-10-15,West,Social
11775,2023-07-16,West,Referral
11776,2022-04-06,West,Email
11777,2022-08-31,North,Referral
11778,2022-04-29,North,Social
11779,2022-08-13,West,Organic
11780,2023-05-15,North,Organic
11781,2022-02-04,South,Organic
11782,2022-09-05,South,Organic
11783,2022-01-18,North,Email
11784,2023-11-29,North,Organic
11785,2023-06-15,West,Referral
11786,2022-06-27,West,Email
11787,2022-05-25,West,Paid Search
11788,2022-03-14,South,Referral
11789,2022-12-12,North,Referral
11790,2023-07-05,South,Social
11791,2023-03-03,South,Social
11792,2023-10-06,North,Referral
11793,2022-09-08,West,Email
11794,2022-07-23,West,Social
11795,2022-12-15,East,Organic
11796,2022-05-28,South,Paid Search
11797,2023-12-14,South,Paid Search
11798,2022-05-16,North,Organic
11799,2022-12-16,North,Organic
11800,2023-01-17,East,Organic
11801,2022-02-11,South,Organic
11802,2022-12-08,East,Organic
11803,2022-11-28,West,Paid Search
11804,2022-07-09,North,Social
11805,2022-04-04,North,Email
11806,2022-02-02,North,Email
11807,2022-01-07,North,Organic
11808,2022-12-18,East,Social
11809,2022-03-07,West,Organic
11810,2023-12-02,West,Organic
11811,2022-06-28,East,Paid Search
11812,2023-04-22,South,Referral
11813,2023-05-07,North,Referral
11814,2022-12-28,South,Social
11815,2023-10-08,South,Email
11816,2022-03-22,West,Paid Search
11817,2022-06-20,South,Email
11818,2022-07-04,North,Organic
11819,2022-04-09,South,Organic
11820,2022-08-04,North,Referral
11821,2022-08-17,West,Referral
11822,2023-07-13,North,Paid Search
11823,2022-08-09,North,Organic
11824,2023-10-02,North,Organic
11825,2023-07-19,West,Paid Search
11826,2023-10-21,East,Organic
11827,2022-03-18,East,Email
11828,2023-12-20,South,Organic
11829,2023-03-25,North,Organic
11830,2023-12-19,West,Organic
11831,2022-09-17,North,Social
11832,2023-11-27,North,Paid Search
11833,2023-03-06,East,Paid Search
11834,2022-02-22,North,Email
11835,2022-10-27,North,Social
11836,2022-04-11,West,Organic
11837,2023-11-19,South,Social
11838,2022-08-11,North,Organic
11839,2022-06-12,South,Email
11840,2023-02-08,East,Paid Search
11841,2022-11-07,North,Referral
11842,2022-03-12,North,Referral
11843,2023-08-20,East,Social
11844,2023-09-10,East,Referral
11845,2023-06-27,West,Organic
11846,2023-03-27,South,Email
11847,2022-10-21,North,Organic
11848,2023-01-31,East,Organic
11849,2023-01-16,East,Paid Search
11850,2022-05-01,North,Social
11851,2022-03-01,East,Email
11852,2022-07-04,North,Social
11853,2022-11-28,West,Paid Search
11854,2022-04-28,West,Referral
11855,2022-03-19,South,Social
11856,2023-09-14,West,Social
11857,2022-10-01,West,Organic
11858,2023-03-03,North,Paid Search
11859,2023-01-18,South,Social
11860,2023-06-21,East,Referral
11861,2023-06-25,North,Organic
11862,2022-08-05,South,Paid Search
11863,2023-09-11,North,Paid Search
11864,2022-09-29,West,Organic
11865,2023-09-02,South,Social
11866,2022-10-23,West,Organic
11867,2022-03-23,South,Paid Search
11868,2023-07-09,North,Email
11869,2022-01-23,West,Paid Search
11870,2023-07-18,North,Organic
11871,2022-02-01,North,Email
11872,2022-05-31,South,Paid Search
11873,2023-03-17,East,Referral
11874,2023-11-19,South,Social
11875,2022-10-26,North,Referral
11876,2022-03-30,South,Organic
11877,2022-06-20,North,Social
11878,2023-10-17,North,Paid Search
11879,2023-06-15,East,Email
11880,2022-03-15,North,Paid Search
11881,2022-10-08,South,Organic
11882,2022-07-13,East,Organic
11883,2022-05-10,East,Social
11884,2023-09-10,North,Social
11885,2023-03-27,South,Organic
11886,2022-05-12,North,Email
11887,2023-04-21,West,Social
11888,2022-10-29,North,Paid Search
11889,2022-02-14,North,Organic
11890,2022-11-25,South,Social
11891,2022-05-16,North,Email
11892,2022-06-29,North,Email
11893,2023-10-04,North,Email
11894,2023-06-03,East,Email
11895,2022-04-08,East,Organic
11896,2023-09-14,East,Referral
11897,2023-02-24,West,Organic
11898,2023-10-01,South,Social
11899,2023-06-30,West,Social
11900,2022-09-05,East,Email
11901,2023-01-26,West,Email
11902,2023-01-23,East,Organic
11903,2023-06-10,South,Paid Search
11904,2022-07-01,South,Email
11905,2022-09-01,South,Organic
11906,2022-06-28,North,Organic
11907,2022-08-05,South,Referral
11908,2022-04-28,North,Paid Search
11909,2022-01-27,North,Paid Search
11910,2023-11-18,West,Organic
11911,2022-02-24,East,Email
11912,2023-10-11,East,Paid Search
11913,2022-01-03,South,Social
11914,2023-07-22,East,Paid Search
11915,2022-08-28,West,Organic
11916,2023-01-13,East,Paid Search
11917,2022-07-26,East,Organic
11918,2022-12-25,South,Social
11919,2022-11-26,South,Organic
11920,2023-01-22,East,Organic
11921,2022-10-15,West,Paid Search
11922,2023-01-27,South,Organic
11923,2023-08-26,South,Paid Search
11924,2022-11-14,South,Paid Search
11925,2022-09-21,South,Referral
11926,2022-04-07,West,Organic
11927,2022-09-20,East,Email
11928,2022-04-02,South,Email
11929,2022-05-14,South,Organic
11930,2023-11-27,South,Email
11931,2022-03-07,North,Social
11932,2022-12-18,East,Social
11933,2023-09-02,West,Referral
11934,2023-11-27,East,Email
11935,2022-04-18,North,Paid Search
11936,2022-04-30,East,Referral
11937,2022-09-29,East,Organic
11938,2023-02-09,North,Email
11939,2023-12-02,East,Social
11940,2022-06-01,East,Social
11941,2022-05-01,West,Referral
11942,2022-07-04,North,Organic
11943,2023-10-01,North,Email
11944,2022-01-22,South,Organic
11945,2022-10-05,North,Social
11946,2022-03-28,South,Email
11947,2022-04-25,West,Organic
11948,2023-11-01,North,Social
11949,2022-01-02,South,Paid Search
11950,2022-08-23,West,Paid Search
11951,2023-10-31,East,Referral
11952,2023-03-20,South,Email
11953,2022-02-22,East,Email
11954,2022-12-06,North,Organic
11955,2023-12-10,North,Organic
11956,2022-10-20,East,Organic
11957,2023-01-21,South,Paid Search
11958,2023-01-24,South,Paid Search
11959,2023-04-28,North,Paid Search
11960,2022-05-17,West,Email
11961,2023-09-05,North,Organic
11962,2023-12-23,East,Email
11963,2022-04-15,South,Referral
11964,2023-08-21,East,Organic
11965,2023-08-20,North,Email
11966,2023-06-26,North,Organic
11967,2022-09-28,East,Paid Search
11968,2022-12-09,East,Social
11969,2023-09-05,North,Organic
11970,2022-04-22,South,Paid Search
11971,2023-08-28,South,Social
11972,2023-11-04,North,Organic
11973,2023-05-13,East,Email
11974,2022-09-07,North,Email
11975,2023-02-13,East,Organic
11976,2022-02-06,North,Social
11977,2023-11-12,South,Paid Search
11978,2022-09-07,South,Organic
11979,2022-02-11,South,Referral
11980,2023-08-03,South,Paid Search
11981,2023-04-26,West,Social
11982,2023-03-31,South,Organic
11983,2022-02-09,West,Organic
11984,2023-07-03,North,Social
11985,2023-04-11,South,Email
11986,2023-08-03,North,Organic
11987,2023-08-27,South,Social
11988,2022-06-04,East,Paid Search
11989,2022-06-03,West,Paid Search
11990,2023-11-06,East,Social
11991,2023-01-23,East,Email
11992,2022-11-16,North,Paid Search
11993,2022-07-29,North,Social
11994,2023-04-12,West,Paid Search
11995,2023-07-05,North,Referral
11996,2022-01-02,North,Social
11997,2023-02-08,West,Paid Search
11998,2023-12-27,West,Paid Search
11999,2022-07-24,East,Referral
12000,2022-07-25,South,Social
12001,2023-10-04,West,Organic
12002,2022-02-15,North,Organic
12003,2022-10-18,South,Paid Search
12004,2022-12-01,South,Social
12005,2023-08-06,West,Referral
12006,2022-04-05,West,Social
12007,2022-11-13,East,Organic
12008,2022-04-22,North,Social
12009,2023-07-29,South,Organic
12010,2023-04-07,North,Paid Search
12011,2022-12-29,West,Paid Search
12012,2022-10-14,North,Paid Search
12013,2022-04-22,North,Paid Search
12014,2023-11-04,East,Organic
12015,2023-04-18,South,Organic
12016,2022-08-21,West,Social
12017,2022-10-30,North,Organic
12018,2023-06-15,West,Paid Search
12019,2023-06-10,North,Organic
12020,2022-12-03,North,Organic
12021,2022-08-10,South,Organic
12022,2023-04-27,North,Email
12023,2023-04-26,East,Paid Search
12024,2023-03-14,North,Organic
12025,2022-02-23,North,Social
12026,2022-12-12,East,Organic
12027,2023-03-25,North,Social
12028,2023-11-25,East,Organic
12029,2023-01-19,East,Referral
12030,2022-09-08,North,Organic
12031,2023-02-10,West,Paid Search
12032,2022-05-10,North,Email
12033,2022-03-08,South,Email
12034,2023-05-11,North,Social
12035,2023-12-21,West,Organic
12036,2023-09-10,East,Paid Search
12037,2023-03-03,East,Social
12038,2022-01-30,West,Social
12039,2023-12-23,South,Paid Search
12040,2022-11-25,West,Paid Search
12041,2022-07-31,East,Social
12042,2023-10-14,West,Social
12043,2023-06-29,West,Social
12044,2023-07-02,West,Social
12045,2022-07-22,North,Paid Search
12046,2023-12-26,West,Email
12047,2022-11-27,West,Paid Search
12048,2023-01-23,East,Organic
12049,2023-07-03,North,Social
12050,2023-04-27,West,Email
12051,2022-05-06,North,Organic
12052,2022-08-09,South,Email
12053,2022-09-21,East,Organic
12054,2023-11-23,North,Organic
12055,2023-06-06,East,Email
12056,2022-09-25,North,Social
12057,2023-06-21,East,Paid Search
12058,2023-06-24,West,Organic
12059,2022-10-15,South,Email
12060,2022-10-22,East,Organic
12061,2023-10-15,North,Referral
12062,2023-02-15,West,Organic
12063,2022-04-20,West,Social
12064,2023-06-10,North,Organic
12065,2023-03-07,East,Organic
12066,2023-01-07,East,Paid Search
12067,2023-06-14,East,Social
12068,2023-10-25,East,Referral
12069,2022-08-30,South,Paid Search
12070,2022-11-03,East,Paid Search
12071,2022-05-19,North,Organic
12072,2023-04-18,South,Email
12073,2022-10-21,West,Paid Search
12074,2022-09-07,North,Referral
12075,2023-05-24,East,Paid Search
12076,2022-10-25,North,Social
12077,2022-12-05,West,Social
12078,2022-11-18,East,Organic
12079,2022-07-08,South,Paid Search
12080,2022-04-02,North,Social
12081,2023-08-27,South,Paid Search
12082,2022-03-08,West,Paid Search
12083,2022-08-26,East,Social
12084,2023-05-03,South,Organic
12085,2022-04-06,East,Social
12086,2023-04-24,South,Paid Search
12087,2023-06-20,South,Email
12088,2023-04-29,South,Paid Search
12089,2022-08-11,North,Paid Search
12090,2022-01-15,East,Organic
12091,2023-10-10,West,Organic
12092,2022-08-27,West,Paid Search
12093,2023-08-11,West,Paid Search
12094,2022-05-25,South,Email
12095,2022-04-29,South,Organic
12096,2023-07-23,East,Organic
12097,2023-11-18,West,Organic
12098,2023-09-21,East,Paid Search
12099,2023-07-03,South,Organic
12100,2022-06-30,East,Organic
12101,2023-10-29,West,Email
12102,2023-05-03,West,Social
12103,2022-05-06,West,Email
12104,2022-04-05,South,Organic
12105,2023-09-28,North,Social
12106,2022-07-20,South,Email
12107,2023-07-14,South,Email
12108,2022-04-12,West,Organic
12109,2022-07-24,East,Organic
12110,2022-07-26,South,Paid Search
12111,2022-07-25,South,Organic
12112,2023-05-08,East,Email
12113,2023-10-30,East,Organic
12114,2023-10-27,North,Organic
12115,2023-06-26,West,Organic
12116,2022-05-28,South,Organic
12117,2023-12-03,South,Paid Search
12118,2023-01-31,North,Organic
12119,2023-02-03,East,Paid Search
12120,2023-05-28,East,Organic
12121,2023-07-16,West,Paid Search
12122,2023-11-27,North,Referral
12123,2023-03-02,West,Social
12124,2023-03-22,East,Email
12125,2023-06-29,South,Paid Search
12126,2022-07-06,North,Email
12127,2022-08-13,South,Referral
12128,2023-04-02,West,Paid Search
12129,2022-02-16,South,Organic
12130,2022-08-22,South,Social
12131,2023-06-09,East,Organic
12132,2023-12-14,West,Social
12133,2023-01-15,East,Organic
12134,2022-10-19,West,Organic
12135,2022-11-18,North,Social
12136,2023-05-16,West,Email
12137,2023-02-02,North,Paid Search
12138,2022-01-17,North,Social
12139,2023-01-29,West,Social
12140,2022-10-20,North,Paid Search
12141,2023-05-27,North,Referral
12142,2023-10-01,East,Paid Search
12143,2023-12-04,South,Organic
12144,2023-03-22,North,Social
12145,2022-09-22,East,Paid Search
12146,2022-11-21,West,Social
12147,2022-05-09,West,Organic
12148,2023-11-15,North,Organic
12149,2023-09-11,East,Organic
12150,2023-09-16,West,Email
12151,2022-08-28,North,Social
12152,2022-08-24,North,Paid Search
12153,2023-09-18,North,Organic
12154,2023-02-02,East,Paid Search
12155,2023-05-30,North,Paid Search
12156,2022-12-24,East,Email
12157,2022-11-20,West,Email
12158,2023-04-07,North,Organic
12159,2023-08-17,East,Paid Search
12160,2022-09-01,North,Email
12161,2023-08-14,North,Organic
12162,2022-06-28,West,Paid Search
12163,2022-10-22,South,Email
12164,2023-10-29,West,Paid Search
12165,2023-11-28,East,Organic
12166,2023-11-06,North,Organic
12167,2022-08-19,South,Social
12168,2023-09-08,North,Organic
12169,2023-11-15,West,Social
12170,2023-12-16,East,Paid Search
12171,2022-01-16,South,Paid Search
12172,2023-06-28,East,Social
12173,2023-12-29,East,Paid Search
12174,2023-07-13,West,Organic
12175,2022-06-20,North,Organic
12176,2023-07-11,North,Email
12177,2022-03-18,North,Paid Search
12178,2022-12-17,South,Social
12179,2023-04-03,South,Paid Search
12180,2022-11-30,North,Paid Search
12181,2023-05-26,South,Organic
12182,2022-06-25,South,Organic
12183,2023-03-19,North,Social
12184,2023-04-16,West,Organic
12185,2023-04-08,East,Referral
12186,2022-07-31,South,Organic
12187,2022-08-11,East,Paid Search
12188,2022-07-08,South,Organic
12189,2022-12-04,West,Social
12190,2023-03-04,East,Organic
12191,2022-09-22,South,Paid Search
12192,2022-10-27,West,Referral
12193,2022-07-29,West,Email
12194,2022-06-09,West,Organic
12195,2023-04-25,North,Social
12196,2023-08-19,North,Paid Search
12197,2022-08-01,East,Organic
12198,2023-09-21,South,Paid Search
12199,2023-02-21,East,Social
12200,2022-05-03,West,Paid Search
12201,2022-09-25,South,Social
12202,2022-01-06,South,Email
12203,2022-01-29,South,Paid Search
12204,2022-09-03,North,Paid Search
12205,2022-11-28,East,Email
12206,2023-08-06,East,Paid Search
12207,2022-04-09,South,Organic
12208,2023-09-05,East,Paid Search
12209,2022-06-21,East,Social
12210,2022-04-11,East,Organic
12211,2023-05-26,North,Organic
12212,2023-07-20,East,Organic
12213,2023-03-18,East,Organic
12214,2022-03-26,North,Referral
12215,2022-03-26,East,Paid Search
12216,2022-10-12,West,Email
12217,2022-11-25,North,Social
12218,2023-12-30,East,Paid Search
12219,2022-07-29,West,Social
12220,2022-05-21,West,Referral
12221,2023-11-22,South,Social
12222,2022-04-23,East,Email
12223,2022-01-20,West,Paid Search
12224,2022-11-05,East,Social
12225,2022-10-20,North,Organic
12226,2023-03-29,North,Social
12227,2023-10-03,West,Paid Search
12228,2023-11-13,South,Paid Search
12229,2022-07-31,North,Social
12230,2023-12-17,South,Email
12231,2023-04-07,West,Organic
12232,2022-02-20,South,Email
12233,2023-11-17,West,Referral
12234,2022-04-11,East,Email
12235,2023-03-06,West,Social
12236,2023-08-01,West,Social
12237,2022-07-02,North,Social
12238,2022-07-17,East,Paid Search
12239,2022-12-14,North,Paid Search
12240,2023-10-08,West,Social
12241,2022-06-13,North,Referral
12242,2023-04-30,East,Organic
12243,2022-11-27,West,Organic
12244,2022-03-23,North,Paid Search
12245,2023-06-03,West,Social
12246,2023-08-31,North,Social
12247,2023-02-25,South,Email
12248,2022-05-09,South,Organic
12249,2022-04-24,South,Organic
12250,2022-11-06,East,Social
12251,2023-01-05,West,Paid Search
12252,2023-02-08,South,Organic
12253,2022-06-27,East,Organic
12254,2023-01-01,West,Social
12255,2022-08-04,West,Paid Search
12256,2023-05-16,North,Organic
12257,2023-08-05,West,Organic
12258,2023-04-22,North,Referral
12259,2022-01-01,East,Paid Search
12260,2023-12-26,East,Paid Search
12261,2022-01-18,West,Organic
12262,2023-12-31,North,Organic
12263,2022-01-24,North,Social
12264,2023-01-13,West,Social
12265,2022-03-19,North,Paid Search
12266,2022-03-11,South,Social
12267,2023-05-14,East,Paid Search
12268,2023-06-16,East,Social
12269,2022-03-28,North,Organic
12270,2023-12-14,South,Paid Search
12271,2022-08-22,West,Social
12272,2022-08-21,South,Referral
12273,2022-08-05,North,Social
12274,2022-12-03,North,Email
12275,2022-05-10,South,Social
12276,2022-11-07,West,Email
12277,2022-06-03,South,Organic
12278,2022-02-07,North,Paid Search
12279,2022-09-27,East,Email
12280,2023-05-06,North,Email
12281,2023-07-12,North,Social
12282,2022-09-15,West,Paid Search
12283,2022-08-25,East,Organic
12284,2023-07-29,North,Organic
12285,2023-05-13,South,Social
12286,2023-08-31,North,Organic
12287,2023-10-24,North,Social
12288,2023-08-23,East,Organic
12289,2023-11-15,East,Paid Search
12290,2022-11-01,East,Social
12291,2022-10-16,West,Paid Search
12292,2022-08-23,North,Social
12293,2022-06-21,West,Organic
12294,2023-07-01,East,Paid Search
12295,2023-06-06,North,Email
12296,2023-08-09,West,Social
12297,2022-05-03,North,Organic
12298,2022-12-25,East,Paid Search
12299,2022-06-12,East,Email
12300,2023-10-14,North,Referral
12301,2022-07-15,West,Social
12302,2022-04-16,North,Social
12303,2023-02-21,West,Paid Search
12304,2023-10-04,North,Paid Search
12305,2023-10-31,North,Social
12306,2022-03-12,South,Social
12307,2022-08-26,West,Social
12308,2022-04-23,North,Social
12309,2022-08-13,West,Social
12310,2023-01-25,North,Organic
12311,2022-07-24,South,Organic
12312,2022-02-19,South,Referral
12313,2023-01-08,North,Paid Search
12314,2022-02-08,West,Organic
12315,2022-06-15,South,Paid Search
12316,2022-01-01,East,Email
12317,2022-03-05,East,Social
12318,2022-11-15,East,Social
12319,2023-09-14,East,Organic
12320,2023-07-20,West,Paid Search
12321,2022-03-14,East,Organic
12322,2022-01-26,East,Social
12323,2022-09-04,East,Organic
12324,2023-04-22,East,Email
12325,2023-06-30,South,Email
12326,2023-08-24,East,Email
12327,2022-09-07,South,Paid Search
12328,2022-05-03,West,Email
12329,2022-01-20,West,Email
12330,2022-04-18,West,Organic
12331,2022-02-17,West,Paid Search
12332,2023-09-21,East,Paid Search
12333,2022-07-15,East,Paid Search
12334,2023-08-24,North,Social
12335,2023-02-08,South,Organic
12336,2023-01-29,North,Social
12337,2022-11-28,North,Organic
12338,2023-08-22,West,Social
12339,2022-02-01,West,Organic
12340,2022-03-09,East,Paid Search
12341,2022-11-06,North,Paid Search
12342,2022-10-15,East,Email
12343,2023-02-03,South,Organic
12344,2023-06-23,West,Social
12345,2023-03-05,West,Email
12346,2022-07-07,South,Referral
12347,2022-08-27,North,Email
12348,2023-07-04,North,Email
12349,2022-05-28,North,Social
12350,2023-01-04,South,Organic
12351,2023-01-29,North,Email
12352,2023-07-02,North,Paid Search
12353,2023-06-06,North,Social
12354,2022-12-06,North,Organic
12355,2022-08-14,East,Paid Search
12356,2022-09-26,North,Email
12357,2022-10-28,West,Paid Search
12358,2022-06-10,North,Organic
12359,2023-04-02,North,Paid Search
12360,2022-06-02,North,Social
12361,2023-04-19,East,Organic
12362,2023-07-03,North,Paid Search
12363,2023-12-04,East,Referral
12364,2022-03-28,North,Referral
12365,2023-07-09,West,Organic
12366,2022-03-04,North,Paid Search
12367,2022-09-04,South,Organic
12368,2022-05-09,West,Referral
12369,2022-04-29,North,Paid Search
12370,2022-05-09,North,Paid Search
12371,2022-02-02,West,Organic
12372,2023-08-24,North,Paid Search
12373,2022-02-14,North,Organic
12374,2022-10-18,South,Social
12375,2023-05-26,North,Paid Search
12376,2023-12-24,West,Paid Search
12377,2023-09-16,East,Social
12378,2022-04-11,East,Organic
12379,2023-12-23,North,Organic
12380,2023-04-23,East,Paid Search
12381,2022-05-12,East,Social
12382,2022-11-24,North,Organic
12383,2023-11-02,West,Social
12384,2022-10-14,East,Paid Search
12385,2022-05-15,West,Paid Search
12386,2023-10-01,North,Paid Search
12387,2023-11-27,North,Organic
12388,2023-12-14,East,Organic
12389,2023-11-29,West,Social
12390,2023-09-30,South,Paid Search
12391,2022-11-28,North,Paid Search
12392,2022-05-21,West,Referral
12393,2023-03-27,North,Organic
12394,2022-06-11,South,Paid Search
12395,2022-12-12,East,Paid Search
12396,2023-04-24,North,Organic
12397,2023-11-23,North,Referral
12398,2022-07-31,North,Referral
12399,2022-07-03,West,Organic
12400,2023-06-21,South,Referral
12401,2022-01-05,East,Organic
12402,2023-02-18,West,Referral
12403,2023-06-29,East,Social
12404,2023-02-07,East,Organic
12405,2022-10-08,East,Email
12406,2023-08-28,South,Social
12407,2022-09-28,East,Organic
12408,2023-06-03,West,Paid Search
12409,2022-12-05,West,Email
12410,2022-01-20,South,Organic
12411,2023-01-23,South,Organic
12412,2022-02-06,West,Organic
12413,2023-11-11,North,Social
12414,2023-03-16,West,Paid Search
12415,2022-09-29,North,Paid Search
12416,2022-12-21,East,Organic
12417,2023-03-29,West,Organic
12418,2022-07-09,South,Email
12419,2022-07-30,North,Organic
12420,2022-11-02,West,Email
12421,2022-07-08,South,Paid Search
12422,2023-07-08,South,Email
12423,2022-03-17,East,Paid Search
12424,2023-08-27,South,Social
12425,2022-09-12,East,Organic
12426,2023-02-14,North,Social
12427,2022-04-26,South,Organic
12428,2022-10-09,West,Organic
12429,2023-07-05,North,Paid Search
12430,2022-07-17,South,Organic
12431,2022-04-07,East,Paid Search
12432,2023-01-17,West,Social
12433,2022-04-29,East,Social
12434,2022-08-18,West,Email
12435,2022-11-25,North,Referral
12436,2023-02-16,South,Paid Search
12437,2023-04-12,West,Organic
12438,2023-05-09,West,Social
12439,2023-09-09,East,Organic
12440,2022-02-18,South,Organic
12441,2022-09-22,South,Organic
12442,2022-01-01,North,Paid Search
12443,2022-01-07,West,Paid Search
12444,2022-06-04,West,Organic
12445,2023-03-13,South,Email
12446,2023-10-15,North,Social
12447,2023-07-19,South,Referral
12448,2023-04-17,North,Organic
12449,2023-07-23,East,Organic
12450,2022-05-06,East,Email
12451,2023-09-06,North,Organic
12452,2023-10-12,East,Paid Search
12453,2022-03-11,West,Email
12454,2022-12-10,North,Social
12455,2023-08-29,South,Organic
12456,2022-12-14,South,Email
12457,2023-09-06,North,Email
12458,2023-11-14,East,Social
12459,2022-12-13,East,Organic
12460,2022-02-13,North,Social
12461,2022-09-06,North,Social
12462,2022-06-07,West,Organic
12463,2022-12-13,South,Email
12464,2023-03-04,East,Email
12465,2022-12-05,East,Organic
12466,2022-05-23,West,Paid Search
12467,2022-08-08,East,Paid Search
12468,2023-05-12,West,Social
12469,2022-01-20,East,Organic
12470,2022-06-06,South,Paid Search
12471,2023-10-14,South,Organic
12472,2022-03-14,South,Email
12473,2022-10-30,South,Email
12474,2022-06-01,North,Paid Search
12475,2022-03-18,South,Paid Search
12476,2022-11-05,South,Organic
12477,2023-01-16,North,Organic
12478,2022-05-09,North,Social
12479,2022-02-26,West,Organic
12480,2022-04-09,East,Social
12481,2023-04-21,West,Email
12482,2023-09-21,East,Social
12483,2022-05-12,West,Organic
12484,2022-08-22,West,Paid Search
12485,2022-09-08,North,Organic
12486,2022-09-21,West,Referral
12487,2022-06-28,North,Email
12488,2022-02-10,East,Email
12489,2023-01-19,West,Social
12490,2022-09-18,South,Organic
12491,2022-09-07,East,Email
12492,2022-07-13,South,Social
12493,2023-11-10,North,Organic
12494,2023-03-22,North,Referral
12495,2022-11-02,North,Social
12496,2022-05-30,North,Referral
12497,2023-08-08,East,Social
12498,2023-10-11,East,Organic
12499,2022-01-24,South,Email
12500,2023-11-10,East,Organic
12501,2023-05-26,North,Social
12502,2022-03-14,North,Organic
12503,2023-07-04,West,Social
12504,2022-03-20,West,Organic
12505,2022-02-07,South,Organic
12506,2022-03-26,North,Organic
12507,2022-12-02,West,Email
12508,2023-03-29,West,Organic
12509,2022-10-25,South,Organic
12510,2022-03-31,North,Organic
12511,2022-05-26,North,Organic
12512,2023-09-15,East,Referral
12513,2023-12-04,West,Paid Search
12514,2023-07-05,East,Organic
12515,2022-03-17,South,Organic
12516,2023-08-22,East,Organic
12517,2023-05-21,West,Paid Search
12518,2023-01-20,South,Organic
12519,2022-04-15,West,Organic
12520,2023-12-29,South,Organic
12521,2022-11-20,South,Organic
12522,2022-02-02,East,Social
12523,2022-06-03,South,Organic
12524,2022-10-20,West,Email
12525,2022-02-15,East,Email
12526,2022-08-25,South,Social
12527,2022-12-08,South,Organic
12528,2023-11-24,East,Social
12529,2022-03-05,South,Social
12530,2023-02-26,East,Referral
12531,2023-10-31,South,Social
12532,2023-08-12,South,Organic
12533,2023-11-07,East,Referral
12534,2022-05-05,North,Social
12535,2023-08-08,East,Organic
12536,2023-12-16,East,Organic
12537,2022-08-27,South,Referral
12538,2022-12-31,East,Organic
12539,2023-01-23,West,Social
12540,2022-12-27,West,Paid Search
12541,2022-07-31,South,Email
12542,2023-12-10,South,Organic
12543,2023-11-30,East,Email
12544,2022-10-05,East,Paid Search
12545,2023-08-11,East,Referral
12546,2022-10-18,East,Organic
12547,2023-08-04,West,Organic
12548,2023-03-03,North,Organic
12549,2022-12-10,East,Organic
12550,2022-04-04,North,Referral
12551,2023-04-23,South,Organic
12552,2022-08-23,East,Organic
12553,2022-06-08,South,Social
12554,2022-05-22,South,Organic
12555,2023-12-18,West,Organic
12556,2022-03-17,West,Email
12557,2023-08-06,East,Paid Search
12558,2023-09-25,West,Social
12559,2022-01-23,South,Email
12560,2023-03-07,West,Organic
12561,2023-02-26,North,Email
12562,2022-09-19,South,Social
12563,2023-05-02,South,Paid Search
12564,2022-10-26,North,Social
12565,2022-11-17,East,Paid Search
12566,2022-11-12,North,Paid Search
12567,2023-08-08,East,Social
12568,2023-04-08,North,Organic
12569,2022-10-04,North,Paid Search
12570,2023-11-08,West,Organic
12571,2023-08-09,East,Email
12572,2023-11-12,West,Email
12573,2023-06-18,South,Paid Search
12574,2022-10-13,North,Organic
12575,2023-07-19,East,Referral
12576,2022-08-29,East,Organic
12577,2022-07-17,North,Organic
12578,2022-11-26,West,Organic
12579,2023-12-09,East,Email
12580,2023-02-19,East,Organic
12581,2022-10-08,South,Social
12582,2022-12-04,East,Email
12583,2022-08-01,North,Organic
12584,2023-04-26,West,Paid Search
12585,2022-09-13,South,Organic
12586,2023-02-09,North,Organic
12587,2022-09-27,North,Email
12588,2022-08-23,East,Organic
12589,2023-12-10,West,Social
12590,2022-09-10,West,Email
12591,2022-02-21,East,Organic
12592,2022-10-04,West,Referral
12593,2023-01-24,East,Paid Search
12594,2022-03-11,South,Organic
12595,2022-08-12,East,Paid Search
12596,2022-05-02,North,Referral
12597,2023-01-01,North,Paid Search
12598,2023-06-12,South,Paid Search
12599,2023-12-08,North,Paid Search
12600,2022-10-12,West,Organic
12601,2023-09-23,West,Organic
12602,2022-06-06,South,Email
12603,2023-07-24,East,Social
12604,2023-02-15,South,Social
12605,2023-07-08,North,Organic
12606,2023-07-06,South,Paid Search
12607,2023-01-24,North,Organic
12608,2022-07-07,South,Organic
12609,2023-01-20,North,Email
12610,2023-08-27,North,Organic
12611,2023-12-10,North,Social
12612,2023-11-09,West,Paid Search
12613,2022-05-13,North,Email
12614,2023-03-13,South,Social
12615,2022-03-18,East,Email
12616,2023-05-04,South,Social
12617,2023-12-26,East,Social
12618,2022-02-08,North,Paid Search
12619,2023-04-25,East,Organic
12620,2023-11-22,East,Organic
12621,2023-09-11,East,Social
12622,2022-10-14,East,Organic
12623,2022-03-17,South,Referral
12624,2023-11-06,South,Paid Search
12625,2023-11-04,North,Social
12626,2023-02-27,East,Paid Search
12627,2023-12-16,North,Referral
12628,2022-01-04,South,Organic
12629,2023-03-27,East,Paid Search
12630,2022-01-29,North,Social
12631,2023-11-15,North,Organic
12632,2023-05-12,East,Organic
12633,2023-10-29,South,Social
12634,2023-02-15,West,Social
12635,2022-03-02,West,Organic
12636,2022-01-20,West,Email
12637,2022-09-02,South,Organic
12638,2023-06-27,North,Organic
12639,2022-04-21,East,Email
12640,2023-09-15,East,Organic
12641,2022-06-24,East,Paid Search
12642,2022-12-29,South,Organic
12643,2022-05-29,North,Social
12644,2022-12-07,North,Paid Search
12645,2022-11-27,North,Organic
12646,2022-01-04,North,Referral
12647,2023-02-19,West,Social
12648,2023-07-29,North,Organic
12649,2023-11-15,East,Referral
12650,2022-08-30,West,Organic
12651,2023-10-05,South,Organic
12652,2023-10-04,East,Paid Search
12653,2023-12-23,East,Organic
12654,2022-09-30,South,Email
12655,2023-09-14,South,Paid Search
12656,2023-02-17,West,Social
12657,2022-02-12,East,Organic
12658,2022-07-17,West,Organic
12659,2023-05-06,West,Paid Search
12660,2022-04-28,South,Organic
12661,2022-11-14,East,Referral
12662,2023-07-20,East,Email
12663,2022-04-20,East,Social
12664,2022-12-29,East,Social
12665,2022-06-06,East,Organic
12666,2023-01-27,West,Organic
12667,2022-06-25,South,Paid Search
12668,2023-12-06,East,Social
12669,2022-02-25,South,Paid Search
12670,2023-12-05,East,Organic
12671,2023-08-02,West,Email
12672,2023-09-17,West,Organic
12673,2023-09-14,South,Paid Search
12674,2022-05-17,East,Organic
12675,2023-11-11,South,Paid Search
12676,2023-03-10,North,Paid Search
12677,2023-12-04,North,Social
12678,2023-10-04,West,Email
12679,2023-02-28,South,Organic
12680,2022-10-01,West,Social
12681,2022-03-27,North,Social
12682,2022-03-15,East,Email
12683,2022-10-12,East,Referral
12684,2023-08-16,East,Social
12685,2023-01-04,East,Organic
12686,2022-12-18,East,Paid Search
12687,2022-06-28,West,Paid Search
12688,2023-02-17,East,Paid Search
12689,2023-04-11,North,Referral
12690,2023-12-18,North,Email
12691,2023-06-17,East,Organic
12692,2023-03-20,South,Referral
12693,2023-10-27,East,Email
12694,2022-11-07,East,Organic
12695,2023-11-14,South,Referral
12696,2022-09-28,West,Paid Search
12697,2022-04-04,East,Paid Search
12698,2022-11-01,East,Paid Search
12699,2022-04-04,East,Referral
12700,2022-03-28,West,Organic
12701,2023-10-06,East,Paid Search
12702,2023-08-04,West,Email
12703,2022-06-11,North,Social
12704,2023-09-04,East,Organic
12705,2022-02-20,East,Organic
12706,2022-07-27,South,Referral
12707,2023-05-31,South,Social
12708,2022-08-10,East,Paid Search
12709,2023-06-18,South,Paid Search
12710,2023-10-01,West,Paid Search
12711,2022-02-18,South,Email
12712,2022-01-18,North,Paid Search
12713,2023-11-18,East,Social
12714,2023-01-15,South,Organic
12715,2023-01-05,North,Social
12716,2022-12-05,East,Organic
12717,2022-11-13,East,Social
12718,2023-05-19,North,Organic
12719,2023-02-28,East,Organic
12720,2022-04-30,East,Organic
12721,2023-04-03,West,Organic
12722,2023-05-03,South,Paid Search
12723,2022-03-24,North,Email
12724,2022-10-03,West,Social
12725,2023-08-01,East,Paid Search
12726,2023-03-28,North,Paid Search
12727,2022-04-10,West,Organic
12728,2022-01-30,North,Social
12729,2023-03-01,West,Organic
12730,2022-12-04,East,Organic
12731,2023-12-03,West,Organic
12732,2023-01-17,West,Organic
12733,2023-11-11,North,Email
12734,2022-06-06,West,Organic
12735,2022-11-23,South,Organic
12736,2022-04-12,East,Social
12737,2023-02-24,East,Organic
12738,2022-05-18,North,Email
12739,2022-12-26,North,Paid Search
12740,2022-09-09,North,Social
12741,2022-05-16,North,Email
12742,2022-03-12,North,Organic
12743,2023-01-09,West,Social
12744,2023-11-23,East,Paid Search
12745,2022-05-26,West,Organic
12746,2022-10-23,West,Email
12747,2022-06-13,East,Email
12748,2023-08-14,South,Organic
12749,2022-10-30,West,Paid Search
12750,2023-12-13,East,Organic
12751,2022-06-28,East,Email
12752,2022-02-28,West,Referral
12753,2023-03-02,East,Paid Search
12754,2023-04-21,East,Referral
12755,2023-12-25,West,Organic
12756,2023-09-29,South,Social
12757,2023-10-08,West,Referral
12758,2023-04-08,North,Email
12759,2022-09-20,North,Organic
12760,2022-11-10,East,Paid Search
12761,2022-04-08,North,Organic
12762,2022-11-11,West,Email
12763,2022-09-24,North,Referral
12764,2022-01-27,East,Paid Search
12765,2022-05-30,North,Organic
12766,2023-01-26,West,Organic
12767,2022-09-27,South,Email
12768,2023-12-27,North,Paid Search
12769,2022-12-16,North,Organic
12770,2023-12-01,East,Social
12771,2023-04-28,West,Organic
12772,2022-01-30,West,Email
12773,2022-05-29,South,Paid Search
12774,2023-05-31,South,Organic
12775,2023-02-02,North,Email
12776,2022-08-09,East,Email
12777,2023-01-17,East,Paid Search
12778,2023-10-22,North,Social
12779,2022-10-11,East,Paid Search
12780,2022-02-02,West,Organic
12781,2022-08-16,North,Referral
12782,2023-11-15,North,Referral
12783,2023-07-11,North,Organic
12784,2023-09-04,North,Referral
12785,2023-10-28,North,Social
12786,2022-03-27,East,Organic
12787,2022-07-26,North,Paid Search
12788,2022-02-13,East,Organic
12789,2022-01-04,West,Email
12790,2023-09-02,West,Referral
12791,2023-11-15,East,Paid Search
12792,2022-04-24,North,Paid Search
12793,2023-06-12,North,Organic
12794,2023-01-26,North,Paid Search
12795,2022-02-20,West,Social
12796,2023-10-31,West,Organic
12797,2023-09-29,South,Paid Search
12798,2023-02-19,South,Paid Search
12799,2023-06-01,East,Social
12800,2022-10-17,South,Email
12801,2023-08-02,West,Email
12802,2022-11-21,North,Paid Search
12803,2023-12-24,South,Email
12804,2022-02-16,South,Email
12805,2022-05-06,North,Email
12806,2023-12-09,South,Email
12807,2022-07-30,West,Social
12808,2022-08-15,North,Organic
12809,2023-08-01,East,Organic
12810,2022-05-19,South,Referral
12811,2023-01-10,North,Organic
12812,2022-07-28,North,Referral
12813,2022-05-25,North,Email
12814,2023-12-05,North,Referral
12815,2022-05-26,South,Paid Search
12816,2022-03-10,West,Social
12817,2023-05-07,East,Email
12818,2023-09-26,West,Paid Search
12819,2022-04-04,South,Paid Search
12820,2023-06-01,East,Organic
12821,2023-01-30,East,Organic
12822,2023-08-29,North,Referral
12823,2022-04-03,South,Organic
12824,2023-12-14,East,Social
12825,2023-03-28,West,Paid Search
12826,2023-09-07,South,Organic
12827,2022-09-22,North,Referral
12828,2023-11-20,West,Organic
12829,2023-04-03,North,Email
12830,2022-04-03,West,Paid Search
12831,2023-11-05,West,Organic
12832,2023-08-04,West,Organic
12833,2022-08-08,West,Email
12834,2023-02-03,North,Organic
12835,2022-10-11,East,Social
12836,2023-02-01,West,Email
12837,2023-12-06,East,Organic
12838,2023-10-19,North,Organic
12839,2022-06-07,North,Organic
12840,2023-12-11,South,Social
12841,2022-11-16,South,Paid Search
12842,2023-05-30,East,Organic
12843,2023-07-12,West,Paid Search
12844,2022-12-19,West,Paid Search
12845,2022-11-30,East,Email
12846,2022-11-30,North,Organic
12847,2023-09-22,South,Organic
12848,2022-10-10,South,Paid Search
12849,2022-07-24,North,Email
12850,2022-09-21,North,Email
12851,2022-05-23,South,Organic
12852,2022-10-13,North,Organic
12853,2022-03-25,East,Email
12854,2022-03-07,North,Organic
12855,2023-06-13,North,Paid Search
12856,2022-02-26,North,Paid Search
12857,2023-02-19,East,Organic
12858,2023-07-24,East,Paid Search
12859,2023-06-13,South,Organic
12860,2022-11-22,North,Paid Search
12861,2022-05-22,West,Organic
12862,2023-11-11,East,Paid Search
12863,2023-09-02,East,Paid Search
12864,2023-03-23,East,Organic
12865,2022-03-05,West,Email
12866,2022-01-26,West,Social
12867,2022-08-19,South,Referral
12868,2022-04-25,East,Organic
12869,2023-09-21,North,Organic
12870,2022-05-31,East,Organic
12871,2022-07-26,South,Social
12872,2023-12-14,North,Paid Search
12873,2023-08-21,West,Organic
12874,2022-06-09,West,Social
12875,2022-10-07,South,Organic
12876,2023-01-12,West,Paid Search
12877,2023-04-30,South,Paid Search
12878,2023-11-15,South,Email
12879,2023-09-28,West,Social
12880,2023-12-15,South,Paid Search
12881,2022-01-30,South,Email
12882,2022-06-22,East,Paid Search
12883,2023-02-15,North,Organic
12884,2022-02-05,South,Social
12885,2022-09-17,South,Social
12886,2022-04-23,East,Referral
12887,2023-11-13,North,Email
12888,2022-02-16,North,Organic
12889,2022-04-19,East,Paid Search
12890,2022-05-23,North,Paid Search
12891,2022-04-19,South,Organic
12892,2023-02-20,East,Paid Search
12893,2022-09-23,West,Paid Search
12894,2023-10-29,North,Organic
12895,2022-07-10,West,Social
12896,2023-01-28,East,Organic
12897,2023-04-27,South,Paid Search
12898,2023-04-02,West,Social
12899,2023-08-05,East,Email
12900,2022-05-28,East,Organic
12901,2023-01-06,East,Email
12902,2023-08-08,East,Social
12903,2023-09-23,West,Social
12904,2023-03-27,East,Organic
12905,2023-04-21,West,Organic
12906,2023-09-23,East,Email
12907,2023-04-02,West,Organic
12908,2023-11-24,West,Social
12909,2022-04-04,North,Email
12910,2022-09-11,North,Social
12911,2022-03-23,East,Referral
12912,2022-03-08,South,Email
12913,2022-12-11,East,Referral
12914,2022-06-14,West,Email
12915,2022-10-25,West,Organic
12916,2022-11-16,South,Social
12917,2023-03-30,East,Email
12918,2023-11-22,North,Referral
12919,2023-09-13,East,Organic
12920,2022-10-04,North,Paid Search
12921,2022-08-26,East,Social
12922,2023-07-17,East,Organic
12923,2022-04-01,East,Email
12924,2023-01-30,East,Paid Search
12925,2022-11-05,South,Organic
12926,2022-05-14,North,Organic
12927,2023-03-27,North,Social
12928,2022-08-23,West,Organic
12929,2022-05-16,West,Social
12930,2023-04-22,South,Social
12931,2022-05-08,North,Email
12932,2023-05-07,South,Paid Search
12933,2022-04-29,East,Organic
12934,2022-11-14,South,Social
12935,2023-08-13,North,Organic
12936,2022-06-16,South,Organic
12937,2023-07-15,North,Referral
12938,2023-06-11,South,Organic
12939,2023-10-21,North,Organic
12940,2022-05-04,East,Referral
12941,2023-06-07,East,Organic
12942,2023-11-15,North,Organic
12943,2023-07-12,East,Paid Search
12944,2022-05-18,South,Social
12945,2023-08-24,West,Social
12946,2022-03-20,West,Social
12947,2023-03-06,North,Referral
12948,2022-12-30,West,Organic
12949,2023-01-23,East,Email
12950,2023-01-15,East,Organic
12951,2022-01-23,South,Referral
12952,2023-01-06,South,Referral
12953,2023-11-15,North,Organic
12954,2022-11-15,West,Social
12955,2022-07-22,East,Email
12956,2023-12-28,South,Organic
12957,2022-03-14,East,Email
12958,2022-12-21,North,Referral
12959,2023-01-10,North,Organic
12960,2022-12-15,East,Organic
12961,2023-11-04,East,Referral
12962,2022-11-04,West,Paid Search
12963,2023-12-12,East,Paid Search
12964,2022-02-18,East,Email
12965,2023-06-20,West,Email
12966,2023-03-09,North,Organic
12967,2022-06-25,East,Organic
12968,2022-06-16,East,Social
12969,2023-06-10,North,Paid Search
12970,2023-04-11,North,Email
12971,2023-03-23,North,Social
12972,2022-02-07,North,Organic
12973,2023-03-13,East,Social
12974,2023-12-18,North,Social
12975,2022-01-13,East,Referral
12976,2022-12-09,North,Organic
12977,2022-12-27,North,Paid Search
12978,2023-10-17,South,Email
12979,2022-07-26,North,Referral
12980,2022-12-14,West,Referral
12981,2023-06-08,South,Paid Search
12982,2022-02-14,North,Paid Search
12983,2023-08-08,North,Organic
12984,2023-08-24,South,Email
12985,2023-06-10,East,Social
12986,2023-04-19,West,Social
12987,2023-06-30,South,Paid Search
12988,2023-07-25,East,Referral
12989,2023-10-22,South,Organic
12990,2022-11-09,West,Paid Search
12991,2022-11-29,East,Paid Search
12992,2023-04-11,South,Paid Search
12993,2022-05-21,East,Social
12994,2023-09-18,West,Email
12995,2023-07-17,South,Organic
12996,2023-04-06,West,Organic
12997,2022-08-09,West,Paid Search
12998,2022-09-11,North,Email
12999,2022-11-14,West,Paid Search
13000,2023-04-29,East,Paid Search
13001,2023-07-22,East,Organic
13002,2023-05-06,East,Social
13003,2023-11-10,West,Paid Search
13004,2023-12-03,East,Paid Search
13005,2023-05-30,East,Paid Search
13006,2022-09-28,North,Organic
13007,2023-03-14,South,Organic
13008,2022-11-07,West,Organic
13009,2023-04-05,East,Email
13010,2023-08-16,North,Organic
13011,2022-09-27,West,Organic
13012,2023-01-05,West,Referral
13013,2022-02-03,East,Paid Search
13014,2023-06-22,North,Paid Search
13015,2022-12-24,East,Paid Search
13016,2022-12-02,North,Organic
13017,2023-01-24,South,Organic
13018,2022-06-07,East,Social
13019,2023-03-13,West,Paid Search
13020,2023-06-28,South,Email
13021,2022-09-13,West,Referral
13022,2022-04-06,West,Organic
13023,2022-10-10,North,Email
13024,2022-05-25,North,Organic
13025,2022-09-30,East,Paid Search
13026,2023-04-03,West,Social
13027,2022-03-24,South,Organic
13028,2023-06-30,East,Referral
13029,2022-06-13,East,Email
13030,2023-10-16,East,Paid Search
13031,2023-06-19,East,Organic
13032,2022-07-18,North,Email
13033,2023-02-16,North,Paid Search
13034,2022-03-22,North,Organic
13035,2022-03-14,West,Paid Search
13036,2023-11-29,West,Organic
13037,2023-08-09,West,Referral
13038,2022-04-23,North,Paid Search
13039,2022-07-26,East,Paid Search
13040,2022-05-25,North,Social
13041,2022-10-16,South,Email
13042,2022-08-01,North,Social
13043,2022-08-28,West,Referral
13044,2023-01-22,North,Organic
13045,2022-05-19,East,Paid Search
13046,2023-10-07,West,Email
13047,2023-06-16,East,Organic
13048,2023-07-10,North,Email
13049,2022-05-04,West,Organic
13050,2023-06-01,East,Referral
13051,2023-09-03,South,Email
13052,2022-05-08,East,Paid Search
13053,2023-07-03,West,Paid Search
13054,2022-09-19,South,Referral
13055,2023-07-29,East,Social
13056,2022-12-16,South,Social
13057,2023-08-09,North,Social
13058,2022-04-18,West,Organic
13059,2022-10-12,North,Organic
13060,2022-07-19,South,Organic
13061,2022-07-01,South,Email
13062,2022-08-14,South,Email
13063,2022-10-07,South,Paid Search
13064,2022-04-03,East,Referral
13065,2023-06-01,South,Organic
13066,2023-02-06,North,Social
13067,2023-08-29,West,Paid Search
13068,2023-05-30,West,Paid Search
13069,2022-04-19,South,Organic
13070,2022-02-21,South,Email
13071,2022-11-05,North,Social
13072,2022-12-18,North,Organic
13073,2022-06-25,South,Paid Search
13074,2023-07-26,West,Email
13075,2023-03-01,East,Paid Search
13076,2023-07-01,South,Email
13077,2022-03-21,West,Paid Search
13078,2023-08-19,South,Social
13079,2022-05-31,North,Email
13080,2022-11-24,South,Organic
13081,2022-11-17,North,Social
13082,2023-08-23,West,Paid Search
13083,2022-07-22,South,Referral
13084,2022-06-25,East,Email
13085,2022-09-05,South,Organic
13086,2022-09-21,West,Social
13087,2022-05-13,East,Organic
13088,2022-05-09,South,Social
13089,2022-06-18,North,Referral
13090,2022-12-08,West,Email
13091,2022-09-08,East,Paid Search
13092,2022-10-14,South,Email
13093,2023-06-09,West,Paid Search
13094,2022-06-25,North,Organic
13095,2023-10-27,South,Referral
13096,2023-07-03,East,Paid Search
13097,2022-05-08,South,Organic
13098,2022-08-18,South,Organic
13099,2022-05-14,North,Referral
13100,2022-07-19,North,Referral
13101,2022-09-24,North,Paid Search
13102,2022-04-06,North,Organic
13103,2022-01-11,West,Social
13104,2022-11-17,East,Paid Search
13105,2023-05-27,South,Referral
13106,2022-08-10,South,Referral
13107,2023-09-21,East,Social
13108,2022-09-27,North,Organic
13109,2023-10-20,North,Email
13110,2022-06-22,East,Referral
13111,2023-01-29,South,Paid Search
13112,2023-07-12,West,Social
13113,2022-02-13,West,Paid Search
13114,2023-11-10,West,Referral
13115,2022-09-24,North,Email
13116,2022-12-30,North,Organic
13117,2023-04-04,North,Paid Search
13118,2023-04-15,West,Organic
13119,2022-01-18,West,Paid Search
13120,2023-09-26,West,Referral
13121,2023-04-01,South,Organic
13122,2023-12-31,West,Referral
13123,2022-12-11,East,Organic
13124,2023-03-24,West,Email
13125,2022-11-18,East,Referral
13126,2023-10-12,North,Email
13127,2023-08-31,North,Social
13128,2023-10-26,West,Referral
13129,2023-01-04,South,Email
13130,2023-08-01,South,Social
13131,2022-09-19,South,Organic
13132,2022-12-03,South,Paid Search
13133,2023-07-09,West,Organic
13134,2022-03-01,North,Social
13135,2023-06-03,North,Email
13136,2022-01-12,West,Email
13137,2023-02-28,East,Referral
13138,2022-12-15,North,Organic
13139,2022-12-09,North,Referral
13140,2022-12-27,North,Organic
13141,2022-12-26,North,Paid Search
13142,2022-10-25,North,Email
13143,2022-11-26,North,Paid Search
13144,2023-02-19,East,Email
13145,2023-07-12,West,Social
13146,2023-02-08,West,Social
13147,2023-04-15,South,Organic
13148,2023-09-03,South,Organic
13149,2023-12-24,West,Organic
13150,2022-03-21,West,Paid Search
13151,2023-06-05,East,Organic
13152,2022-06-14,North,Organic
13153,2022-05-24,South,Social
13154,2023-08-02,East,Referral
13155,2022-02-20,East,Social
13156,2023-09-11,North,Organic
13157,2023-07-17,West,Paid Search
13158,2023-12-28,East,Organic
13159,2023-05-03,East,Paid Search
13160,2023-09-30,North,Paid Search
13161,2022-03-28,West,Referral
13162,2023-10-12,East,Email
13163,2022-04-28,North,Organic
13164,2022-08-18,East,Email
13165,2022-04-04,East,Referral
13166,2022-10-21,West,Organic
13167,2023-07-01,North,Social
13168,2022-07-15,West,Organic
13169,2023-08-24,South,Organic
13170,2023-03-19,North,Social
13171,2023-04-05,North,Organic
13172,2023-11-17,North,Social
13173,2022-11-12,South,Organic
13174,2022-09-09,South,Email
13175,2023-12-28,East,Email
13176,2023-02-11,North,Social
13177,2023-03-25,West,Social
13178,2022-08-05,North,Email
13179,2022-06-07,East,Paid Search
13180,2022-05-04,West,Organic
13181,2022-06-13,West,Email
13182,2022-05-23,East,Paid Search
13183,2023-06-30,East,Organic
13184,2022-02-12,North,Referral
13185,2023-04-05,North,Organic
13186,2023-11-24,South,Organic
13187,2023-07-13,North,Referral
13188,2022-10-22,South,Email
13189,2022-02-13,North,Social
13190,2023-09-01,West,Organic
13191,2022-01-03,West,Paid Search
13192,2023-05-13,West,Email
13193,2023-05-05,East,Organic
13194,2022-05-21,North,Email
13195,2023-06-25,North,Organic
13196,2022-05-09,East,Organic
13197,2022-06-14,East,Organic
13198,2023-08-16,South,Organic
13199,2023-12-16,South,Organic
13200,2022-07-13,South,Social
13201,2023-11-04,North,Paid Search
13202,2023-10-29,South,Organic
13203,2023-07-16,South,Paid Search
13204,2022-04-13,East,Organic
13205,2022-08-07,West,Paid Search
13206,2023-05-10,East,Social
13207,2023-12-31,East,Email
13208,2023-08-18,West,Email
13209,2022-11-03,North,Organic
13210,2022-06-21,East,Organic
13211,2023-12-03,South,Social
13212,2022-07-21,East,Paid Search
13213,2022-09-07,North,Email
13214,2023-12-06,West,Referral
13215,2023-02-15,West,Paid Search
13216,2022-07-13,North,Social
13217,2022-01-04,North,Paid Search
13218,2022-11-10,North,Organic
13219,2023-12-21,West,Organic
13220,2022-11-12,East,Email
13221,2023-05-26,North,Organic
13222,2022-07-04,West,Email
13223,2023-07-21,South,Email
13224,2023-07-21,South,Paid Search
13225,2023-03-21,South,Paid Search
13226,2023-07-18,East,Email
13227,2023-02-27,South,Paid Search
13228,2022-10-04,North,Social
13229,2023-06-23,South,Organic
13230,2023-09-02,West,Referral
13231,2023-09-06,East,Organic
13232,2022-06-05,West,Organic
13233,2023-05-09,East,Email
13234,2022-01-04,West,Organic
13235,2023-02-22,South,Organic
13236,2023-02-21,West,Organic
13237,2022-09-23,North,Email
13238,2023-12-27,North,Email
13239,2023-10-07,North,Organic
13240,2022-01-29,North,Paid Search
13241,2022-06-02,West,Organic
13242,2022-06-01,West,Referral
13243,2023-10-18,West,Organic
13244,2023-01-14,North,Email
13245,2023-06-17,West,Paid Search
13246,2023-08-15,East,Email
13247,2023-07-15,South,Referral
13248,2022-03-07,East,Paid Search
13249,2022-04-13,East,Social
13250,2022-10-16,North,Paid Search
13251,2022-09-05,East,Email
13252,2023-06-30,East,Paid Search
13253,2022-04-25,North,Organic
13254,2022-09-29,South,Organic
13255,2022-06-22,East,Organic
13256,2022-05-18,East,Referral
13257,2022-05-07,West,Social
13258,2022-05-23,West,Organic
13259,2023-02-16,East,Paid Search
13260,2022-10-27,East,Email
13261,2022-11-14,East,Paid Search
13262,2022-12-16,East,Paid Search
13263,2023-06-25,North,Email
13264,2023-09-22,East,Organic
13265,2023-01-20,East,Paid Search
13266,2023-04-14,East,Organic
13267,2023-06-24,West,Organic
13268,2023-05-19,East,Email
13269,2022-04-09,South,Email
13270,2023-12-19,North,Referral
13271,2022-05-01,North,Organic
13272,2022-10-28,South,Social
13273,2023-04-22,South,Referral
13274,2022-10-22,North,Email
13275,2022-06-27,North,Referral
13276,2023-11-06,North,Referral
13277,2022-02-22,West,Social
13278,2022-06-29,West,Referral
13279,2023-12-26,South,Email
13280,2023-06-17,North,Paid Search
13281,2022-03-05,North,Referral
13282,2023-07-05,North,Social
13283,2023-12-09,South,Organic
13284,2022-03-13,North,Organic
13285,2022-10-30,South,Organic
13286,2022-12-08,West,Social
13287,2022-04-06,East,Organic
13288,2022-05-27,West,Organic
13289,2022-05-07,North,Paid Search
13290,2022-05-16,North,Organic
13291,2022-10-22,West,Referral
13292,2022-12-05,South,Paid Search
13293,2022-06-23,East,Organic
13294,2022-07-31,West,Organic
13295,2022-05-21,East,Social
13296,2023-08-05,South,Email
13297,2022-06-04,East,Paid Search
13298,2023-10-25,North,Paid Search
13299,2023-01-29,North,Referral
13300,2023-08-09,North,Social
13301,2023-04-10,West,Email
13302,2022-07-14,East,Paid Search
13303,2023-03-15,South,Referral
13304,2022-07-20,North,Email
13305,2022-03-28,East,Paid Search
13306,2022-07-05,West,Referral
13307,2022-07-21,South,Social
13308,2022-04-09,South,Social
13309,2022-01-18,West,Social
13310,2023-11-20,West,Paid Search
13311,2023-01-10,West,Paid Search
13312,2022-10-21,South,Organic
13313,2023-11-10,North,Email
13314,2022-06-14,South,Paid Search
13315,2022-10-22,South,Paid Search
13316,2023-09-11,West,Referral
13317,2023-04-07,North,Organic
13318,2022-10-19,East,Social
13319,2022-07-06,West,Organic
13320,2022-01-26,West,Organic
13321,2022-03-04,East,Organic
13322,2022-04-29,West,Paid Search
13323,2023-07-29,North,Paid Search
13324,2023-04-12,South,Paid Search
13325,2022-11-13,North,Email
13326,2023-07-26,West,Paid Search
13327,2022-04-28,West,Organic
13328,2022-06-03,North,Paid Search
13329,2022-10-14,North,Organic
13330,2023-11-01,South,Organic
13331,2023-03-25,North,Organic
13332,2023-09-14,West,Email
13333,2022-07-01,North,Email
13334,2023-09-12,West,Social
13335,2022-02-22,East,Social
13336,2022-06-16,South,Paid Search
13337,2023-01-17,North,Organic
13338,2022-02-06,West,Organic
13339,2023-09-19,East,Email
13340,2023-09-26,South,Organic
13341,2023-01-31,South,Organic
13342,2022-08-12,West,Referral
13343,2022-03-14,West,Organic
13344,2023-03-28,West,Organic
13345,2023-01-28,East,Referral
13346,2023-07-09,West,Organic
13347,2023-03-16,South,Paid Search
13348,2022-04-04,East,Organic
13349,2022-03-30,South,Paid Search
13350,2023-07-25,East,Referral
13351,2022-04-27,West,Email
13352,2023-11-17,West,Paid Search
13353,2022-03-19,East,Organic
13354,2023-06-16,East,Paid Search
13355,2023-12-13,West,Email
13356,2022-11-19,West,Organic
13357,2022-02-11,West,Organic
13358,2023-10-02,North,Email
13359,2022-05-17,South,Social
13360,2023-01-21,West,Referral
13361,2023-12-20,West,Social
13362,2023-06-28,East,Paid Search
13363,2022-02-03,East,Social
13364,2023-08-22,South,Referral
13365,2022-04-28,South,Organic
13366,2023-07-02,West,Paid Search
13367,2023-03-30,South,Organic
13368,2022-07-30,East,Referral
13369,2022-11-06,East,Referral
13370,2022-03-28,West,Social
13371,2023-12-22,South,Organic
13372,2022-06-23,East,Referral
13373,2022-08-14,North,Organic
13374,2023-01-03,North,Organic
13375,2023-05-06,South,Email
13376,2023-01-04,North,Social
13377,2023-01-04,West,Social
13378,2023-03-02,West,Organic
13379,2023-09-19,North,Paid Search
13380,2022-10-16,West,Paid Search
13381,2023-08-31,East,Organic
13382,2023-07-29,East,Social
13383,2023-12-03,West,Paid Search
13384,2023-10-29,East,Organic
13385,2023-08-06,North,Paid Search
13386,2022-06-30,North,Email
13387,2023-07-20,South,Social
13388,2023-06-22,West,Organic
13389,2022-07-31,East,Organic
13390,2023-05-10,South,Referral
13391,2022-07-04,North,Paid Search
13392,2023-01-17,West,Paid Search
13393,2023-08-05,South,Organic
13394,2022-05-18,East,Referral
13395,2022-09-03,East,Email
13396,2023-08-04,North,Organic
13397,2022-11-28,North,Organic
13398,2023-12-03,South,Organic
13399,2022-01-06,South,Organic
13400,2023-06-11,East,Organic
13401,2023-08-18,West,Organic
13402,2023-11-02,North,Organic
13403,2022-04-25,East,Paid Search
13404,2023-12-20,North,Paid Search
13405,2022-10-14,North,Paid Search
13406,2022-09-14,West,Social
13407,2022-09-17,West,Organic
13408,2023-04-11,West,Social
13409,2023-04-27,North,Referral
13410,2022-12-12,East,Referral
13411,2022-02-21,South,Organic
13412,2023-12-22,West,Organic
13413,2022-06-12,East,Email
13414,2022-03-10,West,Organic
13415,2023-03-13,North,Organic
13416,2022-10-29,South,Organic
13417,2023-03-26,West,Email
13418,2023-10-02,South,Social
13419,2022-03-13,East,Organic
13420,2022-07-27,East,Referral
13421,2023-01-13,West,Social
13422,2023-07-30,North,Organic
13423,2023-03-15,West,Paid Search
13424,2022-10-07,South,Organic
13425,2023-03-22,South,Referral
13426,2023-12-17,East,Social
13427,2022-12-17,North,Email
13428,2023-10-07,West,Email
13429,2023-07-24,West,Organic
13430,2022-08-08,West,Referral
13431,2022-07-02,West,Referral
13432,2023-07-17,East,Social
13433,2022-06-01,South,Paid Search
13434,2022-09-03,West,Organic
13435,2022-06-21,North,Organic
13436,2023-03-19,West,Organic
13437,2022-08-03,South,Email
13438,2023-04-26,East,Social
13439,2023-11-14,South,Referral
13440,2023-08-29,South,Organic
13441,2023-11-24,North,Organic
13442,2022-01-18,South,Organic
13443,2022-11-29,South,Referral
13444,2022-06-10,North,Social
13445,2023-11-02,North,Paid Search
13446,2023-06-04,East,Email
13447,2022-08-22,South,Paid Search
13448,2023-02-16,West,Organic
13449,2023-03-18,North,Organic
13450,2022-12-28,East,Organic
13451,2022-12-13,North,Organic
13452,2022-02-10,East,Paid Search
13453,2022-11-27,East,Organic
13454,2022-09-12,East,Email
13455,2023-08-21,South,Paid Search
13456,2023-09-24,East,Paid Search
13457,2023-07-02,North,Referral
13458,2022-01-23,South,Paid Search
13459,2023-09-07,South,Email
13460,2022-10-17,East,Organic
13461,2022-10-31,South,Social
13462,2023-11-21,West,Paid Search
13463,2023-09-26,South,Organic
13464,2022-02-07,North,Organic
13465,2022-09-20,North,Email
13466,2023-07-02,North,Email
13467,2023-01-29,East,Email
13468,2022-07-08,West,Paid Search
13469,2023-01-19,West,Email
13470,2023-09-25,South,Email
13471,2022-06-13,North,Organic
13472,2023-06-29,West,Paid Search
13473,2023-06-21,North,Paid Search
13474,2023-10-09,South,Social
13475,2022-08-06,West,Paid Search
13476,2022-06-07,South,Paid Search
13477,2023-02-04,North,Referral
13478,2023-01-23,North,Social
13479,2022-10-26,East,Organic
13480,2023-07-23,North,Referral
13481,2023-08-07,East,Organic
13482,2022-06-29,South,Social
13483,2023-08-04,South,Organic
13484,2022-06-18,North,Paid Search
13485,2022-10-25,West,Referral
13486,2022-01-20,South,Organic
13487,2022-09-06,East,Social
13488,2023-12-01,South,Paid Search
13489,2022-11-20,North,Organic
13490,2023-06-03,South,Referral
13491,2022-03-20,East,Paid Search
13492,2023-04-09,South,Social
13493,2022-09-29,West,Social
13494,2023-06-28,West,Organic
13495,2023-11-09,West,Organic
13496,2023-01-24,East,Paid Search
13497,2022-03-17,East,Paid Search
13498,2022-12-14,East,Organic
13499,2022-03-31,South,Paid Search
13500,2022-11-25,West,Social
13501,2022-02-14,West,Organic
13502,2023-04-13,North,Email
13503,2022-08-15,West,Paid Search
13504,2022-05-28,West,Organic
13505,2022-01-13,South,Organic
13506,2023-10-11,West,Organic
13507,2023-09-04,North,Email
13508,2023-08-16,North,Organic
13509,2022-02-12,South,Social
13510,2022-09-13,East,Social
13511,2023-12-11,South,Organic
13512,2023-02-27,West,Social
13513,2022-04-04,North,Referral
13514,2022-04-13,South,Organic
13515,2022-07-12,East,Referral
13516,2023-12-11,North,Organic
13517,2022-05-04,East,Email
13518,2023-10-22,South,Organic
13519,2023-05-10,West,Social
13520,2023-11-04,East,Social
13521,2023-08-26,North,Referral
13522,2022-08-31,North,Referral
13523,2023-08-28,North,Organic
13524,2022-05-04,West,Email
13525,2022-08-01,East,Organic
13526,2022-06-04,South,Organic
13527,2022-04-08,North,Organic
13528,2022-03-07,West,Referral
13529,2022-05-17,North,Email
13530,2022-03-29,East,Organic
13531,2022-10-05,West,Referral
13532,2022-02-22,South,Social
13533,2022-02-14,East,Organic
13534,2023-12-24,North,Paid Search
13535,2022-03-06,South,Email
13536,2022-02-24,West,Email
13537,2022-01-22,East,Paid Search
13538,2022-04-07,West,Paid Search
13539,2023-01-21,East,Organic
13540,2023-08-27,North,Paid Search
13541,2023-06-21,East,Paid Search
13542,2023-02-28,East,Organic
13543,2022-03-04,North,Organic
13544,2023-07-20,South,Email
13545,2022-01-28,East,Paid Search
13546,2023-04-06,East,Paid Search
13547,2022-10-26,North,Organic
13548,2023-10-06,West,Referral
13549,2022-08-13,South,Organic
13550,2023-04-12,North,Paid Search
13551,2022-11-18,North,Organic
13552,2023-01-17,West,Email
13553,2023-11-17,South,Paid Search
13554,2023-06-05,South,Paid Search
13555,2022-10-30,North,Social
13556,2022-11-23,East,Social
13557,2023-05-30,West,Paid Search
13558,2022-09-10,South,Paid Search
13559,2022-05-03,West,Referral
13560,2022-12-08,North,Referral
13561,2022-02-19,North,Email
13562,2022-05-04,East,Social
13563,2022-11-04,East,Social
13564,2023-08-05,North,Referral
13565,2023-07-25,East,Organic
13566,2022-07-10,South,Referral
13567,2022-11-05,East,Email
13568,2022-04-23,East,Email
13569,2023-07-06,West,Paid Search
13570,2022-06-29,South,Paid Search
13571,2023-08-07,East,Social
13572,2023-09-07,East,Email
13573,2023-05-19,South,Organic
13574,2022-08-30,North,Email
13575,2023-11-27,West,Organic
13576,2023-05-16,North,Paid Search
13577,2023-04-17,West,Email
13578,2023-09-18,North,Email
13579,2023-10-06,West,Organic
13580,2022-02-26,North,Organic
13581,2023-10-06,West,Organic
13582,2023-07-13,East,Email
13583,2022-05-31,North,Referral
13584,2022-08-13,East,Social
13585,2023-07-04,East,Social
13586,2022-06-08,South,Paid Search
13587,2022-11-27,North,Organic
13588,2023-05-18,East,Social
13589,2023-04-20,East,Paid Search
13590,2023-10-27,South,Organic
13591,2022-03-23,West,Paid Search
13592,2022-08-04,North,Email
13593,2023-12-20,North,Organic
13594,2023-02-20,East,Organic
13595,2022-07-01,North,Email
13596,2022-07-31,North,Organic
13597,2022-09-05,East,Paid Search
13598,2023-02-09,South,Social
13599,2022-07-27,North,Referral
13600,2023-03-30,East,Paid Search
13601,2022-11-22,East,Organic
13602,2023-03-22,West,Paid Search
13603,2022-04-24,East,Organic
13604,2023-04-01,South,Social
13605,2023-11-07,North,Email
13606,2022-04-09,West,Paid Search
13607,2022-08-28,North,Social
13608,2023-05-22,North,Paid Search
13609,2023-03-27,West,Paid Search
13610,2023-05-08,East,Referral
13611,2023-02-13,East,Organic
13612,2023-05-14,North,Organic
13613,2023-03-21,North,Social
13614,2022-02-24,South,Paid Search
13615,2023-07-03,East,Organic
13616,2022-11-23,South,Organic
13617,2022-02-07,North,Paid Search
13618,2022-10-26,North,Paid Search
13619,2022-11-14,East,Paid Search
13620,2022-03-05,East,Organic
13621,2023-12-29,North,Paid Search
13622,2022-06-12,North,Email
13623,2022-08-30,North,Social
13624,2022-11-18,North,Email
13625,2023-08-31,East,Email
13626,2023-06-27,North,Social
13627,2023-07-17,East,Organic
13628,2022-06-23,West,Organic
13629,2023-09-10,West,Organic
13630,2023-08-29,West,Paid Search
13631,2022-12-05,North,Referral
13632,2023-02-03,North,Paid Search
13633,2022-01-28,South,Social
13634,2023-07-10,East,Organic
13635,2023-12-03,North,Paid Search
13636,2022-12-11,South,Paid Search
13637,2023-01-30,South,Organic
13638,2022-12-31,North,Paid Search
13639,2022-03-02,East,Email
13640,2023-03-29,East,Paid Search
13641,2023-06-11,East,Social
13642,2023-11-09,West,Referral
13643,2023-11-10,North,Paid Search
13644,2022-12-26,North,Referral
13645,2023-12-02,South,Organic
13646,2023-01-21,East,Organic
13647,2023-04-14,East,Paid Search
13648,2023-03-16,North,Email
13649,2023-12-31,West,Paid Search
13650,2023-06-23,South,Paid Search
13651,2022-03-29,South,Social
13652,2022-02-22,East,Organic
13653,2022-10-27,West,Social
13654,2023-01-12,East,Paid Search
13655,2023-05-04,West,Paid Search
13656,2022-12-18,North,Organic
13657,2023-01-11,East,Organic
13658,2023-11-04,West,Paid Search
13659,2022-09-02,East,Social
13660,2022-12-27,South,Paid Search
13661,2023-02-11,West,Organic
13662,2022-12-08,North,Social
13663,2023-12-08,South,Email
13664,2023-12-04,West,Referral
13665,2023-01-10,West,Paid Search
13666,2022-11-25,West,Email
13667,2023-03-06,West,Paid Search
13668,2022-05-13,North,Email
13669,2022-11-07,West,Paid Search
13670,2022-06-08,South,Organic
13671,2022-04-16,East,Referral
13672,2022-03-11,South,Email
13673,2023-03-05,West,Email
13674,2022-01-01,East,Paid Search
13675,2023-04-17,West,Email
13676,2022-11-12,North,Organic
13677,2022-09-25,North,Paid Search
13678,2023-07-16,South,Organic
13679,2023-01-29,North,Organic
13680,2023-06-20,East,Organic
13681,2023-06-02,South,Social
13682,2022-01-24,East,Organic
13683,2022-06-07,North,Social
13684,2023-02-21,North,Referral
13685,2023-12-14,East,Organic
13686,2022-04-23,South,Email
13687,2022-03-19,North,Paid Search
13688,2023-11-18,North,Referral
13689,2023-12-07,North,Paid Search
13690,2022-05-03,East,Paid Search
13691,2022-10-21,North,Organic
13692,2023-04-03,South,Referral
13693,2022-05-23,East,Organic
13694,2022-08-27,East,Social
13695,2022-10-16,East,Organic
13696,2023-04-14,North,Email
13697,2022-08-13,West,Paid Search
13698,2022-10-28,South,Organic
13699,2022-07-31,South,Organic
13700,2023-07-09,West,Organic
13701,2022-04-22,East,Social
13702,2022-06-18,East,Email
13703,2022-07-02,West,Organic
13704,2023-10-24,North,Paid Search
13705,2023-11-21,West,Organic
13706,2023-01-01,East,Email
13707,2022-04-25,South,Social
13708,2023-07-06,North,Social
13709,2022-12-26,North,Social
13710,2023-09-13,West,Paid Search
13711,2022-09-20,North,Organic
13712,2023-12-31,North,Social
13713,2023-08-13,East,Organic
13714,2022-06-13,East,Organic
13715,2023-06-14,North,Organic
13716,2022-07-29,West,Social
13717,2022-09-13,East,Email
13718,2022-07-02,West,Referral
13719,2023-05-14,North,Paid Search
13720,2022-07-11,North,Organic
13721,2023-04-12,East,Paid Search
13722,2023-03-02,North,Social
13723,2023-07-03,East,Organic
13724,2023-12-27,North,Referral
13725,2022-01-07,West,Paid Search
13726,2023-12-24,West,Social
13727,2022-03-21,West,Social
13728,2023-01-20,West,Paid Search
13729,2022-09-06,West,Social
13730,2023-04-12,South,Paid Search
13731,2023-06-11,South,Social
13732,2023-09-20,West,Social
13733,2022-10-21,West,Paid Search
13734,2023-11-13,West,Organic
13735,2022-08-24,West,Referral
13736,2022-05-29,North,Referral
13737,2022-10-04,West,Email
13738,2023-01-21,West,Referral
13739,2023-05-03,East,Paid Search
13740,2023-08-31,West,Paid Search
13741,2022-06-14,East,Paid Search
13742,2022-08-10,West,Organic
13743,2023-11-17,North,Paid Search
13744,2022-11-18,West,Email
13745,2022-06-26,North,Organic
13746,2023-12-21,South,Organic
13747,2022-11-24,North,Email
13748,2023-12-21,South,Social
13749,2023-11-03,North,Referral
13750,2023-10-24,West,Organic
13751,2023-03-01,East,Social
13752,2023-08-06,West,Organic
13753,2023-12-03,North,Organic
13754,2022-07-16,North,Email
13755,2022-01-28,West,Paid Search
13756,2022-08-23,East,Social
13757,2023-04-10,East,Organic
13758,2023-02-04,West,Organic
13759,2022-02-28,West,Paid Search
13760,2023-02-14,East,Organic
13761,2022-05-08,West,Organic
13762,2023-01-05,East,Organic
13763,2023-02-25,East,Paid Search
13764,2023-04-10,South,Social
13765,2022-10-29,North,Organic
13766,2022-10-26,North,Email
13767,2023-05-11,West,Email
13768,2023-07-01,East,Paid Search
13769,2023-08-13,South,Paid Search
13770,2022-09-01,East,Email
13771,2022-11-06,North,Social
13772,2022-08-30,North,Organic
13773,2023-01-21,West,Social
13774,2022-04-03,South,Organic
13775,2022-11-10,North,Paid Search
13776,2022-05-18,South,Paid Search
13777,2023-01-24,South,Organic
13778,2023-09-13,East,Organic
13779,2023-12-21,West,Organic
13780,2022-11-22,East,Organic
13781,2022-02-11,East,Email
13782,2022-06-16,South,Organic
13783,2022-03-18,East,Social
13784,2023-07-09,South,Social
13785,2023-12-20,North,Organic
13786,2023-02-09,West,Organic
13787,2022-05-10,South,Paid Search
13788,2022-01-16,South,Social
13789,2023-12-14,North,Paid Search
13790,2022-08-19,West,Organic
13791,2022-03-23,North,Referral
13792,2022-05-10,South,Paid Search
13793,2022-07-06,West,Paid Search
13794,2023-04-24,South,Social
13795,2023-10-14,West,Referral
13796,2022-07-20,North,Paid Search
13797,2023-05-17,East,Organic
13798,2022-02-17,West,Paid Search
13799,2022-01-08,East,Organic
13800,2022-02-10,East,Paid Search
13801,2023-11-05,South,Organic
13802,2023-03-01,West,Email
13803,2023-08-11,West,Social
13804,2022-01-16,East,Referral
13805,2022-01-17,West,Social
13806,2023-09-12,East,Organic
13807,2022-03-16,East,Organic
13808,2022-04-24,South,Paid Search
13809,2023-01-14,East,Organic
13810,2023-03-19,West,Organic
13811,2022-06-17,East,Social
13812,2022-11-21,North,Paid Search
13813,2023-05-08,East,Organic
13814,2022-11-20,West,Paid Search
13815,2022-10-07,West,Referral
13816,2022-02-22,North,Email
13817,2022-11-26,North,Organic
13818,2023-08-10,South,Paid Search
13819,2023-04-03,North,Referral
13820,2023-10-14,West,Organic
13821,2022-04-03,South,Email
13822,2022-01-09,East,Email
13823,2023-02-05,North,Email
13824,2022-05-11,South,Organic
13825,2023-03-10,West,Referral
13826,2023-10-22,South,Paid Search
13827,2022-09-04,North,Organic
13828,2023-02-06,North,Organic
13829,2023-05-13,West,Paid Search
13830,2022-04-20,West,Organic
13831,2023-10-18,North,Social
13832,2022-05-29,East,Social
13833,2023-08-14,North,Organic
13834,2023-04-27,East,Social
13835,2022-04-13,North,Referral
13836,2023-06-14,West,Organic
13837,2022-05-24,West,Email
13838,2023-03-14,North,Referral
13839,2023-12-02,South,Social
13840,2023-11-27,North,Paid Search
13841,2023-09-29,South,Social
13842,2022-12-27,North,Email
13843,2023-02-13,North,Organic
13844,2022-08-08,West,Organic
13845,2023-11-04,North,Paid Search
13846,2022-12-15,West,Paid Search
13847,2023-07-18,North,Paid Search
13848,2022-09-20,East,Organic
13849,2023-06-25,South,Social
13850,2022-06-13,West,Email
13851,2023-06-20,North,Paid Search
13852,2022-02-03,North,Organic
13853,2022-03-18,East,Organic
13854,2022-09-15,East,Organic
13855,2022-12-18,East,Email
13856,2023-06-04,North,Organic
13857,2022-09-20,North,Referral
13858,2022-01-14,West,Organic
13859,2022-08-26,East,Organic
13860,2022-11-17,East,Social
13861,2023-02-01,South,Paid Search
13862,2023-04-16,North,Paid Search
13863,2022-06-30,West,Organic
13864,2023-03-22,East,Email
13865,2023-04-07,North,Paid Search
13866,2023-07-21,West,Social
13867,2023-01-17,East,Email
13868,2023-08-15,South,Social
13869,2022-06-11,South,Email
13870,2023-06-04,East,Social
13871,2022-02-03,South,Email
13872,2022-03-17,East,Paid Search
13873,2023-09-24,East,Email
13874,2022-12-13,North,Email
13875,2023-03-30,West,Organic
13876,2023-03-17,South,Email
13877,2023-05-23,South,Organic
13878,2022-06-29,East,Paid Search
13879,2022-05-11,East,Organic
13880,2022-02-01,South,Organic
13881,2023-09-24,East,Organic
13882,2022-06-13,West,Organic
13883,2023-02-24,West,Organic
13884,2022-11-29,West,Organic
13885,2022-04-29,North,Paid Search
13886,2022-10-30,South,Paid Search
13887,2022-03-02,East,Referral
13888,2022-05-09,North,Social
13889,2022-04-12,West,Organic
13890,2023-08-25,South,Paid Search
13891,2023-02-19,South,Paid Search
13892,2023-11-07,North,Paid Search
13893,2022-11-15,South,Paid Search
13894,2022-05-27,South,Email
13895,2023-03-21,East,Email
13896,2023-11-10,East,Paid Search
13897,2023-01-24,North,Email
13898,2022-01-14,North,Organic
13899,2022-08-10,West,Social
13900,2023-11-07,North,Referral
13901,2023-01-14,East,Organic
13902,2023-11-26,East,Social
13903,2023-01-07,East,Social
13904,2022-01-09,West,Paid Search
13905,2023-09-30,East,Organic
13906,2023-07-12,West,Social
13907,2023-06-07,West,Paid Search
13908,2023-12-10,North,Organic
13909,2022-05-24,North,Email
13910,2023-10-24,South,Paid Search
13911,2022-06-19,South,Organic
13912,2023-12-10,East,Referral
13913,2022-05-20,North,Organic
13914,2023-02-06,North,Paid Search
13915,2023-07-31,South,Email
13916,2022-02-27,East,Organic
13917,2022-02-18,East,Social
13918,2023-09-13,West,Email
13919,2022-02-14,North,Paid Search
13920,2023-03-25,South,Paid Search
13921,2023-11-16,West,Referral
13922,2023-03-25,East,Referral
13923,2022-12-18,East,Organic
13924,2022-11-01,East,Paid Search
13925,2023-04-11,North,Paid Search
13926,2023-02-22,West,Referral
13927,2023-01-02,East,Social
13928,2022-04-23,East,Paid Search
13929,2023-04-29,East,Social
13930,2023-06-25,South,Paid Search
13931,2023-06-02,North,Organic
13932,2022-02-24,West,Email
13933,2023-05-29,East,Paid Search
13934,2023-06-17,North,Email
13935,2022-05-14,South,Paid Search
13936,2023-09-12,West,Social
13937,2023-01-18,South,Referral
13938,2022-12-11,South,Organic
13939,2023-06-12,East,Paid Search
13940,2023-01-08,West,Email
13941,2023-02-02,East,Organic
13942,2022-08-16,West,Social
13943,2023-11-09,North,Email
13944,2023-12-09,West,Organic
13945,2022-04-06,West,Social
13946,2023-06-20,East,Paid Search
13947,2022-01-18,East,Organic
13948,2022-09-27,North,Organic
13949,2023-12-10,South,Social
13950,2022-05-08,North,Referral
13951,2022-10-03,North,Paid Search
13952,2022-06-10,West,Organic
13953,2023-06-16,North,Organic
13954,2022-12-05,East,Email
13955,2023-03-09,South,Paid Search
13956,2023-11-20,South,Paid Search
13957,2023-01-16,South,Paid Search
13958,2023-06-20,South,Paid Search
13959,2022-03-13,East,Email
13960,2022-06-07,West,Paid Search
13961,2023-11-23,South,Organic
13962,2023-09-20,West,Paid Search
13963,2023-04-25,East,Paid Search
13964,2022-10-04,East,Paid Search
13965,2022-05-26,North,Organic
13966,2023-09-14,North,Organic
13967,2023-07-28,West,Paid Search
13968,2022-06-26,East,Organic
13969,2023-03-07,South,Email
13970,2023-03-28,West,Paid Search
13971,2022-12-15,South,Organic
13972,2023-11-08,West,Email
13973,2022-04-01,South,Paid Search
13974,2022-07-08,West,Organic
13975,2022-03-11,North,Social
13976,2023-05-21,North,Paid Search
13977,2023-04-16,East,Referral
13978,2023-12-22,North,Organic
13979,2023-01-31,West,Social
13980,2022-04-20,East,Social
13981,2022-11-26,North,Organic
13982,2022-03-06,North,Paid Search
13983,2023-05-05,West,Email
13984,2023-05-08,East,Paid Search
13985,2023-09-19,West,Paid Search
13986,2022-09-06,North,Referral
13987,2022-08-15,West,Email
13988,2022-02-22,East,Referral
13989,2022-10-31,East,Social
13990,2022-12-13,South,Social
13991,2023-07-05,North,Email
13992,2023-07-05,West,Email
13993,2022-04-13,West,Social
13994,2022-07-28,South,Email
13995,2023-01-09,West,Organic
13996,2022-09-02,North,Email
13997,2022-01-19,North,Organic
13998,2023-09-10,North,Referral
13999,2023-06-18,South,Email
14000,2023-01-15,North,Paid Search
14001,2022-08-20,South,Organic
14002,2023-09-08,North,Paid Search
14003,2022-01-26,East,Paid Search
14004,2022-11-22,West,Email
14005,2023-08-08,East,Email
14006,2023-11-27,North,Paid Search
14007,2022-07-03,West,Organic
14008,2023-04-21,North,Paid Search
14009,2022-05-19,West,Paid Search
14010,2022-03-26,East,Social
14011,2022-09-15,South,Social
14012,2023-10-09,North,Social
14013,2023-05-19,West,Organic
14014,2022-12-24,West,Organic
14015,2022-07-26,East,Referral
14016,2022-04-14,West,Referral
14017,2022-07-17,West,Organic
14018,2022-04-22,North,Email
14019,2022-05-17,East,Paid Search
14020,2023-05-17,South,Organic
14021,2022-04-07,South,Referral
14022,2022-02-04,North,Referral
14023,2023-01-31,West,Referral
14024,2022-07-29,East,Organic
14025,2022-11-28,North,Paid Search
14026,2022-04-13,South,Social
14027,2022-06-03,South,Email
14028,2022-11-18,East,Paid Search
14029,2023-05-19,West,Paid Search
14030,2022-10-30,South,Organic
14031,2023-01-31,South,Email
14032,2023-01-16,East,Social
14033,2022-07-16,South,Organic
14034,2022-07-24,East,Organic
14035,2022-11-07,North,Paid Search
14036,2022-01-24,North,Paid Search
14037,2023-05-16,South,Paid Search
14038,2023-03-25,West,Organic
14039,2022-08-12,South,Social
14040,2022-09-30,North,Organic
14041,2022-08-28,East,Email
14042,2023-04-21,West,Paid Search
14043,2023-07-09,South,Paid Search
14044,2022-03-21,North,Email
14045,2022-10-29,East,Email
14046,2022-01-11,South,Email
14047,2022-11-27,East,Paid Search
14048,2022-07-01,North,Paid Search
14049,2022-09-03,North,Paid Search
14050,2022-11-30,South,Paid Search
14051,2022-08-25,East,Paid Search
14052,2022-10-15,South,Paid Search
14053,2023-07-13,North,Organic
14054,2023-08-15,South,Email
14055,2022-01-05,West,Organic
14056,2022-10-03,North,Referral
14057,2023-09-11,East,Email
14058,2023-01-23,East,Organic
14059,2022-05-30,South,Email
14060,2023-03-10,West,Paid Search
14061,2022-04-16,West,Referral
14062,2022-01-16,South,Referral
14063,2023-04-07,North,Social
14064,2023-01-12,South,Paid Search
14065,2023-07-07,North,Referral
14066,2022-09-09,East,Email
14067,2023-09-16,West,Social
14068,2022-11-04,West,Organic
14069,2023-06-23,South,Referral
14070,2022-03-15,South,Email
14071,2022-03-12,North,Organic
14072,2023-07-26,East,Referral
14073,2023-09-01,North,Email
14074,2023-11-19,West,Referral
14075,2022-08-25,West,Organic
14076,2022-01-17,North,Paid Search
14077,2023-12-17,East,Email
14078,2023-03-16,East,Organic
14079,2022-06-30,West,Social
14080,2023-07-12,South,Email
14081,2023-10-22,North,Organic
14082,2022-07-27,East,Email
14083,2023-07-16,North,Organic
14084,2023-07-29,East,Social
14085,2023-01-02,North,Social
14086,2023-04-07,East,Paid Search
14087,2022-07-16,West,Paid Search
14088,2023-11-10,North,Paid Search
14089,2023-12-19,South,Paid Search
14090,2023-12-18,East,Social
14091,2023-06-23,North,Organic
14092,2022-01-31,East,Paid Search
14093,2022-09-25,East,Organic
14094,2022-11-21,South,Email
14095,2023-12-02,West,Social
14096,2023-02-04,East,Organic
14097,2023-01-27,East,Organic
14098,2022-04-18,North,Organic
14099,2023-08-03,North,Organic
14100,2022-09-03,North,Paid Search
14101,2022-03-09,West,Social
14102,2023-12-22,West,Paid Search
14103,2022-05-19,West,Organic
14104,2022-01-12,North,Email
14105,2022-02-26,East,Social
14106,2022-11-27,West,Paid Search
14107,2022-03-17,East,Organic
14108,2023-09-08,North,Social
14109,2023-01-10,West,Organic
14110,2022-08-25,North,Social
14111,2022-01-03,North,Social
14112,2022-12-17,West,Social
14113,2022-04-21,South,Organic
14114,2023-12-15,South,Organic
14115,2022-08-01,East,Social
14116,2022-12-13,West,Paid Search
14117,2022-01-14,North,Paid Search
14118,2022-04-06,West,Email
14119,2022-06-01,South,Organic
14120,2022-02-07,North,Email
14121,2023-06-14,South,Referral
14122,2023-11-22,East,Email
14123,2023-12-21,North,Paid Search
14124,2022-07-14,South,Referral
14125,2023-07-30,East,Email
14126,2023-01-03,East,Organic
14127,2022-02-03,East,Email
14128,2022-03-08,West,Organic
14129,2023-02-04,South,Organic
14130,2022-11-06,South,Email
14131,2022-01-07,South,Organic
14132,2023-11-10,East,Organic
14133,2023-06-18,North,Email
14134,2023-01-02,South,Organic
14135,2023-12-22,North,Paid Search
14136,2023-12-10,South,Organic
14137,2023-12-12,West,Email
14138,2022-07-08,East,Social
14139,2023-10-06,South,Organic
14140,2023-01-04,East,Social
14141,2023-06-15,East,Organic
14142,2023-09-20,South,Paid Search
14143,2022-04-30,South,Paid Search
14144,2022-11-24,East,Organic
14145,2022-04-05,North,Organic
14146,2022-07-24,East,Social
14147,2022-10-29,East,Social
14148,2023-09-17,West,Referral
14149,2023-09-22,West,Referral
14150,2022-10-12,West,Paid Search
14151,2022-08-29,East,Organic
14152,2023-01-23,North,Organic
14153,2023-10-28,East,Paid Search
14154,2023-12-14,West,Social
14155,2022-06-15,West,Organic
14156,2022-05-17,West,Organic
14157,2023-05-31,North,Paid Search
14158,2022-08-09,East,Social
14159,2022-05-26,West,Paid Search
14160,2022-01-23,East,Email
14161,2022-10-22,East,Paid Search
14162,2022-10-14,East,Paid Search
14163,2023-02-16,East,Paid Search
14164,2022-05-27,South,Social
14165,2023-06-06,North,Social
14166,2023-05-12,West,Paid Search
14167,2022-12-04,West,Organic
14168,2022-05-13,West,Organic
14169,2023-01-06,South,Organic
14170,2023-05-08,North,Organic
14171,2022-09-30,South,Organic
14172,2022-07-12,West,Email
14173,2023-01-05,East,Social
14174,2022-09-17,West,Social
14175,2022-10-20,South,Email
14176,2022-09-12,East,Referral
14177,2022-08-10,West,Referral
14178,2023-06-08,North,Organic
14179,2022-12-02,West,Organic
14180,2022-12-07,East,Organic
14181,2023-04-22,North,Social
14182,2022-09-21,North,Organic
14183,2022-03-15,West,Paid Search
14184,2023-09-15,East,Paid Search
14185,2022-02-10,West,Email
14186,2023-02-22,West,Email
14187,2022-07-14,South,Social
14188,2022-06-06,West,Email
14189,2022-01-31,West,Social
14190,2023-10-20,North,Organic
14191,2022-11-10,West,Social
14192,2022-09-08,South,Email
14193,2023-06-26,South,Organic
14194,2022-01-29,South,Referral
14195,2023-02-17,West,Referral
14196,2022-12-28,North,Social
14197,2023-02-09,South,Referral
14198,2022-04-01,East,Paid Search
14199,2023-11-27,North,Organic
14200,2022-06-24,West,Organic
14201,2023-05-11,West,Social
14202,2023-06-30,North,Social
14203,2022-09-09,North,Referral
14204,2022-04-06,West,Social
14205,2022-08-05,North,Email
14206,2023-08-13,North,Organic
14207,2023-10-24,West,Organic
14208,2023-11-15,West,Paid Search
14209,2022-06-15,East,Social
14210,2023-03-19,East,Organic
14211,2022-04-21,West,Referral
14212,2023-06-03,East,Email
14213,2022-10-31,East,Organic
14214,2023-06-05,West,Social
14215,2023-05-16,East,Email
14216,2023-12-26,East,Social
14217,2022-12-23,South,Paid Search
14218,2022-09-07,East,Paid Search
14219,2023-01-20,East,Organic
14220,2022-04-29,South,Paid Search
14221,2022-03-23,South,Social
14222,2023-01-14,West,Referral
14223,2023-08-26,South,Social
14224,2023-01-25,North,Organic
14225,2023-07-25,South,Referral
14226,2022-05-10,North,Organic
14227,2022-11-25,West,Organic
14228,2023-03-24,South,Social
14229,2022-09-11,South,Referral
14230,2022-01-11,West,Referral
14231,2022-02-23,North,Social
14232,2023-11-09,North,Organic
14233,2023-03-18,West,Organic
14234,2022-07-13,East,Organic
14235,2022-07-08,West,Email
14236,2022-01-29,West,Paid Search
14237,2023-11-21,West,Organic
14238,2022-03-21,North,Paid Search
14239,2023-07-09,West,Paid Search
14240,2022-06-25,East,Email
14241,2022-09-03,North,Paid Search
14242,2022-07-19,West,Organic
14243,2023-08-25,South,Email
14244,2022-01-24,West,Email
14245,2022-09-15,East,Organic
14246,2022-07-23,East,Organic
14247,2022-07-19,North,Referral
14248,2022-05-21,West,Social
14249,2023-10-29,East,Organic
14250,2022-10-04,North,Paid Search
14251,2022-11-02,North,Email
14252,2022-10-09,West,Organic
14253,2023-12-17,North,Organic
14254,2022-09-05,East,Referral
14255,2022-09-07,East,Paid Search
14256,2022-08-28,North,Organic
14257,2022-08-27,East,Social
14258,2022-03-07,North,Paid Search
14259,2023-03-18,West,Email
14260,2022-01-19,West,Organic
14261,2022-06-14,South,Organic
14262,2022-05-28,East,Organic
14263,2022-08-01,East,Referral
14264,2023-07-07,West,Email
14265,2023-03-14,South,Social
14266,2023-12-25,East,Organic
14267,2022-09-14,West,Social
14268,2023-11-09,North,Paid Search
14269,2022-02-02,East,Email
14270,2023-01-04,North,Paid Search
14271,2023-08-07,East,Email
14272,2023-01-24,South,Organic
14273,2023-11-13,West,Organic
14274,2022-08-18,South,Social
14275,2022-01-25,North,Organic
14276,2023-07-19,West,Organic
14277,2022-02-19,West,Referral
14278,2023-07-13,East,Organic
14279,2023-06-20,East,Email
14280,2023-09-09,North,Social
14281,2022-12-16,East,Social
14282,2023-10-16,North,Organic
14283,2022-05-04,North,Paid Search
14284,2022-11-14,West,Paid Search
14285,2022-03-30,East,Paid Search
14286,2023-07-14,North,Social
14287,2023-06-06,North,Referral
14288,2023-08-12,West,Organic
14289,2023-07-12,North,Organic
14290,2022-08-14,North,Social
14291,2022-02-19,North,Paid Search
14292,2023-11-10,North,Social
14293,2022-12-26,South,Organic
14294,2022-03-10,West,Organic
14295,2023-11-08,South,Email
14296,2023-12-27,East,Referral
14297,2022-11-22,East,Organic
14298,2023-07-17,East,Social
14299,2022-01-27,East,Paid Search
14300,2022-03-10,East,Organic
14301,2022-07-21,East,Paid Search
14302,2023-04-25,East,Organic
14303,2022-04-08,West,Email
14304,2022-01-25,East,Organic
14305,2023-05-04,West,Paid Search
14306,2023-07-17,North,Organic
14307,2023-06-24,East,Social
14308,2023-08-07,East,Referral
14309,2023-08-10,South,Paid Search
14310,2023-03-16,West,Paid Search
14311,2023-01-15,South,Referral
14312,2023-09-18,North,Organic
14313,2022-09-12,West,Social
14314,2022-03-13,North,Paid Search
14315,2023-07-03,South,Social
14316,2022-07-21,South,Organic
14317,2023-12-16,West,Organic
14318,2022-10-30,South,Paid Search
14319,2023-09-14,East,Organic
14320,2022-01-31,West,Organic
14321,2023-04-27,East,Referral
14322,2022-11-24,West,Organic
14323,2022-12-04,West,Organic
14324,2022-07-13,South,Organic
14325,2023-12-10,West,Paid Search
14326,2022-10-14,East,Paid Search
14327,2023-09-13,North,Organic
14328,2022-11-07,North,Social
14329,2022-02-05,East,Social
14330,2023-10-04,North,Organic
14331,2022-05-16,East,Social
14332,2022-07-17,South,Paid Search
14333,2023-09-21,East,Paid Search
14334,2023-10-15,North,Referral
14335,2023-11-01,West,Social
14336,2022-11-07,South,Paid Search
14337,2023-07-07,North,Paid Search
14338,2022-08-28,South,Organic
14339,2023-06-25,South,Paid Search
14340,2023-01-02,East,Email
14341,2022-02-07,East,Organic
14342,2022-11-01,North,Referral
14343,2022-12-08,West,Email
14344,2022-07-07,South,Organic
14345,2022-10-01,North,Social
14346,2023-01-02,West,Social
14347,2022-02-06,East,Organic
14348,2022-04-21,East,Paid Search
14349,2023-07-14,South,Social
14350,2022-09-14,South,Referral
14351,2023-03-21,East,Organic
14352,2023-02-18,North,Email
14353,2023-02-07,South,Social
14354,2022-10-29,West,Referral
14355,2022-12-19,East,Organic
14356,2023-08-25,South,Paid Search
14357,2023-12-06,North,Social
14358,2022-07-07,East,Organic
14359,2023-05-04,North,Paid Search
14360,2023-12-09,North,Email
14361,2022-01-06,North,Paid Search
14362,2023-07-27,East,Social
14363,2022-12-29,East,Organic
14364,2023-12-08,North,Social
14365,2023-02-27,North,Organic
14366,2023-09-04,East,Social
14367,2022-05-02,East,Paid Search
14368,2022-04-14,East,Organic
14369,2023-11-08,North,Referral
14370,2023-01-20,East,Social
14371,2023-02-12,West,Paid Search
14372,2022-05-05,East,Organic
14373,2022-06-15,North,Email
14374,2023-08-21,East,Referral
14375,2022-08-10,South,Organic
14376,2023-03-03,North,Referral
14377,2022-08-20,South,Paid Search
14378,2022-07-12,West,Email
14379,2022-05-02,South,Paid Search
14380,2023-11-10,West,Organic
14381,2023-11-18,East,Referral
14382,2022-03-26,East,Organic
14383,2022-09-15,North,Referral
14384,2023-02-16,East,Organic
14385,2022-10-07,North,Organic
14386,2023-06-11,South,Referral
14387,2022-07-09,North,Email
14388,2022-02-12,South,Organic
14389,2022-09-03,East,Email
14390,2023-03-13,North,Organic
14391,2022-05-12,South,Social
14392,2023-08-19,West,Organic
14393,2022-01-09,North,Paid Search
14394,2022-02-19,South,Organic
14395,2023-01-07,South,Email
14396,2023-01-09,South,Referral
14397,2022-08-04,East,Social
14398,2022-07-08,North,Paid Search
14399,2022-02-20,South,Organic
14400,2023-04-29,East,Organic
14401,2022-10-04,South,Social
14402,2022-03-28,West,Organic
14403,2022-10-19,West,Email
14404,2023-11-16,North,Paid Search
14405,2022-07-10,South,Referral
14406,2023-10-16,North,Paid Search
14407,2022-07-08,North,Paid Search
14408,2022-05-16,South,Referral
14409,2022-07-10,East,Referral
14410,2022-08-24,South,Email
14411,2022-03-30,North,Social
14412,2023-03-05,North,Email
14413,2022-09-01,West,Paid Search
14414,2023-06-09,West,Organic
14415,2022-12-25,North,Email
14416,2022-11-20,East,Email
14417,2022-12-10,South,Organic
14418,2022-04-25,East,Organic
14419,2023-06-05,East,Social
14420,2022-03-18,West,Organic
14421,2023-06-11,North,Email
14422,2023-12-31,South,Email
14423,2023-07-12,West,Paid Search
14424,2022-11-29,North,Organic
14425,2022-08-18,North,Paid Search
14426,2023-09-29,East,Paid Search
14427,2022-07-07,West,Email
14428,2022-12-19,East,Social
14429,2023-07-17,West,Social
14430,2023-11-05,East,Organic
14431,2023-11-04,North,Email
14432,2022-03-06,East,Organic
14433,2023-10-18,West,Social
14434,2022-03-25,West,Organic
14435,2023-03-03,North,Paid Search
14436,2023-11-10,North,Paid Search
14437,2023-04-24,West,Paid Search
14438,2023-11-23,North,Referral
14439,2022-09-09,North,Organic
14440,2022-08-18,West,Organic
14441,2022-08-27,East,Email
14442,2022-09-17,South,Paid Search
14443,2023-05-14,North,Organic
14444,2022-11-27,North,Organic
14445,2023-06-23,West,Organic
14446,2022-10-31,South,Social
14447,2022-08-13,North,Paid Search
14448,2022-05-19,South,Organic
14449,2023-02-07,North,Paid Search
14450,2023-10-18,North,Referral
14451,2023-09-20,North,Social
14452,2022-07-04,East,Organic
14453,2022-12-15,North,Email
14454,2023-05-30,South,Organic
14455,2023-03-24,South,Organic
14456,2022-02-19,South,Social
14457,2023-03-08,North,Social
14458,2022-01-29,North,Organic
14459,2022-03-27,North,Social
14460,2023-04-23,South,Email
14461,2022-03-16,East,Social
14462,2022-09-05,North,Social
14463,2023-03-06,West,Paid Search
14464,2023-04-24,East,Referral
14465,2022-11-22,North,Organic
14466,2022-03-10,North,Paid Search
14467,2023-08-07,North,Organic
14468,2023-11-25,North,Social
14469,2023-10-11,East,Organic
14470,2023-07-01,North,Paid Search
14471,2022-10-21,West,Social
14472,2023-10-02,South,Organic
14473,2022-12-23,East,Organic
14474,2022-04-10,West,Organic
14475,2023-09-13,East,Email
14476,2022-08-22,West,Organic
14477,2023-11-17,West,Paid Search
14478,2022-09-26,South,Paid Search
14479,2023-09-27,North,Referral
14480,2023-01-28,South,Social
14481,2022-12-08,North,Organic
14482,2022-08-05,East,Social
14483,2023-09-03,South,Social
14484,2022-02-14,South,Social
14485,2022-12-09,West,Paid Search
14486,2022-09-27,North,Organic
14487,2023-02-01,East,Email
14488,2022-07-05,South,Paid Search
14489,2023-05-01,West,Organic
14490,2022-10-09,East,Organic
14491,2022-05-18,North,Organic
14492,2022-05-24,East,Email
14493,2023-05-24,North,Organic
14494,2022-07-11,East,Email
14495,2022-08-13,East,Social
14496,2023-04-03,South,Organic
14497,2022-08-29,East,Organic
14498,2022-10-11,West,Organic
14499,2022-06-28,West,Paid Search
14500,2022-09-10,East,Social
14501,2023-05-21,East,Email
14502,2023-01-25,South,Social
14503,2023-12-30,West,Referral
14504,2023-07-18,West,Organic
14505,2022-01-13,North,Email
14506,2022-10-04,North,Paid Search
14507,2022-07-31,North,Paid Search
14508,2023-03-05,North,Paid Search
14509,2022-07-13,South,Paid Search
14510,2023-12-07,North,Email
14511,2022-08-07,East,Email
14512,2023-01-17,North,Organic
14513,2022-03-31,North,Organic
14514,2023-10-27,East,Email
14515,2023-10-28,South,Social
14516,2023-08-03,South,Paid Search
14517,2022-09-14,West,Organic
14518,2022-02-12,West,Organic
14519,2023-06-04,East,Social
14520,2022-11-10,North,Social
14521,2023-12-24,North,Organic
14522,2023-05-25,West,Paid Search
14523,2023-01-29,East,Paid Search
14524,2023-12-22,West,Email
14525,2023-08-08,East,Organic
14526,2022-12-01,North,Email
14527,2022-01-14,South,Referral
14528,2022-03-09,West,Paid Search
14529,2022-11-20,West,Paid Search
14530,2023-02-15,North,Organic
14531,2022-01-23,East,Organic
14532,2022-04-03,North,Referral
14533,2023-05-30,West,Referral
14534,2023-07-03,North,Organic
14535,2022-01-22,East,Referral
14536,2023-01-06,North,Organic
14537,2022-03-01,East,Paid Search
14538,2023-06-13,East,Email
14539,2023-09-01,South,Paid Search
14540,2023-09-27,West,Paid Search
14541,2023-03-13,West,Email
14542,2023-04-05,West,Organic
14543,2023-11-08,South,Referral
14544,2023-03-24,East,Organic
14545,2022-11-22,East,Organic
14546,2023-07-05,East,Referral
14547,2023-03-08,South,Paid Search
14548,2023-09-07,East,Paid Search
14549,2023-01-19,North,Organic
14550,2023-09-27,South,Organic
14551,2022-02-02,North,Organic
14552,2022-01-27,South,Paid Search
14553,2022-03-14,North,Paid Search
14554,2023-02-11,North,Paid Search
14555,2023-06-02,West,Social
14556,2022-06-07,East,Referral
14557,2022-04-24,North,Organic
14558,2023-09-21,West,Referral
14559,2023-07-02,West,Social
14560,2023-04-19,West,Referral
14561,2022-12-23,West,Email
14562,2022-11-03,West,Organic
14563,2022-01-15,East,Organic
14564,2022-05-18,West,Referral
14565,2023-10-17,West,Paid Search
14566,2022-09-05,South,Social
14567,2023-05-30,West,Email
14568,2023-05-29,West,Organic
14569,2022-08-14,West,Paid Search
14570,2022-05-30,West,Referral
14571,2023-05-20,South,Organic
14572,2022-03-10,South,Email
14573,2022-12-28,East,Referral
14574,2023-10-11,East,Organic
14575,2023-06-04,West,Organic
14576,2023-07-12,West,Paid Search
14577,2022-03-02,East,Social
14578,2022-05-26,West,Paid Search
14579,2022-07-20,North,Organic
14580,2022-08-02,West,Organic
14581,2022-05-22,North,Paid Search
14582,2023-12-11,East,Paid Search
14583,2022-05-01,North,Organic
14584,2023-06-01,East,Social
14585,2023-03-05,South,Organic
14586,2023-03-22,North,Social
14587,2022-06-06,East,Referral
14588,2022-08-13,East,Email
14589,2023-03-19,North,Email
14590,2022-08-07,East,Organic
14591,2023-05-22,North,Paid Search
14592,2022-01-29,North,Paid Search
14593,2022-02-23,North,Organic
14594,2023-06-16,East,Email
14595,2023-03-27,West,Organic
14596,2022-02-01,East,Organic
14597,2023-10-19,West,Email
14598,2022-01-04,East,Paid Search
14599,2023-11-29,West,Organic
14600,2023-06-17,West,Organic
14601,2023-12-23,South,Organic
14602,2023-11-24,North,Paid Search
14603,2022-08-17,North,Paid Search
14604,2023-07-07,East,Organic
14605,2022-06-03,East,Email
14606,2022-12-11,North,Referral
14607,2022-06-25,West,Email
14608,2022-12-21,West,Paid Search
14609,2023-09-29,North,Email
14610,2022-11-15,North,Social
14611,2022-03-09,North,Referral
14612,2022-08-25,South,Organic
14613,2023-07-29,West,Organic
14614,2023-01-16,East,Organic
14615,2023-02-13,North,Social
14616,2022-11-11,South,Organic
14617,2022-08-02,North,Referral
14618,2023-03-13,South,Organic
14619,2023-04-08,South,Email
14620,2023-10-18,East,Organic
14621,2023-03-27,East,Paid Search
14622,2023-12-28,West,Paid Search
14623,2023-08-27,North,Social
14624,2022-02-27,West,Paid Search
14625,2022-10-14,North,Paid Search
14626,2022-10-08,South,Social
14627,2022-01-03,West,Referral
14628,2022-05-12,East,Social
14629,2023-07-11,North,Social
14630,2022-09-15,South,Paid Search
14631,2022-04-18,East,Referral
14632,2022-07-29,West,Paid Search
14633,2022-07-20,East,Referral
14634,2022-05-08,North,Social
14635,2022-03-15,South,Organic
14636,2023-07-12,North,Organic
14637,2023-08-25,North,Social
14638,2022-12-29,East,Email
14639,2023-03-26,West,Email
14640,2023-11-03,North,Referral
14641,2023-09-08,West,Paid Search
14642,2022-01-24,East,Paid Search
14643,2023-11-27,West,Paid Search
14644,2022-02-18,North,Organic
14645,2022-01-20,South,Email
14646,2022-10-22,North,Referral
14647,2023-06-29,North,Organic
14648,2022-02-28,South,Social
14649,2022-08-02,South,Social
14650,2022-07-11,North,Organic
14651,2022-10-18,North,Social
14652,2023-12-21,West,Social
14653,2022-08-30,West,Paid Search
14654,2022-06-02,South,Organic
14655,2022-03-31,West,Organic
14656,2022-05-25,North,Email
14657,2022-04-08,South,Organic
14658,2023-02-23,West,Paid Search
14659,2022-11-03,South,Referral
14660,2022-12-30,North,Email
14661,2023-08-31,South,Social
14662,2023-02-28,East,Referral
14663,2022-04-24,East,Organic
14664,2022-10-03,South,Organic
14665,2022-08-17,South,Email
14666,2023-08-27,North,Paid Search
14667,2022-08-13,East,Organic
14668,2022-04-12,North,Social
14669,2023-06-22,West,Organic
14670,2022-11-09,East,Paid Search
14671,2022-03-11,South,Paid Search
14672,2023-05-19,East,Email
14673,2022-06-03,North,Organic
14674,2023-09-26,South,Organic
14675,2023-08-31,South,Social
14676,2022-09-27,South,Referral
14677,2023-02-10,East,Paid Search
14678,2023-02-19,West,Organic
14679,2023-04-23,South,Email
14680,2022-02-20,South,Organic
14681,2022-08-26,East,Organic
14682,2022-05-05,South,Organic
14683,2023-05-25,North,Organic
14684,2022-02-20,West,Paid Search
14685,2023-01-13,West,Organic
14686,2023-06-16,West,Social
14687,2023-11-24,North,Paid Search
14688,2022-07-30,North,Paid Search
14689,2022-01-06,South,Organic
14690,2023-06-13,West,Social
14691,2022-01-02,North,Organic
14692,2022-02-18,North,Organic
14693,2023-12-25,North,Email
14694,2023-09-22,West,Email
14695,2023-06-01,West,Social
14696,2023-09-02,East,Paid Search
14697,2022-02-25,North,Paid Search
14698,2022-03-06,East,Organic
14699,2022-08-08,South,Paid Search
14700,2022-01-18,North,Paid Search
14701,2023-10-11,South,Paid Search
14702,2022-02-11,East,Organic
14703,2023-02-02,South,Referral
14704,2023-09-16,West,Organic
14705,2023-06-21,South,Organic
14706,2022-06-21,South,Referral
14707,2022-12-10,East,Social
14708,2023-02-05,East,Email
14709,2023-07-15,North,Email
14710,2022-11-08,East,Organic
14711,2022-07-28,North,Social
14712,2023-08-04,South,Organic
14713,2023-10-10,East,Referral
14714,2022-12-23,East,Organic
14715,2022-01-21,South,Email
14716,2023-01-01,North,Paid Search
14717,2023-10-12,East,Organic
14718,2023-12-24,South,Paid Search
14719,2022-10-20,West,Social
14720,2022-04-20,East,Organic
14721,2023-02-22,West,Referral
14722,2023-08-30,South,Organic
14723,2023-11-21,West,Email
14724,2022-02-07,North,Email
14725,2022-08-01,South,Paid Search
14726,2022-12-15,North,Email
14727,2022-03-13,North,Social
14728,2023-10-10,West,Email
14729,2022-03-23,East,Paid Search
14730,2023-05-01,East,Email
14731,2023-11-02,East,Paid Search
14732,2023-05-16,East,Organic
14733,2023-07-12,East,Organic
14734,2022-07-12,West,Email
14735,2023-08-28,East,Referral
14736,2022-11-02,East,Organic
14737,2022-02-14,South,Paid Search
14738,2022-09-25,West,Organic
14739,2022-09-13,North,Paid Search
14740,2023-01-16,South,Social
14741,2022-07-13,West,Social
14742,2022-12-04,North,Email
14743,2022-11-09,North,Social
14744,2022-08-27,South,Organic
14745,2023-05-24,South,Paid Search
14746,2022-08-12,West,Organic
14747,2023-07-14,West,Referral
14748,2022-07-03,South,Social
14749,2023-09-24,West,Organic
14750,2022-09-24,East,Organic
14751,2022-01-30,West,Paid Search
14752,2022-04-20,North,Referral
14753,2023-08-12,South,Organic
14754,2023-09-29,North,Paid Search
14755,2022-06-04,North,Paid Search
14756,2023-03-16,East,Email
14757,2023-02-24,North,Email
14758,2022-04-08,East,Organic
14759,2022-11-26,East,Social
14760,2023-05-22,North,Organic
14761,2023-12-08,South,Social
14762,2023-09-11,East,Organic
14763,2022-03-13,West,Email
14764,2022-06-23,South,Paid Search
14765,2022-11-15,West,Email
14766,2022-04-20,West,Organic
14767,2023-02-21,East,Paid Search
14768,2022-01-07,South,Organic
14769,2022-03-24,East,Paid Search
14770,2022-02-04,West,Social
14771,2022-08-04,South,Paid Search
14772,2023-07-11,West,Paid Search
14773,2022-05-10,West,Email
14774,2023-12-22,South,Paid Search
14775,2022-07-16,East,Social
14776,2022-02-02,East,Paid Search
14777,2022-09-02,West,Referral
14778,2023-07-01,West,Social
14779,2022-03-19,North,Paid Search
14780,2022-02-22,North,Paid Search
14781,2023-09-13,South,Email
14782,2023-03-09,West,Social
14783,2022-09-08,South,Organic
14784,2023-07-06,West,Organic
14785,2023-09-09,South,Organic
14786,2022-09-20,South,Social
14787,2023-02-14,West,Email
14788,2022-01-08,East,Organic
14789,2022-08-12,South,Paid Search
14790,2023-03-11,North,Social
14791,2022-05-24,North,Referral
14792,2023-12-25,North,Organic
14793,2023-12-10,South,Organic
14794,2022-07-08,East,Paid Search
14795,2022-10-17,South,Email
14796,2022-05-19,North,Organic
14797,2023-01-03,North,Organic
14798,2022-04-01,South,Social
14799,2022-10-13,West,Paid Search
14800,2023-02-10,South,Organic
14801,2023-03-23,North,Paid Search
14802,2023-03-12,East,Organic
14803,2022-06-11,West,Paid Search
14804,2023-08-02,West,Paid Search
14805,2023-05-20,West,Organic
14806,2023-07-04,West,Organic
14807,2022-12-08,East,Social
14808,2023-10-14,West,Social
14809,2022-10-12,North,Organic
14810,2023-08-12,West,Email
14811,2022-05-29,West,Organic
14812,2022-06-30,West,Social
14813,2023-01-20,South,Social
14814,2023-02-10,West,Email
14815,2023-06-29,North,Email
14816,2022-08-06,East,Paid Search
14817,2023-09-30,South,Organic
14818,2022-08-29,East,Paid Search
14819,2023-01-25,East,Organic
14820,2023-11-12,South,Email
14821,2023-01-29,North,Paid Search
14822,2023-05-13,South,Organic
14823,2023-10-26,East,Email
14824,2023-12-13,East,Social
14825,2022-12-31,East,Email
14826,2022-11-01,North,Paid Search
14827,2022-05-24,West,Social
14828,2023-01-28,East,Organic
14829,2023-11-02,North,Email
14830,2022-12-22,South,Paid Search
14831,2022-09-12,South,Organic
14832,2022-03-20,South,Referral
14833,2022-10-12,North,Paid Search
14834,2022-06-22,North,Paid Search
14835,2023-12-15,North,Organic
14836,2023-01-21,North,Referral
14837,2022-04-11,North,Social
14838,2022-02-19,West,Organic
14839,2023-09-14,East,Paid Search
14840,2023-11-11,South,Organic
14841,2023-07-11,East,Email
14842,2022-04-01,East,Paid Search
14843,2022-03-13,North,Organic
14844,2022-05-25,North,Paid Search
14845,2023-07-03,North,Referral
14846,2023-07-13,East,Paid Search
14847,2023-09-04,South,Organic
14848,2022-03-12,South,Referral
14849,2022-04-22,East,Organic
14850,2023-10-20,West,Paid Search
14851,2023-11-09,South,Paid Search
14852,2023-06-14,East,Organic
14853,2022-03-19,South,Organic
14854,2022-02-20,East,Organic
14855,2022-02-10,East,Organic
14856,2023-05-21,East,Paid Search
14857,2023-09-10,North,Social
14858,2023-04-07,South,Organic
14859,2022-07-11,West,Email
14860,2023-07-07,South,Paid Search
14861,2022-02-13,West,Organic
14862,2023-08-28,South,Paid Search
14863,2023-10-14,South,Organic
14864,2023-06-09,South,Email
14865,2023-10-04,South,Paid Search
14866,2023-03-04,West,Email
14867,2022-12-08,North,Referral
14868,2022-08-24,East,Organic
14869,2023-11-04,East,Referral
14870,2023-05-25,West,Organic
14871,2022-05-20,East,Organic
14872,2023-11-30,West,Organic
14873,2022-02-13,West,Social
14874,2023-03-05,South,Email
14875,2022-05-20,West,Referral
14876,2023-04-30,West,Email
14877,2022-10-29,North,Paid Search
14878,2022-11-16,East,Social
14879,2023-05-06,South,Referral
14880,2023-07-06,East,Social
14881,2022-10-05,North,Paid Search
14882,2023-12-30,East,Social
14883,2022-12-30,South,Organic
14884,2022-04-28,East,Referral
14885,2022-01-05,North,Referral
14886,2022-05-28,East,Email
14887,2023-05-20,South,Organic
14888,2023-01-29,East,Organic
14889,2022-09-04,South,Referral
14890,2022-12-18,North,Social
14891,2023-09-04,South,Social
14892,2023-02-22,West,Referral
14893,2022-02-12,North,Paid Search
14894,2022-02-05,East,Social
14895,2022-12-18,North,Organic
14896,2022-10-23,East,Organic
14897,2023-09-13,North,Paid Search
14898,2023-03-02,South,Paid Search
14899,2023-07-07,South,Paid Search
14900,2023-03-04,North,Social
14901,2022-09-10,South,Organic
14902,2023-04-25,South,Email
14903,2023-03-30,East,Organic
14904,2023-06-10,West,Social
14905,2022-05-19,South,Organic
14906,2023-04-14,West,Social
14907,2022-07-28,South,Email
14908,2023-07-31,North,Paid Search
14909,2023-08-06,North,Organic
14910,2023-04-02,South,Organic
14911,2023-11-23,South,Paid Search
14912,2023-01-28,West,Organic
14913,2022-01-19,East,Organic
14914,2023-03-19,East,Social
14915,2023-07-22,South,Organic
14916,2022-03-15,South,Organic
14917,2022-03-18,East,Paid Search
14918,2022-07-19,North,Paid Search
14919,2023-09-09,North,Paid Search
14920,2023-01-21,South,Email
14921,2023-12-14,North,Email
14922,2023-09-30,East,Paid Search
14923,2023-02-10,North,Paid Search
14924,2023-05-11,North,Organic
14925,2022-08-30,West,Email
14926,2022-03-07,West,Organic
14927,2022-10-19,South,Social
14928,2023-03-09,South,Email
14929,2022-05-14,West,Email
14930,2022-06-11,North,Paid Search
14931,2022-01-11,South,Referral
14932,2023-06-20,North,Paid Search
14933,2023-10-19,South,Paid Search
14934,2023-08-28,West,Social
14935,2022-10-05,West,Email
14936,2023-03-10,West,Paid Search
14937,2023-12-03,East,Organic
14938,2023-03-08,East,Organic
14939,2022-08-04,West,Social
14940,2022-09-05,East,Organic
14941,2023-06-15,South,Organic
14942,2022-11-22,South,Organic
14943,2023-09-04,East,Referral
14944,2023-09-23,North,Paid Search
14945,2022-01-27,South,Paid Search
14946,2023-06-13,North,Referral
14947,2022-09-28,East,Paid Search
14948,2023-01-15,North,Social
14949,2022-07-13,South,Email
14950,2022-09-26,South,Paid Search
14951,2022-08-30,North,Social
14952,2022-02-06,West,Referral
14953,2023-07-26,South,Organic
14954,2022-04-15,South,Organic
14955,2022-10-02,North,Social
14956,2022-05-21,West,Paid Search
14957,2022-04-28,East,Paid Search
14958,2022-09-30,South,Organic
14959,2023-11-02,North,Social
14960,2023-11-21,East,Email
14961,2022-10-06,West,Referral
14962,2023-01-04,South,Paid Search
14963,2023-12-21,North,Referral
14964,2022-06-21,North,Paid Search
14965,2023-11-21,North,Email
14966,2022-03-19,East,Email
14967,2022-06-14,West,Paid Search
14968,2022-09-04,West,Paid Search
14969,2022-01-28,West,Organic
14970,2023-08-19,North,Paid Search
14971,2023-09-17,West,Email
14972,2022-10-07,South,Organic
14973,2023-09-03,South,Email
14974,2023-07-18,East,Organic
14975,2023-08-09,North,Organic
14976,2023-08-09,West,Email
14977,2023-02-23,West,Organic
14978,2022-03-22,West,Referral
14979,2023-11-06,West,Referral
14980,2023-03-21,South,Paid Search
14981,2023-10-20,North,Paid Search
14982,2023-12-02,West,Organic
14983,2022-05-17,East,Social
14984,2022-10-21,West,Organic
14985,2022-05-21,North,Referral
14986,2022-02-07,South,Referral
14987,2023-12-07,South,Organic
14988,2023-11-06,East,Email
14989,2023-11-12,West,Paid Search
14990,2023-10-08,West,Paid Search
14991,2023-04-19,South,Organic
14992,2023-01-17,South,Email
14993,2023-12-25,North,Organic
14994,2023-02-08,North,Social
14995,2023-04-14,South,Paid Search
14996,2022-06-04,East,Email
14997,2023-06-30,South,Referral
14998,2023-08-22,South,Social
14999,2023-05-11,East,Paid Search
15000,2022-12-30,West,Paid Search
15001,2022-05-25,North,Paid Search
15002,2022-01-25,South,Paid Search
15003,2023-04-03,East,Referral
15004,2023-05-14,West,Organic
15005,2023-07-19,West,Paid Search
15006,2023-11-25,North,Social
15007,2022-12-30,East,Paid Search
15008,2023-08-29,West,Social
15009,2023-06-07,South,Organic
15010,2022-07-22,South,Organic
15011,2023-09-09,West,Email
15012,2022-02-08,North,Paid Search
15013,2023-03-14,East,Referral
15014,2023-11-18,West,Paid Search
15015,2023-04-27,North,Organic
15016,2023-11-16,East,Paid Search
15017,2022-02-10,South,Paid Search
15018,2023-01-24,West,Email
15019,2023-07-24,West,Organic
15020,2023-04-14,West,Paid Search
15021,2023-10-05,North,Referral
15022,2022-12-04,West,Paid Search
15023,2023-05-14,West,Email
15024,2022-11-03,East,Organic
15025,2023-09-29,East,Social
15026,2022-03-29,North,Organic
15027,2022-07-05,West,Email
15028,2022-03-12,North,Organic
15029,2023-05-28,South,Organic
15030,2022-06-19,West,Organic
15031,2022-08-20,West,Organic
15032,2023-09-03,West,Social
15033,2022-09-20,South,Organic
15034,2022-04-17,North,Referral
15035,2022-01-16,South,Paid Search
15036,2022-06-15,North,Organic
15037,2023-10-30,West,Paid Search
15038,2023-02-05,East,Organic
15039,2023-12-28,South,Social
15040,2022-06-07,North,Organic
15041,2022-09-14,South,Social
15042,2022-04-30,West,Organic
15043,2022-10-18,East,Organic
15044,2023-02-16,North,Organic
15045,2023-08-13,North,Email
15046,2022-09-26,South,Paid Search
15047,2023-07-18,North,Referral
15048,2023-04-03,West,Paid Search
15049,2022-08-02,East,Organic
15050,2023-10-28,North,Social
15051,2022-11-13,West,Email
15052,2022-04-21,South,Social
15053,2023-12-04,North,Paid Search
15054,2023-10-29,East,Social
15055,2022-02-06,North,Organic
15056,2023-10-21,South,Referral
15057,2023-11-23,West,Organic
15058,2023-08-29,West,Social
15059,2022-07-06,South,Organic
15060,2023-04-06,East,Social
15061,2023-01-28,North,Social
15062,2023-03-29,East,Social
15063,2023-03-27,North,Paid Search
15064,2023-04-12,East,Paid Search
15065,2023-01-11,North,Social
15066,2023-05-20,West,Email
15067,2023-01-20,West,Email
15068,2022-01-13,South,Organic
15069,2022-01-26,West,Paid Search
15070,2023-12-01,North,Paid Search
15071,2023-10-26,East,Email
15072,2023-03-04,South,Organic
15073,2022-05-08,North,Paid Search
15074,2023-07-25,East,Social
15075,2022-04-15,South,Paid Search
15076,2022-10-03,East,Social
15077,2022-08-29,East,Organic
15078,2022-01-10,North,Paid Search
15079,2023-08-13,North,Paid Search
15080,2023-01-08,East,Paid Search
15081,2022-08-19,East,Email
15082,2023-01-06,North,Organic
15083,2022-01-01,South,Paid Search
15084,2022-11-16,East,Organic
15085,2023-01-15,East,Email
15086,2022-09-05,West,Social
15087,2023-08-30,South,Organic
15088,2022-07-02,East,Paid Search
15089,2022-04-11,East,Paid Search
15090,2023-01-21,South,Email
15091,2023-10-10,North,Organic
15092,2022-10-01,North,Paid Search
15093,2022-02-04,West,Social
15094,2023-12-10,North,Paid Search
15095,2022-11-21,East,Social
15096,2022-05-07,East,Paid Search
15097,2023-03-26,South,Referral
15098,2022-08-22,West,Organic
15099,2023-11-16,East,Organic
15100,2022-08-03,North,Paid Search
15101,2023-02-06,West,Paid Search
15102,2023-02-01,East,Email
15103,2022-06-26,South,Organic
15104,2022-12-31,East,Organic
15105,2022-03-21,East,Social
15106,2023-04-15,South,Organic
15107,2023-07-08,West,Email
15108,2023-11-25,East,Email
15109,2022-08-26,East,Organic
15110,2022-07-28,North,Email
15111,2023-02-05,North,Social
15112,2023-05-21,South,Social
15113,2023-12-26,East,Organic
15114,2022-01-19,East,Paid Search
15115,2022-06-23,West,Referral
15116,2022-07-11,North,Email
15117,2022-07-06,East,Organic
15118,2022-12-05,West,Organic
15119,2023-09-30,West,Email
15120,2022-01-23,West,Social
15121,2023-08-19,West,Referral
15122,2023-03-27,North,Referral
15123,2023-03-26,East,Paid Search
15124,2023-05-11,West,Email
15125,2022-03-26,East,Organic
15126,2023-06-30,North,Organic
15127,2022-07-01,West,Organic
15128,2023-01-13,North,Referral
15129,2023-05-10,South,Organic
15130,2023-03-17,North,Paid Search
15131,2022-08-24,South,Paid Search
15132,2022-10-17,South,Paid Search
15133,2022-12-14,South,Paid Search
15134,2022-01-31,West,Organic
15135,2023-06-15,South,Paid Search
15136,2022-03-14,East,Paid Search
15137,2022-12-01,West,Social
15138,2023-04-24,West,Email
15139,2022-02-28,North,Social
15140,2023-12-28,North,Paid Search
15141,2022-10-03,East,Organic
15142,2022-01-12,West,Paid Search
15143,2023-04-26,East,Referral
15144,2023-02-12,North,Organic
15145,2023-04-13,East,Organic
15146,2023-07-03,East,Referral
15147,2022-12-14,East,Referral
15148,2023-08-27,West,Organic
15149,2022-09-28,West,Social
15150,2023-02-02,East,Paid Search
15151,2022-04-26,East,Paid Search
15152,2023-03-29,East,Paid Search
15153,2022-07-10,East,Referral
15154,2023-05-24,South,Organic
15155,2023-08-08,East,Social
15156,2023-09-20,East,Organic
15157,2023-11-10,South,Email
15158,2022-03-31,North,Email
15159,2022-04-11,East,Social
15160,2023-11-08,East,Referral
15161,2022-10-06,South,Social
15162,2022-01-19,South,Social
15163,2022-07-29,North,Organic
15164,2023-09-03,West,Referral
15165,2022-09-17,West,Paid Search
15166,2022-02-26,East,Paid Search
15167,2023-06-12,South,Paid Search
15168,2022-05-23,East,Paid Search
15169,2022-09-15,East,Email
15170,2022-01-03,West,Paid Search
15171,2023-03-16,North,Organic
15172,2022-11-22,North,Referral
15173,2023-09-25,East,Referral
15174,2022-09-02,North,Paid Search
15175,2022-05-30,East,Referral
15176,2022-05-02,West,Paid Search
15177,2022-05-27,North,Paid Search
15178,2022-11-26,South,Referral
15179,2022-03-05,East,Email
15180,2022-10-21,West,Social
15181,2023-09-16,South,Paid Search
15182,2023-07-15,North,Paid Search
15183,2023-04-11,East,Organic
15184,2023-10-14,South,Referral
15185,2023-07-24,West,Organic
15186,2023-04-22,East,Paid Search
15187,2023-09-23,North,Organic
15188,2022-04-01,West,Email
15189,2023-08-21,East,Paid Search
15190,2022-08-04,North,Social
15191,2023-06-20,East,Paid Search
15192,2023-10-29,West,Organic
15193,2022-12-29,East,Organic
15194,2022-03-06,South,Organic
15195,2022-09-28,East,Email
15196,2022-10-25,South,Social
15197,2023-11-15,East,Paid Search
15198,2023-11-20,East,Paid Search
15199,2023-02-19,North,Organic
15200,2023-11-25,South,Social
15201,2022-11-15,West,Referral
15202,2022-10-28,North,Social
15203,2023-09-03,West,Organic
15204,2023-05-03,East,Paid Search
15205,2023-01-17,East,Referral
15206,2022-11-30,North,Organic
15207,2023-05-31,North,Email
15208,2023-07-05,North,Referral
15209,2022-12-25,East,Social
15210,2022-01-24,West,Email
15211,2022-03-16,West,Paid Search
15212,2022-04-16,North,Referral
15213,2022-12-04,North,Paid Search
15214,2023-03-25,North,Referral
15215,2023-08-10,West,Paid Search
15216,2022-06-19,North,Social
15217,2023-07-29,North,Referral
15218,2023-05-02,East,Paid Search
15219,2022-02-07,East,Organic
15220,2022-09-14,North,Organic
15221,2022-08-09,East,Social
15222,2023-10-10,North,Email
15223,2023-11-04,North,Organic
15224,2023-08-22,North,Social
15225,2023-01-21,South,Referral
15226,2022-12-26,West,Social
15227,2022-08-16,East,Email
15228,2023-07-19,West,Referral
15229,2022-03-04,South,Social
15230,2022-07-17,East,Organic
15231,2022-04-09,West,Referral
15232,2022-12-27,South,Paid Search
15233,2022-08-07,West,Referral
15234,2022-05-25,East,Social
15235,2022-10-02,East,Email
15236,2023-09-21,North,Paid Search
15237,2023-02-12,East,Organic
15238,2023-08-24,East,Organic
15239,2023-10-30,West,Email
15240,2023-10-21,West,Social
15241,2022-09-14,South,Organic
15242,2023-10-03,West,Organic
15243,2023-10-26,West,Email
15244,2023-12-02,East,Organic
15245,2022-09-14,North,Organic
15246,2022-06-16,North,Organic
15247,2023-03-03,North,Email
15248,2023-11-12,North,Email
15249,2023-10-20,West,Social
15250,2023-02-21,North,Organic
15251,2022-04-19,East,Organic
15252,2022-11-05,East,Social
15253,2023-06-06,East,Referral
15254,2023-02-14,North,Paid Search
15255,2022-09-10,East,Social
15256,2022-09-08,East,Social
15257,2022-02-13,East,Referral
15258,2022-07-30,North,Paid Search
15259,2023-05-04,East,Organic
15260,2022-06-26,North,Organic
15261,2023-12-27,East,Social
15262,2022-03-02,South,Social
15263,2023-03-06,North,Paid Search
15264,2022-12-29,West,Organic
15265,2023-09-01,North,Organic
15266,2023-10-11,West,Email
15267,2023-02-01,West,Referral
15268,2023-04-06,South,Paid Search
15269,2023-05-26,South,Email
15270,2023-01-16,North,Paid Search
15271,2022-05-15,West,Social
15272,2022-11-09,East,Social
15273,2022-06-26,North,Organic
15274,2022-12-06,East,Email
15275,2023-03-26,North,Social
15276,2022-06-02,East,Referral
15277,2022-07-02,East,Email
15278,2023-08-24,North,Organic
15279,2022-10-03,West,Paid Search
15280,2022-05-25,North,Email
15281,2023-06-05,East,Organic
15282,2023-06-08,East,Referral
15283,2023-08-27,West,Organic
15284,2023-07-09,South,Referral
15285,2023-12-26,West,Paid Search
15286,2023-02-24,South,Organic
15287,2022-07-29,West,Paid Search
15288,2023-09-22,North,Email
15289,2022-07-13,East,Social
15290,2022-08-01,North,Paid Search
15291,2023-08-28,West,Organic
15292,2023-10-06,West,Referral
15293,2022-09-05,South,Paid Search
15294,2023-06-17,East,Organic
15295,2023-11-05,East,Social
15296,2023-08-07,North,Organic
15297,2022-01-04,East,Organic
15298,2023-05-01,East,Paid Search
15299,2022-05-05,East,Email
15300,2023-09-10,North,Paid Search
15301,2022-02-18,West,Referral
15302,2023-12-26,North,Organic
15303,2022-05-10,East,Referral
15304,2022-11-03,North,Organic
15305,2022-06-20,North,Organic
15306,2023-08-18,North,Organic
15307,2022-10-15,South,Organic
15308,2023-06-28,East,Paid Search
15309,2022-02-19,East,Social
15310,2022-11-27,East,Social
15311,2023-10-28,East,Social
15312,2023-11-08,North,Organic
15313,2022-06-02,North,Social
15314,2022-10-15,East,Paid Search
15315,2022-10-26,East,Social
15316,2023-02-17,East,Email
15317,2023-01-28,North,Organic
15318,2022-03-19,West,Paid Search
15319,2023-07-11,North,Referral
15320,2022-06-14,East,Organic
15321,2022-08-18,North,Email
15322,2023-09-06,East,Referral
15323,2023-05-19,South,Paid Search
15324,2022-10-17,East,Paid Search
15325,2023-10-29,North,Paid Search
15326,2022-10-15,East,Social
15327,2023-02-17,North,Paid Search
15328,2022-06-29,East,Paid Search
15329,2022-05-14,North,Organic
15330,2022-12-25,North,Referral
15331,2023-02-16,East,Social
15332,2023-08-12,North,Email
15333,2022-10-13,North,Referral
15334,2023-10-16,West,Email
15335,2023-03-20,West,Referral
15336,2022-02-21,West,Organic
15337,2023-06-24,South,Organic
15338,2023-02-24,East,Social
15339,2022-10-12,West,Paid Search
15340,2022-12-08,North,Paid Search
15341,2022-08-09,East,Social
15342,2023-03-25,North,Email
15343,2023-02-18,West,Paid Search
15344,2022-11-23,East,Paid Search
15345,2022-07-28,South,Paid Search
15346,2022-10-19,South,Organic
15347,2022-12-30,North,Organic
15348,2022-12-11,South,Paid Search
15349,2022-08-14,East,Social
15350,2023-03-01,East,Paid Search
15351,2022-06-15,East,Paid Search
15352,2023-01-01,North,Email
15353,2022-03-30,East,Organic
15354,2022-12-11,South,Paid Search
15355,2023-07-27,North,Organic
15356,2023-08-21,West,Email
15357,2023-05-23,East,Organic
15358,2023-06-29,East,Paid Search
15359,2022-02-18,West,Email
15360,2022-09-07,South,Social
15361,2023-04-23,West,Email
15362,2023-08-08,East,Referral
15363,2023-03-02,East,Email
15364,2023-09-16,North,Paid Search
15365,2022-07-19,North,Organic
15366,2022-04-23,South,Organic
15367,2022-03-05,North,Organic
15368,2023-03-02,North,Organic
15369,2023-05-01,East,Paid Search
15370,2022-07-28,East,Email
15371,2023-07-27,North,Email
15372,2023-06-24,East,Organic
15373,2022-09-20,West,Paid Search
15374,2022-06-24,East,Organic
15375,2023-06-26,West,Paid Search
15376,2023-05-06,East,Paid Search
15377,2022-05-05,North,Organic
15378,2022-07-06,South,Organic
15379,2022-12-21,West,Referral
15380,2023-01-09,East,Paid Search
15381,2022-05-02,West,Paid Search
15382,2023-11-24,West,Organic
15383,2022-10-11,North,Organic
15384,2022-10-06,South,Paid Search
15385,2022-02-14,East,Referral
15386,2023-10-02,North,Organic
15387,2022-06-21,East,Organic
15388,2023-12-22,West,Referral
15389,2022-12-29,East,Paid Search
15390,2023-10-01,South,Organic
15391,2022-05-11,East,Email
15392,2022-05-02,North,Paid Search
15393,2023-08-08,West,Referral
15394,2023-08-22,North,Organic
15395,2023-02-01,West,Social
15396,2022-01-24,South,Organic
15397,2023-11-20,South,Social
15398,2022-10-15,East,Social
15399,2023-11-15,North,Social
15400,2023-09-28,South,Social
15401,2023-09-14,West,Email
15402,2023-05-18,West,Organic
15403,2023-05-07,North,Organic
15404,2023-01-24,East,Paid Search
15405,2022-01-19,West,Paid Search
15406,2022-10-11,West,Organic
15407,2023-06-18,South,Social
15408,2023-08-16,North,Email
15409,2023-02-13,West,Referral
15410,2023-06-02,South,Paid Search
15411,2022-01-16,South,Social
15412,2022-12-08,West,Social
15413,2023-01-06,North,Referral
15414,2023-10-14,West,Social
15415,2022-08-16,North,Organic
15416,2022-06-17,East,Organic
15417,2022-09-15,West,Referral
15418,2022-05-05,West,Email
15419,2023-02-12,West,Social
15420,2023-04-15,West,Social
15421,2023-08-08,North,Social
15422,2023-12-11,West,Social
15423,2022-02-23,West,Referral
15424,2022-06-30,East,Referral
15425,2022-08-08,South,Paid Search
15426,2022-07-02,North,Organic
15427,2023-08-27,East,Organic
15428,2022-04-12,East,Paid Search
15429,2022-01-22,South,Social
15430,2023-09-21,South,Social
15431,2023-12-03,East,Paid Search
15432,2022-06-15,North,Organic
15433,2022-08-31,West,Paid Search
15434,2023-01-03,South,Social
15435,2023-01-19,North,Email
15436,2023-12-25,North,Organic
15437,2022-10-23,West,Paid Search
15438,2022-01-09,West,Paid Search
15439,2022-11-05,North,Paid Search
15440,2023-02-11,North,Social
15441,2023-01-13,South,Referral
15442,2023-01-09,North,Organic
15443,2023-11-05,East,Organic
15444,2023-08-13,North,Paid Search
15445,2022-07-03,East,Organic
15446,2022-09-17,South,Paid Search
15447,2023-05-03,South,Organic
15448,2022-10-27,South,Organic
15449,2022-11-09,North,Social
15450,2022-05-03,North,Organic
15451,2022-07-05,North,Social
15452,2023-06-25,North,Organic
15453,2023-09-08,West,Organic
15454,2023-07-27,North,Organic
15455,2022-08-13,South,Organic
15456,2022-04-10,North,Paid Search
15457,2022-04-27,West,Social
15458,2022-10-15,West,Referral
15459,2023-01-13,West,Organic
15460,2023-10-14,East,Organic
15461,2023-10-19,West,Organic
15462,2022-01-02,South,Social
15463,2023-06-01,West,Organic
15464,2022-08-07,West,Organic
15465,2022-05-25,North,Social
15466,2023-02-10,South,Social
15467,2022-01-25,North,Email
15468,2022-09-01,North,Organic
15469,2023-02-08,West,Paid Search
15470,2022-07-18,North,Organic
15471,2023-03-10,East,Email
15472,2022-12-02,West,Social
15473,2023-08-07,South,Organic
15474,2022-05-13,South,Social
15475,2022-02-11,East,Paid Search
15476,2023-01-22,West,Social
15477,2022-07-07,North,Organic
15478,2023-05-31,North,Paid Search
15479,2022-03-10,East,Organic
15480,2023-02-24,West,Email
15481,2023-12-24,South,Organic
15482,2022-03-09,South,Paid Search
15483,2022-08-09,West,Social
15484,2023-09-09,North,Social
15485,2023-01-25,North,Email
15486,2022-05-08,East,Email
15487,2022-06-05,North,Email
15488,2023-07-13,North,Email
15489,2023-09-21,East,Paid Search
15490,2022-09-21,East,Organic
15491,2022-12-12,East,Paid Search
15492,2023-07-26,South,Organic
15493,2022-05-10,East,Paid Search
15494,2022-05-31,East,Paid Search
15495,2023-07-20,West,Organic
15496,2022-05-17,West,Social
15497,2023-07-17,East,Email
15498,2022-12-29,West,Paid Search
15499,2023-12-24,West,Referral
15500,2022-01-25,North,Organic
15501,2023-11-22,West,Organic
15502,2022-06-14,West,Organic
15503,2022-01-26,South,Paid Search
15504,2023-06-13,North,Organic
15505,2023-01-24,East,Social
15506,2023-09-04,South,Organic
15507,2022-03-21,East,Paid Search
15508,2022-02-28,East,Paid Search
15509,2023-02-19,North,Organic
15510,2023-10-06,North,Social
15511,2022-10-24,West,Email
15512,2023-08-06,North,Social
15513,2023-10-24,East,Email
15514,2023-09-27,South,Paid Search
15515,2023-01-07,South,Paid Search
15516,2023-05-25,East,Email
15517,2023-01-19,North,Paid Search
15518,2023-05-08,East,Paid Search
15519,2023-02-18,East,Organic
15520,2023-01-19,North,Email
15521,2022-11-15,South,Organic
15522,2023-04-22,East,Referral
15523,2023-07-03,East,Organic
15524,2023-11-02,East,Paid Search
15525,2023-03-24,West,Organic
15526,2022-03-15,North,Organic
15527,2023-03-05,North,Paid Search
15528,2022-08-19,East,Email
15529,2022-01-20,East,Organic
15530,2022-02-22,West,Organic
15531,2023-03-08,North,Organic
15532,2023-11-21,East,Paid Search
15533,2023-01-05,East,Referral
15534,2022-11-22,North,Paid Search
15535,2022-03-06,East,Social
15536,2023-05-09,East,Paid Search
15537,2022-02-10,North,Paid Search
15538,2023-09-07,South,Social
15539,2023-08-19,North,Organic
15540,2023-12-25,West,Social
15541,2022-07-27,North,Paid Search
15542,2022-04-29,North,Paid Search
15543,2022-08-07,North,Referral
15544,2023-08-07,North,Paid Search
15545,2022-06-09,North,Referral
15546,2023-10-10,East,Referral
15547,2022-04-23,North,Organic
15548,2022-02-05,South,Paid Search
15549,2022-06-10,North,Social
15550,2023-07-05,South,Organic
15551,2023-03-16,North,Social
15552,2022-09-16,East,Organic
15553,2023-04-24,East,Organic
15554,2023-04-19,East,Paid Search
15555,2023-02-09,North,Social
15556,2023-01-11,West,Social
15557,2022-03-16,East,Email
15558,2022-07-09,North,Organic
15559,2023-01-21,South,Paid Search
15560,2022-04-09,West,Organic
15561,2022-12-14,South,Organic
15562,2022-03-27,South,Paid Search
15563,2023-07-29,East,Email
15564,2022-03-17,North,Organic
15565,2022-03-09,West,Organic
15566,2023-04-11,North,Email
15567,2022-06-10,North,Organic
15568,2022-09-14,North,Referral
15569,2022-08-18,South,Paid Search
15570,2022-06-08,West,Organic
15571,2023-07-11,West,Social
15572,2023-05-21,West,Email
15573,2022-06-24,East,Social
15574,2023-05-17,South,Paid Search
15575,2023-06-05,South,Paid Search
15576,2023-01-29,North,Email
15577,2023-02-27,West,Paid Search
15578,2023-11-14,South,Paid Search
15579,2022-11-28,South,Organic
15580,2022-10-09,East,Paid Search
15581,2023-01-29,West,Organic
15582,2023-09-03,North,Social
15583,2023-06-02,East,Paid Search
15584,2022-02-24,East,Referral
15585,2022-12-02,West,Organic
15586,2023-06-25,North,Paid Search
15587,2022-06-13,North,Organic
15588,2023-12-23,South,Email
15589,2023-08-13,West,Social
15590,2023-09-11,West,Paid Search
15591,2022-03-01,East,Paid Search
15592,2023-02-28,North,Social
15593,2023-01-21,North,Organic
15594,2023-04-03,East,Email
15595,2023-09-13,North,Social
15596,2022-09-15,East,Organic
15597,2023-01-25,West,Email
15598,2023-05-12,South,Social
15599,2023-07-04,South,Organic
15600,2023-07-17,North,Paid Search
15601,2022-09-03,North,Paid Search
15602,2023-12-30,East,Social
15603,2022-01-08,South,Paid Search
15604,2022-12-26,North,Paid Search
15605,2023-03-21,North,Organic
15606,2022-02-14,North,Organic
15607,2022-11-26,East,Organic
15608,2023-03-11,East,Organic
15609,2023-03-20,East,Organic
15610,2022-03-28,East,Organic
15611,2022-07-22,North,Email
15612,2022-06-28,East,Email
15613,2023-04-13,North,Organic
15614,2022-08-29,West,Email
15615,2023-02-22,North,Organic
15616,2023-06-18,South,Paid Search
15617,2023-08-06,North,Referral
15618,2022-05-15,West,Paid Search
15619,2023-10-22,North,Organic
15620,2022-05-01,West,Paid Search
15621,2022-01-16,North,Email
15622,2022-02-02,West,Organic
15623,2022-05-27,East,Referral
15624,2023-09-30,North,Paid Search
15625,2022-06-01,North,Organic
15626,2023-05-22,South,Paid Search
15627,2022-11-02,West,Email
15628,2022-01-30,West,Paid Search
15629,2022-11-21,North,Referral
15630,2022-01-21,South,Referral
15631,2022-12-14,North,Organic
15632,2023-02-12,North,Organic
15633,2023-01-16,East,Organic
15634,2022-07-26,South,Email
15635,2023-07-14,North,Email
15636,2023-03-12,West,Organic
15637,2022-07-05,East,Referral
15638,2022-11-14,West,Organic
15639,2022-03-21,North,Social
15640,2023-11-06,West,Social
15641,2023-07-04,East,Organic
15642,2022-07-30,East,Organic
15643,2023-05-08,North,Organic
15644,2023-05-11,West,Referral
15645,2023-03-22,East,Paid Search
15646,2022-02-09,West,Social
15647,2023-10-04,East,Paid Search
15648,2023-11-29,West,Paid Search
15649,2023-12-13,East,Referral
15650,2023-12-17,West,Paid Search
15651,2023-11-10,North,Social
15652,2023-06-24,North,Paid Search
15653,2022-02-11,East,Organic
15654,2022-12-06,East,Organic
15655,2022-06-28,East,Organic
15656,2022-06-10,East,Email
15657,2023-08-30,East,Paid Search
15658,2023-08-17,West,Paid Search
15659,2023-01-17,South,Organic
15660,2023-06-22,West,Email
15661,2022-04-05,North,Social
15662,2022-06-12,East,Email
15663,2023-09-21,West,Referral
15664,2022-11-26,North,Organic
15665,2023-02-04,South,Organic
15666,2022-12-04,South,Paid Search
15667,2022-05-28,East,Organic
15668,2023-08-27,South,Email
15669,2023-07-08,North,Social
15670,2023-05-15,West,Organic
15671,2022-09-15,North,Referral
15672,2023-04-15,East,Organic
15673,2023-11-27,East,Email
15674,2023-04-20,North,Paid Search
15675,2022-12-27,North,Email
15676,2022-07-17,West,Organic
15677,2023-01-17,East,Referral
15678,2022-09-29,North,Referral
15679,2023-03-23,West,Paid Search
15680,2022-02-03,East,Paid Search
15681,2022-05-19,North,Email
15682,2023-07-29,East,Email
15683,2022-10-05,South,Paid Search
15684,2022-11-13,North,Email
15685,2023-02-02,West,Social
15686,2022-11-16,South,Email
15687,2023-07-08,South,Organic
15688,2022-06-29,North,Referral
15689,2023-07-08,West,Organic
15690,2022-06-02,East,Organic
15691,2022-09-28,West,Referral
15692,2023-03-06,North,Organic
15693,2023-10-09,West,Organic
15694,2022-06-19,East,Paid Search
15695,2023-03-05,South,Social
15696,2022-02-16,North,Organic
15697,2022-02-25,West,Paid Search
15698,2023-07-15,North,Organic
15699,2023-06-09,East,Paid Search
15700,2022-10-02,East,Paid Search
15701,2023-03-31,North,Organic
15702,2022-10-05,West,Referral
15703,2022-07-22,West,Email
15704,2022-11-11,South,Social
15705,2022-08-16,East,Referral
15706,2023-08-18,South,Referral
15707,2022-10-28,East,Social
15708,2022-08-23,North,Organic
15709,2023-01-27,South,Social
15710,2023-07-08,South,Paid Search
15711,2022-07-19,South,Organic
15712,2023-11-17,South,Paid Search
15713,2022-12-05,North,Organic
15714,2023-04-28,West,Paid Search
15715,2023-11-30,North,Social
15716,2022-11-12,North,Paid Search
15717,2022-05-26,South,Organic
15718,2023-06-30,East,Organic
15719,2022-01-05,North,Social
15720,2022-12-01,East,Paid Search
15721,2023-12-17,East,Paid Search
15722,2022-10-30,North,Social
15723,2023-05-15,West,Social
15724,2023-01-19,South,Paid Search
15725,2022-06-06,East,Email
15726,2022-08-20,North,Organic
15727,2023-01-18,East,Referral
15728,2022-03-18,West,Paid Search
15729,2022-10-30,North,Email
15730,2022-10-30,North,Organic
15731,2023-09-02,South,Email
15732,2022-04-01,North,Paid Search
15733,2023-09-08,West,Paid Search
15734,2022-10-27,East,Email
15735,2023-04-21,East,Social
15736,2023-02-11,West,Paid Search
15737,2022-08-07,West,Social
15738,2023-11-11,West,Organic
15739,2022-06-13,South,Paid Search
15740,2022-01-27,South,Organic
15741,2023-07-02,South,Organic
15742,2023-03-30,South,Social
15743,2023-10-13,South,Organic
15744,2022-12-01,North,Referral
15745,2022-01-13,South,Paid Search
15746,2022-01-15,South,Email
15747,2022-11-13,South,Organic
15748,2022-07-02,North,Email
15749,2023-11-05,South,Referral
15750,2022-03-28,South,Paid Search
15751,2023-10-05,East,Paid Search
15752,2022-06-08,East,Social
15753,2022-03-29,North,Email
15754,2022-07-20,North,Organic
15755,2022-04-16,South,Email
15756,2022-10-20,North,Email
15757,2022-08-30,South,Social
15758,2023-01-22,West,Organic
15759,2023-01-28,North,Paid Search
15760,2022-01-01,South,Referral
15761,2022-04-02,East,Email
15762,2022-04-29,East,Paid Search
15763,2022-05-23,North,Referral
15764,2022-03-10,North,Organic
15765,2022-08-18,West,Paid Search
15766,2023-02-06,North,Social
15767,2022-08-14,East,Email
15768,2022-08-29,West,Referral
15769,2022-12-09,North,Email
15770,2023-02-05,East,Organic
15771,2022-08-30,North,Paid Search
15772,2022-06-11,South,Organic
15773,2022-10-26,South,Referral
15774,2022-01-18,West,Organic
15775,2022-12-26,North,Paid Search
15776,2023-11-19,North,Paid Search
15777,2022-10-18,West,Organic
15778,2022-03-21,North,Organic
15779,2023-06-01,West,Email
15780,2022-04-03,East,Organic
15781,2022-05-22,East,Referral
15782,2022-04-17,West,Referral
15783,2023-10-08,East,Organic
15784,2023-12-18,North,Social
15785,2023-02-20,West,Paid Search
15786,2023-03-27,West,Organic
15787,2023-04-17,West,Organic
15788,2023-03-22,East,Social
15789,2023-02-02,East,Email
15790,2023-12-22,East,Organic
15791,2023-06-20,North,Email
15792,2022-03-06,South,Email
15793,2022-10-14,East,Social
15794,2023-12-13,East,Paid Search
15795,2022-10-22,South,Social
15796,2022-05-29,South,Email
15797,2023-09-26,East,Organic
15798,2023-03-31,South,Social
15799,2023-02-15,West,Paid Search
15800,2022-11-03,East,Email
15801,2022-04-01,North,Email
15802,2022-10-08,North,Paid Search
15803,2022-11-16,East,Organic
15804,2023-11-11,South,Email
15805,2022-08-13,West,Social
15806,2022-04-19,North,Social
15807,2022-11-09,North,Email
15808,2023-12-29,South,Organic
15809,2022-12-19,East,Organic
15810,2022-10-04,West,Social
15811,2023-05-02,West,Paid Search
15812,2023-04-19,South,Social
15813,2022-08-07,West,Organic
15814,2023-12-08,North,Organic
15815,2023-03-09,East,Email
15816,2022-02-12,West,Email
15817,2022-10-25,South,Email
15818,2023-11-05,West,Organic
15819,2022-10-15,North,Social
15820,2023-02-19,North,Paid Search
15821,2023-03-24,East,Social
15822,2023-05-30,West,Email
15823,2023-09-29,South,Paid Search
15824,2022-04-19,West,Email
15825,2023-01-13,North,Email
15826,2023-01-25,East,Paid Search
15827,2022-04-22,East,Email
15828,2023-05-07,North,Organic
15829,2022-03-28,East,Referral
15830,2022-11-30,East,Paid Search
15831,2022-08-30,East,Organic
15832,2022-04-24,North,Social
15833,2023-08-24,North,Organic
15834,2022-06-28,West,Referral
15835,2022-07-06,East,Paid Search
15836,2023-09-16,West,Organic
15837,2023-10-03,East,Organic
15838,2022-01-26,West,Organic
15839,2022-07-22,North,Organic
15840,2023-06-02,South,Organic
15841,2023-07-23,East,Paid Search
15842,2023-12-31,North,Organic
15843,2023-02-09,North,Paid Search
15844,2022-01-06,East,Organic
15845,2023-09-30,West,Organic
15846,2022-04-28,East,Organic
15847,2022-03-30,North,Organic
15848,2023-05-08,West,Organic
15849,2023-03-17,North,Organic
15850,2022-02-13,North,Paid Search
15851,2022-05-04,West,Referral
15852,2023-03-07,West,Organic
15853,2022-07-06,West,Organic
15854,2023-05-15,West,Email
15855,2022-10-28,East,Paid Search
15856,2023-03-06,South,Organic
15857,2022-12-13,South,Social
15858,2022-09-24,West,Email
15859,2022-09-07,West,Referral
15860,2023-05-25,South,Referral
15861,2023-01-11,South,Email
15862,2023-03-10,South,Email
15863,2023-02-26,South,Paid Search
15864,2022-06-01,West,Social
15865,2023-10-29,North,Paid Search
15866,2023-02-16,South,Paid Search
15867,2023-06-09,West,Organic
15868,2023-10-06,East,Email
15869,2023-11-07,South,Paid Search
15870,2023-05-02,South,Social
15871,2023-07-29,North,Organic
15872,2022-12-11,North,Social
15873,2023-06-23,North,Organic
15874,2022-08-23,North,Email
15875,2023-06-04,North,Paid Search
15876,2022-03-04,South,Paid Search
15877,2023-10-30,North,Paid Search
15878,2022-06-28,West,Organic
15879,2023-04-25,North,Organic
15880,2022-01-09,South,Social
15881,2022-04-24,West,Organic
15882,2023-12-22,North,Social
15883,2023-09-01,South,Email
15884,2022-06-12,West,Organic
15885,2022-04-06,East,Social
15886,2023-08-18,North,Social
15887,2023-12-24,East,Social
15888,2022-05-04,East,Social
15889,2023-04-30,South,Email
15890,2022-07-27,North,Referral
15891,2023-06-28,North,Organic
15892,2022-11-02,West,Organic
15893,2022-04-02,South,Email
15894,2022-08-25,North,Organic
15895,2023-01-29,East,Email
15896,2023-08-06,West,Paid Search
15897,2022-01-16,North,Paid Search
15898,2023-12-01,North,Social
15899,2023-04-20,South,Organic
15900,2023-10-01,East,Organic
15901,2023-11-10,South,Email
15902,2022-04-23,West,Social
15903,2022-03-10,North,Social
15904,2023-07-21,South,Organic
15905,2022-05-18,South,Social
15906,2022-04-19,South,Email
15907,2022-12-09,South,Social
15908,2023-10-29,West,Organic
15909,2023-08-04,South,Paid Search
15910,2023-01-14,East,Paid Search
15911,2022-05-24,North,Email
15912,2022-09-03,East,Organic
15913,2023-05-18,South,Paid Search
15914,2022-04-25,East,Email
15915,2023-01-18,North,Paid Search
15916,2022-01-09,West,Paid Search
15917,2022-08-26,West,Organic
15918,2022-07-01,West,Social
15919,2023-05-13,West,Email
15920,2023-10-30,North,Paid Search
15921,2022-04-17,East,Referral
15922,2023-08-06,South,Email
15923,2023-04-24,West,Organic
15924,2023-12-09,North,Email
15925,2023-10-28,North,Referral
15926,2022-03-15,East,Organic
15927,2023-06-27,North,Email
15928,2023-03-09,East,Organic
15929,2022-03-24,North,Social
15930,2022-07-07,East,Email
15931,2023-11-08,West,Referral
15932,2023-02-01,East,Email
15933,2022-09-05,North,Organic
15934,2022-08-22,North,Paid Search
15935,2023-09-04,North,Referral
15936,2022-07-26,North,Organic
15937,2022-04-26,East,Organic
15938,2023-02-23,South,Email
15939,2023-12-26,North,Paid Search
15940,2022-05-14,North,Organic
15941,2022-07-06,West,Organic
15942,2022-12-09,North,Paid Search
15943,2022-05-26,South,Email
15944,2023-04-21,South,Paid Search
15945,2022-07-05,North,Paid Search
15946,2022-04-04,West,Social
15947,2022-07-10,North,Organic
15948,2023-11-11,East,Email
15949,2023-11-14,East,Paid Search
15950,2023-01-05,West,Paid Search
15951,2022-10-20,East,Paid Search
15952,2023-08-22,West,Email
15953,2022-05-22,South,Referral
15954,2023-04-23,South,Organic
15955,2023-05-12,East,Organic
15956,2023-06-03,East,Paid Search
15957,2022-06-09,East,Paid Search
15958,2023-06-07,North,Organic
15959,2023-03-23,North,Social
15960,2023-10-01,South,Social
15961,2022-05-08,North,Paid Search
15962,2023-03-24,South,Paid Search
15963,2023-08-29,North,Organic
15964,2022-07-23,East,Paid Search
15965,2023-06-27,East,Email
15966,2022-03-14,East,Social
15967,2023-06-09,East,Paid Search
15968,2023-03-19,North,Organic
15969,2022-05-21,North,Organic
15970,2022-02-18,East,Organic
15971,2023-06-29,West,Referral
15972,2022-06-26,East,Social
15973,2022-12-30,East,Social
15974,2022-02-14,East,Social
15975,2023-12-05,East,Organic
15976,2023-02-05,East,Email
15977,2023-11-12,East,Email
15978,2022-04-28,North,Organic
15979,2022-05-31,North,Paid Search
15980,2023-03-22,South,Email
15981,2023-03-18,East,Social
15982,2023-08-01,West,Organic
15983,2023-11-09,South,Social
15984,2023-08-23,North,Referral
15985,2022-04-13,West,Referral
15986,2022-08-14,North,Organic
15987,2023-10-30,West,Organic
15988,2023-02-05,North,Email
15989,2023-09-25,South,Paid Search
15990,2023-02-15,South,Organic
15991,2022-02-06,South,Social
15992,2022-12-12,North,Organic
15993,2023-08-26,North,Paid Search
15994,2023-04-24,South,Referral
15995,2022-04-07,South,Paid Search
15996,2022-06-03,West,Referral
15997,2023-09-16,North,Paid Search
15998,2023-12-16,South,Paid Search
15999,2023-07-04,North,Organic
16000,2022-03-13,West,Paid Search
16001,2023-03-29,West,Paid Search
16002,2023-08-29,West,Social
16003,2023-04-13,West,Referral
16004,2023-03-10,South,Organic
16005,2022-12-08,East,Organic
16006,2022-06-28,South,Email
16007,2022-07-24,West,Paid Search
16008,2023-06-29,South,Organic
16009,2022-02-20,South,Organic
16010,2022-03-03,West,Organic
16011,2022-10-17,West,Paid Search
16012,2023-07-20,West,Organic
16013,2023-04-25,North,Social
16014,2023-03-07,North,Organic
16015,2023-01-25,South,Paid Search
16016,2022-03-22,South,Paid Search
16017,2022-08-31,South,Organic
16018,2022-02-28,South,Social
16019,2023-07-08,West,Email
16020,2023-07-03,North,Social
16021,2022-07-08,East,Paid Search
16022,2022-08-02,West,Paid Search
16023,2022-08-20,East,Organic
16024,2023-10-12,South,Paid Search
16025,2022-12-23,North,Email
16026,2023-07-11,North,Paid Search
16027,2022-11-24,East,Organic
16028,2023-05-25,South,Organic
16029,2023-01-21,North,Organic
16030,2022-07-23,West,Organic
16031,2023-10-02,East,Email
16032,2023-06-02,West,Referral
16033,2023-07-16,South,Organic
16034,2023-11-24,West,Organic
16035,2022-07-01,North,Organic
16036,2022-03-08,North,Organic
16037,2023-03-02,West,Email
16038,2022-08-27,West,Organic
16039,2022-11-15,South,Referral
16040,2022-06-21,North,Social
16041,2022-10-18,South,Paid Search
16042,2022-10-15,West,Referral
16043,2022-09-13,West,Email
16044,2023-06-26,South,Referral
16045,2023-03-09,North,Organic
16046,2022-12-13,East,Referral
16047,2022-03-24,East,Organic
16048,2023-02-21,South,Paid Search
16049,2022-05-08,East,Referral
16050,2022-08-18,West,Paid Search
16051,2022-10-30,North,Organic
16052,2022-04-14,East,Organic
16053,2022-10-12,East,Organic
16054,2022-07-14,East,Paid Search
16055,2023-09-13,West,Paid Search
16056,2023-09-20,East,Paid Search
16057,2022-01-04,East,Social
16058,2023-03-16,North,Organic
16059,2023-04-13,East,Social
16060,2022-10-03,North,Email
16061,2022-12-09,North,Social
16062,2023-07-31,South,Social
16063,2022-10-03,East,Referral
16064,2022-02-17,West,Organic
16065,2022-09-29,East,Email
16066,2022-07-05,West,Referral
16067,2022-10-07,South,Email
16068,2022-06-17,East,Organic
16069,2022-04-20,West,Email
16070,2023-12-21,South,Social
16071,2022-04-05,West,Organic
16072,2023-05-31,East,Email
16073,2023-06-08,North,Social
16074,2023-03-27,East,Paid Search
16075,2023-10-28,North,Organic
16076,2022-01-04,North,Paid Search
16077,2022-08-09,North,Email
16078,2022-05-15,North,Paid Search
16079,2023-02-26,South,Email
16080,2023-04-09,West,Paid Search
16081,2023-10-18,South,Social
16082,2022-10-05,West,Social
16083,2022-06-22,East,Social
16084,2023-11-06,North,Paid Search
16085,2023-05-07,North,Organic
16086,2023-07-13,West,Email
16087,2022-11-21,East,Organic
16088,2022-11-23,West,Paid Search
16089,2022-10-12,South,Organic
16090,2023-07-02,East,Paid Search
16091,2022-06-03,West,Email
16092,2023-12-14,West,Paid Search
16093,2022-05-09,North,Paid Search
16094,2022-12-03,West,Organic
16095,2022-08-18,South,Organic
16096,2023-04-15,West,Paid Search
16097,2023-05-12,East,Social
16098,2023-11-02,East,Social
16099,2023-07-31,South,Referral
16100,2022-07-01,West,Organic
16101,2022-05-31,North,Organic
16102,2023-10-10,South,Paid Search
16103,2022-12-23,East,Email
16104,2022-03-13,East,Email
16105,2023-08-26,South,Social
16106,2023-04-19,East,Paid Search
16107,2022-01-19,South,Paid Search
16108,2023-07-26,East,Referral
16109,2023-03-20,East,Organic
16110,2023-03-25,East,Social
16111,2023-09-24,West,Email
16112,2022-12-28,East,Organic
16113,2022-12-03,North,Referral
16114,2023-03-27,East,Social
16115,2022-05-25,North,Social
16116,2022-04-21,North,Organic
16117,2023-09-08,West,Organic
16118,2022-06-07,South,Email
16119,2023-01-04,South,Organic
16120,2022-07-17,West,Organic
16121,2022-06-18,North,Paid Search
16122,2023-03-13,North,Organic
16123,2023-08-09,North,Email
16124,2022-11-19,North,Paid Search
16125,2022-04-12,East,Organic
16126,2022-06-28,West,Paid Search
16127,2022-05-01,East,Organic
16128,2023-10-07,North,Organic
16129,2022-08-22,East,Paid Search
16130,2022-09-30,North,Paid Search
16131,2022-02-21,East,Paid Search
16132,2022-11-22,East,Email
16133,2023-10-30,North,Paid Search
16134,2022-10-27,West,Email
16135,2023-04-21,West,Paid Search
16136,2022-05-13,South,Email
16137,2022-04-15,East,Email
16138,2023-06-19,East,Organic
16139,2022-02-17,North,Email
16140,2022-11-24,North,Social
16141,2022-08-20,East,Organic
16142,2022-01-12,West,Email
16143,2023-01-23,East,Social
16144,2023-12-05,East,Organic
16145,2022-02-20,East,Referral
16146,2023-08-19,South,Paid Search
16147,2023-01-29,North,Social
16148,2023-06-13,South,Social
16149,2022-03-12,West,Referral
16150,2023-09-27,West,Email
16151,2022-01-09,West,Email
16152,2023-10-24,North,Organic
16153,2023-04-26,East,Organic
16154,2022-09-04,East,Social
16155,2022-01-06,North,Paid Search
16156,2023-03-22,North,Social
16157,2022-03-05,West,Organic
16158,2023-03-21,East,Organic
16159,2023-07-19,East,Organic
16160,2022-07-15,North,Paid Search
16161,2022-06-24,East,Organic
16162,2022-06-12,North,Paid Search
16163,2022-06-14,North,Referral
16164,2022-03-25,East,Social
16165,2022-07-02,South,Social
16166,2023-04-27,West,Organic
16167,2022-08-09,South,Paid Search
16168,2023-07-25,North,Email
16169,2023-08-22,North,Organic
16170,2023-07-10,East,Paid Search
16171,2023-01-29,North,Referral
16172,2022-08-19,North,Organic
16173,2023-11-10,South,Referral
16174,2022-05-30,North,Organic
16175,2022-12-06,East,Organic
16176,2022-11-28,South,Organic
16177,2023-06-29,North,Referral
16178,2023-02-04,West,Email
16179,2023-08-07,South,Social
16180,2023-11-02,East,Paid Search
16181,2022-10-13,North,Social
16182,2023-10-01,East,Email
16183,2022-05-04,South,Email
16184,2023-10-31,South,Social
16185,2022-05-10,South,Social
16186,2023-09-13,West,Email
16187,2022-10-12,North,Organic
16188,2023-12-06,West,Social
16189,2022-04-05,West,Organic
16190,2022-12-06,South,Referral
16191,2023-10-21,South,Paid Search
16192,2022-02-04,South,Organic
16193,2022-07-13,West,Organic
16194,2022-03-03,East,Email
16195,2022-08-23,East,Paid Search
16196,2022-10-12,North,Social
16197,2023-03-28,West,Email
16198,2022-07-08,North,Organic
16199,2022-04-26,North,Paid Search
16200,2022-05-05,North,Social
16201,2023-11-17,South,Social
16202,2023-11-27,West,Paid Search
16203,2022-06-11,West,Referral
16204,2022-05-23,North,Organic
16205,2022-02-09,South,Email
16206,2023-12-02,West,Social
16207,2023-05-31,East,Paid Search
16208,2023-07-10,North,Organic
16209,2022-08-01,South,Email
16210,2023-04-13,East,Paid Search
16211,2022-02-13,West,Organic
16212,2023-05-09,East,Organic
16213,2023-02-28,North,Social
16214,2022-08-30,East,Organic
16215,2023-06-03,North,Paid Search
16216,2023-04-17,West,Referral
16217,2022-11-17,South,Social
16218,2022-05-17,North,Paid Search
16219,2022-01-18,South,Paid Search
16220,2023-11-16,North,Organic
16221,2022-07-25,North,Paid Search
16222,2022-08-09,East,Organic
16223,2023-05-13,West,Organic
16224,2022-07-06,West,Organic
16225,2022-10-02,South,Email
16226,2023-06-04,North,Organic
16227,2023-03-11,South,Organic
16228,2023-04-25,South,Social
16229,2022-01-04,North,Organic
16230,2022-11-26,West,Email
16231,2022-12-13,West,Paid Search
16232,2023-04-07,North,Email
16233,2022-04-21,West,Organic
16234,2022-04-27,East,Organic
16235,2023-07-11,North,Social
16236,2023-05-07,East,Paid Search
16237,2023-08-16,North,Organic
16238,2022-07-17,North,Paid Search
16239,2023-12-30,West,Paid Search
16240,2022-07-19,East,Organic
16241,2023-04-21,North,Paid Search
16242,2022-04-29,South,Paid Search
16243,2023-11-02,West,Email
16244,2022-08-31,South,Social
16245,2023-08-09,West,Paid Search
16246,2022-08-30,West,Social
16247,2023-08-01,South,Paid Search
16248,2022-11-28,East,Paid Search
16249,2022-02-15,East,Email
16250,2022-05-20,West,Email
16251,2023-05-14,South,Organic
16252,2022-05-21,North,Referral
16253,2022-07-20,North,Referral
16254,2023-01-31,East,Organic
16255,2022-07-04,West,Paid Search
16256,2022-04-05,West,Social
16257,2023-04-01,East,Referral
16258,2023-05-18,North,Email
16259,2023-06-20,North,Organic
16260,2023-11-21,West,Email
16261,2022-04-01,East,Organic
16262,2022-11-08,West,Email
16263,2022-06-20,North,Email
16264,2023-10-20,South,Email
16265,2023-01-30,West,Organic
16266,2022-03-13,North,Paid Search
16267,2023-05-21,North,Email
16268,2022-02-01,East,Organic
16269,2022-07-20,East,Organic
16270,2023-06-11,West,Organic
16271,2023-01-05,West,Social
16272,2023-07-10,East,Paid Search
16273,2023-02-21,North,Email
16274,2023-09-08,South,Paid Search
16275,2023-02-15,West,Social
16276,2022-02-11,South,Paid Search
16277,2022-02-22,West,Organic
16278,2023-07-22,East,Organic
16279,2022-01-29,North,Organic
16280,2022-10-02,East,Social
16281,2022-01-12,East,Email
16282,2022-08-10,North,Social
16283,2023-03-11,South,Email
16284,2022-05-07,East,Social
16285,2022-12-07,North,Referral
16286,2023-12-29,South,Email
16287,2022-02-21,East,Organic
16288,2022-02-16,West,Organic
16289,2022-07-18,East,Email
16290,2023-08-27,West,Social
16291,2022-10-24,West,Paid Search
16292,2023-04-12,South,Organic
16293,2022-01-25,North,Email
16294,2023-06-21,West,Paid Search
16295,2022-02-19,North,Organic
16296,2023-06-04,West,Social
16297,2022-04-18,East,Email
16298,2023-09-19,South,Organic
16299,2022-08-05,East,Paid Search
16300,2022-05-15,East,Email
16301,2022-09-03,West,Paid Search
16302,2022-01-01,North,Organic
16303,2022-05-01,West,Email
16304,2023-03-13,North,Email
16305,2022-08-08,West,Organic
16306,2022-09-16,West,Paid Search
16307,2023-08-13,South,Email
16308,2022-04-01,North,Paid Search
16309,2022-10-17,West,Paid Search
16310,2022-05-16,West,Organic
16311,2022-12-19,South,Paid Search
16312,2022-08-31,East,Social
16313,2022-02-03,West,Paid Search
16314,2022-02-21,North,Referral
16315,2023-09-15,East,Paid Search
16316,2022-02-11,South,Email
16317,2023-07-26,North,Paid Search
16318,2023-10-31,West,Social
16319,2022-12-07,South,Social
16320,2022-08-16,West,Paid Search
16321,2023-07-21,East,Paid Search
16322,2023-12-19,East,Referral
16323,2022-03-29,South,Referral
16324,2023-12-05,South,Referral
16325,2023-11-20,West,Organic
16326,2022-04-15,East,Organic
16327,2022-02-09,West,Paid Search
16328,2023-06-06,South,Social
16329,2022-02-26,North,Organic
16330,2023-03-15,North,Paid Search
16331,2022-02-17,West,Email
16332,2023-05-20,South,Organic
16333,2022-06-19,East,Social
16334,2022-03-12,South,Organic
16335,2022-02-18,South,Social
16336,2022-05-18,East,Paid Search
16337,2023-01-30,East,Email
16338,2022-02-25,West,Paid Search
16339,2023-08-09,North,Organic
16340,2023-03-18,East,Paid Search
16341,2022-08-06,North,Social
16342,2023-12-22,West,Paid Search
16343,2023-04-26,East,Organic
16344,2023-05-06,South,Email
16345,2022-05-07,West,Organic
16346,2023-06-03,South,Paid Search
16347,2023-02-13,North,Paid Search
16348,2023-12-20,South,Paid Search
16349,2022-12-15,North,Organic
16350,2023-05-10,West,Organic
16351,2022-09-07,East,Organic
16352,2022-01-30,West,Paid Search
16353,2022-04-04,West,Email
16354,2023-09-25,West,Email
16355,2023-06-23,South,Organic
16356,2022-09-24,North,Organic
16357,2023-05-25,South,Email
16358,2022-01-04,West,Paid Search
16359,2022-01-28,West,Social
16360,2023-01-06,West,Organic
16361,2023-04-02,North,Organic
16362,2023-11-16,North,Paid Search
16363,2023-07-09,West,Email
16364,2022-07-07,North,Paid Search
16365,2023-08-19,East,Organic
16366,2022-12-25,South,Organic
16367,2023-08-27,South,Email
16368,2022-05-07,East,Organic
16369,2022-01-20,West,Email
16370,2022-02-12,West,Organic
16371,2023-12-25,South,Organic
16372,2022-02-28,South,Organic
16373,2023-11-17,West,Referral
16374,2023-06-15,East,Organic
16375,2022-04-17,South,Organic
16376,2023-09-23,East,Social
16377,2022-04-16,North,Organic
16378,2022-04-15,North,Organic
16379,2023-02-25,West,Organic
16380,2022-07-30,East,Email
16381,2022-08-01,North,Paid Search
16382,2022-05-23,South,Social
16383,2023-03-20,West,Social
16384,2022-01-20,East,Paid Search
16385,2022-06-28,East,Organic
16386,2023-02-09,North,Social
16387,2022-12-22,West,Social
16388,2023-05-26,West,Social
16389,2022-06-07,East,Organic
16390,2023-04-18,South,Email
16391,2023-07-09,East,Email
16392,2022-10-11,West,Referral
16393,2022-07-07,West,Organic
16394,2023-02-10,West,Social
16395,2023-02-27,East,Email
16396,2022-03-10,South,Social
16397,2023-02-17,South,Email
16398,2022-04-23,West,Social
16399,2023-02-20,North,Paid Search
16400,2023-11-12,North,Organic
16401,2023-01-28,East,Paid Search
16402,2023-07-10,South,Social
16403,2022-08-15,West,Organic
16404,2023-11-05,North,Email
16405,2023-08-17,South,Referral
16406,2023-11-01,North,Social
16407,2023-06-26,East,Email
16408,2023-04-20,West,Social
16409,2023-01-19,South,Organic
16410,2023-11-09,South,Paid Search
16411,2023-09-12,North,Paid Search
16412,2022-11-01,East,Social
16413,2022-03-04,West,Organic
16414,2022-01-03,West,Organic
16415,2022-06-20,North,Email
16416,2022-02-15,East,Paid Search
16417,2022-06-04,South,Social
16418,2022-03-21,North,Paid Search
16419,2023-12-18,North,Social
16420,2022-03-11,North,Paid Search
16421,2023-04-03,North,Social
16422,2022-09-14,West,Email
16423,2022-05-08,South,Organic
16424,2023-05-27,West,Organic
16425,2023-12-10,West,Social
16426,2023-08-01,East,Organic
16427,2023-12-13,South,Email
16428,2023-03-07,West,Organic
16429,2023-05-07,North,Social
16430,2022-04-17,South,Organic
16431,2023-09-15,South,Email
16432,2023-06-30,West,Paid Search
16433,2022-07-05,West,Organic
16434,2022-09-17,West,Paid Search
16435,2023-03-22,East,Social
16436,2022-01-10,East,Email
16437,2023-08-21,West,Referral
16438,2022-07-24,West,Social
16439,2022-02-24,South,Email
16440,2022-08-30,West,Paid Search
16441,2023-09-03,West,Referral
16442,2022-07-20,East,Paid Search
16443,2023-01-29,North,Paid Search
16444,2023-08-16,North,Social
16445,2022-01-25,West,Referral
16446,2023-07-09,North,Paid Search
16447,2022-07-30,South,Organic
16448,2023-05-23,East,Email
16449,2022-05-18,West,Social
16450,2022-04-12,West,Paid Search
16451,2023-07-30,West,Social
16452,2023-08-13,South,Paid Search
16453,2023-12-18,North,Organic
16454,2023-05-10,East,Email
16455,2022-12-07,North,Paid Search
16456,2022-05-23,East,Social
16457,2022-08-04,West,Organic
16458,2023-04-19,East,Social
16459,2022-09-10,East,Organic
16460,2022-12-19,East,Referral
16461,2022-05-03,West,Social
16462,2022-11-17,South,Organic
16463,2022-06-23,South,Referral
16464,2022-03-23,North,Paid Search
16465,2022-04-07,East,Paid Search
16466,2023-01-14,South,Referral
16467,2022-09-25,East,Referral
16468,2022-03-14,West,Email
16469,2023-01-11,North,Referral
16470,2022-04-30,East,Paid Search
16471,2022-01-12,North,Organic
16472,2022-04-07,North,Organic
16473,2022-11-24,North,Paid Search
16474,2023-11-28,North,Email
16475,2022-06-26,West,Organic
16476,2022-07-27,West,Email
16477,2022-06-27,East,Organic
16478,2022-09-17,East,Paid Search
16479,2023-06-08,West,Social
16480,2022-08-24,West,Organic
16481,2023-04-26,East,Email
16482,2023-10-18,North,Social
16483,2023-11-22,East,Paid Search
16484,2023-02-15,West,Social
16485,2023-06-05,North,Referral
16486,2023-11-02,South,Organic
16487,2023-07-29,South,Email
16488,2022-08-07,South,Organic
16489,2022-04-07,East,Paid Search
16490,2022-03-25,South,Email
16491,2023-10-06,West,Email
16492,2023-02-11,West,Social
16493,2022-08-05,North,Email
16494,2022-09-10,West,Social
16495,2022-07-25,West,Email
16496,2023-08-09,East,Organic
16497,2023-03-24,South,Organic
16498,2023-10-04,West,Paid Search
16499,2022-08-09,South,Email
16500,2022-12-11,North,Organic
16501,2022-03-30,South,Paid Search
16502,2023-12-11,North,Organic
16503,2023-01-09,East,Paid Search
16504,2023-02-08,North,Paid Search
16505,2022-10-29,East,Organic
16506,2022-07-17,South,Organic
16507,2023-11-24,West,Paid Search
16508,2022-12-23,South,Paid Search
16509,2023-05-08,West,Referral
16510,2022-01-28,West,Organic
16511,2022-07-21,North,Paid Search
16512,2023-08-10,East,Paid Search
16513,2022-03-06,North,Email
16514,2022-03-16,West,Paid Search
16515,2023-08-15,East,Organic
16516,2022-08-14,South,Referral
16517,2022-07-19,North,Referral
16518,2023-02-17,South,Paid Search
16519,2022-05-23,West,Email
16520,2022-02-01,West,Organic
16521,2022-01-04,North,Organic
16522,2022-02-27,South,Organic
16523,2022-04-26,South,Social
16524,2023-05-24,East,Organic
16525,2022-08-06,North,Organic
16526,2022-02-22,South,Organic
16527,2022-01-11,West,Organic
16528,2022-12-15,South,Paid Search
16529,2023-09-06,East,Paid Search
16530,2022-09-05,South,Email
16531,2022-02-16,South,Paid Search
16532,2022-06-16,East,Paid Search
16533,2022-12-31,North,Social
16534,2022-05-18,North,Organic
16535,2023-12-16,West,Organic
16536,2023-07-12,West,Social
16537,2022-09-09,East,Email
16538,2023-11-26,North,Paid Search
16539,2022-08-26,North,Organic
16540,2022-04-13,North,Organic
16541,2023-11-16,West,Organic
16542,2023-12-02,West,Social
16543,2022-08-17,East,Email
16544,2023-03-11,West,Organic
16545,2022-05-07,North,Organic
16546,2023-04-14,East,Organic
16547,2023-05-19,North,Organic
16548,2023-06-03,South,Paid Search
16549,2023-02-20,West,Paid Search
16550,2023-05-30,West,Social
16551,2023-02-10,North,Email
16552,2023-08-22,North,Referral
16553,2022-05-12,East,Social
16554,2022-12-19,North,Referral
16555,2022-10-31,East,Referral
16556,2023-01-25,East,Organic
16557,2022-04-14,South,Organic
16558,2022-08-25,South,Organic
16559,2023-11-28,North,Email
16560,2022-03-18,West,Email
16561,2023-04-09,South,Organic
16562,2023-05-01,East,Social
16563,2022-12-13,South,Social
16564,2022-01-25,East,Email
16565,2022-01-26,North,Paid Search
16566,2022-07-21,North,Organic
16567,2022-03-16,East,Paid Search
16568,2022-03-10,East,Organic
16569,2022-04-27,North,Email
16570,2022-05-20,South,Organic
16571,2023-09-05,West,Organic
16572,2023-04-12,North,Paid Search
16573,2022-01-23,North,Email
16574,2023-04-04,South,Paid Search
16575,2022-04-10,South,Referral
16576,2022-11-04,East,Organic
16577,2022-01-28,East,Referral
16578,2022-03-07,East,Organic
16579,2022-04-07,East,Organic
16580,2022-11-13,South,Referral
16581,2022-12-05,West,Email
16582,2022-09-15,North,Email
16583,2023-03-29,South,Email
16584,2023-06-10,East,Paid Search
16585,2023-06-16,South,Social
16586,2023-02-27,North,Organic
16587,2023-02-03,South,Social
16588,2022-12-25,East,Referral
16589,2022-06-23,North,Social
16590,2022-12-22,East,Social
16591,2022-01-08,West,Email
16592,2023-12-07,East,Paid Search
16593,2022-09-28,North,Paid Search
16594,2023-07-07,West,Social
16595,2023-11-30,North,Email
16596,2022-12-29,West,Paid Search
16597,2023-09-22,East,Social
16598,2022-12-16,North,Organic
16599,2022-04-07,West,Social
16600,2022-01-20,East,Social
16601,2022-04-10,South,Organic
16602,2023-11-20,South,Organic
16603,2022-12-13,East,Email
16604,2022-08-21,East,Organic
16605,2022-11-22,West,Referral
16606,2022-07-06,North,Organic
16607,2023-09-28,East,Organic
16608,2023-12-31,East,Organic
16609,2022-03-03,East,Social
16610,2023-06-09,South,Email
16611,2022-09-02,South,Social
16612,2022-02-04,West,Referral
16613,2023-11-05,South,Email
16614,2022-02-15,North,Organic
16615,2022-05-31,East,Organic
16616,2022-01-19,North,Social
16617,2022-12-11,North,Organic
16618,2023-03-14,North,Social
16619,2022-08-23,East,Social
16620,2022-02-22,West,Email
16621,2022-03-26,South,Email
16622,2023-11-13,North,Referral
16623,2023-08-12,West,Social
16624,2023-11-15,North,Email
16625,2023-01-23,West,Paid Search
16626,2023-02-03,East,Paid Search
16627,2023-07-28,North,Paid Search
16628,2023-03-27,South,Referral
16629,2022-11-15,South,Email
16630,2022-08-02,West,Social
16631,2022-12-21,North,Organic
16632,2022-02-16,West,Social
16633,2022-05-21,West,Paid Search
16634,2023-06-23,West,Social
16635,2023-09-26,West,Organic
16636,2022-03-16,North,Social
16637,2022-03-12,East,Email
16638,2022-03-04,West,Paid Search
16639,2023-08-01,South,Organic
16640,2022-08-16,North,Organic
16641,2022-08-27,South,Organic
16642,2022-01-10,North,Organic
16643,2023-12-11,West,Paid Search
16644,2022-11-13,South,Paid Search
16645,2023-08-06,East,Paid Search
16646,2023-06-01,West,Email
16647,2022-04-14,South,Paid Search
16648,2023-08-08,West,Organic
16649,2023-02-06,North,Social
16650,2023-03-18,North,Paid Search
16651,2022-05-27,North,Email
16652,2023-09-11,South,Referral
16653,2023-11-12,South,Social
16654,2022-10-24,South,Paid Search
16655,2022-03-09,North,Paid Search
16656,2023-09-12,North,Social
16657,2023-10-10,East,Social
16658,2023-01-05,North,Organic
16659,2023-02-27,West,Email
16660,2022-06-12,West,Social
16661,2022-02-19,East,Social
16662,2023-11-21,East,Organic
16663,2022-12-19,East,Paid Search
16664,2022-07-20,East,Paid Search
16665,2023-05-22,West,Organic
16666,2022-01-20,West,Email
16667,2022-02-28,South,Paid Search
16668,2022-06-27,East,Organic
16669,2022-11-25,West,Paid Search
16670,2022-09-25,North,Social
16671,2022-05-17,East,Social
16672,2022-09-14,East,Social
16673,2022-09-01,East,Referral
16674,2023-01-19,South,Referral
16675,2023-02-15,South,Paid Search
16676,2023-10-07,North,Organic
16677,2023-08-12,East,Social
16678,2022-08-02,West,Email
16679,2023-10-21,West,Paid Search
16680,2023-01-16,South,Referral
16681,2022-05-18,North,Paid Search
16682,2022-09-06,West,Referral
16683,2023-06-26,East,Email
16684,2023-08-23,East,Organic
16685,2022-10-01,South,Social
16686,2022-04-26,North,Social
16687,2022-05-21,West,Email
16688,2022-03-17,East,Email
16689,2023-05-26,South,Organic
16690,2023-01-03,West,Organic
16691,2022-11-26,East,Organic
16692,2023-05-06,West,Organic
16693,2023-08-28,South,Paid Search
16694,2023-08-04,South,Paid Search
16695,2022-04-11,West,Organic
16696,2023-03-07,West,Paid Search
16697,2023-10-07,West,Organic
16698,2023-07-19,West,Organic
16699,2022-08-29,South,Referral
16700,2022-10-14,North,Referral
16701,2023-10-12,South,Social
16702,2022-01-24,West,Organic
16703,2023-01-19,South,Email
16704,2022-03-26,West,Organic
16705,2023-10-16,West,Paid Search
16706,2022-01-29,West,Social
16707,2022-01-18,West,Paid Search
16708,2022-08-29,East,Referral
16709,2022-05-27,South,Email
16710,2022-12-28,West,Organic
16711,2022-08-07,North,Organic
16712,2022-09-18,North,Social
16713,2023-02-17,West,Paid Search
16714,2023-02-14,East,Organic
16715,2023-11-14,East,Organic
16716,2022-12-17,North,Referral
16717,2023-02-16,East,Organic
16718,2023-05-10,West,Referral
16719,2022-05-08,East,Email
16720,2023-05-02,South,Organic
16721,2023-09-22,East,Paid Search
16722,2022-08-21,West,Social
16723,2022-05-11,West,Paid Search
16724,2022-09-10,South,Organic
16725,2022-07-20,East,Organic
16726,2023-03-04,North,Social
16727,2023-09-23,South,Email
16728,2023-03-12,North,Paid Search
16729,2022-04-02,East,Organic
16730,2022-08-18,East,Paid Search
16731,2023-05-19,South,Social
16732,2022-08-30,North,Organic
16733,2023-03-05,North,Referral
16734,2023-05-22,North,Social
16735,2022-08-29,East,Organic
16736,2023-04-18,North,Social
16737,2022-10-18,North,Email
16738,2022-04-09,West,Email
16739,2022-09-29,North,Organic
16740,2022-11-18,West,Referral
16741,2022-01-02,East,Paid Search
16742,2023-10-14,East,Social
16743,2023-01-21,East,Organic
16744,2022-01-27,North,Organic
16745,2023-09-26,West,Referral
16746,2023-09-17,West,Paid Search
16747,2022-01-09,South,Organic
16748,2022-04-30,West,Social
16749,2022-09-23,East,Organic
16750,2023-01-06,West,Social
16751,2023-06-14,West,Referral
16752,2022-11-06,North,Organic
16753,2023-03-23,West,Email
16754,2022-01-08,West,Referral
16755,2023-04-26,East,Referral
16756,2023-10-31,North,Paid Search
16757,2023-01-20,West,Email
16758,2022-11-29,East,Email
16759,2022-08-05,South,Organic
16760,2023-11-28,West,Email
16761,2022-01-25,East,Paid Search
16762,2022-07-29,West,Paid Search
16763,2022-04-12,East,Paid Search
16764,2023-09-25,South,Social
16765,2022-12-19,West,Organic
16766,2023-11-05,East,Organic
16767,2023-05-01,East,Organic
16768,2023-02-11,South,Organic
16769,2023-01-13,North,Referral
16770,2022-05-28,East,Paid Search
16771,2023-02-15,South,Organic
16772,2023-05-16,West,Referral
16773,2023-12-06,West,Organic
16774,2023-02-05,West,Paid Search
16775,2023-11-17,North,Social
16776,2023-11-21,East,Social
16777,2023-01-17,North,Organic
16778,2022-11-17,West,Email
16779,2022-04-15,South,Email
16780,2022-07-16,West,Email
16781,2023-10-04,South,Organic
16782,2022-04-11,North,Social
16783,2022-10-17,West,Paid Search
16784,2023-05-26,East,Email
16785,2022-06-25,West,Referral
16786,2023-12-13,West,Social
16787,2023-04-20,East,Social
16788,2022-01-21,South,Organic
16789,2022-06-30,East,Organic
16790,2023-06-25,West,Email
16791,2023-09-23,West,Organic
16792,2023-11-08,South,Email
16793,2023-09-14,East,Social
16794,2022-02-24,South,Paid Search
16795,2023-06-17,East,Organic
16796,2022-03-22,West,Social
16797,2022-02-25,West,Email
16798,2023-05-21,South,Paid Search
16799,2022-12-16,South,Paid Search
16800,2023-04-19,North,Organic
16801,2023-09-14,North,Social
16802,2022-02-20,South,Organic
16803,2023-01-21,West,Email
16804,2023-09-02,South,Organic
16805,2022-11-18,South,Organic
16806,2023-01-18,East,Organic
16807,2022-12-30,North,Organic
16808,2023-10-25,North,Social
16809,2022-02-06,West,Social
16810,2023-10-03,North,Organic
16811,2023-08-19,South,Organic
16812,2023-08-17,East,Social
16813,2022-10-28,North,Organic
16814,2023-01-12,South,Paid Search
16815,2022-09-27,North,Organic
16816,2022-07-03,South,Email
16817,2023-10-02,West,Referral
16818,2023-01-05,South,Organic
16819,2023-06-13,South,Referral
16820,2022-03-15,South,Social
16821,2023-07-30,West,Referral
16822,2023-04-26,North,Social
16823,2023-12-30,West,Social
16824,2022-04-08,South,Email
16825,2023-01-30,West,Social
16826,2023-01-09,South,Organic
16827,2023-01-29,North,Social
16828,2022-02-09,East,Email
16829,2022-12-12,North,Organic
16830,2022-08-07,West,Organic
16831,2023-03-27,East,Organic
16832,2022-06-19,East,Paid Search
16833,2022-11-14,North,Organic
16834,2023-03-29,East,Organic
16835,2022-02-16,South,Organic
16836,2023-07-29,West,Email
16837,2023-06-07,East,Organic
16838,2022-02-11,East,Organic
16839,2022-02-17,West,Organic
16840,2023-09-13,East,Paid Search
16841,2022-07-26,East,Organic
16842,2023-09-21,North,Referral
16843,2022-12-31,East,Organic
16844,2022-09-07,South,Organic
16845,2022-07-19,North,Paid Search
16846,2023-04-27,West,Social
16847,2022-03-22,North,Paid Search
16848,2022-10-21,East,Organic
16849,2022-09-10,North,Paid Search
16850,2022-04-23,South,Paid Search
16851,2022-09-15,West,Paid Search
16852,2023-01-21,North,Referral
16853,2023-05-10,East,Referral
16854,2022-03-05,East,Paid Search
16855,2023-09-29,West,Organic
16856,2023-10-04,North,Paid Search
16857,2023-05-21,West,Referral
16858,2023-11-06,South,Referral
16859,2022-11-09,South,Organic
16860,2023-08-23,South,Organic
16861,2023-06-15,South,Organic
16862,2023-02-15,East,Social
16863,2022-05-12,North,Paid Search
16864,2023-02-12,South,Paid Search
16865,2023-10-20,East,Paid Search
16866,2023-12-20,South,Organic
16867,2022-11-24,North,Social
16868,2022-06-30,South,Paid Search
16869,2023-06-30,South,Organic
16870,2022-02-25,East,Email
16871,2022-04-21,West,Email
16872,2023-02-15,East,Email
16873,2023-12-24,East,Social
16874,2022-08-29,North,Organic
16875,2022-11-20,West,Organic
16876,2022-08-24,South,Organic
16877,2022-11-18,South,Email
16878,2022-01-06,North,Referral
16879,2023-03-11,North,Paid Search
16880,2023-03-12,West,Social
16881,2022-08-19,North,Email
16882,2022-07-12,South,Referral
16883,2023-07-10,North,Paid Search
16884,2022-05-18,West,Organic
16885,2022-02-04,West,Social
16886,2022-01-30,West,Social
16887,2023-10-06,West,Email
16888,2022-09-23,West,Social
16889,2022-03-16,South,Paid Search
16890,2023-10-04,North,Email
16891,2022-04-19,South,Organic
16892,2022-09-03,South,Paid Search
16893,2022-01-16,East,Organic
16894,2023-05-11,North,Organic
16895,2023-05-26,North,Organic
16896,2023-07-07,East,Email
16897,2022-07-12,North,Social
16898,2022-08-28,North,Organic
16899,2023-11-16,North,Paid Search
16900,2023-08-23,East,Organic
16901,2022-01-28,North,Paid Search
16902,2023-05-21,North,Organic
16903,2023-08-17,North,Email
16904,2023-02-13,West,Referral
16905,2023-04-13,North,Paid Search
16906,2022-01-01,North,Email
16907,2022-01-22,West,Email
16908,2022-01-26,West,Organic
16909,2022-04-27,North,Paid Search
16910,2023-12-25,North,Organic
16911,2023-04-09,North,Paid Search
16912,2023-07-26,East,Social
16913,2022-08-04,North,Paid Search
16914,2023-11-16,West,Paid Search
16915,2022-05-26,West,Organic
16916,2023-10-21,East,Organic
16917,2022-01-23,North,Referral
16918,2022-01-15,West,Organic
16919,2022-02-27,East,Social
16920,2023-08-02,West,Organic
16921,2022-07-07,North,Organic
16922,2022-11-26,East,Organic
16923,2022-12-11,West,Referral
16924,2023-07-31,West,Organic
16925,2022-09-12,East,Email
16926,2022-01-05,East,Organic
16927,2022-10-10,South,Email
16928,2022-07-30,East,Email
16929,2023-06-18,West,Email
16930,2023-07-03,East,Organic
16931,2022-03-09,North,Organic
16932,2023-08-02,North,Social
16933,2022-02-21,East,Paid Search
16934,2023-03-29,West,Organic
16935,2022-10-12,North,Paid Search
16936,2022-08-08,South,Organic
16937,2022-12-19,West,Paid Search
16938,2022-08-15,East,Paid Search
16939,2023-08-03,North,Organic
16940,2023-12-07,South,Paid Search
16941,2023-08-19,South,Email
16942,2022-11-17,North,Referral
16943,2023-01-03,East,Email
16944,2022-11-23,East,Paid Search
16945,2023-08-03,East,Social
16946,2023-02-08,East,Organic
16947,2022-12-08,North,Email
16948,2022-10-26,North,Organic
16949,2022-10-01,North,Organic
16950,2023-02-08,North,Email
16951,2023-05-18,East,Organic
16952,2022-11-12,North,Email
16953,2023-08-12,East,Email
16954,2023-08-27,North,Organic
16955,2022-11-10,North,Paid Search
16956,2023-10-26,North,Email
16957,2022-05-07,East,Email
16958,2023-11-12,East,Social
16959,2022-08-03,West,Paid Search
16960,2023-02-16,North,Social
16961,2022-07-27,East,Paid Search
16962,2022-11-19,West,Organic
16963,2022-09-06,South,Email
16964,2023-05-30,North,Organic
16965,2022-03-01,North,Organic
16966,2023-09-04,North,Organic
16967,2023-10-22,West,Social
16968,2023-02-15,South,Referral
16969,2023-02-04,East,Referral
16970,2023-05-26,West,Organic
16971,2022-05-26,South,Paid Search
16972,2023-07-02,East,Social
16973,2022-06-09,North,Organic
16974,2023-05-09,South,Paid Search
16975,2022-08-12,North,Organic
16976,2023-06-29,North,Email
16977,2023-08-01,South,Email
16978,2022-06-02,East,Organic
16979,2023-03-27,East,Organic
16980,2022-12-30,East,Social
16981,2022-08-03,North,Email
16982,2023-03-06,West,Organic
16983,2023-12-26,North,Organic
16984,2022-01-02,West,Referral
16985,2023-11-30,East,Email
16986,2023-09-17,East,Email
16987,2023-01-22,South,Email
16988,2023-03-22,West,Referral
16989,2022-09-27,East,Paid Search
16990,2022-04-05,North,Organic
16991,2023-02-22,West,Paid Search
16992,2023-08-19,North,Social
16993,2022-06-18,East,Organic
16994,2023-06-08,East,Organic
16995,2023-07-01,West,Organic
16996,2023-07-08,South,Email
16997,2022-09-06,North,Email
16998,2022-10-14,South,Paid Search
16999,2022-10-31,North,Organic
17000,2023-09-16,East,Social
17001,2023-10-20,South,Organic
17002,2022-10-30,West,Social
17003,2023-12-10,North,Organic
17004,2023-02-21,North,Referral
17005,2022-10-09,South,Paid Search
17006,2022-01-01,North,Email
17007,2023-03-23,North,Organic
17008,2023-04-16,South,Organic
17009,2023-12-08,South,Email
17010,2023-06-09,North,Paid Search
17011,2022-01-22,East,Social
17012,2023-02-18,West,Paid Search
17013,2023-06-27,East,Paid Search
17014,2022-12-29,South,Social
17015,2022-11-10,North,Paid Search
17016,2023-08-15,North,Social
17017,2023-03-23,East,Paid Search
17018,2023-05-13,East,Paid Search
17019,2022-12-05,North,Social
17020,2022-07-22,North,Organic
17021,2023-01-14,South,Organic
17022,2023-12-02,South,Organic
17023,2023-03-16,West,Paid Search
17024,2023-06-01,North,Email
17025,2022-04-01,North,Organic
17026,2023-12-23,South,Organic
17027,2022-06-28,North,Organic
17028,2023-12-11,North,Organic
17029,2022-11-22,South,Organic
17030,2023-11-02,South,Organic
17031,2023-10-14,North,Social
17032,2023-07-06,East,Email
17033,2023-10-31,East,Organic
17034,2023-03-21,North,Organic
17035,2023-09-12,West,Organic
17036,2022-05-06,South,Paid Search
17037,2022-02-21,West,Paid Search
17038,2023-02-01,West,Referral
17039,2023-08-15,South,Social
17040,2023-07-13,North,Paid Search
17041,2023-01-21,West,Organic
17042,2023-01-16,South,Email
17043,2023-03-22,North,Referral
17044,2023-09-26,East,Organic
17045,2023-09-07,South,Social
17046,2022-03-22,West,Organic
17047,2023-03-11,East,Email
17048,2022-10-06,West,Organic
17049,2023-08-07,East,Email
17050,2023-01-05,East,Organic
17051,2023-12-25,East,Paid Search
17052,2022-11-12,West,Email
17053,2023-05-11,West,Email
17054,2022-03-21,West,Email
17055,2023-11-12,West,Organic
17056,2022-04-23,East,Email
17057,2022-10-04,North,Organic
17058,2023-09-04,West,Email
17059,2023-12-08,North,Organic
17060,2022-12-20,North,Paid Search
17061,2022-12-20,South,Paid Search
17062,2022-02-05,East,Referral
17063,2023-12-16,East,Email
17064,2022-01-13,North,Organic
17065,2022-01-20,North,Email
17066,2022-12-12,North,Organic
17067,2022-01-03,South,Organic
17068,2022-04-30,North,Paid Search
17069,2023-04-04,East,Social
17070,2023-05-30,North,Referral
17071,2022-08-06,South,Referral
17072,2023-08-04,South,Organic
17073,2023-03-20,East,Organic
17074,2022-06-16,West,Social
17075,2023-06-05,North,Organic
17076,2023-03-09,South,Email
17077,2023-08-16,East,Referral
17078,2022-04-23,North,Organic
17079,2022-06-18,West,Paid Search
17080,2022-08-10,West,Social
17081,2022-09-07,East,Email
17082,2023-10-11,West,Referral
17083,2023-06-19,South,Email
17084,2023-02-02,South,Organic
17085,2023-01-30,North,Social
17086,2023-10-09,North,Social
17087,2022-11-23,North,Referral
17088,2022-06-14,South,Paid Search
17089,2022-04-10,East,Paid Search
17090,2022-08-29,North,Paid Search
17091,2023-04-22,East,Organic
17092,2022-12-10,North,Referral
17093,2022-11-04,South,Referral
17094,2022-12-17,North,Paid Search
17095,2023-12-13,East,Referral
17096,2023-12-30,East,Paid Search
17097,2022-04-28,East,Social
17098,2022-03-25,North,Email
17099,2022-06-28,South,Email
17100,2023-09-14,West,Email
17101,2022-12-02,North,Email
17102,2023-09-23,South,Social
17103,2023-04-18,North,Paid Search
17104,2023-02-08,North,Social
17105,2022-07-25,South,Organic
17106,2022-09-09,North,Organic
17107,2022-04-18,East,Email
17108,2023-01-15,West,Social
17109,2022-07-24,North,Referral
17110,2022-08-02,North,Organic
17111,2022-01-29,West,Organic
17112,2023-08-07,South,Paid Search
17113,2023-11-17,West,Social
17114,2022-12-30,South,Referral
17115,2023-01-27,East,Social
17116,2023-11-07,West,Paid Search
17117,2023-01-09,North,Social
17118,2023-03-31,West,Organic
17119,2022-11-09,East,Referral
17120,2023-01-11,West,Paid Search
17121,2023-01-16,North,Paid Search
17122,2023-06-04,South,Email
17123,2023-03-18,North,Social
17124,2023-01-03,West,Organic
17125,2022-02-25,North,Organic
17126,2023-10-23,North,Social
17127,2023-10-11,West,Referral
17128,2022-05-15,South,Email
17129,2022-08-03,East,Organic
17130,2023-12-12,South,Email
17131,2022-08-23,East,Organic
17132,2023-08-16,North,Organic
17133,2023-07-28,South,Organic
17134,2023-09-21,East,Paid Search
17135,2022-01-12,South,Paid Search
17136,2022-12-19,North,Organic
17137,2023-02-17,North,Organic
17138,2023-09-04,East,Email
17139,2022-06-13,North,Organic
17140,2022-08-12,South,Organic
17141,2022-05-12,South,Paid Search
17142,2023-07-11,South,Social
17143,2023-12-31,East,Social
17144,2022-04-13,South,Paid Search
17145,2022-06-20,West,Email
17146,2022-08-13,East,Social
17147,2023-10-11,West,Email
17148,2022-11-22,East,Paid Search
17149,2022-07-25,North,Organic
17150,2022-08-24,West,Organic
17151,2023-03-13,West,Organic
17152,2022-10-10,East,Paid Search
17153,2022-04-13,North,Referral
17154,2023-08-22,North,Organic
17155,2022-11-05,East,Paid Search
17156,2022-07-07,South,Referral
17157,2023-06-16,East,Email
17158,2023-06-29,South,Organic
17159,2022-04-24,East,Referral
17160,2022-02-23,North,Paid Search
17161,2022-02-03,North,Organic
17162,2023-07-13,North,Paid Search
17163,2023-04-02,West,Organic
17164,2023-08-02,East,Social
17165,2023-04-03,West,Organic
17166,2022-10-21,East,Social
17167,2023-03-07,West,Organic
17168,2023-06-12,East,Referral
17169,2022-10-19,West,Organic
17170,2023-10-31,West,Referral
17171,2023-10-19,East,Organic
17172,2023-08-08,North,Social
17173,2023-12-26,East,Social
17174,2022-10-13,North,Email
17175,2022-03-25,North,Organic
17176,2022-12-20,East,Email
17177,2023-06-29,West,Email
17178,2023-07-23,North,Paid Search
17179,2022-10-11,North,Email
17180,2022-08-02,West,Referral
17181,2022-11-22,North,Referral
17182,2023-08-10,North,Paid Search
17183,2022-02-14,East,Organic
17184,2022-08-28,West,Organic
17185,2022-06-17,East,Email
17186,2023-08-12,East,Referral
17187,2022-12-09,South,Paid Search
17188,2022-03-05,North,Organic
17189,2022-07-11,West,Paid Search
17190,2022-02-02,West,Paid Search
17191,2022-12-14,South,Referral
17192,2023-12-30,North,Email
17193,2023-02-19,North,Organic
17194,2023-09-27,North,Paid Search
17195,2023-06-27,South,Organic
17196,2023-10-07,North,Email
17197,2022-08-16,West,Email
17198,2023-11-26,North,Organic
17199,2022-06-24,East,Paid Search
17200,2022-11-16,East,Referral
17201,2023-05-13,West,Social
17202,2022-07-29,West,Email
17203,2022-07-13,South,Paid Search
17204,2022-04-05,North,Referral
17205,2022-01-04,East,Email
17206,2023-01-01,North,Referral
17207,2023-12-22,North,Organic
17208,2022-06-10,North,Organic
17209,2022-11-18,West,Organic
17210,2023-11-14,North,Social
17211,2023-07-18,South,Email
17212,2022-01-03,South,Organic
17213,2023-01-01,East,Referral
17214,2022-04-15,South,Referral
17215,2022-06-30,West,Organic
17216,2022-06-29,East,Email
17217,2023-03-24,South,Email
17218,2022-05-26,South,Organic
17219,2022-07-03,West,Email
17220,2022-06-14,West,Organic
17221,2022-09-18,South,Referral
17222,2023-04-24,South,Social
17223,2022-10-19,North,Referral
17224,2022-08-28,North,Social
17225,2023-01-13,North,Organic
17226,2023-03-25,North,Paid Search
17227,2022-01-12,North,Email
17228,2023-10-12,West,Paid Search
17229,2023-10-31,West,Email
17230,2023-03-16,West,Paid Search
17231,2023-02-24,East,Organic
17232,2023-05-23,East,Paid Search
17233,2022-11-18,North,Email
17234,2022-09-24,East,Paid Search
17235,2022-09-15,South,Email
17236,2022-04-27,East,Paid Search
17237,2023-09-07,West,Social
17238,2022-08-23,West,Email
17239,2022-07-27,North,Email
17240,2023-12-05,East,Paid Search
17241,2023-01-05,North,Paid Search
17242,2023-03-30,North,Organic
17243,2022-06-29,North,Email
17244,2022-07-22,North,Organic
17245,2023-06-16,East,Social
17246,2022-11-26,South,Social
17247,2022-04-18,North,Paid Search
17248,2023-09-02,West,Social
17249,2022-10-22,East,Email
17250,2023-05-03,South,Organic
17251,2022-09-07,East,Social
17252,2023-02-14,East,Referral
17253,2023-07-21,South,Organic
17254,2023-10-09,East,Organic
17255,2022-06-01,West,Email
17256,2023-05-06,South,Paid Search
17257,2023-10-30,South,Email
17258,2023-04-15,North,Email
17259,2022-04-15,West,Social
17260,2022-05-19,South,Organic
17261,2022-05-29,North,Paid Search
17262,2022-03-19,West,Social
17263,2023-07-05,East,Paid Search
17264,2023-12-06,North,Paid Search
17265,2023-01-13,North,Organic
17266,2023-03-14,South,Organic
17267,2023-07-19,West,Paid Search
17268,2022-10-31,South,Paid Search
17269,2022-12-11,North,Email
17270,2023-03-06,East,Email
17271,2022-08-11,South,Social
17272,2022-02-15,North,Social
17273,2023-02-19,West,Organic
17274,2023-08-24,North,Organic
17275,2022-02-23,West,Social
17276,2022-06-08,West,Paid Search
17277,2022-07-11,North,Paid Search
17278,2023-08-11,East,Organic
17279,2023-01-04,West,Email
17280,2023-01-26,East,Organic
17281,2023-04-17,East,Organic
17282,2022-07-21,North,Paid Search
17283,2023-06-05,North,Social
17284,2022-01-23,East,Organic
17285,2022-03-25,North,Email
17286,2023-08-19,North,Paid Search
17287,2023-04-26,South,Paid Search
17288,2022-05-09,North,Paid Search
17289,2022-11-17,West,Organic
17290,2022-02-07,West,Paid Search
17291,2023-05-06,West,Social
17292,2023-07-06,North,Organic
17293,2022-07-23,South,Referral
17294,2022-09-13,West,Organic
17295,2022-06-22,South,Paid Search
17296,2022-10-12,East,Email
17297,2022-07-18,East,Social
17298,2022-06-30,South,Organic
17299,2022-11-11,North,Organic
17300,2023-09-20,East,Email
17301,2023-07-11,North,Organic
17302,2022-08-06,West,Email
17303,2023-11-20,East,Social
17304,2022-06-03,North,Organic
17305,2023-10-27,East,Social
17306,2022-08-14,South,Organic
17307,2023-01-30,North,Social
17308,2022-05-29,West,Referral
17309,2023-07-11,East,Email
17310,2022-08-20,East,Referral
17311,2023-09-29,West,Social
17312,2022-03-02,East,Organic
17313,2023-01-02,South,Organic
17314,2022-04-26,North,Organic
17315,2023-10-11,North,Paid Search
17316,2022-11-01,South,Email
17317,2023-05-08,South,Paid Search
17318,2023-10-05,East,Email
17319,2023-01-27,South,Paid Search
17320,2022-02-11,East,Organic
17321,2022-06-11,West,Organic
17322,2022-06-05,West,Referral
17323,2023-10-30,South,Paid Search
17324,2023-10-26,West,Paid Search
17325,2022-12-15,West,Organic
17326,2023-10-12,North,Referral
17327,2022-06-29,South,Organic
17328,2023-05-11,North,Email
17329,2022-10-14,East,Organic
17330,2022-06-25,East,Organic
17331,2022-07-02,South,Email
17332,2022-11-03,West,Email
17333,2022-09-05,South,Email
17334,2022-06-04,South,Organic
17335,2022-09-01,West,Referral
17336,2022-04-04,West,Paid Search
17337,2023-12-09,West,Referral
17338,2022-10-05,North,Organic
17339,2022-03-20,North,Paid Search
17340,2023-02-25,North,Paid Search
17341,2023-10-07,South,Social
17342,2022-09-20,North,Social
17343,2023-09-10,West,Paid Search
17344,2023-03-22,East,Organic
17345,2023-06-24,South,Organic
17346,2022-08-05,North,Organic
17347,2022-01-27,South,Social
17348,2022-09-10,South,Organic
17349,2023-11-06,East,Organic
17350,2023-08-01,North,Paid Search
17351,2023-07-27,West,Organic
17352,2023-10-04,North,Referral
17353,2022-09-30,North,Organic
17354,2022-08-24,West,Referral
17355,2023-11-07,North,Email
17356,2023-02-22,North,Paid Search
17357,2022-08-06,East,Paid Search
17358,2022-07-23,South,Email
17359,2023-10-03,North,Email
17360,2022-02-08,North,Organic
17361,2022-02-15,North,Referral
17362,2023-06-23,East,Paid Search
17363,2022-01-01,North,Paid Search
17364,2022-05-05,West,Paid Search
17365,2023-12-25,West,Email
17366,2022-11-07,North,Paid Search
17367,2023-06-16,South,Paid Search
17368,2022-12-22,North,Organic
17369,2022-03-08,South,Paid Search
17370,2022-05-15,North,Organic
17371,2023-07-10,West,Social
17372,2022-03-11,South,Paid Search
17373,2023-03-11,South,Referral
17374,2022-09-12,East,Email
17375,2022-09-28,West,Social
17376,2023-11-27,South,Referral
17377,2023-03-19,North,Organic
17378,2023-03-26,West,Paid Search
17379,2022-09-13,South,Organic
17380,2022-10-06,East,Organic
17381,2023-05-16,East,Paid Search
17382,2022-01-29,East,Email
17383,2022-06-23,North,Social
17384,2023-03-15,North,Organic
17385,2023-04-01,South,Social
17386,2022-03-09,East,Organic
17387,2023-07-30,West,Organic
17388,2023-02-01,East,Organic
17389,2022-06-23,West,Email
17390,2023-07-03,West,Paid Search
17391,2023-12-25,East,Organic
17392,2022-11-06,North,Organic
17393,2022-07-26,South,Paid Search
17394,2022-08-07,East,Social
17395,2023-03-09,East,Organic
17396,2022-02-04,North,Social
17397,2022-12-19,East,Email
17398,2022-01-19,South,Paid Search
17399,2022-01-29,South,Organic
17400,2022-11-10,West,Referral
17401,2023-06-29,South,Paid Search
17402,2023-10-07,East,Paid Search
17403,2022-03-05,East,Social
17404,2022-06-28,East,Social
17405,2022-11-04,North,Email
17406,2023-02-24,East,Social
17407,2023-12-22,South,Organic
17408,2023-05-15,East,Social
17409,2023-01-29,North,Paid Search
17410,2022-02-14,West,Social
17411,2022-02-28,West,Paid Search
17412,2022-04-22,South,Organic
17413,2023-04-28,South,Paid Search
17414,2022-08-30,South,Social
17415,2022-06-25,East,Paid Search
17416,2023-05-05,East,Social
17417,2023-08-19,East,Organic
17418,2022-11-17,West,Organic
17419,2023-10-06,South,Paid Search
17420,2023-06-20,East,Paid Search
17421,2023-06-07,South,Email
17422,2023-09-26,East,Referral
17423,2022-05-15,South,Email
17424,2023-07-08,West,Paid Search
17425,2023-12-01,North,Paid Search
17426,2023-12-26,North,Referral
17427,2023-02-26,South,Email
17428,2023-07-05,West,Social
17429,2023-10-11,East,Organic
17430,2023-09-15,South,Social
17431,2023-10-18,South,Organic
17432,2023-08-31,South,Social
17433,2022-10-06,West,Social
17434,2023-06-18,West,Referral
17435,2022-10-27,West,Organic
17436,2023-08-09,West,Social
17437,2023-08-15,North,Organic
17438,2023-11-14,North,Paid Search
17439,2023-03-06,East,Email
17440,2022-12-13,East,Paid Search
17441,2022-05-01,North,Paid Search
17442,2023-04-11,East,Email
17443,2023-02-18,North,Email
17444,2023-01-11,North,Email
17445,2023-05-09,South,Paid Search
17446,2023-09-14,West,Email
17447,2022-04-19,East,Paid Search
17448,2022-11-11,East,Organic
17449,2023-06-12,West,Paid Search
17450,2023-08-22,West,Email
17451,2023-07-23,South,Organic
17452,2023-08-07,West,Organic
17453,2023-09-17,North,Referral
17454,2023-12-04,East,Social
17455,2023-03-20,North,Email
17456,2022-07-01,South,Social
17457,2023-02-16,East,Referral
17458,2023-06-03,North,Paid Search
17459,2022-03-15,South,Organic
17460,2023-07-07,East,Email
17461,2023-02-02,East,Referral
17462,2023-11-15,North,Email
17463,2022-06-04,North,Organic
17464,2023-10-25,South,Referral
17465,2022-11-24,West,Social
17466,2023-02-23,West,Paid Search
17467,2023-04-27,South,Referral
17468,2023-02-27,East,Email
17469,2023-10-22,East,Social
17470,2022-05-03,West,Referral
17471,2023-06-17,North,Organic
17472,2023-12-13,East,Social
17473,2022-06-10,East,Paid Search
17474,2022-07-06,South,Social
17475,2022-12-13,North,Social
17476,2023-06-14,North,Social
17477,2023-12-02,South,Social
17478,2023-08-04,East,Social
17479,2023-08-03,East,Organic
17480,2022-11-19,North,Paid Search
17481,2023-04-17,West,Organic
17482,2022-06-04,South,Social
17483,2022-12-05,West,Email
17484,2022-05-18,North,Email
17485,2022-01-20,West,Organic
17486,2023-09-18,West,Email
17487,2023-08-11,West,Paid Search
17488,2023-01-08,West,Referral
17489,2022-01-11,South,Social
17490,2022-03-07,East,Paid Search
17491,2022-03-23,East,Social
17492,2023-06-08,South,Organic
17493,2022-05-29,West,Organic
17494,2022-07-02,South,Email
17495,2023-09-21,South,Email
17496,2023-10-02,West,Organic
17497,2023-07-12,South,Organic
17498,2022-08-14,North,Paid Search
17499,2023-02-28,South,Organic
17500,2022-05-27,West,Paid Search
17501,2023-09-19,West,Paid Search
17502,2022-03-03,North,Referral
17503,2023-06-28,East,Organic
17504,2023-01-09,East,Organic
17505,2023-07-07,East,Organic
17506,2022-11-26,East,Organic
17507,2022-04-26,West,Social
17508,2023-07-03,South,Paid Search
17509,2023-04-06,South,Organic
17510,2022-12-06,East,Referral
17511,2022-09-30,South,Social
17512,2022-09-08,South,Organic
17513,2022-12-18,North,Organic
17514,2022-07-11,North,Social
17515,2022-07-26,West,Email
17516,2022-07-23,North,Referral
17517,2022-01-10,East,Organic
17518,2023-11-09,West,Social
17519,2022-06-22,North,Organic
17520,2022-05-01,North,Paid Search
17521,2022-04-21,South,Social
17522,2023-12-23,East,Email
17523,2022-12-15,South,Organic
17524,2022-08-27,East,Organic
17525,2022-10-22,North,Social
17526,2022-03-06,North,Organic
17527,2022-08-17,North,Paid Search
17528,2022-07-01,South,Organic
17529,2023-08-10,South,Organic
17530,2022-02-12,West,Social
17531,2022-11-07,North,Organic
17532,2023-07-31,East,Paid Search
17533,2023-09-01,East,Email
17534,2023-01-10,East,Organic
17535,2022-06-12,East,Email
17536,2022-09-04,North,Paid Search
17537,2022-06-12,East,Social
17538,2023-04-29,South,Social
17539,2022-08-02,West,Social
17540,2023-04-06,North,Paid Search
17541,2023-04-24,East,Social
17542,2023-11-18,East,Email
17543,2022-09-28,East,Paid Search
17544,2023-12-03,North,Organic
17545,2022-10-20,East,Organic
17546,2023-05-12,East,Organic
17547,2023-04-28,South,Organic
17548,2023-08-21,South,Referral
17549,2022-12-09,North,Referral
17550,2023-08-02,South,Organic
17551,2022-09-17,West,Referral
17552,2022-12-25,South,Email
17553,2022-12-31,East,Paid Search
17554,2023-05-30,East,Referral
17555,2023-03-28,East,Email
17556,2022-02-27,East,Email
17557,2023-08-14,East,Organic
17558,2023-07-08,East,Organic
17559,2022-03-18,North,Referral
17560,2023-12-04,West,Organic
17561,2023-04-28,West,Organic
17562,2022-03-04,South,Organic
17563,2022-12-25,West,Paid Search
17564,2023-09-03,West,Paid Search
17565,2022-07-24,South,Referral
17566,2023-11-13,East,Paid Search
17567,2022-11-02,East,Social
17568,2022-06-15,North,Email
17569,2022-09-18,North,Paid Search
17570,2023-01-19,South,Organic
17571,2023-05-18,West,Organic
17572,2023-11-09,South,Social
17573,2022-05-23,West,Social
17574,2023-12-02,East,Paid Search
17575,2023-01-21,East,Referral
17576,2022-04-04,South,Social
17577,2023-11-08,South,Organic
17578,2022-09-12,North,Email
17579,2023-03-30,North,Social
17580,2023-05-25,North,Social
17581,2022-01-10,North,Organic
17582,2022-06-11,North,Organic
17583,2023-05-17,East,Paid Search
17584,2022-08-26,South,Organic
17585,2022-01-07,North,Organic
17586,2022-01-18,West,Email
17587,2023-08-27,East,Paid Search
17588,2022-04-23,West,Organic
17589,2022-03-15,East,Email
17590,2023-02-15,North,Organic
17591,2022-03-28,West,Paid Search
17592,2023-04-22,West,Social
17593,2023-02-02,East,Social
17594,2023-04-19,East,Organic
17595,2022-12-25,South,Social
17596,2023-07-23,South,Social
17597,2023-04-16,West,Email
17598,2022-10-31,East,Referral
17599,2022-01-12,North,Organic
17600,2022-07-19,North,Organic
17601,2022-04-06,North,Social
17602,2022-01-12,North,Paid Search
17603,2022-07-19,South,Paid Search
17604,2022-05-31,West,Organic
17605,2022-02-26,North,Organic
17606,2022-08-17,South,Organic
17607,2023-01-05,North,Organic
17608,2022-05-11,East,Referral
17609,2022-07-19,East,Organic
17610,2022-01-15,East,Social
17611,2022-02-06,West,Organic
17612,2022-04-25,West,Paid Search
17613,2022-11-27,West,Referral
17614,2023-05-02,West,Organic
17615,2023-07-30,South,Organic
17616,2023-04-05,East,Social
17617,2023-03-27,South,Organic
17618,2023-11-15,West,Organic
17619,2022-07-06,North,Referral
17620,2023-08-06,North,Paid Search
17621,2023-11-15,North,Email
17622,2023-02-19,East,Organic
17623,2023-09-06,East,Organic
17624,2022-04-11,North,Paid Search
17625,2023-10-04,East,Email
17626,2023-02-16,South,Organic
17627,2022-06-11,West,Social
17628,2022-02-14,North,Social
17629,2023-06-10,North,Paid Search
17630,2022-11-11,East,Paid Search
17631,2022-08-15,East,Email
17632,2022-10-12,West,Social
17633,2023-12-25,East,Organic
17634,2022-11-09,West,Social
17635,2022-02-27,South,Paid Search
17636,2022-07-24,South,Referral
17637,2022-04-17,West,Referral
17638,2023-05-16,North,Organic
17639,2023-08-08,West,Paid Search
17640,2023-09-06,North,Paid Search
17641,2023-04-08,South,Paid Search
17642,2023-07-16,North,Social
17643,2022-11-01,East,Organic
17644,2023-04-04,West,Email
17645,2022-03-20,North,Referral
17646,2023-01-28,North,Referral
17647,2023-02-11,South,Organic
17648,2022-01-23,North,Referral
17649,2023-02-05,South,Organic
17650,2023-06-12,West,Paid Search
17651,2022-09-26,North,Organic
17652,2023-02-02,South,Email
17653,2022-07-28,South,Organic
17654,2022-07-17,South,Organic
17655,2022-04-05,North,Organic
17656,2022-08-28,East,Referral
17657,2023-08-10,East,Email
17658,2023-11-14,West,Email
17659,2023-04-10,South,Email
17660,2023-04-01,East,Paid Search
17661,2023-03-25,West,Organic
17662,2022-12-14,West,Organic
17663,2022-11-05,West,Paid Search
17664,2023-03-30,North,Referral
17665,2023-07-27,West,Organic
17666,2022-10-30,West,Email
17667,2023-02-18,West,Social
17668,2022-12-10,East,Referral
17669,2022-07-28,West,Organic
17670,2022-07-31,South,Referral
17671,2022-02-27,East,Email
17672,2022-11-18,East,Paid Search
17673,2023-06-05,East,Social
17674,2023-05-16,West,Organic
17675,2023-12-21,North,Social
17676,2022-01-30,South,Email
17677,2023-07-10,South,Social
17678,2023-08-04,East,Social
17679,2022-11-15,East,Email
17680,2022-07-26,West,Organic
17681,2022-09-18,West,Organic
17682,2023-05-14,East,Social
17683,2023-09-22,North,Email
17684,2023-04-15,East,Social
17685,2023-01-11,West,Paid Search
17686,2023-04-22,East,Paid Search
17687,2022-02-21,West,Social
17688,2023-03-20,West,Social
17689,2022-01-31,South,Paid Search
17690,2023-12-02,East,Organic
17691,2023-10-12,East,Social
17692,2023-01-07,South,Social
17693,2022-10-01,North,Paid Search
17694,2023-06-19,North,Paid Search
17695,2023-04-11,North,Organic
17696,2023-05-30,East,Paid Search
17697,2023-01-12,North,Organic
17698,2022-06-22,South,Organic
17699,2022-02-23,East,Social
17700,2022-07-26,South,Paid Search
17701,2023-01-22,West,Social
17702,2022-11-06,South,Paid Search
17703,2023-01-05,North,Organic
17704,2022-07-22,West,Paid Search
17705,2023-11-16,West,Organic
17706,2022-09-25,East,Email
17707,2023-09-10,West,Referral
17708,2022-10-13,North,Social
17709,2022-11-20,West,Social
17710,2023-03-17,North,Social
17711,2022-07-12,South,Social
17712,2022-06-10,North,Paid Search
17713,2022-10-04,West,Email
17714,2023-08-11,North,Paid Search
17715,2022-04-16,North,Organic
17716,2022-11-16,North,Email
17717,2023-05-06,East,Email
17718,2023-05-31,South,Organic
17719,2022-11-14,East,Referral
17720,2022-03-01,South,Organic
17721,2022-01-12,West,Social
17722,2022-12-10,North,Referral
17723,2023-08-15,West,Organic
17724,2022-01-21,South,Referral
17725,2023-10-10,North,Social
17726,2023-05-09,North,Social
17727,2022-01-06,North,Referral
17728,2022-09-08,South,Email
17729,2022-06-10,North,Paid Search
17730,2023-11-24,West,Email
17731,2023-02-09,East,Paid Search
17732,2022-08-25,North,Paid Search
17733,2022-07-22,South,Organic
17734,2023-02-16,North,Paid Search
17735,2022-01-04,North,Social
17736,2022-07-07,South,Referral
17737,2022-05-01,North,Referral
17738,2023-03-29,North,Organic
17739,2023-05-04,West,Email
17740,2022-12-07,East,Email
17741,2022-04-13,West,Organic
17742,2022-09-28,North,Email
17743,2023-09-08,West,Paid Search
17744,2022-05-29,South,Referral
17745,2022-04-30,North,Organic
17746,2022-03-23,West,Social
17747,2023-08-20,North,Social
17748,2022-03-29,South,Social
17749,2023-03-01,West,Organic
17750,2023-12-31,East,Organic
17751,2023-04-14,East,Referral
17752,2022-10-28,South,Organic
17753,2022-05-31,North,Organic
17754,2022-01-02,West,Referral
17755,2022-04-24,North,Social
17756,2023-11-27,North,Social
17757,2022-04-15,North,Organic
17758,2022-01-15,West,Paid Search
17759,2023-08-19,West,Social
17760,2022-11-02,South,Paid Search
17761,2022-09-18,West,Organic
17762,2023-06-08,North,Organic
17763,2023-01-17,West,Email
17764,2023-10-30,North,Organic
17765,2022-12-08,South,Social
17766,2023-06-05,North,Organic
17767,2023-10-04,West,Organic
17768,2022-12-05,West,Referral
17769,2022-07-27,East,Referral
17770,2023-12-13,North,Email
17771,2022-06-15,North,Referral
17772,2022-01-29,South,Organic
17773,2023-02-27,South,Paid Search
17774,2023-12-22,North,Organic
17775,2022-03-05,East,Paid Search
17776,2023-09-13,East,Social
17777,2023-08-30,West,Social
17778,2023-11-10,South,Organic
17779,2022-11-04,South,Paid Search
17780,2022-07-05,East,Referral
17781,2023-01-09,North,Email
17782,2022-04-14,East,Organic
17783,2023-09-08,West,Paid Search
17784,2023-04-30,North,Paid Search
17785,2022-12-19,South,Paid Search
17786,2023-01-12,West,Paid Search
17787,2023-06-04,East,Paid Search
17788,2023-01-17,East,Paid Search
17789,2023-09-06,East,Paid Search
17790,2023-11-06,East,Organic
17791,2023-11-25,North,Organic
17792,2023-03-29,West,Paid Search
17793,2023-06-27,West,Social
17794,2022-08-16,North,Social
17795,2022-01-28,North,Organic
17796,2022-10-20,East,Paid Search
17797,2023-09-29,East,Email
17798,2022-04-08,South,Paid Search
17799,2023-02-03,East,Email
17800,2022-05-21,East,Referral
17801,2022-11-10,East,Organic
17802,2022-04-15,North,Paid Search
17803,2023-06-21,North,Paid Search
17804,2023-08-15,South,Paid Search
17805,2023-07-08,West,Organic
17806,2023-05-30,East,Email
17807,2022-06-21,South,Organic
17808,2023-01-23,West,Social
17809,2022-03-18,South,Email
17810,2022-10-01,East,Paid Search
17811,2023-01-05,North,Referral
17812,2023-05-04,East,Social
17813,2022-03-12,East,Paid Search
17814,2023-08-17,West,Referral
17815,2022-12-02,South,Social
17816,2023-10-06,South,Organic
17817,2023-01-21,North,Email
17818,2023-02-04,West,Email
17819,2023-05-21,North,Email
17820,2023-08-22,East,Referral
17821,2022-04-26,East,Paid Search
17822,2023-01-09,North,Organic
17823,2022-01-22,South,Paid Search
17824,2022-12-13,North,Social
17825,2023-08-17,East,Paid Search
17826,2023-09-24,West,Organic
17827,2022-07-26,South,Organic
17828,2022-10-10,West,Email
17829,2023-02-07,North,Organic
17830,2022-10-17,South,Paid Search
17831,2022-05-10,West,Organic
17832,2022-08-11,West,Paid Search
17833,2022-10-22,South,Organic
17834,2023-01-14,East,Organic
17835,2023-11-04,West,Email
17836,2023-02-02,West,Organic
17837,2022-10-10,East,Organic
17838,2023-04-28,North,Email
17839,2023-07-19,North,Organic
17840,2022-11-11,East,Organic
17841,2022-12-24,East,Paid Search
17842,2022-06-09,North,Paid Search
17843,2023-09-24,South,Paid Search
17844,2023-09-25,South,Referral
17845,2022-05-08,South,Paid Search
17846,2022-09-10,South,Email
17847,2022-07-18,South,Referral
17848,2023-11-05,North,Paid Search
17849,2022-02-17,West,Social
17850,2022-06-01,East,Paid Search
17851,2022-08-18,North,Email
17852,2023-02-13,South,Referral
17853,2022-07-01,South,Organic
17854,2023-01-27,East,Referral
17855,2023-06-30,East,Paid Search
17856,2023-08-28,East,Email
17857,2022-03-14,East,Paid Search
17858,2022-04-12,North,Organic
17859,2022-03-11,South,Organic
17860,2023-10-27,North,Referral
17861,2023-04-22,South,Email
17862,2023-01-23,South,Social
17863,2023-08-01,East,Organic
17864,2023-03-04,North,Organic
17865,2022-06-21,East,Paid Search
17866,2023-01-08,South,Organic
17867,2023-05-29,South,Paid Search
17868,2022-01-27,East,Referral
17869,2023-03-19,North,Social
17870,2022-12-29,South,Paid Search
17871,2022-02-20,South,Paid Search
17872,2022-07-12,East,Email
17873,2022-11-24,North,Email
17874,2022-09-08,West,Email
17875,2022-07-31,West,Paid Search
17876,2023-04-19,West,Organic
17877,2022-10-23,South,Organic
17878,2022-12-30,East,Referral
17879,2023-08-06,North,Social
17880,2022-03-10,West,Referral
17881,2022-09-20,East,Paid Search
17882,2022-02-23,North,Paid Search
17883,2023-11-08,South,Paid Search
17884,2022-05-16,West,Referral
17885,2023-08-22,West,Organic
17886,2022-05-20,East,Email
17887,2022-08-25,South,Organic
17888,2023-03-21,West,Organic
17889,2023-08-30,West,Organic
17890,2022-05-10,West,Paid Search
17891,2022-06-05,South,Social
17892,2023-10-06,East,Referral
17893,2022-08-24,West,Email
17894,2022-06-03,North,Paid Search
17895,2023-06-27,South,Social
17896,2022-03-08,North,Organic
17897,2023-09-25,South,Social
17898,2023-10-02,West,Social
17899,2023-09-18,North,Paid Search
17900,2022-08-04,East,Organic
17901,2022-03-25,North,Organic
17902,2022-11-07,West,Paid Search
17903,2022-09-02,West,Referral
17904,2023-12-02,East,Email
17905,2023-04-07,East,Paid Search
17906,2023-11-21,North,Paid Search
17907,2023-07-03,West,Social
17908,2023-06-06,East,Paid Search
17909,2022-03-23,North,Organic
17910,2022-02-20,West,Email
17911,2022-02-03,North,Paid Search
17912,2023-03-10,East,Paid Search
17913,2022-05-28,North,Paid Search
17914,2023-12-24,East,Organic
17915,2022-04-07,North,Referral
17916,2023-11-23,North,Social
17917,2023-05-03,South,Referral
17918,2022-03-19,West,Referral
17919,2022-02-12,North,Organic
17920,2022-10-17,East,Paid Search
17921,2022-09-05,East,Email
17922,2022-08-19,West,Organic
17923,2023-01-21,South,Referral
17924,2022-04-05,East,Organic
17925,2022-04-05,West,Paid Search
17926,2023-05-23,South,Email
17927,2023-12-24,South,Referral
17928,2022-07-19,West,Email
17929,2023-11-12,South,Email
17930,2022-09-09,South,Organic
17931,2022-09-03,South,Email
17932,2022-03-07,West,Social
17933,2022-11-06,West,Paid Search
17934,2022-12-30,East,Social
17935,2023-04-30,East,Organic
17936,2022-04-26,South,Paid Search
17937,2022-05-18,North,Referral
17938,2022-11-12,North,Paid Search
17939,2022-02-20,North,Email
17940,2022-04-15,North,Paid Search
17941,2023-04-05,East,Referral
17942,2023-11-28,North,Organic
17943,2023-02-23,North,Organic
17944,2022-04-16,South,Social
17945,2023-12-25,North,Email
17946,2023-01-16,North,Paid Search
17947,2023-06-08,North,Paid Search
17948,2022-05-24,North,Paid Search
17949,2023-02-27,East,Referral
17950,2022-02-25,West,Email
17951,2023-04-02,West,Referral
17952,2022-05-28,West,Referral
17953,2023-10-26,East,Paid Search
17954,2022-02-09,West,Email
17955,2023-04-22,East,Email
17956,2022-04-12,East,Social
17957,2023-05-17,South,Email
17958,2022-12-27,South,Organic
17959,2023-12-08,South,Referral
17960,2023-04-21,North,Email
17961,2022-09-29,West,Social
17962,2022-03-05,North,Paid Search
17963,2023-03-11,East,Paid Search
17964,2022-11-18,West,Email
17965,2022-02-08,South,Social
17966,2023-03-01,North,Organic
17967,2022-06-03,South,Paid Search
17968,2022-06-20,South,Social
17969,2022-01-07,West,Referral
17970,2022-09-29,East,Organic
17971,2022-06-09,East,Organic
17972,2022-02-22,East,Paid Search
17973,2022-11-14,East,Organic
17974,2022-06-10,East,Organic
17975,2022-04-08,North,Paid Search
17976,2022-12-07,North,Email
17977,2022-02-16,North,Paid Search
17978,2023-12-25,East,Paid Search
17979,2022-12-10,West,Referral
17980,2023-12-29,East,Paid Search
17981,2023-10-06,East,Social
17982,2023-12-17,West,Organic
17983,2023-02-01,North,Social
17984,2022-11-05,North,Social
17985,2023-06-10,West,Organic
17986,2022-02-28,West,Email
17987,2023-09-06,East,Email
17988,2022-08-25,North,Paid Search
17989,2022-01-06,West,Social
17990,2022-06-23,West,Organic
17991,2022-06-26,East,Paid Search
17992,2022-01-11,North,Referral
17993,2023-05-04,East,Organic
17994,2022-03-11,West,Organic
17995,2023-09-11,West,Organic
17996,2022-11-27,East,Referral
17997,2023-06-09,East,Organic
17998,2022-09-05,East,Organic
17999,2022-04-07,East,Email
18000,2022-05-12,South,Social
18001,2023-04-17,North,Paid Search
18002,2023-06-07,North,Referral
18003,2022-07-15,West,Organic
18004,2022-09-18,North,Email
18005,2023-11-21,North,Email
18006,2023-09-14,West,Paid Search
18007,2022-10-29,East,Social
18008,2022-06-25,North,Paid Search
18009,2022-08-08,South,Organic
18010,2023-01-29,West,Organic
18011,2023-02-18,South,Organic
18012,2022-05-15,South,Social
18013,2022-02-18,South,Organic
18014,2022-12-28,North,Referral
18015,2023-08-06,East,Organic
18016,2022-04-22,North,Referral
18017,2022-10-26,East,Social
18018,2022-04-28,North,Organic
18019,2022-06-26,North,Organic
18020,2023-03-23,North,Social
18021,2022-07-28,West,Organic
18022,2022-07-12,North,Organic
18023,2023-12-28,North,Social
18024,2022-05-06,North,Referral
18025,2022-05-19,East,Social
18026,2023-11-10,South,Social
18027,2023-02-06,West,Paid Search
18028,2022-02-01,East,Social
18029,2022-11-07,East,Paid Search
18030,2023-02-17,East,Social
18031,2022-07-04,North,Email
18032,2023-02-05,West,Email
18033,2023-04-19,West,Referral
18034,2022-07-02,North,Paid Search
18035,2023-08-17,East,Email
18036,2022-11-27,North,Paid Search
18037,2023-12-05,East,Organic
18038,2022-03-06,West,Paid Search
18039,2022-08-25,West,Referral
18040,2023-06-11,South,Paid Search
18041,2023-10-16,East,Email
18042,2022-06-11,East,Paid Search
18043,2023-12-17,North,Social
18044,2022-05-22,East,Social
18045,2022-10-31,East,Organic
18046,2022-08-18,West,Paid Search
18047,2022-11-06,West,Email
18048,2023-10-21,North,Organic
18049,2023-06-19,North,Paid Search
18050,2023-08-05,North,Organic
18051,2022-07-05,North,Organic
18052,2023-11-23,South,Referral
18053,2022-11-14,West,Referral
18054,2023-04-21,South,Social
18055,2023-05-25,East,Organic
18056,2023-04-29,South,Referral
18057,2023-03-16,South,Email
18058,2022-12-17,West,Referral
18059,2023-04-18,East,Organic
18060,2023-10-23,South,Organic
18061,2022-10-12,West,Email
18062,2023-01-08,South,Referral
18063,2022-05-12,North,Organic
18064,2022-09-17,South,Organic
18065,2023-07-18,East,Email
18066,2023-04-13,South,Referral
18067,2022-06-04,West,Social
18068,2023-02-03,East,Referral
18069,2023-08-16,South,Email
18070,2022-04-01,West,Social
18071,2022-02-15,South,Paid Search
18072,2022-10-14,South,Organic
18073,2023-04-25,North,Email
18074,2022-08-17,South,Email
18075,2023-08-23,South,Paid Search
18076,2023-09-11,North,Organic
18077,2023-01-24,East,Social
18078,2022-10-04,North,Social
18079,2022-01-31,North,Paid Search
18080,2023-08-23,East,Referral
18081,2023-10-16,North,Paid Search
18082,2022-11-19,East,Organic
18083,2023-01-13,East,Organic
18084,2023-07-05,South,Paid Search
18085,2023-05-23,North,Organic
18086,2022-04-09,South,Email
18087,2023-05-06,North,Social
18088,2023-11-06,East,Paid Search
18089,2023-07-03,East,Social
18090,2022-12-17,East,Referral
18091,2023-01-17,South,Paid Search
18092,2022-07-09,West,Organic
18093,2023-04-28,North,Organic
18094,2022-06-26,West,Email
18095,2022-09-07,West,Paid Search
18096,2022-07-13,South,Email
18097,2022-09-02,North,Email
18098,2022-09-25,North,Email
18099,2022-03-02,West,Organic
18100,2023-06-08,North,Organic
18101,2022-11-18,West,Paid Search
18102,2023-11-25,East,Social
18103,2022-05-13,South,Email
18104,2023-05-04,East,Email
18105,2022-05-11,North,Email
18106,2023-02-04,South,Paid Search
18107,2022-12-25,West,Organic
18108,2022-11-24,North,Organic
18109,2023-04-23,West,Organic
18110,2023-08-28,West,Organic
18111,2022-08-20,North,Organic
18112,2023-09-13,East,Social
18113,2022-05-15,North,Organic
18114,2022-08-02,East,Organic
18115,2022-08-15,West,Organic
18116,2023-11-27,West,Organic
18117,2022-03-28,West,Organic
18118,2022-10-16,North,Organic
18119,2022-11-06,East,Organic
18120,2023-08-08,North,Referral
18121,2022-12-21,West,Paid Search
18122,2023-12-07,North,Organic
18123,2023-06-25,North,Paid Search
18124,2023-05-29,North,Organic
18125,2023-07-04,North,Paid Search
18126,2022-04-28,North,Paid Search
18127,2022-11-24,North,Social
18128,2023-03-04,West,Referral
18129,2022-06-02,West,Email
18130,2022-03-28,North,Organic
18131,2022-04-10,West,Paid Search
18132,2023-07-31,South,Organic
18133,2023-04-25,West,Social
18134,2022-07-25,South,Organic
18135,2023-06-23,East,Email
18136,2023-05-23,South,Paid Search
18137,2023-08-20,North,Paid Search
18138,2023-10-27,East,Paid Search
18139,2023-10-07,West,Paid Search
18140,2022-05-13,West,Email
18141,2023-07-16,South,Email
18142,2022-10-14,East,Organic
18143,2022-10-22,West,Organic
18144,2023-04-18,North,Social
18145,2023-03-16,North,Paid Search
18146,2022-11-03,South,Email
18147,2023-12-31,North,Paid Search
18148,2022-05-08,South,Email
18149,2022-03-12,North,Email
18150,2022-01-22,East,Organic
18151,2023-08-18,East,Paid Search
18152,2022-10-24,West,Paid Search
18153,2022-11-16,East,Organic
18154,2023-04-19,South,Social
18155,2022-11-14,West,Organic
18156,2023-02-24,East,Organic
18157,2022-02-12,East,Social
18158,2022-04-25,North,Social
18159,2023-11-12,East,Organic
18160,2022-11-26,East,Email
18161,2022-05-03,East,Organic
18162,2022-09-27,West,Email
18163,2022-09-02,West,Paid Search
18164,2022-07-20,West,Social
18165,2022-08-03,East,Paid Search
18166,2023-06-17,West,Paid Search
18167,2022-03-19,West,Social
18168,2022-08-15,North,Organic
18169,2022-12-08,East,Organic
18170,2023-01-30,North,Paid Search
18171,2023-10-05,South,Email
18172,2023-11-05,South,Organic
18173,2022-08-06,South,Email
18174,2023-01-29,North,Paid Search
18175,2022-01-17,North,Email
18176,2023-03-27,North,Referral
18177,2022-04-22,East,Paid Search
18178,2022-02-23,West,Paid Search
18179,2023-05-06,West,Paid Search
18180,2022-05-11,South,Organic
18181,2022-12-15,North,Social
18182,2022-03-15,West,Social
18183,2023-06-29,North,Social
18184,2023-07-13,West,Referral
18185,2023-02-24,East,Paid Search
18186,2023-09-03,East,Email
18187,2022-11-15,North,Organic
18188,2022-05-17,North,Referral
18189,2022-04-21,East,Email
18190,2022-06-10,South,Organic
18191,2022-05-27,West,Social
18192,2022-08-24,East,Email
18193,2022-06-06,South,Referral
18194,2023-03-08,North,Social
18195,2022-04-19,South,Social
18196,2023-03-30,North,Paid Search
18197,2022-09-01,East,Paid Search
18198,2023-05-17,East,Social
18199,2023-01-10,West,Organic
18200,2023-10-23,South,Organic
18201,2022-11-18,North,Referral
18202,2022-08-04,West,Referral
18203,2023-03-07,East,Referral
18204,2023-04-26,East,Organic
18205,2022-11-17,East,Organic
18206,2023-02-13,West,Referral
18207,2022-12-10,North,Organic
18208,2022-08-12,South,Paid Search
18209,2022-08-17,West,Paid Search
18210,2023-10-25,North,Social
18211,2023-05-08,West,Paid Search
18212,2022-03-11,South,Organic
18213,2023-12-04,North,Paid Search
18214,2023-06-04,North,Organic
18215,2022-02-06,West,Social
18216,2023-06-16,West,Email
18217,2023-03-07,South,Email
18218,2023-10-31,North,Paid Search
18219,2022-12-24,North,Organic
18220,2023-01-14,North,Organic
18221,2022-08-18,East,Referral
18222,2022-08-23,North,Paid Search
18223,2023-03-28,North,Paid Search
18224,2023-08-28,North,Paid Search
18225,2023-10-13,East,Referral
18226,2023-07-17,East,Social
18227,2023-03-22,East,Organic
18228,2023-01-01,East,Email
18229,2022-09-05,West,Paid Search
18230,2023-07-15,South,Social
18231,2022-08-21,West,Referral
18232,2022-07-15,East,Social
18233,2023-09-26,North,Social
18234,2023-03-07,West,Paid Search
18235,2022-09-16,East,Paid Search
18236,2023-09-24,East,Email
18237,2023-12-04,North,Social
18238,2022-08-21,South,Organic
18239,2023-01-16,West,Paid Search
18240,2022-12-19,North,Organic
18241,2023-05-28,North,Organic
18242,2023-11-26,North,Social
18243,2023-02-05,South,Organic
18244,2023-08-06,West,Social
18245,2023-03-11,East,Paid Search
18246,2023-10-10,West,Email
18247,2022-10-23,South,Referral
18248,2022-10-09,South,Social
18249,2022-11-05,North,Social
18250,2023-12-29,North,Organic
18251,2023-03-23,East,Paid Search
18252,2022-04-22,North,Social
18253,2022-01-30,North,Social
18254,2023-01-14,West,Social
18255,2023-08-12,East,Social
18256,2022-12-16,North,Organic
18257,2023-02-13,East,Organic
18258,2023-08-06,East,Referral
18259,2023-01-12,West,Paid Search
18260,2023-10-26,East,Social
18261,2023-04-11,North,Email
18262,2023-06-18,North,Referral
18263,2023-07-25,North,Social
18264,2023-04-03,East,Organic
18265,2022-02-06,East,Social
18266,2022-11-09,East,Organic
18267,2022-04-14,East,Paid Search
18268,2023-01-08,South,Social
18269,2022-04-15,North,Paid Search
18270,2023-01-07,North,Organic
18271,2022-09-09,South,Email
18272,2022-01-15,East,Referral
18273,2022-04-02,West,Organic
18274,2023-01-03,North,Email
18275,2022-02-27,East,Paid Search
18276,2023-09-17,North,Paid Search
18277,2023-07-08,East,Social
18278,2023-06-02,North,Paid Search
18279,2022-05-06,East,Social
18280,2023-08-04,North,Social
18281,2023-04-09,North,Referral
18282,2022-10-13,East,Social
18283,2022-01-01,South,Organic
18284,2023-01-22,South,Social
18285,2023-08-05,South,Email
18286,2022-01-25,West,Organic
18287,2022-02-08,South,Email
18288,2022-10-07,East,Social
18289,2023-01-09,West,Organic
18290,2022-12-13,East,Paid Search
18291,2022-11-08,South,Paid Search
18292,2022-07-06,East,Paid Search
18293,2022-02-13,North,Social
18294,2022-01-23,East,Organic
18295,2022-03-14,South,Social
18296,2023-05-19,West,Social
18297,2023-07-28,West,Paid Search
18298,2022-11-14,North,Paid Search
18299,2022-02-26,North,Organic
18300,2022-10-31,South,Organic
18301,2023-12-21,East,Paid Search
18302,2022-07-02,South,Organic
18303,2022-12-25,East,Social
18304,2023-01-28,East,Email
18305,2022-08-29,West,Organic
18306,2022-11-16,South,Paid Search
18307,2022-12-11,North,Social
18308,2022-12-13,South,Organic
18309,2023-06-08,East,Email
18310,2023-03-01,North,Organic
18311,2022-02-08,North,Referral
18312,2022-01-05,South,Paid Search
18313,2022-10-27,East,Paid Search
18314,2023-10-25,West,Paid Search
18315,2022-01-27,South,Paid Search
18316,2022-02-21,North,Email
18317,2023-05-11,South,Organic
18318,2022-11-26,South,Organic
18319,2022-06-18,West,Organic
18320,2022-06-01,South,Email
18321,2023-05-01,East,Social
18322,2023-01-18,West,Organic
18323,2023-04-11,East,Social
18324,2022-07-24,North,Social
18325,2023-01-20,East,Organic
18326,2023-09-20,South,Organic
18327,2022-08-20,South,Paid Search
18328,2022-10-17,West,Organic
18329,2022-04-30,North,Social
18330,2023-04-12,South,Paid Search
18331,2022-01-24,North,Paid Search
18332,2022-07-01,North,Email
18333,2023-06-05,East,Organic
18334,2022-01-15,West,Social
18335,2023-12-24,East,Email
18336,2022-10-23,South,Paid Search
18337,2022-10-19,North,Paid Search
18338,2023-01-27,South,Organic
18339,2023-04-12,East,Referral
18340,2022-12-02,West,Paid Search
18341,2023-10-08,East,Social
18342,2023-12-04,West,Referral
18343,2022-05-27,West,Paid Search
18344,2023-05-31,South,Email
18345,2022-08-08,East,Email
18346,2023-12-28,East,Organic
18347,2022-07-04,West,Referral
18348,2022-08-04,South,Paid Search
18349,2023-06-06,East,Social
18350,2023-07-31,South,Email
18351,2022-04-04,East,Organic
18352,2023-02-10,West,Paid Search
18353,2022-09-10,West,Organic
18354,2023-03-23,North,Organic
18355,2023-02-11,North,Email
18356,2023-12-21,West,Organic
18357,2023-11-13,East,Referral
18358,2023-04-23,West,Paid Search
18359,2023-05-11,South,Paid Search
18360,2023-10-19,West,Organic
18361,2022-05-14,East,Organic
18362,2023-06-14,North,Email
18363,2023-07-18,North,Paid Search
18364,2022-04-03,East,Email
18365,2023-10-06,North,Paid Search
18366,2023-05-26,West,Organic
18367,2022-09-11,East,Paid Search
18368,2022-12-20,South,Organic
18369,2022-12-24,North,Organic
18370,2023-11-02,West,Social
18371,2023-12-09,East,Organic
18372,2023-08-12,West,Organic
18373,2023-04-22,West,Paid Search
18374,2022-03-18,East,Paid Search
18375,2023-10-30,West,Referral
18376,2022-04-08,East,Social
18377,2022-05-02,East,Social
18378,2022-02-20,North,Paid Search
18379,2023-11-23,South,Paid Search
18380,2022-12-27,East,Organic
18381,2022-06-22,South,Social
18382,2022-02-28,East,Paid Search
18383,2022-10-28,West,Paid Search
18384,2023-06-13,South,Email
18385,2023-12-28,North,Social
18386,2023-02-08,East,Paid Search
18387,2023-03-20,North,Organic
18388,2023-09-03,West,Referral
18389,2023-10-21,East,Organic
18390,2022-07-24,South,Referral
18391,2023-12-26,East,Paid Search
18392,2023-01-14,East,Referral
18393,2023-11-11,South,Referral
18394,2022-03-27,South,Paid Search
18395,2022-03-13,South,Social
18396,2023-10-08,West,Organic
18397,2023-05-06,North,Organic
18398,2022-05-08,South,Paid Search
18399,2023-10-16,North,Email
18400,2022-03-16,South,Organic
18401,2023-05-14,North,Paid Search
18402,2022-05-30,West,Referral
18403,2022-02-21,North,Social
18404,2023-08-12,East,Organic
18405,2023-09-11,North,Paid Search
18406,2022-03-19,South,Organic
18407,2022-03-09,North,Organic
18408,2023-03-25,East,Referral
18409,2022-01-21,West,Referral
18410,2023-06-29,North,Organic
18411,2023-10-31,West,Organic
18412,2023-07-03,South,Paid Search
18413,2022-06-18,East,Paid Search
18414,2022-05-19,East,Organic
18415,2023-05-12,North,Organic
18416,2022-02-14,South,Paid Search
18417,2023-01-28,North,Organic
18418,2022-11-24,East,Social
18419,2023-06-28,South,Social
18420,2022-05-28,West,Paid Search
18421,2023-07-11,North,Paid Search
18422,2023-05-26,West,Social
18423,2022-06-24,North,Organic
18424,2022-09-18,East,Social
18425,2022-02-18,South,Organic
18426,2022-11-25,North,Referral
18427,2022-07-10,North,Organic
18428,2022-03-24,East,Social
18429,2023-02-13,North,Organic
18430,2023-02-19,East,Social
18431,2022-03-04,West,Email
18432,2022-05-16,South,Organic
18433,2022-03-02,North,Social
18434,2023-05-11,North,Organic
18435,2022-09-04,North,Paid Search
18436,2022-02-21,South,Paid Search
18437,2022-05-20,East,Social
18438,2023-12-14,South,Social
18439,2022-07-06,North,Paid Search
18440,2023-05-15,East,Social
18441,2022-12-08,South,Referral
18442,2022-05-13,East,Email
18443,2022-08-13,West,Paid Search
18444,2022-01-11,South,Paid Search
18445,2023-06-30,East,Organic
18446,2022-09-02,West,Paid Search
18447,2022-12-31,East,Organic
18448,2022-04-22,West,Social
18449,2023-08-25,West,Email
18450,2022-06-09,East,Email
18451,2023-02-18,East,Organic
18452,2023-09-30,East,Organic
18453,2023-06-05,East,Social
18454,2023-03-17,East,Paid Search
18455,2023-10-11,South,Referral
18456,2022-05-09,West,Paid Search
18457,2023-12-05,North,Organic
18458,2023-02-11,North,Email
18459,2022-10-27,South,Email
18460,2022-07-06,North,Organic
18461,2023-06-28,East,Email
18462,2023-12-14,North,Organic
18463,2023-05-19,East,Organic
18464,2022-01-24,East,Organic
18465,2022-12-09,North,Email
18466,2023-06-19,North,Social
18467,2022-10-18,East,Organic
18468,2023-07-19,East,Social
18469,2023-06-01,South,Social
18470,2022-02-19,North,Paid Search
18471,2023-02-12,South,Organic
18472,2022-05-06,North,Organic
18473,2022-12-22,North,Organic
18474,2022-10-08,West,Referral
18475,2023-08-13,North,Social
18476,2023-09-26,North,Organic
18477,2022-12-03,West,Paid Search
18478,2023-01-28,East,Organic
18479,2023-04-03,South,Organic
18480,2023-04-24,East,Paid Search
18481,2023-04-09,West,Organic
18482,2023-07-26,North,Organic
18483,2023-12-18,North,Paid Search
18484,2023-08-28,West,Paid Search
18485,2022-04-09,West,Paid Search
18486,2022-12-14,West,Paid Search
18487,2022-12-03,South,Paid Search
18488,2023-01-07,West,Paid Search
18489,2023-01-21,South,Paid Search
18490,2023-06-09,East,Referral
18491,2022-11-04,West,Organic
18492,2022-07-12,North,Email
18493,2022-12-01,North,Organic
18494,2023-09-16,East,Paid Search
18495,2022-08-16,West,Paid Search
18496,2022-01-16,North,Social
18497,2023-12-14,West,Referral
18498,2022-05-23,South,Paid Search
18499,2023-03-17,South,Organic
18500,2023-08-08,South,Social
